0,1
"ɐ stɜːɹɪŋ , fʌni ænd faɪnəli tɹænspoːɹɾɪŋ ɹiː ɪmædʒɪnɪŋ ʌv bjuːɾi ænd ðə biːst ænd naɪntiːnhʌndɹɪd θɜːɾi z hɔɹɚ fɪlmz ",1
ɐpæɹəntli ɹiːɐsɛmbəld fɹʌmðə kʌɾɪŋ ɹuːm floːɹ ʌv ɛni ɡɪvən deɪtaɪm soʊp ,0
"ðeɪ pɹɪzuːm ðɛɹ ɔːdiəns woʊ ɛnt sɪt stɪl fɚɹə soʊsɪɑːlədʒi lɛsən , haʊɛvɚɹ ɛntɚteɪnɪŋli pɹɪzɛntᵻd , soʊ ðeɪ tɹɑːt aʊt ðə kənvɛnʃənəl saɪəns fɪkʃən ɛlɪmənts ʌv bʌɡ aɪd mɔnstɚz ænd fjuːtʃɚɹɪstɪk wɪmɪn ɪn skɪmpi kloʊðz ",0
"ðɪs ɪz ɐ vɪʒuːəli stʌnɪŋ ɹuːmᵻneɪʃən ɔn lʌv , mɛmɚɹi , hɪstɚɹi ænd ðə wɔːɹ bᵻtwiːn ɑːɹt ænd kɑːmɜːs ",1
dʒɑːnəθən pɑːɹkɚ ɛs bɑːɹɾəlbi ʃʊdəv bɪn ðə biː ɔːl ɛnd ɔːl ʌvðə mɑːdɚn ɑːfɪs ɐnɑːmi fɪlmz ,1
kæmpɐnɛlə ɡɛts ðə toʊn dʒʌst ɹaɪt fʌni ɪnðə mɪdəl ʌv sæd ɪnðə mɪdəl ʌv hoʊpfəl ,1
ɐ fæn fɪlm ðæt fɚðɪ ʌnɪnɪʃɪeɪɾᵻd pleɪz bɛɾɚɹ ɔn vɪdɪoʊ wɪððə saʊnd tɜːnd daʊn ,0
"biː ɑːɹt ænd bɜːlɪŋɡ ɑːɹ boʊθ suːpɜːb , waɪl hʌpɚt ɪz mæɡnɪfɪsənt ",1
"ɐ lɪɾəl lɛs ɛkstɹiːm ðɐn ɪnðə pæst , wɪð lɔŋɡɚɹ ɛkspəzɪʃən siːkwənsᵻz bᵻtwiːn ðɛm , ænd wɪð fjuːɚ ɡæɡz tə bɹeɪk ðə tiːdiəm ",0
ðə fɪlm ɪz stɹɪktli ɹuːtiːn ,0
ɐ lɪɹɪkəl mɛɾəfɔːɹ fɔːɹ kʌltʃɚɹəl ænd pɜːsənəl sɛlf dɪskʌvɚɹi ænd ɐ pɪkɛɹsk vjuː əvə lɪɾəl ɹᵻmɛmbɚd wɜːld ,1
ðə moʊst ɹᵻpʌɡnənt ædæpteɪʃən əvə klæsɪk tɛkst sɪns ɹoʊlənd dʒɑːf ænd dɛmi mʊɹ ɛs ðə skɑːɹlɪt lɛɾɚ ,0
"fɔːɹ sʌmθɪŋ æz splɛndɪd lʊkɪŋ æz ðɪs pɚtɪkjʊlɚ fɪlm , ðə vjuːɚɹ ɛkspɛkts sʌmθɪŋ spɛʃəl bʌt ɪnstɛd ɡɛts ɛlɑːɹbiː saɪ faɪ ɑːɹɹɑːɹbiː ɹᵻhæʃ ",0
"ðɪs ɪz ɐ stʌnɪŋ fɪlm , ɐ wʌn əvə kaɪnd tʊɹ də foːɹs ",1
"meɪ biː moːɹ dʒiːnɪəl ðɐn ɪndʒiːniəs , bʌt ɪt ɡɛts ðə dʒɑːb dʌn ",1
"ðɛɹ ɪz ɐ fɹiːdəm tə wɑːtʃɪŋ stʌnts ðæt ɑːɹ ðɪs kɹuːd , ðɪs fæst peɪst ænd ðɪs ɪnseɪn ",1
"ɪf ðə tʌksiːdoʊ æktʃuːəli wɜːɹ ɐ suːt , ɪt wʊd fɪt tʃæn laɪk ɐ naɪnti naɪn bɑːɹɡɪn beɪsmənt spɛʃəl ",0
"æz kwaɪət , peɪʃənt ænd tɛneɪʃəs æz mɪstɚ loʊpɛz hɪmsɛlf , huː ɐpɹoʊtʃᵻz hɪz dɪfɪkəlt , ɛndləs wɜːk wɪð ɹᵻmɑːɹkəbəl sɚɹɛnᵻɾi ænd dɪsɪplɪn ",1
faɪnəl vɜːdɪkt juː viː siːn ɪɾ ɔːl bᵻfoːɹ ,0
"bluː kɹʌʃ fɑːloʊz ðə fɔːɹmjʊlə , bʌt θɹoʊz ɪn tuː mɛni kɑːnflɪkts tə kiːp ðə stoːɹi kəmpɛlɪŋ ",0
juː ɡɛt ɐ sɛns ʌv ɡʊd ɪntɛnʃənz dᵻɹeɪld baɪ ɐ feɪlɪɹ tə siːk ænd stɹaɪk dʒʌst ðə ɹaɪt toʊn ,0
"ɐ slɪk , ɛŋɡɹoʊsɪŋ mɛlədɹɑːmə ",1
ɐ ɹɛtʃᵻd muːvi ðæt ɹᵻduːsᵻz ðə sɛkənd wɜːld wɔːɹ tə wʌn mæn ɛs kwɛst tə faɪnd ɐn oʊld fleɪm ,0
"wɪl ʌndaʊɾᵻdli pleɪ wɛl ɪn jʊɹɹəpiən mɑːɹkɪts , wɛɹ mɪstɚ bɛsən ɪz ɐ bɹænd neɪm , ænd ɪn eɪʒə , wɛɹ ɛmɛs ʃuː ɪz ɐn ɪnstɪtuːʃən , bʌt ɐmɛɹɪkən ɔːdiənsᵻz wɪl pɹɑːbəbli faɪnd ɪt fəmɪlɪɹ ænd ɪnsəfɪʃəntli kæθɑːɹɾɪk ",0
læks ðɪ ɪnspɚɹeɪʃən ʌvðɪ ɚɹɪdʒɪnəl ænd hɐz ɐ bloʊɾᵻd plɑːt ðæt stɹɛtʃᵻz ðə ɹʌnɪŋ taɪm ɐbaʊt tɛn mɪnɪts pæst ɐ tʃaɪld ɛs ɪntɹɛst ænd ɐn ɐdʌlt ɛs peɪʃəns ,0
ðə sæntə klɔːz tuː pɹuːvz ɪtsɛlf ɐ moːɹ stɹiːmlaɪnd ænd θɔːt aʊt ɛŋkaʊntɚ ðɐn ðɪ ɚɹɪdʒɪnəl kʊd ɛvɚ hæv hoʊpt tə biː ,1
"ðə fɪlm ɪz muːdi , uːzɪŋ , tʃɪlɪŋ ænd hɑːɹt wɔːɹmɪŋ ɔːl ɐtwʌns ɐ twɪstɪŋ , ʌnpɹɪdɪktəbəl , kæt ænd maʊs θɹɪlɚ ",1
tuː bæd ,0
"ɐ stɹɔŋ fɜːst ækt ænd æbsəluːtli , ɪnɛskeɪpəbli ɡoːɹdʒəs , skaɪskɹeɪpɚ tɹəpiːz moʊʃən ʌvðɪ ɐmeɪzɪŋ spaɪdɚ mæn ",1
ɡʊdɪŋ ɔfɚz ɐ dɛspɚɹətli ɪŋɡɹeɪʃɪeɪɾɪŋ pɚfoːɹməns ,0
ɐ wɛl ɪntɛnʃənd ɛfɚt ðæt ɛs stɪl tuː bɜːdənd baɪ ðɪ æktɚ ɛs ɔfbiːt sɛnsəbɪlᵻɾiz fɚðɪ ɜːnɪst ɪmoʊʃənəl koːɹ tʊ ɪmɜːdʒ wɪð ɛni dᵻɡɹiː ʌv æksɛsəbɪlᵻɾi ,0
ɐ fʌn ɹaɪd ,1
ɐn ɛdʒi θɹɪlɚ ðæt dᵻlɪvɚz ɐ sɚpɹaɪzɪŋ pʌntʃ ,1
wʌt ɛs ðə ɹʌʃən wɜːd fɔːɹ waʊ !? ,1
ɑːɾoʊ sæliz hɐz ɐ ɹiːəl fɪlmeɪkɚ ɛs aɪ ,1
lʊɹɹɪd ænd lɛs ðɐn luːsɪd wɜːk ,0
wɪð ɪts pɚɹeɪd ʌv ɔːlmoʊst pɚpɛtʃuːəli weɪstᵻd kæɹɪktɚz mɑːɹɡɚɹiːɾə fiːlz laɪk ɐ heɪzi haɪ ðæt teɪks tuː lɔŋ tə ʃeɪk ,0
"aɪ kʊd dʒʌst fiːl ðə skɹiːnɹaɪɾɚɹ æɾ ɛvɹi moʊmənt tæp , tæp , tæp , tæp , tæpɪŋ ɐweɪ ɔn ðɪs skɹiːnpleɪ ",0
"oʊvɚɹɔːl , klɛɾiz taʊt ɪz ɐ wɪnɪŋ kɑːmədi ðæt ɛksaɪts ðɪ ɪmædʒᵻneɪʃən ænd tɪkəlz ðə fʌni boʊn ",1
juː lɪv ðə muːd ɹæðɚ ðɐn seɪvɚ ðə stoːɹi ,1
ðə muːvi ɪz soʊ θɔːtləsli ɐsɛmbəld ,1
"sʌm bɑːdi ɪz ɐ ʃeɪki , ʌnsɜːʔn̩ fɪlm ðæt nɛvɚðəlɛs tʌtʃᵻz ɐ fjuː ɹɔː nɜːvz ",1
"ɪt ɛs ɐ vɛɹi sɪnsɪɹ wɜːk , bʌt ɪt wʊd biː bɛɾɚɹ æz ɐ daɪɚɹi ɔːɹ dɑːkjuːmɛntɚɹi ",1
"waɪl ɐmɛɹɪkən ɐdoʊboʊ hɐz ɪts hɑːɹt ɛlɑːɹbiː ænd ɪts pælət ɑːɹɹɑːɹbiː ɪnðə ɹaɪt pleɪs , ɪts bɹeɪn ɪz ɐ lɪɾəl skæɾɚd dɪtsi , iːvən ",0
"ʌnfoʊldz wɪð sʌtʃ ɐ wɔləp ʌv juː ɑːɹ ðɛɹ ɪmiːdɪəsi ðæt wɛn ðə bʊlɪts stɑːɹt tə flaɪ , jʊɹ fɜːst ɪnstɪŋkt ɪz tə dʌk ",1
ænd ɪt ɛs ɐ laʊsi wʌn æt ðæt ,0
ɪt ɛs nɑːt tuː fæst ænd nɑːt tuː sloʊ ,1
"ɪt ɛs ɐn ɛntɚteɪnɪŋ muːvi , ænd ðɪ ɪfɛkts , buːstᵻd tə ðə saɪz əvə daʊntaʊn hoʊtɛl , wɪl ɔːl bʌt teɪk juː tʊ aʊɾɚ speɪs ",1
"ɪɾ ɪz æz ʌŋkɑːmpɹəmaɪzɪŋ æzɪtɪz nɑːndʒʌdʒmɛntəl , ænd meɪks klɪɹ ðæɾə pɹɑːstɪtuːt kæn biː æz loʊnli ænd niːdi æz ɛni ʌvðə klaɪənts ",1
kəmpɛlɪŋli wɑːtʃəbəl ,1
"dᵻspaɪt sʌm kɑːmɪk spɑːɹks , wɛlkʌm tə kɑːlᵻnwʊd nɛvɚ kætʃᵻz faɪɚ ",0
"ðoʊ dʒæksən dʌz ɛnt ɔːlweɪz səksiːd ɪn ɪntᵻɡɹeɪɾɪŋ ðə kæɹɪktɚz ɪnðə fɔːɹɡɹaʊnd ɪntʊ ðɪ ɛkstɹoːɹdɪnɛɹᵻli ɹɪtʃ lændskeɪp , ɪt mʌst biː sɛd ðæt hiː ɪz ɐn ɪmædʒɪnətɪv fɪlmeɪkɚ huː kæn siː ðə fɔːɹɪst fɚðə tɹiːz ",1
"nɑːt oʊnli dʌz spaɪdɚ mæn dᵻlɪvɚ , bʌt aɪ sʌspɛkt ɪt maɪt dᵻlɪvɚɹ ɐɡɛn ænd ɐɡɛn ",1
ɪt ɛs wɜːθ teɪkɪŋ ðə kɪdz tuː ,1
"wɪðaʊt ʃeɪkspɪɹ ɛs ɛləkwənt læŋɡwɪdʒ , ðɪ ʌpdeɪt ɪz dɹɪɹi ænd slʌɡɪʃ ",0
"dɛns , ɛɡzɪlɐɹəɾɪŋ dɑːkjuːmɛntɚɹi ",1
"fiːlz æz ɪf ɛlɑːɹbiː ðɛɹ ɛs ɑːɹɹɑːɹbiː ɐ tʃoʊk liːʃ ɚɹaʊnd jʊɹ nɛk soʊ dᵻɹɛktɚ nɪk kæsɐviːts kæn ɡɪv ɪɾ ɐ ɡʊd , hɑːɹd jæŋk wɛnɛvɚ hiː wɔnts juː tə fiːl sʌmθɪŋ ",0
pɔɪnjənt ɪf fəmɪlɪɹ stoːɹi əvə jʌŋ pɜːsən səspɛndᵻd bᵻtwiːn tuː kʌltʃɚz ,1
"mɛθɑːdɪkəl , mɛʒɚd , ænd dʒɛntli tiːdiəs ɪn ɪts kɑːmədi , siːkɹᵻt bælət ɪz ɐ pɜːpəsfəli ɹᵻdʌktɪv muːvi wɪtʃ meɪ biː waɪ ɪt ɛs soʊ səksɛsfəl æt lɑːdʒɪŋ ɪtsɛlf ɪnðə bɹeɪn ",1
"ðoʊ ɐ tʌtʃ tuː ɑːɹthaʊs wʌnhʌndɹɪd wʌn ɪn ɪts poʊɛɾɪk sɪmbəlɪzəm , hɛvən pɹuːvz təbi ɐ ɡʊd mætʃ ʌvðə sɛnsəbɪlᵻɾiz ʌv tuː dᵻɹɛktɚz ",1
suːpɜːbli foʊɾəɡɹæft ænd steɪdʒd baɪ mɛndz wɪð ɐ sɪɹiz ʌv ɹɪvɪɾɪŋ sɛt piːsᵻz ðə laɪks ʌvwɪtʃ meɪnstɹiːm ɔːdiənsᵻz hæv ɹɛɹli siːn ,1
ɐ mɛɾəfɔːɹ fɚɹə mɑːdɚn deɪ ɜːbən tʃaɪnə sɜːtʃɪŋ fɔːɹ ɪts aɪdɛntᵻɾi ,1
"ɪt ɛs ɐ skwɛɹ , sɛntɪmɛntəl dɹɑːmə ðæt sæɾɪsfaɪz , æz kʌmfɚt fuːd ɔfən kæn ",1
"ðə wʌndɚfəli lʌʃ mɔːɹvɚn kælɚɹ ɪz pjʊɹ pʌŋk ɛɡzɪstɛnʃɪəlɪzəm , ænd ɛmɛs ɹæmseɪ ænd hɜː koʊ ɹaɪɾɚ , liɑːnə dəɡniːni , hæv dɹæmɐtaɪzd ðɪ ælən wɔːɹnɚ nɑːvəl , wɪtʃ ɪtsɛlf fɛlt laɪk ɐn ænsɚ tʊ ɜːvaɪn wɛlʃ ɛs bʊk tɹeɪnspɑːɾɪŋ ",1
"ɐdmaɪɚɹɚz ʌv dᵻɹɛktɚɹ eɪbəl fɛɹɑːɹɹə meɪ biː ɹᵻliːvd ðæt hɪz leɪɾɪst fiːtʃɚ , ɑːɹ ɛksmɐs , mɑːɹks ɐ mɑːdɪst ɪf ɛŋkɜːɹɪdʒɪŋ ɹᵻtɜːn tə fɔːɹm ",1
"nɑːt wʌns ɪnðə ɹʌʃ tə seɪv ðə deɪ dɪd aɪ bɪkʌm vɛɹi ɪnvɑːlvd ɪnðə pɹəsiːdɪŋz tə miː , ɪt wʌz dʒʌst ɐ mæɾɚɹ ʌv eɪ ",0
ɐn ʌɡli dʌklɪŋ teɪl soʊ hɪdiəsli ænd klʌmzili toʊld ɪt fiːlz æksɪdɛntəl ,0
bɪkʌmz ɐ bɪt əvə mɪʃmæʃ ɐ tɪɹdʒɚkɚ ðæt dʌz ɛnt ænd ɐ θɹɪlɚ ðæt woʊ ɛnt ,0
kʊd aɪ hɐvbɪn moːɹ ɡiːkt wɛn aɪ hɜːd ðæt ɐpɑːloʊ θɜːtiːn wʌz ɡoʊɪŋ təbi ɹᵻliːst ɪn ɪmæks fɔːɹmæt ? ,1
"ðɪs ɪz ɐ vɛɹi æmbɪʃəs pɹɑːdʒɛkt fɚɹə fɛɹli ɪnɛkspiəɹɪənst fɪlmeɪkɚ , bʌt ɡʊd æktɚz , ɡʊd poʊɪtɹi ænd ɡʊd mjuːzɪk hɛlp səsteɪn ɪt ",1
"moːɹ səksɛsfəl æt ɹᵻleɪɾɪŋ hɪstɚɹi ðɐn ɪn kɹiːeɪɾɪŋ ɐn ɪmoʊʃənəli kɑːmplɛks , dɹəmæɾɪkli sæɾɪsfaɪɪŋ hɛɹoʊɪn ",0
tʃoʊ ɛs taɪmɪŋ ɪz pɹaɪsləs ,1
kɹɪmɪnəl kənspɪɹəsiz ænd tɹuː ɹoʊmænsᵻz muːv soʊ iːzili əkɹɑːs ɹeɪʃəl ænd kʌltʃɚɹəl laɪnz ɪnðə fɪlm ðɐɾɪt meɪks maɪ bɪɡ fæt ɡɹiːk wɛdɪŋ lʊk laɪk ɐn ɐpɑːɹθeɪd dɹɑːmə ,1
ðɛɹ ɛs sʌmθɪŋ təbi sɛd fɚɹə stuːdɪoʊ pɹəduːst fɪlm ðæt nɛvɚ bɑːðɚz tə hænd vjuːɚz ɐ suːtkeɪs fʊl ʌv iːzi ænsɚz ,1
wʌt ɛlɪveɪts ðə muːvi əbʌv ðə ɹʌn ʌvðə mɪl sɪŋɡəlz blɛndɚɹ ɪz ɪts sɚɹiːəl sɛns ʌv hjuːmɚ ænd tɛknəlɑːdʒɪkəl fɪnɪʃ ,1
nɪkəlsən ɛs ʌndɚsteɪɾᵻd pɚfoːɹməns ɪz wʌndɚfəl ,1
"ðə fɪlmeɪkɚz noʊ haʊ tə pliːz ðɪ aɪ , bʌt ɪɾ ɪz nɑːt ɔːlweɪz ðə pɹɪɾiɪst pɪktʃɚz ðæt tɛl ðə bɛst stoːɹi ",1
"ɪt ɛs ʌnfɔːɹtʃənət ðæt wɑːlɪs , huː ɹoʊt ɡɪbsən ɛs bɹeɪvhɑːɹt æz wɛl æz ðə ɹiːsənt pɜːl hɑːɹbɚ , hɐz sʌtʃ ɐn ɪɹᵻpɹɛsᵻbəl pæʃən fɔːɹ sæpi sɪtʃuːeɪʃənz ænd daɪəlɑːɡ ",0
"dʒæksən ʃeɪmfəli stɹoʊlz θɹuː ðɪs mɛs wɪð ɐ smʌɡ ɡɹɪn , ɪnɛksplɪkəbli wɛɹɪŋ ɐ kɪlt ænd kæɹiɪŋ ɐ bæɡ ʌv ɡɑːlf klʌbz oʊvɚ wʌn ʃoʊldɚ ",0
"ɐ fæsᵻneɪɾɪŋ kjʊɹɹɪɔsᵻɾi piːs fæsᵻneɪɾɪŋ , ðæt ɪz , fɔːɹ ɐbaʊt tɛn mɪnɪts ",0
oʊvɚɹ ænd oʊvɚɹ ɐɡɛn ,0
nɑːlæn pɹuːvz ðæt hiː kæn kɹɔs soːɹdz wɪððə bɛst ʌv ðɛm ænd hɛlm ɐ moːɹ tɹɐdɪʃənəli plɑːɾᵻd pɑːpkɔːɹn θɹɪlɚ waɪl sɚɹɛndɚɹɪŋ lɪɾəl ʌv hɪz ɪntəlɛktʃuːəl ɹɪɡɚ ɔːɹ kɹiːeɪɾɪv kəmpoʊʒɚ ,1
"ðɪs bɑːnd fɪlm ɡoʊz ɔf ðə biːʔn̩ pæθ , nɑːt nɛsɪsɛɹᵻli fɚðə bɛɾɚ ",0
ɪts sɑːləm pɹɪtɛnʃən pɹɪvɛnts ʌs fɹʌm ʃɛɹɪŋ ðɪ ɔː ɪnwɪtʃ ɪt hoʊldz ɪtsɛlf ,0
ðə dɹɑːmə dɪskloʊzᵻz ɔːlmoʊst nʌθɪŋ ,0
"ɐ ʃæm kɑːnstɹʌkt beɪst ɔn θiəɹi , slaɪt ʌv hænd , ænd ɪl ɹɔːt haɪpɑːθəsɪs ",0
ɪseɪbɛl hʌpɚt ɛksɛlz æz ðɪ ɛnɪɡmæɾɪk miːkə ænd ænə maʊɡlɑːliz ɪz ɐ stʌnɪŋ nuː jʌŋ tælənt ɪn wʌn ʌv tʃæbɹɑːl ɛs moʊst ɪntɛns saɪkəlɑːdʒɪkəl mɪstɚɹiz ,1
"laɪk ɪts pɚɹeɪd ʌv pɹɛdᵻsɛsɚz , ðɪs hæloʊiːn ɪz ɐ ɡoːɹi slæʃ fɛst ",1
pɚhæps ðə bɛst spoːɹts muːvi aɪ viː ɛvɚ siːn ,1
ðɪs pɐθɛɾɪk dʒʌŋk ɪz bɛɹli ɐn aʊɚ lɔŋ ,0
"uː viː ɡɑːt tə lʌv ɐ dɪzni pɪk wɪð æz lɪɾəl kliːvɪdʒ æz ðɪswʌn hæz , ænd ɐ hɛɹoʊɪn æz faɪsti ænd pɹɪnsɪpəld æz dʒeɪn ",1
"ðɪs ɪz ɐ ɡoːɹdʒəs fɪlm vɪvɪd wɪð kʌlɚ , mjuːzɪk ænd laɪf ",1
pleɪɪŋ ɐ ɹoʊl ʌv ɔːlmoʊst bɜːɡmeɪnɛsk ɪntɛnsᵻɾi bɪsɛt ɪz boʊθ kənvɪnsɪŋ ænd ɹeɪdiənt ,1
ðə tɹæpɪŋz ʌv aɪ spaɪ ɑːɹ soʊ fəmɪlɪɹ juː maɪt æz wɛl biː wɑːtʃɪŋ ɐ ɹᵻɹʌn ,0
ɪt tɹiːts ɑːnə ɛs dʒɜːni wɪð ɑːnɪsti ðæt ɪz tɹædʒɪkli ɹɛɹ ɪnðə dᵻpɪkʃən ʌv jʌŋ wɪmɪn ɪn fɪlm ,1
liː meɪks ðiːz laɪvz kaʊnt ,1
"æmbɪʃəs , ʌnsɛɾəlɪŋ saɪkoʊdɹɑːmə ðæt teɪks fʊl , tʃɪlɪŋ ɐdvæntɪdʒ ʌv ɪts ɹʌf ɚɹaʊnd ðɪ ɛdʒᵻz , loʊ bʌdʒɪt kənstɹeɪnts ",1
"ðə wʊdmən siːmz tə hæv dᵻɹɛktli ɪnfluːənst ðɪs ɡɜːl miːts ɡɜːl lʌv stoːɹi , bʌt iːvən moːɹ ɹiːəʃʊɹɹɪŋ ɪz haʊ ɪts meɪkɚz æktʃuːəli siːm tʊ ʌndɚstænd wʌt meɪd ælən ɛs ɹoʊmæntɪk kɑːmədiz soʊ pɜːtɪnənt ænd ɛndʊɹɹɪŋ ",1
aɪ kʊd ɛnt ɹɛkəmɛnd ðɪs fɪlm moːɹ ,1
"ɐn ɪnɛkspiəɹɪənst dᵻɹɛktɚ , meɪɾə hɐz mʌtʃ tə lɜːn ",0
"juː kæn teɪst ɪt , bʌt ðɛɹ ɛs noʊ fɪz ",0
ɐ ɹᵻwɜːkɪŋ ʌv daɪ hɑːɹd ænd klɪfhæŋɚ bʌt ɪt ɛs noʊwɛɹ nɪɹ æz ɛksaɪɾɪŋ æz iːðɚ ,0
"ɐ muːvɪŋ teɪl ʌv lʌv ænd dᵻstɹʌkʃən ɪn ʌnɛkspɛktᵻd pleɪsᵻz , ʌnɛɡzæmɪnd laɪvz ",1
ɪt hɐz moːɹ ðænə fjuː moʊmənts ðæt ɑːɹ ɪnsaɪtfəl ɪnʌf təbi fɑːndli ɹᵻmɛmbɚd ɪnðɪ ɛndləsli tʃæləndʒɪŋ meɪz ʌv muːvɪeɪɡoʊɪŋ ,1
waɪ ? ,0
ænd ðæt ɪz wɛɹ æɹɐɹæt wɛnt ɐstɹeɪ ,0
vɪnsənt ɡæloʊ ɪz ɹaɪt æt hoʊm ɪn ðɪs fɹɛntʃ ʃɑːkɚ pleɪɪŋ hɪz juːʒuːəl bæd bɔɪ wɪɹdoʊ ɹoʊl ,1
"klɑːkstɑːpɚz ɪz wʌn ʌv ðoʊz kɹeɪzi , mɪkst ʌp fɪlmz ðæt dʌz ɛnt noʊ wʌt ɪt wɔnts təbi wɛn ɪt ɡɹoʊz ʌp ",0
"sændɹə bʊlək , dᵻspaɪt daʊnpleɪɪŋ hɜː ɡʊd lʊks , kæɹiz ɐ lɪɾəl tuː mʌtʃ eɪaɪ ɛnt ʃiː kjuːt bæɡɪdʒ ɪntʊ hɜː liːd ɹoʊl æz ɐ tɹʌbəld ænd dɪtɜːmɪnd hɑːmɪsaɪd kɑːp tə kwaɪt pʊl ɔf ðə hɛvi stʌf ",0
ɪt ɛs moʊstli ɐ plɛʒɚ tə wɑːtʃ ,1
ɪts spɪɹɪt ʌv aɪkənəklæstɪk ɐbændən haʊɛvɚ kænd meɪks fɔːɹ ʌnɛkspɛktᵻdli ɡɪdi vjuːɪŋ ,1
"ɐ kɪltᵻd dʒæksən ɪz ɐn ʌnsɛɾəlɪŋ saɪt , ænd ɪndɪkətɪv ʌv hɪz , ɪf juː wɪl , aʊɾəv kɪltɚ kæɹɪktɚ , huː ɹæmbəlz eɪmləsli θɹuː ɪl kənsiːvd ækʃən piːsᵻz ",0
aɪ dɪd ɛnt faɪnd mʌtʃ fæsᵻneɪʃən ɪnðə swɪŋɪŋ ,0
ðɪs ɪz noʊ wɔːɾɚbɔɪ ! ,0
"bʌt ðə nɜːv ɹeɪkt æktɪŋ , ðə kɹækəl ʌv laɪnz , ðɪ ɪmpɹɛsɪv steɪdʒɪŋz ʌv hɑːɹdwɛɹ , meɪk fɔːɹ sʌm ɹoʊbʌst ænd skɛɹi ɛntɚteɪnmənt ",1
beɪbi feɪsd ɹɛnɚɹ ɪz ɪɹili kənvɪnsɪŋ æz ðɪs blænd blæŋk əvə mæn wɪð ʌnɪmædʒɪnəbəl diːmənz wɪðɪn ,1
ðə kaɪnd ʌv pɹaɪməl stɔːɹɪtɛlɪŋ ðæt dʒɔːɹdʒ luːkəz kæn oʊnli dɹiːm ʌv ,1
"ʌplɪftɪŋ æz oʊnli ɐ dɑːkjuːmənt ʌvðə wɜːst pɑːsəbɪlᵻɾiz ʌv mæŋkaɪnd kæn biː , ænd ɐmʌŋ ðə bɛst fɪlmz ʌvðə jɪɹ ",1
ðɪ ɜːwɪnz siːnz ɑːɹ fæsᵻneɪɾɪŋ ðə muːvi æz ɐ hoʊl ɪz tʃiːp dʒʌŋk ænd ɐn ɪnsʌlt tə ðɛɹ dɛθ dᵻfaɪɪŋ ɛfɚts ,0
"ɪt ɛs ɐ fɹaɪtfəl vænᵻɾi fɪlm ðæt , noʊ daʊt , peɪz ɔf wʌt dɛt mɜːɹɐmæks fɛlt ðeɪ oʊd tə bᵻnɪɡni ",0
"hiː siːmz tə wɔnt boʊθ , bʌt səksiːdz ɪn meɪkɪŋ niːðɚ ",0
"baɪ tɜːnz fænsifəl , ɡɹɪsli ænd ɛŋɡeɪdʒɪŋli kwɪksɑːɾɪk ",1
"ðə ɹiː ɹᵻliːs ʌv ɹɑːn haʊɚd ɛs ɐpɑːloʊ θɜːtiːn ɪnðɪ ɪmæks fɔːɹmæt pɹuːvz æbsəluːtli ðæt ɹiəli , ɹiəli , ɹiəli ɡʊd θɪŋz kæn kʌm ɪn ɪnoːɹməs pækɪdʒᵻz ",1
"aɪ viː nɛvɚ siːn ɛlɑːɹbiː ɐ ɹᵻmeɪk ɑːɹɹɑːɹbiː duː ɛnɪθɪŋ æz stʌmək tɜːnɪŋ æz ðə weɪ ædəm sændlɚ ɛs nuː muːvi ɹeɪps , pɪlɪdʒᵻz ænd ɪnsɪnɚɹeɪts fɹæŋk kæpɹə ɛs klæsɪk ",0
ðoʊz huː wɔnt təbi dʒoʊltᵻd aʊɾəv ðɛɹ ɡʊɹd ʃʊd dɹɑːp ɛvɹɪθɪŋ ænd ɹʌn tʊ ɪkaɪ ,1
"mɪstɚ diːdz ɪz , æz kɑːmədi ɡoʊz , vɛɹi sɪli ænd ɪnðə bɛst weɪ ",1
"ðɪs eɪmiəbəl pɪktʃɚ tɔːks tʌf , bʌt ɪt ɛs ɔːl blʌstɚɹ ɪnðɪ ɛnd ɪt ɛs æz swiːt æz ɡɹiːnfɪŋɡɚz ",1
maɪ lɪɾəl aɪ ɪz ðə bɛst lɪɾəl hɔɹɚ muːvi aɪ viː siːn ɪn jɪɹz ,1
"ðə muːvi ɪz ɐ nɛɡlɪdʒəbəl wɜːk ʌv mənɪpjʊleɪʃən , ɐn ɛksplɔɪteɪʃən piːs duːɪŋ ɪts juːʒuːəl wɜːst tə ɡɪlt tɹɪp pɛɹənts ",0
ɪt meɪ wɜːk æz ɐ dʒɔːnt daʊn mɛmɚɹi leɪn fɔːɹ tiːnz ænd jʌŋ ɐdʌlts huː ɡɹuː ʌp ɔn tɛlᵻvaɪzd skuːbi duː ʃoʊz ɔːɹ ɹᵻɹʌnz ,1
sʌfɚz fɹʌm ɐ flæt skɹɪpt ænd ɐ loʊ bʌdʒɪt ,0
"ðə muːvi ɪz wɛl dʌn , bʌt sloʊ ",0
ðə mæstɚɹ ʌv dɪsɡaɪz ɪz ɔːfəl ,0
ðə fɪlm ɪz wʌn ʌvðə jɪɹ ɛs bɛst ,1
wʌn ʌvðə jɪɹ ɛs moʊst wɪɹdli ɛŋɡeɪdʒɪŋ ænd ʌnpɹɪdɪktəbəl kæɹɪktɚ piːsᵻz ,1
"ðə dᵻɹɛkʃən əkeɪʒənəli ɹaɪzᵻz tə ðə lɛvəl ʌv mɑːɹdʒɪnəl kɑːmpɪtəns , bʌt fɔːɹ moʊst əv ðə fɪlm ɪɾ ɪz hɑːɹd tə tɛl huː ɪz tʃeɪsɪŋ huː ɔːɹ waɪ ",0
"ðə θɹiː liːdz pɹəduːs ædɪkwət pɚfoːɹmənsᵻz , bʌt wʌt ɛs mɪsɪŋ fɹʌm ðɪs mətɪɹiəl ɪz ɛni dɛpθ ʌv fiːlɪŋ ",0
"lʊkɪŋ fɔːɹ lɛnɚd dʒʌst siːmz tə kaɪndə sɪt ɪn nuːtɹəl , hoʊpɪŋ fɚɹə stɪf wɪnd tə bloʊ ɪɾ ʌphɪl ɔːɹ sʌmθɪŋ ",0
ðə moʊst sɚpɹaɪzɪŋ θɪŋ ɐbaʊt ðɪs fɪlm ɪz ðæt ðeɪ ɑːɹ æktʃuːəli ɹᵻliːsɪŋ ɪɾ ɪntʊ θiəɾɚz ,0
wʌn ɹᵻsɚɹɛkʃən tuː mɛni ,0
"oʊ , lʊk æt ðæt klɛvɚɹ æŋɡəl ! ",1
"noʊ , aɪ heɪt ɪt ",0
"fɚɹə lɔŋ taɪm ðə fɪlm səksiːdz wɪð ɪts dɑːɹk , dɛlᵻkət tɹiːtmənt ʌv ðiːz kæɹɪktɚz ænd ɪts ʌnɛɹɪŋ ɹᵻspɛkt fɔːɹ ðɛm ",1
ðə kæstɪŋ ʌv ɹeɪmənd dʒeɪ bæɹi æz ðə ɐsæsɪn ɡɹeɪtli ɛnhænsᵻz ðə kwɔlᵻɾi ʌv niːl bɜːɡɚ ɛs ɪmpɹɛsɪv feɪk dɑːkjuːmɛntɚɹi ,1
"ðə fɪlm ɪz laɪk sɪɾɪŋ ɪn ɐ daʊntaʊn kæf , oʊvɚhɪɹɪŋ ɐ bʌntʃ ʌv tɪpɪkəl leɪt twɛnti sʌmθɪŋz næɾɚɹ ɔn ɐbaʊt nʌθɪŋ , ænd dɛspɚɹətli wɪʃɪŋ juː kʊd tʃeɪndʒ teɪbəlz ",0
"ðə fɪlmeɪkɚz wɔnt nʌθɪŋ ɛls ðɐn tə ʃoʊ ʌs ɐ ɡʊd taɪm , ænd ɪn ðɛɹ tʃiːp , biː muːvi weɪ , ðeɪ səksiːd ",1
"ɐ ɹoʊlɪkɪŋ ɹaɪd , wɪð dʒɔː dɹɑːpɪŋ ækʃən siːkwənsᵻz , stɹaɪkɪŋ vɪlənz , ɐ ɡoːɹdʒəs kʌlɚ pælət , ɐstaʊndɪŋ tɛknɑːlədʒi , stɜːɹɪŋ mjuːzɪk ænd ɐ bɑːfoʊ læst aʊɚ ðæt liːdz ʌp tʊ ɐ stɹeɪndʒli sɪnɪstɚ hæpi ɛndɪŋ ",1
ɐn aʊɚ ænd ɐ hæf ʌv dʒɔɪfəl soʊloʊ pɚfoːɹməns ,1
kəntɹaɪvd pæstɪtʃ ʌv keɪpɚ klɪx ɛs ,0
"ɐ tɹaɪʌmf , ɐ fɪlm ðæt hjuːz aʊt ɐ wɜːld ænd kæɹiz ʌs ɛfɚtləsli fɹʌm dɑːɹknəs tə laɪt ",1
"stiːvən soʊdɚbɚɡ ɛs dɪdʒɪɾəl vɪdɪoʊ ɛkspɛɹɪmənt ɪz ɐ klɛvɚ ænd kʌɾɪŋ , kwɪk ænd dɜːɾi lʊk æt mɑːdɚn lɪvɪŋ ænd muːvi laɪf ",1
kɪnɪɹ ɛs pɚfoːɹməns ɪz ɐ kɚɹɪɹ dᵻfaɪnɪŋ ɹɛvɪleɪʃən ,1
"nɑːt oʊnli ɐ ɹᵻmaɪndɚɹ ʌv haʊ ðeɪ juːzd tə meɪk muːvɪz , bʌt ɔːlsoʊ haʊ ðeɪ sʌmtaɪmz stɪl kæn biː meɪd ",1
ðə dɹæɡənz ɑːɹ ðə ɹiːəl stɑːɹz ʌv ɹeɪn ʌv faɪɚ ænd juː woʊ ɛnt biː dɪsɐpɔɪntᵻd ,1
"ɪf juː ɹiː oʊvɚ twɛnti faɪv , hæv ɐn ɪk oʊvɚ naɪnti , ænd hæv ɐ dɹaɪvɚ ɛs laɪsəns , juː ʃʊd biː eɪbəl tə faɪnd bɛɾɚɹ ɛntɚteɪnmənt ",0
"fɔːɹ dɛvoʊtiːz ʌv fɹɛntʃ sɪnəmə , seɪf kɑːndʌkt ɪz soʊ ɹɪtʃ wɪð piəɹɪəd mɪnuːʃɪiː ɪt ɛs laɪk daɪɪŋ ænd ɡoʊɪŋ tə sɛljuːlɔɪd hɛvən ",1
"ʃɜːfɪɡ , huː hɐz hæd ɐ səksɛsfəl kɚɹɪɹ ɪn tiːviː , tækəlz moːɹ ðɐn ʃiː kæn hændəl ",0
"ðɪs seɪd ɪz hɑːɹdli ɐ pɚvɜːs , deɪndʒɚɹəs lɪbɚtiːn ænd ædʒᵻteɪɾɚ wɪtʃ wʊdhɐv meɪd fɔːɹ bɛɾɚ dɹɑːmə ",0
"baɪ ðɪ ɛnd ʌvðə muːvi , juː ɹiː dɛfɪnətli kənvɪnst ðæt ðiːz wɪmɪn ɑːɹ spɛktækjʊlɚ ",1
"ɐ plɑːtlaɪn ðæt ɛs æz lʌmpi æz tuː deɪ oʊld pɔɹɪdʒ ðə fɪlmeɪkɚz pɔːz , sæd tə seɪ , wɜːɹ ɔːl oʊvɚ ðɪs ʌn bɛɹ eɪbəl pɹɑːdʒɛkt ! ",0
ðə mɑːdɚn deɪ ɹɔɪəlz hæv nʌθɪŋ ɔn ðiːz ɡaɪz wɛn ɪt kʌmz tə skændəlz ,0
ᵻsɛnʃəli feɪɾəl ɐtɹækʃən ɹᵻmeɪd fɔːɹ vjuːɚz huː wɜːɹ ɪn daɪpɚz wɛn ðɪ ɚɹɪdʒɪnəl wʌz ɹᵻliːst ɪn naɪntiːnhʌndɹɪd eɪɾi sɛvən ,0
"ɪt dʌz ɛnt ɹiəli noʊ ɔːɹ kɛɹ ɐbaʊt ðə kæɹɪktɚz , ænd juːsᵻz ðɛm æz mɑːɹkɚz fɚɹə sɪɹiz ʌv pɹɪoːɹdeɪnd ᵻvɛnts ",0
oʊpənɪŋ ʌp ðə pleɪ moːɹ hɐz pɑːɹtli kloʊzd ɪt daʊn ,0
"iːvən ðoʊ ɪt ɛs kɑːmən nɑːlɪdʒ ðæt pɑːɹk ænd hɪz faʊndɪŋ pɑːɹtnɚ , jɑːŋ kæŋ , lɔst kɑːzmoʊ ɪnðɪ ɛnd , juː kɑː ɛnt hɛlp bʌt ɡɛt kɔːt ʌp ɪnðə θɹɪl ʌvðə kʌmpəni ɛs ɐstɑːnɪʃɪŋ ɡɹoʊθ ",1
"lɑːts ʌv ɛfɚt ænd ɪntɛlɪdʒəns ɑːɹ ɔn dɪspleɪ bʌt ɪn ɛksɪkjuːʃən ɪɾ ɪz ɔːl ɔːkwɚd , stæɾɪk , ænd laɪfləs ɹʌmblɪŋz ",0
"ɛvɹi moʊmənt kɹækəlz wɪð tɛnʃən , ænd baɪ ðɪ ɛnd ʌvðə flɪk , juː ɹiː ɔnðɪ ɛdʒ ʌv jʊɹ siːt ",1
ðɪ ɪmæks skɹiːn ɛnhænsᵻz ðə pɜːsənəl tʌtʃ ʌv mænjuːəl ænɪmeɪʃən ,1
koʊl ɪz ɛnt æz iːzi tə kʌm baɪ æz ɪt juːzd təbi ænd ðɪs wʊd biː ɐ wɜːði sʌbstɪtuːt fɔːɹ nɔːɾi tʃɪldɹən ɛs stɑːkɪŋz ,0
æz pədɛstɹiən æz ðeɪ kʌm ,0
"waɪ , juː meɪ æsk , waɪ ʃʊd juː baɪ ðə muːvi mɪlk wɛn ðə tiːviː kaʊ ɪz fɹiː ? ",0
"sʌŋk baɪ weɪ tuː mʌtʃ ɪndʌldʒəns ʌv siːn tʃuːɪŋ , tiːθ næʃɪŋ æktɚlinəs ",0
ðæt ɛs fʌn fɔːɹ kɪdz ʌv ɛni eɪdʒ ,1
ɹeɪmi ænd hɪz tiːm kʊd ɛnt hæv dʌn ɛni bɛɾɚɹ ɪn bɹɪŋɪŋ ðə stoːɹi ʌv spaɪdɚ mæn tə ðə bɪɡ skɹiːn ,1
"ɐ kʌlɚfəl , dʒɔɪəs sɛləbɹeɪʃən ʌv laɪf ɐ tæpᵻstɹi woʊvən ʌv ɹoʊmæns , dænsɪŋ , sɪŋɪŋ , ænd ʌnfɚɡɛɾəbəl kæɹɪktɚz ",1
ɐ ɹɪp ɹoːɹɪŋ kɑːmədi ækʃən fɛst ðæt ɛlɛl pʊt hɛɹz ɔn jʊɹ tʃɛst ,1
ðə pɹɛmɪs ʌv dʒeɪsən ɛks ɪz sɪli bʌt stɹeɪndʒli bᵻliːvəbəl ,1
ðə mɑːdɚn deɪ kæɹɪktɚz ɑːɹ noʊwɛɹ nɪɹ æz vɪvɪd æz ðə naɪntiːnθ sɛntʃɚɹi wʌnz ,0
tʃɛlsiː wɔːlz ɪz ɐ keɪs ʌv tuː mɛni ʃɛfs fʌsɪŋ oʊvɚ tuː wiːk ɐ ɹɛsᵻpiː ,0
"ðə kæst kiːps ðɪs pɹɪɾi wɑːtʃəbəl , ænd kæstɪŋ mɪk dʒæɡɚɹ æz dᵻɹɛktɚɹ ʌvðɪ ɛskɔːɹt sɜːvɪs wʌz ɪnspaɪɚd ",1
"ɛlɑːɹbiː ðə kɪd ɛs ɑːɹɹɑːɹbiː dʒʌst tuː bɹæɾi fɔːɹ sɪmpəθi , ænd æz ðə fɪlm ɡɹoʊz tʊ ɪts fɪnɑːli , hɪz lɪɾəl tʃeɪndʒᵻz ɹɪŋ hɑːloʊ ",0
kɑːntɹədɪkts ɛvɹɪθɪŋ wiː viː kʌm tʊ ɛkspɛkt fɹʌm muːvɪz naʊədeɪz ,1
"ðɛɹ ɪz lɪɾəl kwɛstʃən ðæt ðɪs ɪz ɐ sɪɹiəs wɜːk baɪ ɐn ɪmpoːɹtənt dᵻɹɛktɚ huː hɐz sʌmθɪŋ nuː tə seɪ ɐbaʊt haʊ , ɪnðə flɪp flɑːp ʌv koːɹtʃɪp , wiː ɔfən ɹiːl ɪn wɛn wiː ʃʊd biː pleɪɪŋ aʊt ",1
ðə skɹɪpt hɐz lɛs spaɪs ðænɚ ɹæt bɜːɡɚ ænd ðə ɹɑːk ɛs faɪɾɪŋ skɪlz ɑːɹ moːɹ ɪn laɪn wɪð stiːvən siːɡəl ,0
ðə sɑːlɪd fɪlmeɪkɪŋ ænd kənvɪnsɪŋ kæɹɪktɚz meɪks ðɪs ɐ haɪ wɔːɾɚ mɑːɹk fɔːɹ ðɪs ʒɑːnɹə ,1
"ðə kaɪnd ʌv muːvi ðæt kʌmz ɐlɔŋ oʊnli əkeɪʒənəli , wʌn soʊ ʌŋkənvɛnʃənəl , ɡʌtsi ænd pɜːfɛktli ɛksᵻkjuːɾᵻd ɪt teɪks jʊɹ bɹɛθ ɐweɪ ",1
"wɪð ɐn ædmᵻɹəbli dɑːɹk fɜːst skɹɪpt baɪ bɹɛnt hænli , pækstən , meɪkɪŋ hɪz dᵻɹɪktoːɹɪəl fiːtʃɚ deɪbjuː , dʌz stɹɔŋ , mɛʒɚd wɜːk ",1
"fʌni , sɑːmɚ , ɐbsɜːd , ænd , faɪnəli , eɪkɪŋli sæd , bɑːɹɾəlbi ɪz ɐ faɪn , ʌndɚsteɪɾᵻd piːs ʌv fɪlmeɪkɪŋ ",1
"ɛvɹi naʊ ænd ɐɡɛn , ɐ muːvi kʌmz ɐlɔŋ tə ɹᵻmaɪnd ʌs ʌv haʊ vɛɹi bæd ɐ moʊʃən pɪktʃɚ kæn tɹuːli biː ",0
"ʌnfɔːɹtʃənətli , ðɛɹ ɪz ɔːlmoʊst nʌθɪŋ ɪn ðɪs flæt ɛfɚt ðæt wɪl ɐmjuːz ɔːɹ ɛntɚteɪn ðɛm , iːðɚ ",0
ʃɹeɪdɚɹ ɛɡzæmɪnz kɹeɪn ɛs dᵻklaɪn wɪð ʌnblɪŋkɪŋ kændoːɹ ,1
ðætðɪ iː ɡɹeɪvjɑːɹd hoʊldz æz mɛni ɡʊd aɪdiəz æz bæd ɪz ðə koʊld kʌmfɚt ðæt tʃɪn ɛs fɪlm sɜːvz ʌp wɪð staɪl ænd ɛmpəθi ,1
"juː wʊd ɛnt wɔnt tə lɪv weɪdaʊntaʊn , bʌt ɪɾ ɪz ɐ hɪlɛɹiəs pleɪs tə vɪzɪt ",1
"ðə baɪ bɹʌðɚz hæv teɪkən æn smɔːl slaɪs ʌv hɪstɚɹi ænd oʊpənd ɪɾ ʌp fɔːɹ ɔːl ʌv ʌs tʊ ʌndɚstænd , ænd ðeɪ viː toʊld ɐ naɪs lɪɾəl stoːɹi ɪnðə pɹɑːsɛs ",1
ðɛɹ ɛs nɑːt wʌn diːsənt pɚfoːɹməns fɹʌmðə kæst ænd nɑːt wʌn klɛvɚ laɪn ʌv daɪəlɑːɡ ,0
tɹænsleɪʃən wiː duː ɛnt niːd tə tɹaɪ vɛɹi hɑːɹd ,0
"ɹᵻtɜːn tə nɛvɚ lænd ɪz ɹᵻlaɪəbəl , stændɚd dɪzni ænɪmeɪɾᵻd fɛɹ , wɪð ɪnʌf kɹiːeɪɾɪv ɛnɚdʒi ænd wɪt tʊ ɛntɚteɪn ɔːl eɪdʒᵻz ",1
"ɪt stɪks ɹɪdʒɪdli tə ðə pæɹədaɪm , ɹɛɹli pɚmɪɾɪŋ ɪts kæɹɪktɚz moːɹ ðɐn tuː ɑːbviəs dᵻmɛnʃənz ænd ɹᵻpiːɾᵻdli pleɪsɪŋ ðɛm ɪn kəntɹaɪvd , wɛl woːɹn sɪtʃuːeɪʃənz ",0
keɪn meɪks ʌs wɑːtʃ æz hɪz kæɹɪktɚɹ ɐweɪkənz tə ðə noʊʃən ðæt təbi hjuːmən ɪz ᵻvɛntʃuːəli tə hæv tə tʃuːz ,1
ɐ kæptᵻveɪɾɪŋ ænd ɪntᵻmət stʌdi ɐbaʊt daɪɪŋ ænd lʌvɪŋ ,1
"oʊvɚsɛkst , æt taɪmz oʊvɚɹɔːt kɑːmədi dɹɑːmə ðæt ɔfɚz lɪɾəl ɪnsaɪt ɪntʊ ðɪ ɛkspiəɹɪəns ʌv biːɪŋ fɔːɹɾi , fiːmeɪl ænd sɪŋɡəl ",0
ðə wɜːld niːdz moːɹ fɪlmeɪkɚz wɪð pæʃənət ɛnθuːziæzəmz laɪk mɑːɹtɪn skoːɹsiːz ,1
ðə dᵻɹɛktɚ siːmz tə teɪk ɐn ʌnsiːmli plɛʒɚɹ ɪn ɛlɑːɹbiː ðə kæɹɪktɚz ɑːɹɹɑːɹbiː mɪzɚɹi ænd æt ðə seɪm taɪm tə kəŋɡɹætʃʊleɪt hɪmsɛlf fɔːɹ hævɪŋ ðə ɡʌts tə kənfɹʌnt ɪt ,0
ðə hɪstɚɹi ɪz fæsᵻneɪɾɪŋ ðɪ ækʃən ɪz dæzlɪŋ ,1
"ðɪ ʌnɛkspɛktᵻd θɪŋ ɪz ðæt ɪts daɪɪŋ , ɪn ðɪs ʃaʊɚɹ ʌv blæk ænd waɪt saɪkɪdiːliə , ɪz kwaɪt bjuːɾifəl ",1
aɪ ɔːlsoʊ bᵻliːv ðæt ɹɛzᵻdənt iːvəl ɪz nɑːt ɪt ,0
ɔfɚz ɐ klɪɹ aɪd kɹɑːnɪkəl əvə fiːmeɪl fɹɛndʃɪp ðæt ɪz moːɹ kɑːmplɛks ænd ɑːnɪst ðɐn ɛnɪθɪŋ ɹɛpɹᵻzɛntᵻd ɪn ɐ hɑːliwʊd fɪlm ,1
"miːɾɪŋ , iːvən ɛksiːdɪŋ ɛkspɪkteɪʃənz , ɪt ɛs ðə bɛst siːkwəl sɪns ðɪ ɛmpaɪɚ stɹaɪks bæk ɐ mɐdʒɛstɪk ɐtʃiːvmənt , ɐn ɛpɪk ʌv ɐstɑːnɪʃɪŋ ɡɹændʊɹ ænd sɚpɹaɪzɪŋ ɪmoʊʃənəl dɛpθ ",1
"waɪl dʒɛnɚɹəl ɔːdiənsᵻz maɪt nɑːt kʌm ɐweɪ wɪð ɐ ɡɹeɪɾɚ nɑːlɪdʒ ʌvðə fækts ʌv kjuːbən mjuːzɪk , ðeɪ ɛlɛl biː tɹiːɾᵻd tʊ ɐn ɪmpɹɛsɪv ænd haɪli ɛntɚteɪnɪŋ sɛləbɹeɪʃən ʌv ɪts saʊndz ",1
"nɑːt oʊnli bɛɾɚ ðɐn ɪts pɹɛdᵻsɛsɚ , ɪt meɪ ɹeɪt æz ðə moʊst mædʒɪkəl ænd moʊst fʌn fæmɪli fɛɹ ʌv ðɪs ɔːɹ ɛni ɹiːsənt hɑːlɪdeɪ siːzən ",1
meɪ wɜːk æz ɐn ɐdɪktɪv ɡɪlti plɛʒɚ bʌt ðə mətɪɹiəl nɛvɚɹ oʊvɚkʌmz ɪts kwɛstʃənəbəl sɐtɪɹɪkəl æmbɪvələns ,0
"dɛθ tə smuːtʃi tɛlz ɐ moʊldi oʊldi , nɑːt nɪɹli æz næsti æz ɪt θɪŋks ɪɾ ɪz dʒoʊk ",0
"spiːlbɜːɡ ɛs pɪktʃɚɹ ɪz smɑːɹɾɚ ænd sʌtlɚ ðɐn ɛlɑːɹbiː toʊɾəl ɹiːkɔːl ænd bleɪd ɹʌnɚɹ ɑːɹɹɑːɹbiː , ɔːlðoʊ ɪts plɑːt meɪ pɹuːv tuː kɑːnvəluːɾᵻd fɔːɹ fʌn siːkɪŋ sʌmɚɹ ɔːdiənsᵻz ",1
"hɑːɹt ɛs wɔːɹ siːmz tə wɔnt təbi ɐ kæɹɪktɚ stʌdi , bʌt ɐpæɹəntli kɑː ɛnt kwaɪt dᵻsaɪd wɪtʃ kæɹɪktɚ ",0
smɔːlɚ nʌmbɚd kɪdlɪts wɪl ɛndʒɔɪ ,1
"ɔfɚz noʊ nuː ɪnsaɪt ɔnðə mæɾɚ , nɔːɹ duː ɪts kæɹɪktɚz ɛɡzæktli spɹɪŋ tə laɪf ",0
"aɪ ɛm kənvɪnst aɪ kʊd kiːp ɐ fæmɪli ʌv faɪv blaɪnd , kɹɪpəld , ɑːmɪʃ piːpəl ɐlaɪv ɪn ðɪs sɪtʃuːeɪʃən bɛɾɚ ðɐn ðiːz bɹɪɾɪʃ soʊldʒɚz duː æt kiːpɪŋ ðɛmsɛlvz kɪkɪŋ ",0
"ðə kənɛktᵻd stoːɹiz ʌv bɹeɪtbɑːɹt ænd hænʌsən ɑːɹ æktʃuːəli fæsᵻneɪɾɪŋ , bʌt ðə fɪlmeɪkɪŋ ɪn ɪnvɪnsᵻbəl ɪz sʌtʃ ðætðə muːvi dʌznɑːt duː ðɛm dʒʌstɪs ",0
ðə kæɹɪktɚz ɑːɹ moːɹ diːpli θɔːt θɹuː ðɐn ɪn moʊst ɹaɪt θɪŋkɪŋ fɪlmz ,1
"ðiːz kæɹɪktɚz ɑːɹ soʊ wɛl ɪstæblɪʃt ðætðə ɡæŋ fiːlz kʌmftəbəl wɪð teɪkɪŋ ɪnseɪn lɪbɚɾiz ænd duːɪŋ ðə ɡuːfiɪst stʌf aʊɾəv lɛft fiːld , ænd aɪ ɛm ɔːl fɔːɹ ðæt ",1
"wɪð ɐ kəmpliːtli pɹɪdɪktəbəl plɑːt , juː ɛlɛl swɛɹ ðæt juː viː siːn ɪɾ ɔːl bᵻfoːɹ , iːvən ɪf juː viː nɛvɚ kʌm wɪðɪn ɐ maɪl ʌvðə lɔŋɡɪst jɑːɹd ",0
"ðə dʒoʊks ɑːɹ sɑːfəmɔːɹɪk , stɛɹɪoʊtaɪps ɑːɹ spɹɪŋkəld ɛvɹɪwɛɹ ænd ðɪ æktɪŋ ɹeɪndʒᵻz fɹʌm bæd tə bədeɪʃəs ",0
tʃoʊ ɛs leɪɾɪst kɑːmɪk sɛt ɪz ɛnt æz ʃɑːɹp ɔːɹ æz fɹɛʃ æz aɪ ɛm ðə wʌn ðæt aɪ wɔnt bʌt ɪt ɛs stɪl dæm fʌni stʌf ,1
"mʌtʃ hɐzbɪn ɹɪʔn̩ ɐbaʊt ðoʊz jɪɹz wɛn ðə saɪkɪdɛlɪk sɪksti z ɡɹuːvd oʊvɚɹ ɪntʊ ðə ɡeɪ sɛvənti z , bʌt wɜːdz duː ɛnt ɹiəli duː ðɪ iəɹə dʒʌstɪs ",1
wʌn ʌvðə bɛst lʊkɪŋ ænd staɪlɪʃ ænɪmeɪɾᵻd muːvɪz ɪn kwaɪt ɐ waɪl ,1
"laɪt ðə kændəlz , bɹɪŋ aʊt ðə keɪk ænd duː ɛnt fɹɛt ɐbaʊt ðə kælɚɹiz bɪkʌz ðɛɹ ɛs pɹɛʃəs lɪɾəl sʌbstəns ɪn bɜːθdeɪ ɡɜːl ɪt ɛs sɪmpli , ænd sɚpɹaɪzɪŋli , ɐ naɪs , laɪt tɹiːt ",1
"ɪt ɛs ɡʊd , hɑːɹd ɛdʒd stʌf , vaɪələnt ænd ɐ bɪt ɛksplɔɪɾətɪv bʌt ɔːlsoʊ naɪsli dʌn , mɔːɹəli ɐlɜːt ænd stɹiːt smɑːɹt ",1
seɪlz wʌns ɐɡɛn stɹændz hɪz suːpɜːb pɚfoːɹmɚz ɪnðə seɪm oʊld stoːɹi ,0
"haɪ kɹaɪmz kæɹiz ɔːlmoʊst noʊ ɔːɹɡænɪk ɪntɹiːɡ æz ɐ ɡʌvɚnmənt mɚɹiːn liːɡəl mɪstɚɹi , ænd ðæt ɛs bɪkʌz ðə muːvi sɜːvz ʌp ɔːl ʌv ðæt stʌf , nɪɹli sʌblɪmɪnəli , æz ðɪ oʊld hæt pɹɑːvɪns ʌv meɪl ɪntɹiːɡ ",0
nɪkoʊl kɪdmən meɪks ɪɾ ɐ pɑːɹɾi wɜːθ ɐtɛndɪŋ ,1
"bɑːɡdɐnoʊvɪtʃ pʊts hɪstɚɹi ɪn pɚspɛktɪv ænd , vaɪə kɜːsʔn̩ dʌnst ɛs ɹᵻmɑːɹkəbəl pɚfoːɹməns , hiː ʃoʊkeɪsᵻz deɪviz æz ɐ jʌŋ wʊmən ʌv ɡɹeɪt tʃɑːɹm , dʒɛnɚɹɔsᵻɾi ænd dɪploʊməsi ",1
ðə dʒɛntəl kɑːmɪk tɹiːtmənt ʌv ædəlɛsənt stɜːm ʌnd dɹæŋ ʃʊd pliːz fænz ʌv kɹɪs fuːəmən ɛs poʊsthjuːməsli pʌblɪʃt kʌlt nɑːvəl ,1
"ʃætnɚɹ ɪz pɹɑːbəbli ðə fʌnɪɪst pɜːsən ɪnðə fɪlm , wɪtʃ ɡɪvz juː ɐn aɪdiə dʒʌst haʊ bæd ɪt wʌz ",0
"ðɪs ɪz ɐ fɹæɡmɛntɪd fɪlm , wʌns ɐ ɡʊd aɪdiə ðæt wʌz fɑːloʊd baɪ ðə bæd aɪdiə tə tɜːn ɪɾ ɪntʊ ɐ muːvi ",0
"ðɛɹ ɛs sʌm aʊtɹeɪdʒəsli kɹiːeɪɾɪv ækʃən ɪnðə tɹænspoːɹɾɚɹ ɛlɑːɹbiː biː ɑːɹɹɑːɹbiː ʌt baɪ ðə taɪm fɹæŋk pæɹəʃuːts daʊn ɑːntʊ ɐ muːvɪŋ tɹʌk , ɪt ɛs dʒʌst ɐnʌðɚ kɑːɹtuːn wɪð ɐn ʌnstɑːpəbəl suːpɚmæn ",0
"fɔːɹ ðoʊz əvən ɪndʌldʒənt , slaɪtli sʌnbeɪkt ænd sʌmɚɹi maɪnd , sɛks ænd luːʃə meɪ wɛl pɹuːv daɪvɜːɾɪŋ ɪnʌf ",1
"ɪt maɪt biː iːziɚ tə wɑːtʃ ɔn vɪdɪoʊ æt hoʊm , bʌt ðæt ʃʊd ɛnt stɑːp daɪ hɑːɹd fɹɛntʃ fɪlm kɑːnəsʊɹz fɹʌm ɡoʊɪŋ aʊt ænd ɛndʒɔɪɪŋ ðə bɪɡ skɹiːn ɛkspiəɹɪəns ",1
ɛlɑːɹbiː ɹiːnoʊ ɑːɹɹɑːɹbiː dᵻlɪvɚz ɐ mɑːnoʊlɑːɡ ðæt mænɪdʒᵻz tʊ ɪŋkoːɹpɚɹeɪt boʊθ ðə hɔɹɚ ænd ðɪ ɐbsɜːdᵻɾi ʌvðə sɪtʃuːeɪʃən ɪn ɐ wɛl bælənst fæʃən ,1
"ɹɪtʃ ɪn ætməsfɪɹ ʌvðə poʊst wɔːɹ ɑːɹt wɜːld , ɪt mænɪdʒᵻz tʊ ɪnstɹʌkt wɪðaʊt ɹiːkɪŋ ʌv ɹᵻsɜːtʃ laɪbɹɛɹi dʌst ",1
moːɹ ɡʊd ðɐn ɡɹeɪt bʌt fɹiːmən ænd dʒʌd meɪk ɪt wɜːk ,1
"ɪt ɛs naɪs tə siː pɪskoʊpoʊ ɐɡɛn æftɚɹ ɔːl ðiːz jɪɹz , ænd tʃeɪkɪn ænd hɛdli ɑːɹ pɹaɪsləs ",1
"nɛvɚɹ ɐɡɛn , waɪl nʌθɪŋ spɛʃəl , ɪz plɛzənt , daɪvɜːɾɪŋ ænd mɑːdɪst dɛfɪnətli ɐ stɛp ɪnðə ɹaɪt dᵻɹɛkʃən ",1
"ɪf ðə læst mæn wɜː ðə læst muːvi lɛft ɔn ɜːθ , ðɛɹ wʊd biː ɐ tɔs ʌp bᵻtwiːn pɹɪsaɪdɪŋ oʊvɚ ðɪ ɛnd ʌv sɪnəmə æz wiː noʊ ɪt ænd ɐnʌðɚ naɪt ʌv dᵻlaɪtfəl hænd ʃædoʊz ",0
"ʃiː ɪz ɐ laɪənɛs , pɹətɛktɪŋ hɜː kʌb , ænd hiː ɐ ɹᵻlʌktənt vɪlən , ɪŋkeɪpəbəl ʌv kəntɹoʊlɪŋ hɪz kɹuː ",1
ðɪs ɪz ɐn ɪntɹɛstɪŋ muːvi ! ,1
"ɪt ɛs sɪmpli stuːpɪd , ɪɹɛlᵻvənt ænd diːpli , tɹuːli , bɑːɾəmləsli sɪnɪkəl ",0
"ðə muːvi ɪz ɔːlmoʊst kəmpliːtli lækɪŋ ɪn səspɛns , sɚpɹaɪz ænd kənsɪstənt ɪmoʊʃənəl kənvɪkʃən ",0
"ðə kæɹɪktɚz ɑːɹ soʊ dʒənɛɹɪk ænd ðə plɑːt soʊ blænd ðæt iːvən æz ɹoʊɡ siːaɪeɪ ɐsæsɪnz wɜːkɪŋ fɔːɹ kɹɪs kuːpɚ ɛs eɪdʒənsi bɔs kloʊs ɪn ɔnðə ɹᵻsoːɹsfəl æmniːziæk , wiː duː ɛnt fiːl mʌtʃ fɔːɹ dæmən boːɹn ɔːɹ hɪz pɹɪdɪkəmənt ",0
laɪk ɐ kæn ʌv tuː deɪ oʊld koʊk ,0
ðɪs mæstɚfəli kælɪbɹeɪɾᵻd saɪkəlɑːdʒɪkəl θɹɪlɚ θɹaɪvz ɔn ɪts tɔːt pɚfoːɹmənsᵻz ænd kɹiːpi ætməsfɪɹ iːvən ɪf ðə skɹiːnpleɪ fɔːlz sʌmwʌt ʃɔːɹt ,1
"jɛs , aɪ səpoʊz ɪt ɛs lʌvli ðæt kæl wɜːks aʊt hɪz ɪʃuːz wɪð hɪz dæd ænd kʌmz tə tɜːmz wɪð hɪz pɪktʃɚ pɜːfɛkt laɪf bʌt wɜːld tɹævəlɚ ɡeɪv miː noʊ ɹiːzən tə kɛɹ , soʊ aɪ dɪd ɛnt ",0
ðætðə fɪlm oʊpənz wɪð mæɡəts kɹɔːlɪŋ ɔn ɐ dɛd dɑːɡ ɪz nɑːt ɐn aʊɾəv pleɪs mɛɾəfɔːɹ ,0
"ɪf ðə plɑːt siːmz ɐ bɪt ɔnðə skɪni saɪd , ðæt ɛs bɪkʌz pænɪk ɹuːm ɪz ɪntɹɛstᵻd ɪn nʌθɪŋ moːɹ ðɐn sʌkɪŋ juː ɪn ænd meɪkɪŋ juː swɛt ",1
dɹʌmlaɪn eɪbli kæptʃɚz ðə kɑːmplᵻkeɪɾᵻd ɹᵻleɪʃənʃɪps ɪn ɐ mɑːɹtʃɪŋ bænd ,1
"ðɪ ɛntaɪɚ kæst ɪz fɜːst ɹeɪt , ɪspɛʃəli soːɹviːnoʊ ",1
ɪt ɛs ɐ dɹæɡ haʊ nɛɾɪlbɛk siːz wɜːkɪŋ wɪmɪn ɔːɹ æt liːst ðɪs wɜːkɪŋ wʊmən fɔːɹ huːm ʃiː ʃoʊz lɪɾəl ʌndɚstændɪŋ ,0
nʌθɪŋ ɐbaʊt ðɪs muːvi wɜːks ,0
ɐ sɑːlɪdli ɛntɚteɪnɪŋ lɪɾəl fɪlm ,1
"ɛlɑːɹbiː seɪf kɑːndʌkt ɑːɹɹɑːɹbiː ɪz ɐ lɔŋ muːvi æt wʌnhʌndɹɪd sɪksti θɹiː mɪnɪts bʌt ɪt fɪlz ðə taɪm wɪð dɹɑːmə , ɹoʊmæns , tɹædʒədi , bɹeɪvɚɹi , pəlɪɾɪkəl ɪntɹiːɡ , pɑːɹɾɪsənz ænd sæbətɑːʒ ",1
"ɔːlðoʊ meɪnstɹiːm ɐmɛɹɪkən muːvɪz tɛnd tʊ ɛksplɔɪt ðə fəmɪlɪɹ , ɛvɹi wʌns ɪn ɐ waɪl ɐ fɪlm ɚɹaɪvz fɹʌmðə mɑːɹdʒɪn ðæt ɡɪvz vjuːɚz ɐ tʃæns tə lɜːn , tə ɡɹoʊ , tə tɹævəl ",1
"ɐ hɪt ænd mɪs ɐfɛɹ , kənsɪstəntli ɐmjuːzɪŋ bʌt nɑːt æz aʊtɹeɪdʒəs ɔːɹ fʌni æz tʃoʊ meɪhɐv ɪntɛndᵻd ɔːɹ æz ɪmædʒɪnətɪv æz wʌn maɪthɐv hoʊpt ",0
"ðɪs ɪz ɐn ɛksɚsaɪz ɪn tʃɪlɪŋ staɪl , ænd tuːhaɪ fɪlmz ðə sʌb , ɪnsaɪd ænd aʊt , wɪð ɐn aɪ ɔn pɹɪzɜːvɪŋ ɐ sɛns ʌv mɪstɚɹi ",1
"heɪ ɛvɹɪbɑːdi , wɔnə wɑːtʃ ɐ muːvi ɪnwɪtʃ ɐ ɡaɪ dɹɛst æz ɐ tʃɪldɹən ɛs pɑːɹɾi klaʊn ɡɛts vaɪələntli ɡæŋ ɹeɪpt ? ",0
"ɪt meɪks kəmpɛlɪŋ , pɹəvɑːkətɪv ænd pɹiːsiənt vjuːɪŋ ",1
ɐ flɔːd bʌt ɛŋɡɹoʊsɪŋ θɹɪlɚ ,1
nɛvɚ kʌmz təɡɛðɚɹ æz ɐ koʊhɪɹənt hoʊl ,0
ɐ dᵻsaɪdᵻd læk ʌv spɑːntəneɪᵻɾi ɪn ɪts ɛksɪkjuːʃən ænd ɐ dɜːθ ʌv ɹiːəl pɔɪnjənsi ɪn ɪts ᵻpɪfənɪz ,0
wʌt sɛts ɛmɛs bɪɹɑːt ɛs fɪlm ɐpɑːɹt fɹʌm ʌðɚz ɪnðə ʒɑːnɹə ɪz ɐ ɡɹeɪɾɚɹ ɐtɛnʃən tə ðə pɛɹənts ænd pɚtɪkjʊlɚli ðə feɪtfəl fɑːðɚz ɪnðɪ ɪmoʊʃənəl ɛvəluːʃən ʌvðə tuː bᵻwɪtʃt ædəlɛsənts ,1
"laɪk moʊst əv dʒæɡləm ɛs fɪlmz , sʌm ʌv ɪɾ ɪz ɑːnɪstli ɐfɛktɪŋ , bʌt moːɹ ʌv ɪt siːmz kəntɹaɪvd ænd sɛkəndhænd ",0
"ɪt ɛs ɐ waɪz ænd paʊɚfəl teɪl ʌv ɹeɪs ænd kʌltʃɚ foːɹsfəli toʊld , wɪð suːpɜːb pɚfoːɹmənsᵻz θɹuːaʊt ",1
wʌn ʌv ðoʊz tɚɹɪfɪk dɑːkjuːmɛntɚɹiz ðæt kəlɛkt ɐ bʌntʃ ʌv piːpəl huː ɑːɹ ɛnθuːziæstɪk ɐbaʊt sʌmθɪŋ ænd ðɛn fɪɡjɚz aʊt haʊ tə meɪk ʌs ʃɛɹ ðɛɹ ɛnθuːziæzəm ,1
"nɑːt oʊnli ɑːɹ ðə fɪlm ɛs səpɹɑːnoʊz ɡæɡz ɪŋkɹɛdɪbli deɪɾᵻd ænd ʌnfʌni , ðeɪ ɔːlsoʊ dɛmənstɹeɪt haʊ dɛspɚɹət ðə meɪkɚz ʌv ðɪs wiː ɹiː duːɪŋ ɪt fɚðə kæʃ siːkwəl wɜː ",0
aɪ hæv tʊ ɐdmɪt ðæt aɪ æm bæfəld baɪ dʒeɪsən ɛks ,0
"ðə fɪlm ɡɛts kloʊs tə ðə tʃɪmps ðə seɪm weɪ ɡʊdɔːl dɪd , wɪð ɐ sɪɹiəs maɪndᵻd peɪʃəns , ɹᵻspɛkt ænd ɐfɛkʃən ",1
"ɐ ɹɪp ɔf twaɪs ɹᵻmuːvd , mɑːdəld æftɚɹ ɛlɑːɹbiː siːɡəl ɛs ɑːɹɹɑːɹbiː ɜːlɪɚ kɑːpɪkæt ʌndɚ siːdʒ , sʌmtaɪmz ɹᵻfɜːd tʊ æz daɪ hɑːɹd ɔn ɐ boʊt ",0
"ɛmɛs seɪnɚ ænd mɪstɚ sɛɹɔlt bɹɪŋ fɹɛʃ , ʌnfoːɹst nætʃɚɹəlɪzəm tə ðɛɹ kæɹɪktɚz ",1
"ðæt ɛs maɪ loʊkoʊ , bʌt noʊmoːɹ ɹɪdɪkjʊləs ðɐn moʊst əv ðə ɹɛst ʌv dɹæɡənflaɪ ",0
bʌt ðə muːvi ðæt dʌz ɛnt ɹiəli dᵻlɪvɚ fɔːɹ kʌntɹi mjuːzɪk fænz ɔːɹ fɔːɹ fæmɪli ɔːdiənsᵻz ,0
"ɪf juː ænsɚd jɛs , baɪ ɔːl miːnz ɛndʒɔɪ ðə nuː ɡaɪ ",1
dʒɛnɚɹeɪts ɐn ɪnoːɹməs fiːlɪŋ ʌv ɛmpəθi fɔːɹ ɪts kæɹɪktɚz ,1
"ðə loʊ kiː dᵻɹɛkʃən ɪz pliːzɪŋli ɛmfæɾɪk ɪn ðɪs pɹɑːpɚli ɪntɛns , klɔːstɹəfoʊbɪk teɪl ʌv əbsɛsɪv lʌv ",1
"ðoʊz pɹoʊn tʊ ɪndɪɡneɪʃən niːd nɑːt ɐplaɪ ðoʊz səsɛptᵻbəl tə bluː hɪlæɹᵻɾi , stɛp ɹaɪt ʌp ",1
ɐn ɪntɹiːɡɪŋ lʊk æt ðə fɹɛntʃ fɪlm ɪndʌstɹi dʊɹɹɪŋ ðə dʒɜːmən ɑːkjʊpeɪʃən ɪts moʊst dᵻlaɪtfəl moʊmənts kʌm wɛn vɛɹiəs kæɹɪktɚz ɛkspɹɛs ðɛɹ kwɜːki ɪnɚ sɛlvz ,1
wʊd meɪk ɐn ɛksələnt kəmpæniən piːs tə ðə sɪmɪlɚli θiːmd ðə fɹɛntʃ luːtɛnənt ɛs wʊmən ,1
"ɪf juː laɪk kwɜːki , ɑːd muːvɪz ænd ɔːɹ ðɪ aɪɹɑːnɪk , hɪɹ ɛs ɐ fʌn wʌn ",1
"noʊ fɹɛntʃ piːpəl wɜː hɑːɹmd dʊɹɹɪŋ ðə meɪkɪŋ ʌv ðɪs muːvi , bʌt ðeɪ wɜːɹ ɪnsʌltᵻd ænd ðɪ ɔːdiəns wʌz pʊt θɹuː tɔːɹtʃɚ fɚɹən aʊɚ ænd ɐ hæf ",0
wʊdi ælən kæn ɹaɪt ænd dᵻlɪvɚɹ ɐ wʌn laɪnɚɹ æz wɛl æz ɛnɪbɑːdi ,1
ðə moʊst kənsɪstəntli fʌni ʌvðɪ ɔːstɪn paʊɚz fɪlmz ,1
"ɪt ɛs boʊθ dᵻɡɹeɪdɪŋ ænd stɹeɪndʒli lɪbɚɹeɪɾɪŋ tə siː piːpəl wɜːkɪŋ soʊ hɑːɹd æt liːdɪŋ laɪvz ʌv sɛksi ɪntɹiːɡ , oʊnli təbi ɹᵻviːld baɪ ðə dɪspæʃənət ɡænts bɹʌðɚz æz ɔːɹdɪnɛɹi , pæsti lʌmpən ",1
peɪd ɪn fʊl ɪz ɹᵻmɑːɹkəbli ɛŋɡeɪdʒɪŋ dᵻspaɪt biːɪŋ noʊɾɪsəbli dᵻɹɪvətɪv ʌv ɡʊdfɛləz ænd æt liːst ɐ hæf dʌzən ʌðɚ tɹʌbəl ɪnðə ɡɛɾoʊ flɪks ,1
"ðə plɑːt hɐz ɐ nʌmbɚɹ ʌv hoʊlz , ænd æt taɪmz ɪt ɛs sɪmpli bæflɪŋ ",0
"ðə ɹᵻdiːmɪŋ fiːtʃɚɹ ʌv tʃæn ɛs fɪlmz hɐz ɔːlweɪz bɪn ðɪ ækʃən , bʌt ðə stʌnts ɪnðə tʌksiːdoʊ siːm taɪɚd ænd , wʌt ɛs wɜːs , ɹuːtiːn ",0
ɐmeɪzɪŋli leɪm ,0
nɑːt iːvən fɛlɪni wʊd noʊ wʌt tə meɪk ʌv ðɪs ɪtæliən fɹiːkʃoʊ ,0
"ɡɑːɹk ɐ bɜːnəl ænd tælæŋk ɛn ɑːɹ ɐn ɪmɛnsli ɐpiːlɪŋ kʌpəl , ænd iːvən ðoʊ ðɛɹ stoːɹi ɪz pɹɪdɪktəbəl , juː ɛlɛl wɔnt θɪŋz tə wɜːk aʊt ",1
bʌt sɜːʔn̩li hɑːɹd tə heɪt ,1
"faɪnli kɹæftᵻd , faɪnli ɹɪʔn̩ , ɛkskwɪsɪtli pɚfɔːɹmd ",1
pɑːɹkɚ kæn nɑːt səsteɪn ðə bɔɪənt ɛnɚdʒi lɛvəl ʌvðə fɪlm ɛs sɪɾi bɪɡɪnɪŋz ɪntʊ ɪts kʌntɹi kəŋkluːʒən ,0
"ðə stoːɹi ɪz ɐ ɹæðɚ sɪmplɪstɪk wʌn ɡɹiːf dɹaɪvz hɜː , lʌv dɹaɪvz hɪm , ænd ɐ sɛkənd tʃæns tə faɪnd lʌv ɪnðə moʊst ʌnlaɪkli pleɪs ɪt stɹʌk ɐ kɔːɹd ɪn miː ",1
ɐ kɑːkaɪd ʃɑːt ɔːl ðə weɪ ,0
klɛɹ pɛploʊ ɛs ɛɹləs muːvi ædæpteɪʃən kʊd juːz ɐ lɪɾəl ɐmɛɹɪkən paɪ laɪk ɪɹɛvɚɹəns ,0
"ɐ woʊfəli dʌl , ɹᵻdʌndənt kɑːnsɛpt ðæt bɛɹz moːɹ ðænə wɪf ʌv ɛksplɔɪteɪʃən , dᵻspaɪt ɪwaɪ ɛs vɔːntᵻd ɛmpəθi ",0
ɐ kjuːɾəsi ɹoʊmæntɪk teɪl wɪð ɐ twɪst ,1
ɐbaʊt wʌn ɪn θɹiː ɡæɡz ɪn waɪt ɛs ɪntɚmɪtəntli waɪz skɹɪpt hɪts ɪts mɑːɹk ðə ɹɛst ɑːɹ pædɪŋ ʌnɐʃeɪmɪdli ɐpɹoʊpɹɪeɪɾᵻd fɹʌmðə tiːn ɛksplɔɪteɪʃən pleɪbʊk ,0
"ɪt plɑːdz ɐlɔŋ mɛθɑːdɪkli , sʌmhaʊ ʌndɚ ðɪ ɐsʌmpʃən ðæt ɪts dɛd waɪf kəmjuːnᵻkeɪɾɪŋ fɹʌm bᵻjɔnd ðə ɡɹeɪv fɹeɪmwɜːk ɪz iːvən ɹᵻmoʊtli nuː ɔːɹ ɪntɹɛstɪŋ ",0
ɡɪv kɹɛdɪt tʊ ɛvɹɪwʌn fɹʌm ɹɑːbɪnsən daʊn tə ðə kiː ɡɹɪp ðæt ðɪs boʊld muːv wɜːks ,1
"ɪnʌf sɛd , ɛksɛpt fɪlm oʊvɚboːɹd ! ",0
ɐ sʌfəkeɪɾɪŋ ɹeɪp peɪbæk hɔɹɚ ʃoʊ ðæt hɪndʒᵻz ɔnðə sʌbdʒɛnɚ ɛs moʊst ɛneɪblɪŋ vɪktɪm ænd ɐn ɪbʊliənt ɐfɛkʃən fɔːɹ ɪndʌstɹɪəl mɑːdəl miːt fɹiːzɚz ,1
"waɪl wiː noʊ lɑːŋɡɚ pəzɛs ðə læk ʌv ɐtɛnʃən spæn ðæt wiː dɪd æt sɛvəntiːn , wiː hæd noʊ tɹʌbəl sɪɾɪŋ fɔːɹ bleɪd ɹoʊmən tuː ",1
ɐ kɑːlɑːʒ ʌv klɪx ɛs ænd ɐ dɪm ɛkoʊ ʌv ɐluːʒənz tʊ ʌðɚ fɪlmz ,0
kəmbaɪn ðə pæɹənɔɪd klɔːstɹəfoʊbiə əvə sʌbmɚɹiːn muːvi wɪððɪ ʌnsɛɾəlɪŋ spuːkinəs ʌvðə suːpɚnætʃɚɹəl waɪ dɪd ɛnt hɑːliwʊd θɪŋk ʌv ðɪs suːnɚ ? ,1
"ɪf dæmən ænd ɐfəlk ɐtɛmpt ɐnʌðɚ pɹɑːdʒɛkt ɡɹiːnlaɪt , nɛkst taɪm aʊt ðeɪ maɪt tɹaɪ peɪɪŋ lɛs ɐtɛnʃən tə ðə mɪnɪsɛɹiz ænd moːɹ ɐtɛnʃən tə ðə fɪlm ɪɾ ɪz ɐbaʊt ",0
"ðə skɹiːnpleɪ baɪ dʒeɪmz ɛɹɪk , dʒeɪmz hɔːɹtən ænd dᵻɹɛktɚ piːɾɚɹ oʊfɔːlən ɪz soʊ pæt ɪt meɪks jʊɹ tiːθ hɜːt ",0
aɪ ɛm ɡɪvɪŋ ɪt θʌmz daʊn duː tə ðɪ ɛndləsli ɹᵻpɛɾᵻtɪv siːnz ʌv ɛmbæɹəsmənt ,0
"nɑːt oʊnli dʌz lɛblæŋk meɪk wʌn spɛktækjʊlɚli ʌɡli lʊkɪŋ bɹɔːd , bʌt hiː ɐpɪɹz mɪzɹəbəl θɹuːaʊt æz hiː swæɡɚz θɹuː hɪz siːnz ",0
"ɐn ɛlɪɡənt wɜːk , fuːd ʌv lʌv ɪz æz kənsɪstəntli ɛŋɡeɪdʒɪŋ æzɪtɪz ɹᵻviːlɪŋ ",1
"ðə peɪn , loʊnlinəs ænd ɪnsᵻkjʊɹɹᵻɾi ʌvðə skɹiːnɹaɪɾɪŋ pɹɑːsɛs ɑːɹ vɪvɪdli ænd peɪnfəli bɹɔːt tə slʌvənli laɪf ɪn ðɪs sɛlf dɛpɹɪkeɪɾɪŋ , baɪɾɪŋ ænd wɪɾi fiːtʃɚ ɹɪʔn̩ baɪ tʃɑːɹli kɔːfmən ænd hɪz twɪn bɹʌðɚ , dɑːnəld , ænd dᵻɹɛktᵻd baɪ spaɪk dʒɑːnz ",1
ɐ wiːk ænd ɪnɪfɛktɪv ɡoʊst stoːɹi wɪðaʊt ɐ kəŋkluːʒən ɔːɹ peɪ ɔf ,0
ɪf juː ɹiː ɐ fæn ʌvðə sɪɹiz juː ɛlɛl lʌv ɪt ænd pɹɑːbəbli wɔnt tə siː ɪt twaɪs ,1
ðə fɪlm nɛvɚ faɪndz ɪts toʊn ænd sɛvɹəl siːnz ɹʌn tuː lɔŋ ,0
sʌfɚz fɹʌm ɐ læk ʌv klæɹᵻɾi ænd ɔːdæsᵻɾi ðæɾə sʌbdʒɛkt æz mɔnstɹəs ænd pɐθɛɾɪk æz dɑːmɚ dᵻmændz ,0
ɪt ɛs nɑːɾə moʊʃən pɪktʃɚɹ ɪt ɛs ɐn ʌɾɚli stæɾɪk pɪktʃɚ ,0
ɪt ɛs pɹɑːbəbli nɑːt iːzi tə meɪk sʌtʃ ɐ wɜːθləs fɪlm ,0
ðə fɪlm ɪz bɹaɪt ænd flæʃi ɪn ɔːl ðə ɹaɪt weɪz ,1
"ɐ bɹɪsk , ɹɛvɚɹənt , ænd sʌɾəli dɪfɹənt siːkwəl ",1
ɐ məkɑːbɹə ænd vɛɹi staɪlaɪzd swiːdɪʃ fɪlm ɐbaʊt ɐ mɑːdɚn sɪɾi wɛɹ ɔːl ðə ɹᵻlɪdʒəs ænd sɪvɪk vɜːtʃuːz ðæt hoʊld səsaɪəɾi ɪn pleɪs ɑːɹ ɪn tæɾɚz ,1
dʌz ɐn ɪmpɹɛsɪv dʒɑːb ʌv ɹᵻleɪɾɪŋ ðə kɑːmplᵻkeɪɾᵻd hɪstɚɹi ʌvðə wɔːɹ ænd ʌv fɪlɪŋ ɪnðə bækɡɹaʊnd ,1
ɐ fæsᵻneɪɾɪŋ dɑːkjuːmɛntɚɹi ðæt pɹəvaɪdz ɐ ɹaʊndᵻd ænd ɹᵻviːlɪŋ oʊvɚvjuː ʌv ðɪs eɪntʃənt həlɪstɪk hiːlɪŋ sɪstəm ,1
ɐ kɔːʃənɛɹi teɪl ɐbaʊt ðə fɑːli ʌv suːpɚfɪʃɪælᵻɾi ðæt ɪz ɪtsɛlf ɛndləsli suːpɚfɪʃəl ,0
"kwɪɾɪŋ , haʊɛvɚ , mænɪdʒᵻz dʒʌst təbi dᵻpɹɛsɪŋ , æz ðə liːd æktɚ foʊnz ɪn hɪz ɔːɾoʊbaɪəɡɹæfɪkəl pɚfoːɹməns ",0
"aɪ dɪd ɡoʊ bæk ænd tʃɛk aʊt ðə læst tɛn mɪnɪts , bʌt ðiːz wɜː moːɹ ɹᵻpʌlsɪv ðɐn ðə fɜːst θɜːɾi ɔːɹ foːɹɾi mɪnɪts ",0
"ɪnðɪ ɛnd , ðə muːvi bɑːɡz daʊn ɪn ɪnsɪɡnɪfɪkəns , seɪɪŋ nʌθɪŋ ɐbaʊt kɛnədi ɛs ɐsæsᵻneɪʃən ænd ɹᵻviːlɪŋ nʌθɪŋ ɐbaʊt ðə pæθɑːlədʒi ɪt pɹɪtɛndz tʊ ɪnvɛstᵻɡeɪt ",0
ɪt ɛs ɹᵻfɹɛʃɪŋ tə siː ɐ muːvi ðæt ɛmbɹeɪsᵻz ɪts oʊld fæʃənd θiːmz ænd ɪnðə pɹɑːsɛs kʌmz aʊt lʊkɪŋ laɪk sʌmθɪŋ hoʊli ɚɹɪdʒɪnəl ,1
ɪt mʌst biː ðɪ ɛnd ʌvðə wɜːld ðə bɛst fɪlm soʊ fɑːɹ ðɪs jɪɹ ɪz ɐ fɹæntʃaɪz siːkwəl stɑːɹɹɪŋ wɛsli snaɪps ,1
buːmɚz ænd ðɛɹ kɪdz wɪl hæv ɐ bæɹi ɡʊd taɪm ,1
waʊ ,1
"ɪf dɪzni ɛs sɪndɪɹɛlə pɹuːvd ðæt ɐ dɹiːm ɪz ɐ wɪʃ jʊɹ hɑːɹt meɪks , ðɛn sɪndɪɹɛlɚ ɹoʊmən tuː pɹuːvz ðæɾə naɪtmɛɹ ɪz ɐ wɪʃ ɐ stuːdɪoʊ ɛs wɔlɪt meɪks ",0
"bɪn ðɛɹ , dʌn ðæɾə θaʊzənd taɪmz ɔːlɹɛdi , ænd bɛɾɚ ",0
ɐn ɪnfjʊɹɹɪeɪɾɪŋ fɪlm ,0
ɐ fɪlm wɪð ɐ ɡɹeɪt pɹɛmɪs bʌt oʊnli ɐ ɡɹeɪt pɹɛmɪs ,1
"siːɡəl ɹæn aʊɾəv muːvɪz jɪɹz ɐɡoʊ , ænd ðɪs ɪz dʒʌst ðə pɹuːf ",0
ɐ bækhændᵻd oʊd tə fiːmeɪl kæmɚɹɑːdɚɹi pɛnd baɪ ɐ mæn huː hɐz lɪɾəl kluː ɐbaʊt iːðɚ ðə neɪtʃɚɹ ʌv wɪmɪn ɔːɹ ʌv fɹɛndʃɪp ,0
ðə fɛɾɪd ʌndɚbɛli ʌv feɪm hɐz nɛvɚ lʊkt ʌɡliɚ ,0
"baɪ hæfweɪ θɹuː ðɪs pɪktʃɚɹ aɪ wʌz bɪɡɪnɪŋ tə heɪt ɪt , ænd , ʌv koːɹs , fiːlɪŋ ɡɪlti fɔːɹ ɪt ðɛn , mɪɹəkəl ʌv mɪɹəkəlz , ðə muːvi dʌz ɐ flɪp flɑːp ",1
"soʊlləs ænd iːvən moːɹ dæmɪŋ vɜːtʃuːəli dʒɔɪləs , ɛksɛksɛks ɐtʃiːvz nɪɹ vɜːtʃuːɔsᵻɾi ɪn ɪts kɹæpjʊləns ",0
"wʌt ðə muːvi læks ɪn ækʃən ɪt moːɹ ðɐn meɪks ʌp fɔːɹ ɪn dɹɑːmə , səspɛns , ɹᵻvɛndʒ , ænd ɹoʊmæns ",1
"swiːt hoʊm æləbæmə ɪz ɛnt ɡoʊɪŋ tə wɪn ɛni ɐkædəmi ɐwɔːɹdz , bʌt ðɪs deɪt naɪt daɪvɜːʒən wɪl dɛfɪnətli wɪn sʌm hɑːɹts ",1
ɪt ɛs ɐ sæɾɪsfaɪɪŋ sʌmɚ blɑːkbʌstɚ ænd wɜːθ ɐ lʊk ,1
ɐ pɑːɹɾi hɑːɹɾi tiːn flɪk ðæt skɑːldz laɪk æsɪd ,0
ðə muːvi ɪz vɛɹi fʌni æz juː piːk æɾ ɪt θɹuː ðə fɪŋɡɚz ɪn fɹʌnt ʌv jʊɹ aɪz ,1
"waɪl ðə stoːɹi ɪz bɛɾɚ foʊkəst ðɐn ðɪ ɪŋkɑːmpɹihɛnsᵻbəl æn ɹaɪs nɑːvəl ɪt ɛs beɪst əpɑːn , kwiːn ʌvðə dæmd ɪz ɐ pɔɪntləs , miːændɚɹɪŋ sɛləbɹeɪʃən ʌvðə ɡɑːθ væmpaɪɚ , tɔːɹtʃɚd woʊ ɪz miː laɪfstaɪl ",0
"ɚɹɪdʒɪnælᵻɾi eɪaɪ ɛnt ɔnðə mɛnjuː , bʌt ðɛɹ ɛs nɛvɚɹ ɐ dʌl moʊmənt ɪnðə dʒaɪənt spaɪdɚɹ ɪnveɪʒən kɑːmɪk tʃɪlɚ ",1
"laɪk maɪk ɪz ɐ slaɪt ænd ʌnɪnvɛntɪv muːvi laɪk ðɪ ɛɡzɑːltᵻd maɪkəl dʒoːɹdən ɹᵻfɜːd tʊ ɪnðə taɪɾəl , mɛni kæn ɐspaɪɚ bʌt nʌn kæn iːkwəl ",0
"ðə kæst , kəlɛktɪvli ɐ səksɛsfəl ɛɡzæmpəl ʌvðə lʌvəbəl luːzɚ pɹoʊɾɐɡənɪst , ʃoʊz dɛft kɑːmɪk taɪmɪŋ ",1
"ɐ ɡɹɪɾɪli bjuːɾifəl fɪlm ðæt lʊks , saʊndz , ænd fiːlz moːɹ laɪk ɐn ɛkstɛndᵻd , oʊpən ɛndᵻd poʊᵻm ðænə tɹɐdɪʃənəli stɹʌktʃɚd stoːɹi ",1
stɹeɪndʒli kʌmz ɔf æz ɐ kɪŋdəm moːɹ maɪld ðɐn waɪld ,1
"ɐ fjuː aʊɚz æftɚ juː viː siːn ɪt , juː fɚɡɛt juː viː bɪn tə ðə muːvɪz ",0
jɛt ɪt ɛs nɑːt kwaɪt ðə ʒɑːnɹə bʌstɪŋ fɪlm ɪt ɛs bɪn haɪpt təbi bɪkʌz ɪt pleɪz ɛvɹɪθɪŋ tuː seɪf ,0
"ðə bɪɡɪst pɹɑːbləm wɪð ɹɑːdʒɚɹ ævɚɹi ɛs ʌpɹoːɹ ɐɡɛnst ðɪ ɛmpiːeɪeɪ ɪz ðæt , iːvən ɪn ɔːl ɪts dᵻɹɛktɚ ɛs kʌt ɡloːɹi , hiː ɛs meɪd ɐ fɪlm ðæt ɛs bɛɹli ʃɑːkɪŋ , bɛɹli ɪntɹɛstɪŋ ænd moʊst əv ɔːl , bɛɹli ɛnɪθɪŋ ",0
"pəɹæltə kæptʃɚz , ɪn luːmɪnəs ɪntɚvjuːz ænd ɐmeɪzɪŋli ɪvɑːkətɪv fɪlm fɹʌm θɹiː dɛkeɪdz ɐɡoʊ , ðɪ ɛsəns ʌvðə dɑːɡtaʊn ɛkspiəɹɪəns ",1
mænɪdʒᵻz tʊ ɐkɑːmplɪʃ wʌt fjuː siːkwəlz kæn ɪɾ iːkwəlz ðɪ ɚɹɪdʒɪnəl ænd ɪn sʌm weɪz iːvən bɛɾɚz ɪt ,1
ðɪ ɛnd ɹɪzʌlt ɪz laɪk koʊld pɔɹɪdʒ wɪð oʊnli ðɪ ɑːd ɛndʒɔɪəbli tʃuːi lʌmp ,0
ɪt ʃoʊz ðæt sʌm stuːdɪoʊz fɜːmli bᵻliːv ðæt piːpəl hæv lɔst ðɪ ɐbɪləɾi tə θɪŋk ænd wɪl fɚɡɪv ɛni ʃɑːdi pɹɑːdʌkt æz lɔŋ æz ðɛɹ ɛs ɐ lɪɾəl ɡɜːl ɔn ɡɜːl ækʃən ,0
"dᵻspaɪt ɐ kwaɪəɾɚ mɪdəl sɛkʃən , ɪnvɑːlvɪŋ æɹɐɡɔːɹn ɛs dɹiːmz ʌv ɑːɹwən , ðɪs ɪz iːvən bɛɾɚ ðɐn ðə fɛloʊʃɪp ",1
ðæt sʌtʃ ɐ hɔːɹɪbəl muːvi kʊdɐv spɹʌŋ fɹʌm sʌtʃ ɐ ɡɹeɪt wʌn ɪz wʌn ʌvðə jɪɹ ɛs wɜːst sɪnɪmæɾɪk tɹædʒədiz ,0
ɐ fliːt fʊɾᵻd ænd pliːzɪŋli ʌpbiːt fæmɪli daɪvɜːʒən ,1
ɔːstɹeɪliən fɪlmeɪkɚ deɪvɪd flætmən juːsᵻz ðə hjuːdʒ skɹiːn fɔːɹmæt tə meɪk ɐn oʊld fæʃənd neɪtʃɚ fɪlm ðæt ɛdʒuːkeɪts vjuːɚz wɪð wɜːdz ænd pɪktʃɚz waɪl ɛntɚteɪnɪŋ ðɛm ,1
mɪstɚ diːdz ɪz suːɾəbəl sʌmɚɹ ɛntɚteɪnmənt ðæt ɔfɚz ɛskeɪpɪzəm wɪðaʊt ɹᵻkwaɪɚɹɪŋ ɐ ɡɹeɪt diːl ʌv θɔːt ,1
leɪm swiːt hoʊm liːvz noʊ sʌðɚn stɛɹɪoʊtaɪp ʌntɜːnd ,0
ɹaɪs ɪz tuː pədɛstɹiən ɐ fɪlmeɪkɚ tə bɹɪŋ ɛni ɛdʒ ɔːɹ pɜːsənælᵻɾi tə ðə ɹaɪzɪŋ pleɪs ðæt wʊd sɛt ɪɾ ɐpɑːɹt fɹʌm ʌðɚ diːp saʊθ stoːɹiz ,0
ɪt ɛs ɔːlweɪz dɪsɐpɔɪntɪŋ wɛn ɐ dɑːkjuːmɛntɚɹi feɪlz tə lɪv ʌp tʊ ɔːɹ ɔfɚɹ ɛni nuː ɪnsaɪt ɪntʊ ɪts tʃoʊzən tɑːpɪk ,0
"jɛt ɐnʌðɚɹ ɪɾɚɹeɪʃən ʌv wʌt ɛs bɪkʌm wʌn ʌvðə muːvɪz kɹiːpiɪst kənvɛnʃənz , ɪnwɪtʃ ðə dɪvɛləpmɛntəli dɪseɪbəld ɑːɹ poːɹtɹeɪd wɪð ɔːlmoʊst suːpɚnætʃɚɹəl paʊɚz tə hʌmbəl , tiːtʃ ænd ʌltᵻmətli ɹᵻdiːm ðɛɹ mɛntəli suːpiəɹɪɚ fɹɛndz , fæmɪli ",0
juː meɪ biː ɡɔːld ðæt juː viː weɪstᵻd nɪɹli tuː aʊɚz ʌv jʊɹ oʊn pɹɛʃəs laɪf wɪð ðɪs sɪli lɪɾəl pʌdəl əvə muːvi ,0
mɪstɚ skoːɹsiːz ɛs bɹeɪvɚɹi ænd ɪntɛɡɹᵻɾi ɪn ɐdvænsɪŋ ðɪs vɪʒən kæn hɑːɹdli biː ʌndɚɹɛstᵻmeɪɾᵻd ,1
moːɹ ɪntəlɛktʃuːəli skɛɹi ðɐn dɹəmæɾɪkli ɪnvɑːlvɪŋ ,0
"ðə muːvi ɪz laɪk ɐ jɪɹ leɪt fɔːɹ tæpɪŋ ɪntʊ aʊɚ ɹɪælᵻɾi tiːviː əbsɛʃən , ænd iːvən tɑːɹdiɚ fɔːɹ ɛksplɔɪɾɪŋ ðə nɑːvəlɾi ʌvðə wɛbkæst ",0
fʌn ænd nɪmbəl ,1
"wɛn ðə kæstɪŋ kɔːl fɔːɹ ðɪs muːvi wɛnt aʊt , ɪt mʌstɐv ɹɛd siːkɪŋ ɛnɪwʌn wɪð æktɪŋ æmbɪʃən bʌt noʊ sɛns ʌv pɹaɪd ɔːɹ ʃeɪm ",0
ðə muːvi ɪz ɐ dɛspɚɹət mɪskælkjʊleɪʃən ,0
"wʌt ðeɪ ɹiː duːɪŋ ɪz ɐ mæɾɚɹ ʌv plʌmɪŋ ɚɹeɪndʒmənts ænd maɪnd ɡeɪmz , ʌv noʊ ɪɹɑːɾɪk ɔːɹ sɛnsjuːəs tʃɑːɹdʒ ",0
pleɪz laɪk ɐ ɡlɔsi mɛlədɹɑːmə ðæt əkeɪʒənəli vɜːdʒᵻz ɔn kæmp ,0
wʌt ʌltᵻmətli meɪks wɪndtɔːkɚz ɐ dɪsɐpɔɪntmənt ɪz ðə suːpɚfɪʃəl weɪ ɪt diːlz wɪð ɪts stoːɹi ,0
pəlænski hɐz faʊnd ðə pɜːfɛkt mətɪɹiəl wɪð wɪtʃ tʊ ɐdɹɛs hɪz oʊn wɜːld wɔːɹ ɹoʊmən tuː ɛkspiəɹɪəns ɪn hɪz sɪɡnɪtʃɚ staɪl ,1
"ðə meɪn stoːɹi ɪz kəmpɛlɪŋ ɪnʌf , bʌt ɪt ɛs dɪfɪkəlt tə ʃɹʌɡ ɔf ðɪ ɐnɔɪəns ʌv ðæt tʃæɾi fɪʃ ",0
"ðə fɪlm boʊsts æt liːst ɐ fjuː ɡʊd aɪdiəz ænd fiːtʃɚz sʌm diːsənt pɚfoːɹmənsᵻz , bʌt ðə ɹɪzʌlt ɪz dɪsɐpɔɪntɪŋ ",1
"ɪt ɛs noʊ sɚpɹaɪz ðæt æz ɐ dᵻɹɛktɚ wɑːʃɪŋtən dᵻmændz ænd ɹᵻsiːvz ɛksələnt pɚfoːɹmənsᵻz , fɹʌm hɪmsɛlf ænd fɹʌm nuːkʌmɚ dɛɹɪk luːk ",1
"ɪf moʊstli mɑːɹθə ɪz moʊstli ʌnsɚpɹaɪzɪŋ , ɪt ɛs stɪl ɐ swiːt , iːvən dᵻlɛktəbəl daɪvɜːʒən ",1
tɑːp nɑːtʃ ækʃən paʊɚz ðɪs ɹoʊmæntɪk dɹɑːmə ,1
ɹoʊmən pəlænski ɛs ɔːɾoʊbaɪəɡɹæfɪkəl dʒɛstʃɚɹ æt ɹᵻdɛmpʃən ɪz bɛɾɚ ðɐn ʃaɪndlɚ ɛs lɪst ɪɾ ɪz moːɹ ðɐn mɪɹli ɐ hɑːləkɔːst muːvi ,1
"ɐn ɐdmɪɾᵻd iːɡoʊmeɪnɪæk , ɛvənz ɪz noʊ hɑːliwʊd vɪlən , ænd jɛt ðɪs ɡɹeɪɾɪŋ ʃoʊkeɪs ɔːlmoʊst meɪks juː wɪʃ hiː diː ɡɔn ðə weɪ ʌv dɑːn sɪmpsən ",0
"kənfɛʃənz meɪ nɑːt biː ɐ stɹeɪtfɔːɹwɚd baɪoʊ , nɔːɹ dʌz ɪɾ ɔfɚ mʌtʃ ɪnðə weɪ ʌv bæɹɪs moʊɾɪveɪʃənz , bʌt ðə fɪlm ɪz ɐn ɑːdli fæsᵻneɪɾɪŋ dᵻpɪkʃən əvən ɑːɹkɪtɛkt ʌv pɑːp kʌltʃɚ ",1
ðɪ ɪnhiəɹənt lɪmɪteɪʃənz ʌv juːzɪŋ ɐ vɪdɪoʊ ɡeɪm æz ðə soːɹs mətɪɹiəl muːvi ɑːɹ wʌns ɐɡɛn meɪd ɔːl tuː klɪɹ ɪn ðɪs ʃlɑːki hɔɹɚɹ ækʃən haɪbɹɪd ,0
teɪks ɐ sɪmpəl pɹɛmɪs ænd kæɹiz ɪt tʊ ʌnɛkspɛktᵻd haɪts ,1
"mʊɹ ɪz laɪk ɐ pɹəɡɹɛsɪv bʊl ɪn ɐ tʃaɪnə ʃɑːp , ɐ pɹəvɑːkɐtʊɹ kɹæʃɪŋ ɪntʊ aɪdiəz ænd spɛʃəl ɪntɹɛst ɡɹuːps æz hiː slæps təɡɛðɚ hɪz oʊn bɹænd ʌv lɪbɚɹəlɪzəm ",0
"ðə fɪlm ɹᵻmaɪndz miː əvə væstli ɪmpɹuːvd dʒɜːmænɪk vɜːʒən ʌv maɪ bɪɡ fæt ɡɹiːk wɛdɪŋ wɪð bɛɾɚ kæɹɪktɚz , sʌm dʒɛnjuːɪn kwɜːkinəs ænd æt liːst ɐ mɛʒɚɹ ʌv staɪl ",1
"ðə stɑːɹ huː hɛlpt ɡɪv ɐ spɑːɹk tʊ tʃeɪsɪŋ eɪmi ænd tʃeɪndʒɪŋ leɪnz fɔːlz flæt æz θɪŋkɪŋ mæn siːaɪeɪ eɪdʒənt dʒæk ɹaɪən ɪn ðɪs sʌmɚ ɛs nuː ækʃən fɪlm , ðə sʌm ʌv ɔːl fɪɹz ",0
"ɐ ɡʊd fɪlm wɪð ɐ sɑːlɪd pɛdɪɡɹiː boʊθ ɪn fɹʌnt ʌv ænd , moːɹ spəsɪfɪkli , bᵻhaɪnd ðə kæmɹə ",1
ɐ mɑːɹvələs pɚfoːɹməns baɪ ælɪsən loʊmən æz ɐn aɪdɛntᵻɾi siːkɪŋ fɑːstɚ tʃaɪld ,1
ɐ sloʊ muːvɪŋ pəliːs pɹəsiːdʒɚɹəl θɹɪlɚ ðæt teɪks ɪts taɪɾəl ɔːl tuː lɪɾɚɹəli ,0
"sɪns dɑːmɚ ɹᵻzɔːɹts tə stændɚd slæʃɚ flɪk θɹɪlz wɛn ɪt ʃʊd biː moʊst ɪnðə maɪnd ʌvðə kɪlɚ , ɪt mɪsɪz ɐ meɪdʒɚɹ ɑːpɚtuːnᵻɾi təbi tɹuːli ɹɛvɪlətoːɹi ɐbaʊt hɪz saɪkiː ",0
"liː ɪz ɛnt bɹeɪkɪŋ nuː ɡɹaʊnd , bʌt hiː noʊz haʊ ɐ deɪli ɡɹaɪnd kæn kɪl lʌv ",1
ðə mæstɚɹ ʌv dɪsɡaɪz ɹɛpɹᵻzɛnts ædəm sændlɚ ɛs leɪɾɪst ɐtɛmpt tə dʌm daʊn ðə juːnɪvɜːs ,0
aɪ kɑː ɛnt seɪ ðɪs ɪnʌf ðɪs muːvi ɪz ɐbaʊt ɐn ɐdʌlt meɪl dɹɛst ɪn pɪŋk dʒæmɪz ,0
"ɛlɑːɹbiː ɐ ɑːɹɹɑːɹbiː boʊldli stɹoʊkt , lʊɹɹɪdli kʌlɚd , juːni dᵻmɛnʃənəl nɑːnsəns məʃiːn ðæt stɹoʊks ðɪ aɪbɔːlz waɪl ɪɾ ɪvæpɚɹeɪts laɪk soʊ mʌtʃ kɹɪpt mɪst ɪnðə bɹeɪn ",0
"wʌns wʌn ɛkspiəɹɪənsᵻz mɪstɚ heɪŋk ɛs oʊn sɐdɪstɪk tɛndənsiz təwɔːɹd hɪz ɔːdiəns , wʌn ɪz lɛft wɪð ɐ saʊɚ teɪst ɪn wʌn ɛs maʊθ , ænd lɪɾəl ɛls ",0
"wɪð soʊ mɛni bæd ɹoʊmænsᵻz aʊt ðɛɹ , ðɪs ɪz ðə kaɪnd ʌv muːvi ðæt dɪzɜːvz ɐ tʃæns tə ʃaɪn ",1
ɐbaʊt ʃmɪt ɪz ʌndaʊɾᵻdli wʌn ʌvðə faɪnɪst fɪlmz ʌvðə jɪɹ ,1
"ɪt dʌz ɛnt ɹiːtʃ ðɛm , bʌt ðɪ ɛfɚt ɪz ɡɹeɪtfəli ɹᵻsiːvd ",1
aɪ ɔːlsoʊ wɔntᵻd ɐ lɪɾəl eɪliən æz ɐ fɹɛnd ! ,1
ðə wɜːk əvə fɪlmeɪkɚ huː hɐz siːkɹᵻts bɛɹid æt ðə hɑːɹt ʌv hɪz stoːɹi ænd noʊz haʊ tə teɪk taɪm ɹᵻviːlɪŋ ðɛm ,1
"fɔːɹ ðɪs sɔːɹt ʌv θɪŋ tə wɜːk , wiː niːd ædʒəl pɚfoːɹmɚz , bʌt ðə pɹəfɪʃənt , dʌl soːɹviːnoʊ hɐz noʊ laɪt tʌtʃ , ænd ɹɑːdən ɪz aʊɾəv hɪz liːɡ ",0
"dʒuːlɪɛt bᵻnɑːtʃ ɛs sænd ɪz vɪveɪʃəs , bʌt ɪt ɛs hɑːɹd tə sɛns ðæt paʊɚhaʊs ʌv naɪntiːnθ sɛntʃɚɹi pɹoʊz bᵻhaɪnd hɜː tʃaɪldlaɪk smaɪl ",1
moʊst əv ðə stoːɹilaɪnz fiːl laɪk taɪm fɪlɚz bᵻtwiːn sɜːf ʃɑːts ,0
ɐ paʊɚfəl pɚfoːɹməns fɹʌm mɛl ɡɪbsən ænd ɐ bɹuːɾəl naɪnti mɪnɪt bæɾəl siːkwəns ðæt dʌz ɛvɹɪθɪŋ bʌt ɪʃuː juː ɐ dɑːɡ tæɡ ænd ɐn ɛm sɪkstiːn ,1
wʊdi ælən hɐz ɹiəli faʊnd hɪz ɡɹuːv ðiːz deɪz ,1
ðə skɹiːnɹaɪɾɚz dɪɡ ðɛmsɛlvz ɪn diːpɚɹ ɛvɹi taɪm ðeɪ tɔs lɑːdʒɪk ænd saɪəns ɪntʊ wʌt ɪz ᵻsɛnʃəli ɐ dʌndʒənz ænd dɹæɡənz fæntəsi wɪð mɑːdɚn mɪlətɛɹi wɛpənɹi ,0
dᵻlɪɹiəs fʌn ,1
wʌt maɪthɐv bɪn ɐksɛptəbəl ɔnðə pɹɪntᵻd peɪdʒ ʌv aɪlz bʊk dʌznɑːt tɹænsleɪt wɛl tə ðə skɹiːn ,0
"aɪs kjuːb ɪz ɛnt kwaɪt aʊɾəv ɹaɪp skɹuːbɔːl aɪdiəz , bʌt fɹaɪdeɪ æftɚ nɛkst spɹɛdz ðɛm pɹɪɾi θɪn ",0
dᵻɹɛktɚ deɪvɪd fɪntʃɚ ænd ɹaɪɾɚ deɪvɪd koʊp kɑː ɛnt səsteɪn ɪt ,0
"məkeɪ ʃoʊz kɹʌʃɪŋli lɪɾəl kjʊɹɹɪɔsᵻɾi ɐbaʊt , ɔːɹ ɪz ɪl ɪkwɪpt tʊ ɛɡzæmɪn , ðɪ ɪntɪɹiɚ laɪvz ʌvðə kæɹɪktɚz ɪn hɪz fɪlm , mʌtʃ lɛs ɪŋkoːɹpɚɹeɪt ðɛm ɪntʊ hɪz næɹətɪv ",0
"wʌt lɪfts ðə fɪlm haɪ əbʌv ɹʌn ʌvðə fɪlθ ɡæŋstɚ flɪks ɪz ɪts ɹᵻfjuːzəl tə ɹɛkəɡnaɪz ɛni ʌvðə saɪnpoʊsts , æz ɪf dɪskʌvɚɹɪŋ ɐ weɪ θɹuː tə ðə bɪɾɚɹ ɛnd wɪðaʊt ɐ mæp ",1
ɪt ɡɛts ðə diːteɪlz ʌv ɪts taɪm fɹeɪm ɹaɪt bʌt ɪt kəmpliːtli mɪsɪz ɪts ɪmoʊʃənz ,0
"ɛntaɪɚli ɐpɹoʊpɹɪətli , ðə teɪl ʌnfoʊldz laɪk ɐ leɪzi sʌmɚɹ æftɚnuːn ænd kəŋkluːdz wɪððə kɹɪsp klæɹᵻɾi əvə fɔːl dɔːn ",1
"wʌt wiː hæv ɪz ɐ kæɹɪktɚ feɪsd wɪððə pɑːsəbɪlᵻɾi ðæt hɜː laɪf ɪz miːnɪŋləs , væpɪd ænd dɪvɔɪd ʌv sʌbstəns , ɪn ɐ muːvi ðæt ɪz dɛfɪnətli miːnɪŋləs , væpɪd ænd dɪvɔɪd ʌv sʌbstəns ",0
"wɪð ɐ kæst əvə lɪst bɹɪt æktɚz , ɪɾ ɪz wɜːθ sɜːtʃɪŋ aʊt ",1
"ɪt ɛs ɹᵻfɹɛʃɪŋ ðæt sʌmwʌn ʌndɚstændz ðə niːd fɚðə bæd bɔɪ diːzəl , wɪð hɪz bɹɔːni fɹeɪm ænd kuːl , kəmpoʊzd dᵻlɪvɚɹi , fɪts ðə bɪl pɜːfɛktli ",1
"fɔːɹ ɔːl ʌv ɪts ɪnsaɪts ɪntʊ ðə dɹiːm wɜːld ʌv tiːn laɪf , ænd ɪts ᵻlɛktɹɑːnɪk ɛkspɹɛʃən θɹuː saɪbɚ kʌltʃɚ , ðə fɪlm ɡɪvz noʊ kwɔːɹɾɚ tʊ ɛnɪwʌn siːkɪŋ tə pʊl ɐ koʊhiːsɪv stoːɹi aʊɾəv ɪts tuː wʌn tuː aʊɚ ɹʌnɪŋ taɪm ",0
"wɪð flæʃbʌlb ɛdɪɾɪŋ æz kʌvɚ fɚðɪ æbsəns ʌv næɹətɪv kɑːntɪnjuːᵻɾi , ʌndɪspjuːɾᵻd ɪz nɪɹli ɪŋkoʊhɪɹənt , ɐn ɛkskjuːs tə ɡɛt tə ðə kloʊzɪŋ baʊt baɪ wɪtʃ taɪm ɪt ɛs ɪmpɑːsᵻbəl tə kɛɹ huː wɪnz ",0
kluːni dᵻɹɛkts ðɪs fɪlm ɔːlweɪz kiːpɪŋ ðə bæləns bᵻtwiːn ðə fæntæstɪk ænd ðə bᵻliːvəbəl ,1
hæpi taɪmz meɪnteɪnz ɐn ɐpiːlɪŋ vɛnɪɹ wɪðaʊt bᵻkʌmɪŋ tuː kjuːt ɐbaʊt ɪt ,1
tiːviː skɪt kɑːm mətɪɹiəl fɜːvəntli dᵻpɑːzɪɾᵻd ɔnðə bɪɡ skɹiːn ,0
ɐ kəmpɛlɪŋ fɪlm ,1
ðə fɪlm ɛs ʌnhɜːɹid peɪs ɪz æktʃuːəli wʌn ʌv ɪts stɹɛŋθs ,1
ɪt sɜːʔn̩li woʊ ɛnt wɪn ɛni ɐwɔːɹdz ɪnðə plɑːt dᵻpɑːɹtmənt bʌt ɪt sɛts aʊt wɪð noʊ pɹɪtɛnʃənz ænd dᵻlɪvɚz bɪɡ taɪm ,1
moʊst əv ðə θɪŋz ðæt meɪd ðɪ ɚɹɪdʒɪnəl mɛn ɪn blæk sʌtʃ ɐ plɛʒɚɹ ɑːɹ stɪl ðɛɹ ,1
"koʊld , stɛɹəl ænd lækɪŋ ɛni kʌlɚ ɔːɹ wɔːɹmθ ",0
"ɐ ɡɜːlz ɡɔn waɪld vɪdɪoʊ fɚðə boʊhoʊ ɑːɹt haʊs kɹaʊd , ðə bɜːnɪŋ sɛnseɪʃən ɪz ɛnt ɐ dᵻfɪnɪtɪv kaʊntɚ kʌltʃɚɹəl dɑːkjuːmənt ɪts meɪkɚz ɑːɹ ɛnt ɹᵻmuːvd ænd ɪŋkwɪzᵻtɪv ɪnʌf fɔːɹ ðæt ",0
ðə muːvi fiːlz stɪtʃt təɡɛðɚ fɹʌm stɑːk sɪtʃuːeɪʃənz ænd kæɹɪktɚz fɹʌm ʌðɚ muːvɪz ,0
"wɪð ɐn ɑːbviəs ɹæpoːɹ wɪð hɜːɹ æktɚz ænd ɐ stɹaɪkɪŋ staɪl bᵻhaɪnd ðə kæmɹə , eɪtʃ ɛl niː eɪndʒəl ɪz dɛfɪnətli ɐ dᵻɹɛktɚ tə wɑːtʃ ",1
"ɐ dɛft , dᵻlaɪtfəl mɪks ʌv sʌlki tiːn dɹɑːmə ænd oʊvɚkʌmɪŋ ɑːbstəkəlz spoːɹts muːvi tɹaɪʌmf ",1
mɛn ɪn blæk ɹoʊmən tuː ɐtʃiːvz ʌltᵻmət ɪnsɪɡnɪfɪkəns ɪt ɛs ðə saɪ faɪ kɑːmədi spɛktəkəl æz wɪfəl bɔːl ɛpɪk ,0
ðɛɹ ɛs nʌθɪŋ tə ɡeɪn fɹʌm wɑːtʃɪŋ ðeɪ ,0
deɪbjuː ɛfɚt baɪ pɹɑːdʒɛkt ɡɹiːnlaɪt wɪnɚɹ ɪz sæpi ænd æmətʃɚɹɪʃ ,0
"jʊɹ twɛntiəθ aʊɾɪŋ ʃoʊz ɔf ɐ lɑːt ʌv stæmɪnə ænd vaɪtælᵻɾi , ænd ɡɛt ðɪs , mɐdɑːnə ɛs kæmɪoʊ dʌz ɛnt sʌk ! ",1
ɐn ɐbsɜːdɪst spaɪdɚ wɛb ,0
ɐ dʒɜːni ðæt ɪz æz dɪfɪkəlt fɚðɪ ɔːdiəns tə teɪk æzɪtɪz fɚðə pɹoʊɾɐɡənɪst jɛt ɪt ɛs pətɛnʃəli dʒʌst æz ɹᵻwɔːɹdɪŋ ,1
ɹæðɚ lɛs ðɐn ðə sʌm ʌv ɪts ʌndɚvɛntᵻleɪɾᵻd piː ɹiː fɪlz kɑːnfɹənteɪʃənz ,0
ɐn ɛntɚteɪnɪŋ dɑːkjuːmɛntɚɹi ðæt fɹɛʃli kənsɪdɚz ɑːɹɡjuːmənts ðə bɑːɹd ɛs ɪmɔːɹɾəl pleɪz wɜː ɹɪʔn̩ baɪ sʌmbɑːdi ɛls ,1
steɪ ɐweɪ ,0
kəntɹæstɪŋ ðɪ ɚɹɪdʒɪnəl ɹɪŋɡuː wɪððə kɜːɹənt ɐmɛɹɪkənaɪzd ædæpteɪʃən ɪz ɐkɪn tə kəmpɛɹɪŋ ðɪ iːvəl dɛd wɪð iːvəl dɛd ɹoʊmən tuː ,0
"skɪp ðɪs dɹɛk , ɹɛnt ænɪməl haʊs ænd ɡoʊ bæk tə ðə soːɹs ",0
bjuːɾɪfəli fɪlmd ænd wɛl æktᵻd bʌt ɐdmɪɾᵻdli pɹɑːbəlmæɾɪk ɪn ɪts næɹətɪv spəsɪfɪks ,1
"ɪf juː ɹiː bɜːnt aʊt ɔn ɪt ɛs ɐ wʌndɚfəl laɪf mæɹəθɑːnz ænd boːɹd wɪð ɐ kɹɪsməs kæɹəl , ɪt maɪt dʒʌst biː ðə muːvi juː ɹiː lʊkɪŋ fɔːɹ ",1
"ðə fɪlm ɛs haɪlaɪt ɪz dɛfɪnətli ɪts skɹiːnpleɪ , boʊθ fɚðə ɹæpsɑːdɪk daɪəlɑːɡ ðæt dʒʌmps ɔf ðə peɪdʒ , ænd fɚðə mɛmɚɹəbəl kæɹɪktɚ kɹiːeɪʃənz ",1
"ðə muːvi , laɪk bɑːɹɾəlbi , ɪz sʌmθɪŋ əvə stɪf ɐn ɛkstɹə dɹaɪ ɑːfɪs kɑːmədi ðæt siːmz twaɪs æz lɔŋ æz ɪts eɪɾi θɹiː mɪnɪts ",0
ɪt ɛs sɔːɹt əvə twɛnti fɜːst sɛntʃɚɹi mɔːɹælᵻɾi pleɪ wɪð ɐ lætiːnoʊ hɪp hɑːp biːt ,1
"ʃʊd ɛnt hɐvbɪn ɐlaʊd tə juːz ðə wɜːd nuː ɪn ɪts taɪɾəl , bɪkʌz ðɛɹ ɛs nɑːt ɐn ɚɹɪdʒɪnəl kæɹɪktɚ , sɪjuːeɪʃən ɔːɹ dʒoʊk ɪnðɪ ɛntaɪɚ muːvi ",0
diːsənt bʌt dʌl ,0
ɡɛt aʊt jʊɹ puːpɚ skuːpɚz ,0
hjuːmɚɹ ɪn aɪ spaɪ ɪz soʊ ɐniːmɪk ,0
"æt liːst ɪt ɛs ɐ fɛɹli ɪmpɹɛsɪv deɪbjuː fɹʌmðə dᵻɹɛktɚ , tʃɑːɹlz stoʊn ɹoʊmən θɹiː ",1
"tɹaɪ æz juː maɪt tə ɹᵻzɪst , ɪf juː viː ɡɑːt ɐ pleɪs ɪn jʊɹ hɑːɹt fɔːɹ smoʊki ɹɑːbɪnsən , ðɪs muːvi wɪl wɜːm ɪts weɪ ðɛɹ ",1
"ɪf ðə fɪlm hɐz ɐ pɹɑːbləm , ɪts ʃɔːɹtnəs dɪsɐpɔɪnts juː wɔnt ðə stoːɹi tə ɡoʊ ɔn ænd ɔn ",1
ðɛɹ ɛs nɑːɾə fɹɛʃ aɪdiə æt ðə koːɹ ʌv ðɪs teɪl ,0
"ðɪs fɪlm ɪz soʊ dɪfɹənt fɹʌmðɪ æpəl ænd soʊ stɹaɪkɪŋ ðɐɾɪt kæn oʊnli ɛŋkɜːɹɪdʒ ʌs tə siː sæmiəɹə mækhmɐlbæf æz ɐ vɛɹi dɪstɪŋktɪv sɛnsəbɪlᵻɾi , wɜːkɪŋ tə dɪvɛləp hɜːɹ oʊn fɪlm læŋɡwɪdʒ wɪð kənspɪkjuːəs səksɛs ",1
ðɪs ɪz ɐ muːvi wɛɹ ðə moʊst noʊɾəbəl ɑːbzɚveɪʃən ɪz haʊ lɔŋ juː viː bɪn sɪɾɪŋ stɪl ,0
tɛknɪkli ænd ɑːɹtɪstɪkli ɪnɛpt ,0
oʊvɚli mɛlədɹɐmæɾɪk ,0
"tɹʌbəl ɛvɹi deɪ ɪz ɐ səksɛs ɪn sʌm sɛns , bʌt ɪt ɛs hɑːɹd tə laɪk ɐ fɪlm soʊ koʊld ænd dɛd ",0
stʌmbəlz oʊvɚɹ ɛvɹi tʃiːp tɹɪk ɪnðə bʊk tɹaɪɪŋ tə meɪk ðɪ aʊtɹeɪdʒ kʌm iːvən iːziɚ ,0
"ɪn ɔːl ðɪ ænəlz ʌvðə muːvɪz , fjuː fɪlmz hɐvbɪn ðɪs ɑːd , ɪnɛksplɪkəbəl ænd ʌnplɛzənt ",0
ælən ɛs fʌnɪɪst ænd moʊst laɪkəbəl muːvi ɪn jɪɹz ,1
haɪli ʌniːvən ænd ɪŋkənsɪstənt mɑːɹɡɚɹiːɾə hæpi aʊɚ kaɪndɚ ɹᵻzɛmbəlz ðɪ ɛl tʃiːpoʊ mɑːɹɡɚɹiːɾəz sɜːvd wɪðɪn ,0
"ðɪ ɛfɚt ɪz sɪnsɪɹ ænd ðə ɹɪzʌlts ɑːɹ ɑːnɪst , bʌt ðə fɪlm ɪz soʊ bliːk ðɐɾɪt ɛs hɑːɹdli wɑːtʃəbəl ",0
ðə skɹɪptɹaɪɾɚz ɑːɹ noʊ lɛs ɐ mɛnɪs tə səsaɪəɾi ðɐn ðə fɪlm ɛs kæɹɪktɚz ,0
"ɐ bɪɡ bʌdʒɪt ɔːl stɑːɹ muːvi æz ʌnblɪŋkɪŋli pjʊɹ æz ðɪ aʊɚz ɪz ɐ dɪstɪŋkt ɹɛɹəɾi , ænd ɐn ᵻvɛnt ",1
"ɐn ɪnoːɹməsli ɛntɚteɪnɪŋ muːvi , laɪk nʌθɪŋ wiː viː ɛvɚ siːn bᵻfoːɹ , ænd jɛt kəmpliːtli fəmɪlɪɹ ",1
"iːvən æz ðə hiəɹoʊ ʌvðə stoːɹi ɹiːdɪskʌvɚz hɪz pæʃən ɪn laɪf , ðə muːd ɹᵻmeɪnz ɑːdli dɪtætʃt ",0
diːpə meɪɾə pɹəvaɪdz ɐn æksɛsəbəl ɪntɹədʌkʃən æz wɛl æz sʌm ɪntɛlɪdʒənt ɑːbzɚveɪʃənz ɔnðə səksɛs ʌv bɑːliwʊd ɪnðə wɛstɚn wɜːld ,1
ɐ tʃiːp skæm pʊt təɡɛðɚ baɪ sʌm sɪnɪkəl kɹiːps æt ɹɛvəluːʃən stuːdɪoʊz ænd ɪmædʒɪn ɛntɚteɪnmənt tə meɪk ðə sʌkɚz aʊt ðɛɹ sɚɹɛndɚ naɪn ænd naɪnti θɹiː mɪnɪts ʌv ʌnɹᵻkʌvɚɹəbəl laɪf ,0
nɑːt wʌns dʌz ɪt kʌm kloʊs tə biːɪŋ ɛksaɪɾɪŋ ,0
"ɪt ɛs ɐ hɛlɪʃ , nʌmɪŋ ɛkspiəɹɪəns tə wɑːtʃ , ænd ɪt dʌz ɛnt ɔfɚɹ ɛni ɪnsaɪts ðæt hæv ɛnt bɪn θʌɹoʊli dᵻbeɪɾᵻd ɪnðə miːdiːə ɔːlɹɛdi , bæk ɪnðə dɑːmɚ heɪdeɪ ʌvðə mɪd naɪnti z ",0
ðə fɪlm ɪz hæmpɚd baɪ ɪts pɹɪdɪktəbəl plɑːt ænd peɪpɚ θɪn səpoːɹɾɪŋ kæɹɪktɚz ,0
stændɚd ɡʌnz vɜːsᵻz mɑːɹʃəl ɑːɹts kliːʃeɪ wɪð lɪɾəl nuː ædᵻd ,1
ɐ noʊbəl feɪlɪɹ ,0
mʌtʃ ʌv wʌt wiː siː ɪz hɔːɹɪbəl bʌt ɪt ɛs ɔːlsoʊ ʌndɪnaɪəbli ɛksiːdɪŋli klɛvɚ ,1
ðɛɹ ɛs nɑːɾə kəmiːdɪk moʊmənt ɪn ðɪs ɹoʊmæntɪk kɑːmədi ,0
ɛni ɹɑːk paɪl wɪl duː fɚɹə sɛt ,0
"ðə hʊk ɪz ðə dɹɑːmə wɪðɪn ðə dɹɑːmə , æz ɐn ʌnsɑːlvd mɜːdɚ ænd ɐn ʌnɹᵻzɑːlvd mɔːɹəl kɑːnflɪkt dʒɑːki fɚðə spɑːtlaɪt ",1
ɐ mʌdəl splæʃt wɪð blʌdi bjuːɾi æz vɪvɪd æz ɛni skoːɹsiːz hɐz ɛvɚ ɡɪvən ʌs ,1
mæɹᵻneɪɾᵻd ɪn klɪx ɛs ænd mɔːkɪʃ daɪəlɑːɡ ,0
"ðɪs muːvi , ɐ sɜːʔn̩ siːn ɪn pɚtɪkjʊlɚ , bɹɔːt miː ʌŋkʌmftəbli kloʊs tə luːzɪŋ maɪ lʌntʃ ",0
"ɪn ɐdɪʃən tə ɡluːɪŋ juː tə ðɪ ɛdʒ ʌv jʊɹ siːt , tʃeɪndʒɪŋ leɪnz ɪz ɔːlsoʊ ɐ fɪlm ʌv fɹɛʃnəs , ɪmædʒᵻneɪʃən ænd ɪnsaɪt ",1
"ɪnðɪ ɛnd , ðə fɪlm fiːlz hɑːmoʊdʒənaɪzd ænd ɐ bɪt kəntɹaɪvd , æz ɪf wiː ɹiː lʊkɪŋ bæk æɾə tæɾɚd ænd ʌɡli pæst wɪð ɹoʊz tɪntᵻd ɡlæsᵻz ",0
waɪl ðə fɹiːkwənt ɐluːʒənz tə ɡuːɹuːz ænd doʊʃəz wɪl stɹaɪk sʌm wɛstɚnɚz æz vɜːdʒɪŋ ɔn mʌmboʊ dʒʌmboʊ bɹɔːd stɹiːks ʌv kɑːmən sɛns ɪmɜːdʒ wɪð ʌnɪmpiːtʃəbəl klæɹᵻɾi ,1
"ðə muːvi ɪz hɑːɹdli ɐ mæstɚpiːs , bʌt ɪt dʌz mɑːɹk ɛmɛs bʊlək ɛs bɛst wɜːk ɪn sʌm taɪm ",1
"ʌnlɛs juː kʌm ɪn tə ðə fɪlm wɪð ɐ skeɪtboːɹd ʌndɚ jʊɹ ɑːɹm , juː ɹiː ɡoʊɪŋ tə fiːl laɪk juː wɜːɹ ɛnt ɪnvaɪɾᵻd tə ðə pɑːɹɾi ",0
ɐn ɛnɚdʒɛɾɪk ænd ɛŋɡeɪdʒɪŋ fɪlm ðæt nɛvɚ pɹɪtɛndz təbi sʌmθɪŋ ɪɾ ɪz ɛnt ,1
ɐ kəmpɛlɪŋ stoːɹi ʌv mjuːzɪkəl pæʃən ɐɡɛnst ɡʌvɚnmɛntəl ɑːdz ,1
ɐ ɹuːmɚɹ ʌv eɪndʒəlz dʌz ɛnt dʒʌst slɪp ɪɾ ævəlænʃᵻz ɪntʊ foːɹst fʌzɪnəs ,0
maɪndləs jɛt ɪmpɹɛsɪvli liːn spɪnɔf ʌv læst sʌmɚ ɛs bloʊɾᵻd ɪfɛkts fɛst ðə mʌmi ɹᵻtɜːnz ,1
wʌt ɛs niːdᵻd soʊ bædli bʌt wʌt ɪz vɜːtʃuːəli æbsənt hɪɹ ɪz iːðɚɹ ɐ seɪvɪŋ dɑːɹk hjuːmɚ ɔːɹ ðə fiːl ʌv poʊɛɾɪk tɹædʒədi ,0
stoʊn siːmz tə hæv ɐ næk fɔːɹ ɹæpɪŋ ðə θiəɾɚɹ ɪn ɐ koʊld blæŋkɪt ʌv ɜːbən dɛspɚɹeɪʃən ,0
ælɪs ɛs ɐdvɛntʃɚ θɹuː ðə lʊkɪŋ ɡlæs ænd ɪntʊ zɑːmbi lænd ɪz fɪld wɪð stɹeɪndʒ ænd wʌndɚfəl kɹiːtʃɚz ,1
leɪt mæɹɪdʒ ɪz ɐn ɪn jʊɹ feɪs fæmɪli dɹɑːmə ænd blæk kɑːmədi ðæt ɪz fɪld wɪð ɹɔː ɪmoʊʃənz kənveɪɪŋ dᵻspɛɹ ænd lʌv ,1
ɹᵻmɛmbɚɹ ɪt ,1
θʌɹoʊli ɛndʒɔɪəbəl ,1
bɪɡɪnz laɪk ɐ dɑːkuː dɹɑːmə bʌt bɪldz ɪts mʌltaɪ kæɹɪktɚ stoːɹi wɪð ɐ flɜːɹɪʃ ,1
"ðə bɛst kɑːmədi kɑːnsɚt muːvi aɪ viː siːn sɪns tʃoʊ ɛs pɹiːviəs kɑːnsɚt kɑːmədi fɪlm , aɪ ɛm ðə wʌn ðæt aɪ wɔnt , ɪn tuː θaʊzənd ",1
juː ɛlɛl ɛnd ʌp muːvd ,1
"aɪ viː jɛt tə faɪnd ɐn æktʃuːəl viːətnɑːm wɔːɹ kɑːmbæt muːvi æktʃuːəli pɹəduːst baɪ iːðɚ ðə nɔːɹθ ɔːɹ saʊθ viːɛtnəmiːz , bʌt æt liːst naʊ wiː viː ɡɑːt sʌmθɪŋ pɹɪɾi dæm kloʊs ",1
"waɪl ɪt ɛs ɔːl kwaɪt teɪstfəl tə lʊk æt , ðɪ ɐtɛnʃən pɹɑːsɛs tɛndz tə duː ɐ lɪɾəl fliːɪŋ ʌv ɪts oʊn ",0
ɐ vɪʒuːəl spɛktəkəl fʊl ʌv stʌnɪŋ ɪmɪdʒᵻz ænd ɪfɛkts ,1
ɪt ɛs ɔːlweɪz fæsᵻneɪɾɪŋ tə wɑːtʃ mɑːɹkɚ ðɪ ɛseɪɪst æt wɜːk ,1
"ðə fɪlm , dᵻspaɪt ðə ɡɹætuːɪɾəs sɪnɪmæɾɪk dɪstɹækʃənz ɪmpɹɛst əpɑːn ɪt , ɪz stɪl ɡʊd fʌn ",1
"bʌt iːvən waɪl hɪz kæɹɪktɚz ɑːɹ æktɪŋ hɔːɹɪbli , hiː ɪz ɔːlweɪz sɪmpəθɛɾɪk ",1
nɑːɹk ɪz ɔːl mɛnɪs ænd ætməsfɪɹ ,0
ðɛɹ ɪz sɪmpli nɑːt ɪnʌf ʌv ɪntɹɛst ɑːnskɹiːn tə səsteɪn ɪts sɛvənti mɪnɪt ɹʌnɪŋ taɪm ,0
ɛlɑːɹbiː stiːvənz ɪz ɑːɹɹɑːɹbiː soʊ stoʊkt tə meɪk ɐn ɪmpoːɹtənt fɪlm ɐbaʊt hjuːmən ɪnfᵻdɛlᵻɾi ænd hæpɛnstəns ðæt hiː tɔsᵻz ɐ kɪtʃən sɪŋk ɑːntʊ ɐ stoːɹi ɔːlɹɛdi oʊvɚleɪdən wɪð plɑːt kənsiːts ,0
kʌɹiz siːmz ɪntɪmᵻdeɪɾᵻd baɪ boʊθ hɜː sʌbdʒɛkt mæɾɚ ænd ðə piəɹɪəd tɹæpɪŋz ʌv ðɪs deɪbjuː vɛntʃɚɹ ɪntʊ ðə hɛɹɪɾɪdʒ bɪznəs ,0
"ɪt dæbəlz ɔːl ɚɹaʊnd , nɛvɚ ɡeɪnɪŋ mʌtʃ moʊmɛntəm ",0
"biːɪŋ juːniːk dʌz ɛnt nɛsɪsɛɹᵻli ɪkweɪt tə biːɪŋ ɡʊd , noʊ mæɾɚ haʊ ædmᵻɹəbli ðə fɪlmeɪkɚz hæv ɡɔn fɔːɹ bɹoʊk ",0
"ðæt ɹɛɹ dɑːkjuːmɛntɚɹi ðæt ɪŋkoːɹpɚɹeɪts soʊ mʌtʃ ʌv hjuːmən ɛkspiəɹɪəns dɹɑːmə , kɑːnflɪkt , tɪɹz ænd sɚpɹaɪz ðɐɾɪt tɹænsɛndz ðə noːɹməl dᵻvɪʒənz bᵻtwiːn fɪkʃən ænd nɑːnfɪkʃən fɪlm ",1
"hæʃɪɡʌtʃi kʌvɚz ðɪs tɛɹɪtoːɹi wɪð wɪt ænd ɚɹɪdʒɪnælᵻɾi , sədʒɛstɪŋ ðæt wɪð hɪz foːɹθ fiːtʃɚ ðə fɜːst təbi ɹᵻliːst ɪnðə juː ɛs ɐ meɪdʒɚ dᵻɹɛktɚɹ ɪz ɪmɜːdʒɪŋ ɪn wɜːld sɪnəmə ",1
"wɛn ɛlɑːɹbiː ɹiːnoʊ ɑːɹɹɑːɹbiː lɛts hɜː ɹædɪkəl flæɡ flaɪ , teɪkɪŋ æŋɡɹi pɑːtʃɑːts æt dʒɔːɹdʒ dʌbəljuː bʊʃ , hɛnɹi kɪsɪŋɚ , læɹi kɪŋ , ɛt æl , ɹiːnoʊ dɪvɑːlvz ɪntʊ ɐ læf fɹiː lɛktʃɚ ",0
nɛvɚ kæpɪɾəlaɪzᵻz ɔn ðɪs kɑːnsɛpt ænd ɑːpts fɚðə bɹiːzi ænd æmətʃɚɹɪʃ fiːl əvən æftɚ skuːl spɛʃəl ɔnðə sʌbdʒɛkt ʌv tɑːlɚɹəns ,0
"dᵻspaɪt ɪts vɪʒuːəl vɜːtʃuːɔsᵻɾi , nækɔɪkætsi ɪz beɪnəl ɪn ɪts mɛsɪdʒ ænd ðə tʃɔɪs ʌv mətɪɹiəl tə kənveɪ ɪt ",0
"waɪl ðə fɪlmeɪkɪŋ meɪ biː ɐ bɪt dɪsdʒɔɪntᵻd , ðə sʌbdʒɛkt mæɾɚɹ ɪz soʊ fæsᵻneɪɾɪŋ ðæt juː woʊ ɛnt kɛɹ ",1
pɔːl bɛtəni ɪz kuːl ,1
"kəlæɾɚɹəl dæmɪdʒ ɪz tɹæʃ , bʌt ɪɾ ɜːnz ɛkstɹə pɔɪnts baɪ æktɪŋ æz ɪf ɪt wɜːɹ ɛnt ",0
ɪt ɛs æŋkɚd baɪ splɛndɪd pɚfoːɹmənsᵻz fɹʌm ɐn ɑːnɚd skɹiːn vɛɾɚɹən ænd ɐ spɑːɹklɪŋ nuːkʌmɚ huː ɪnstəntli tɹænsfɔːɹm ðɛmsɛlvz ɪntʊ ɐ bᵻliːvəbəl mʌðɚ dɔːɾɚ pɛɹ ,1
ðə wʌn nɑːt soʊ smɔːl pɹɑːbləm wɪð ɛkspɛktɪŋ ɪz ðætðɪ ɛntaɪɚɹ ɛksɚsaɪz hɐz noʊ ɹiːəl pɔɪnt ,0
"wɛn juː viː ɡɑːt ðə waɪldli pɑːpjʊlɚ vɪn diːzəl ɪnðɪ ᵻkweɪʒən , ɪɾ ædz ʌp tə bɪɡ bɑːks ɑːfɪs bʌks ɔːl bʌt ɡæɹəntiːd ",1
ðə pɹɑːbləm wɪð ɔːl ʌv ðɪs ɪt ɛs nɑːt ɹiəli fʌni ,0
"wʌn aʊɚ foʊɾoʊ meɪ siːm dɪsɐpɔɪntɪŋ ɪn ɪts dʒɛnɚɹælᵻɾiz , bʌt ɪt ɛs ðə lɪɾəl nuːɑːnsᵻz ðæt pɚhæps hædtʊ ɛskeɪp fɹʌm dᵻɹɛktɚ mɑːɹk ɹoʊmeɪnək ɛs sɛlf kɑːnʃəs skɹuːtɪni tə hæpən , ðæt faɪnəli ɡɛt ʌndɚ jʊɹ skɪn ",0
ɐ mɑːdɪstli sɚpɹaɪzɪŋ muːvi ,1
ɪt ɛs ɪmpɑːsᵻbəl tʊ ɪndʌldʒ ðə fænsifəl deɪdɹiːmz ʌv dʒænɪs bɪɹd ɛlɑːɹbiː aɪliːn wɔlʃ ɑːɹɹɑːɹbiː wɛn hɜː ɹiːəl laɪf pɜːsoʊnə ɪz soʊ tʃɑːɹmləs ænd veɪkənt ,0
"æz ðə muːvi tɹeɪsᵻz mɪstɚ bɹaʊn ɛs æθlɛɾɪk ɛksplɔɪts , ɪɾ ɪz ɪmpɑːsᵻbəl nɑːt təbi ɔːd baɪ ðə paʊɚ ænd ɡɹeɪs ʌv wʌn ʌvðə ɡɹeɪɾɪst nætʃɚɹəl spoːɹtsmɛn ʌv mɑːdɚn taɪmz ",1
"tʊ ʌðɚz , ɪt wɪl ɹᵻmaɪnd ðɛm ðæt hɑːŋ kɑːŋ ækʃən sɪnəmə ɪz stɪl ɐlaɪv ænd kɪkɪŋ ",1
"wɪð taɪni lɪɾəl dʒoʊks ænd nɛɹi ɐn ɚɹɪdʒɪnəl aɪdiə , ðɪs sæpi ɛθnɪk sliːpɚ pɹuːvz ðæt nɑːt oʊnli blɑːkbʌstɚz pəluːt ðə sʌmɚ muːvi puːl ",0
"kənfjuːzᵻz ɪts mɛsɪdʒ wɪð ɐn ʌltᵻmət dɪzaɪɚ tə pliːz , ænd kəntɔːɹɾɪŋ ɪtsɛlf ɪntʊ ɐn aɪdiə ʌv ɛkspɪkteɪʃən ɪz ðə læst θɪŋ ɛni ʌv ðiːz θɹiː æktɹəsᵻz , nɔːɹ ðɛɹ kæɹɪktɚz , dɪzɜːv ",0
"ɪt ɛs ɐ faɪn , foʊkəst piːs ʌv wɜːk ðæt ɹɪoʊpənz ɐn ɪntɹɛstɪŋ kɑːntɹəvɜːsi ænd nɛvɚ səkʌmz tə sɛnseɪʃənəlɪzəm ",1
ɐ hɑːɹʔn̩ɪŋ teɪl ʌv smɔːl vɪktɚɹiz ænd ɛndʊɹɹɪŋ hoʊp ,1
ðɪs fɹæntʃaɪz həznɑːt spɔːnd ɐ sɪŋɡəl ɡʊd fɪlm ,0
"ɐ tɔːt , soʊbɚɹɪŋ fɪlm ",1
ɪɹ splɪɾɪŋ ɛksɚsaɪz ɪn fɔːɹmjʊlə kɹæʃ ænd bæʃ ækʃən ,0
dʒʌst ɐbaʊt ɛvɹɪwʌn ɪnvɑːlvd hɪɹ siːmz təbi koʊstɪŋ ,0
wʌt sɛts ðɪs ɹoʊmæntɪk kɑːmədi ɐpɑːɹt fɹʌm moʊst hɑːliwʊd ɹoʊmæntɪk kɑːmədiz ɪz ɪts loʊ kiː weɪ ʌv tæklɪŋ wʌt siːmz laɪk dʌn tə dɛθ mətɪɹiəl ,1
"kleɪmz tə sɔːɹt ðə bæd ɡaɪz fɹʌmðə ɡʊd , wɪtʃ ɪz ɪts ᵻsɛnʃəl pɹɑːbləm ",0
"sɚpɹaɪzɪŋli , ðə fɪlm ɪz ɐ hɪlɛɹiəs ɐdvɛntʃɚ ænd aɪ ʃeɪmləsli ɛndʒɔɪd ɪt ",1
"wuː hɐz æz mʌtʃ ɹaɪt tə meɪk ɐ hjuːdʒ ækʃən siːkwəns æz ɛni dᵻɹɛktɚ , bʌt haʊ lɔŋ wɪl fɪlmeɪkɚz kɑːpi ðə seɪvɪŋ pɹaɪvət ɹaɪən bæɾəl siːnz bᵻfoːɹ ɹiːəlaɪzɪŋ stiːvən spiːlbɜːɡ ɡɑːt ɪt ɹaɪt ðə fɜːst taɪm ? ",0
"ɔːlðoʊ ɪt stɑːɹts ɔf soʊ bæd ðæt juː fiːl laɪk ɹʌnɪŋ aʊt skɹiːmɪŋ , ɪɾ ᵻvɛntʃuːəli wɜːks ɪts weɪ ʌp tə mɪɹli bæd ɹæðɚ ðɐn peɪnfəli ɔːfəl ",0
meɪks naɪnti eɪt mɪnɪts fiːl laɪk θɹiː aʊɚz ,0
"ðɪ ɛntaɪɚ pɔɪnt əvə ʃæɡi dɑːɡ stoːɹi , ʌv koːɹs , ɪz ðɐɾɪt ɡoʊz noʊwɛɹ , ænd ðɪs ɪz klæsɪk noʊwɛɹzvɪl ɪn ɛvɹi sɛns ",0
"ʃeɪm ɔn ɹaɪɾɚ dᵻɹɛktɚ vaɪsənt æɹændə fɔːɹ meɪkɪŋ ɐ flɔːɹɪd baɪoʊpɪk ɐbaʊt mæd kwiːnz , əbsɛsɪv ɹᵻleɪʃənʃɪps , ænd ɹæmpənt ɐdʌltɚɹi soʊ dʌl ",0
"spɪnɪŋ ɐ wɛb ʌv dæzlɪŋ ɛntɚteɪnmənt meɪ biː oʊvɚsteɪɾɪŋ ɪt , bʌt spaɪdɚ mæn sɜːʔn̩li dᵻlɪvɚz ðə ɡʊdz ",1
"laɪk ðə hæŋks kæɹɪktɚ , hiː ɛs ɐ sloʊ stʌdi ðɪ ækʃən ɪz stɪltᵻd ænd ðə tæblɔɪd ɛnɚdʒi ɛmbɑːmd ",0
ɐ pɔɪnjənt lɪɹɪsɪzəm ɹʌnz θɹuː bæltsæk ænd ðə lɪɾəl tʃaɪniːz siːmstɹəs ðæt tɹænsfɔːɹmz ðɪs stoːɹi ɐbaʊt lʌv ænd kʌltʃɚɹ ɪntʊ ɐ sɪnɪmæɾɪk poʊᵻm ,1
"ɪz fʌni ɪnðə weɪ ðæt meɪks juː eɪk wɪð sædnəs ɛlɑːɹbiː ðə weɪ tʃɛkhɑːv ɪz fʌni ɑːɹɹɑːɹbiː , pɹəfaʊnd wɪðaʊt ɛvɚ biːɪŋ sɛlf ɪmpoːɹtənt , wɔːɹm wɪðaʊt ɛvɚ səkʌmɪŋ tə sɛntɪmɛntælᵻɾi ",1
"pɔːl bɛtəni ɪz ɡʊd æt biːɪŋ ðɪ ʌltɹə vaɪələnt ɡæŋstɚ wɑːnɐbiː , bʌt ðə muːvi ɪz sɜːʔn̩li nɑːt nʌmbɚ wʌn ",0
ðə vɜːdɪkt tuː bɑːdiz ænd hɑːɹdli ɐ læf bᵻtwiːn ðɛm ,0
"ɪn ɛksɛksɛks , diːzəl ɪz ðæt ɹɛɹ kɹiːtʃɚɹ ɐn ækʃən hiəɹoʊ wɪð teɪbəl mænɚz , ænd wʌn huː pɹuːvz ðæt ɛlɪɡəns ɪz moːɹ ðɐn tætuː diːp ",1
ðɛɹ ɪz ɐ stɹɔŋ dᵻɹɪktoːɹɪəl stæmp ɔn ɛvɹi fɹeɪm ʌv ðɪs staɪlɪʃ fɪlm ðæt ɪz eɪbəl tə vɪʒuːəlaɪz skɪtsəfɹɛniə bʌt ɪz stɪl kɑːnfɪdənt ɪnʌf tə stɛp bæk ænd lʊk æt ðə sɪk kæɹɪktɚ wɪð ɐ seɪn aɪ ,1
"ɪt ɛs fʌni , æz ðɪ oʊld seɪɪŋ ɡoʊz , bɪkʌz ɪt ɛs tɹuː ",1
"spɛʃəl piː oʊ viː kæmɹə maʊnts ɔn baɪks , skeɪtboːɹdz , ænd moʊɾɚsaɪkəlz pɹəvaɪd ɐn ɪntɛns ɛkspiəɹɪəns wɛn splæʃt əkɹɑːs ðɪ ɪmɛns ɪmæks skɹiːn ",1
teɪkən aʊtsaɪd ðə kɑːntɛkst ʌvðə kɜːɹənt pəlɪɾɪkəl klaɪmət ɛlɑːɹbiː siː tɛɹɚɹɪsts ɑːɹ moːɹ iːvəl ðɐn ɛvɚ ! ɑːɹɹɑːɹbiː ,0
ɐ lɪɾəl wiːk ænd ɪɾ ɪz ɛnt ðæt fʌni ,0
ɹaɪɾɚ dᵻɹɛktɚ ɹɪtʃi ɹᵻduːsᵻz wɜːtmʌlɚ ɛs soʊʃəl moːɹz ænd pɑːlətɪks tə taɪɚsʌm dʒɑːɹɡən ,0
ɐ foːɹsfəl dɹɑːmə əvən eɪliəneɪɾᵻd ɛɡzɛkjuːtɪv huː ɹiː ɪnvɛnts hɪmsɛlf ,1
wʌn ʌv ðoʊz ɛksiːdɪŋli ɹɛɹ fɪlmz ɪnwɪtʃ ðə tɔːk ɐloʊn ɪz ɪnʌf tə kiːp ʌs ɪnvɑːlvd ,1
ɐn ɔːlmoʊst ʌnbɛɹəbli mɔːɹbɪd lʌv stoːɹi ,0
ɐ miːn spɪɹɪɾᵻd fɪlm meɪd baɪ sʌmwʌn huː ʃʊɹli ɹiːd ðə kætʃɚɹ ɪnðə ɹaɪ bʌt klɪɹli sʌfɚz fɹʌm dɪslɛksiə ,0
"ɪf ðeɪ bɹoʊk aʊt ɪntʊ ᵻlæbɚɹeɪt koːɹɪɑːɡɹəfi , sɪŋɪŋ ænd fɪŋɡɚ snæpɪŋ ɪt maɪthɐv hɛld maɪ ɐtɛnʃən , bʌt æz ɪt stændz aɪ kɛpt lʊkɪŋ fɚðə læst ɛɡzɪt fɹʌm bɹʊklɪn ",0
ðɛɹ ɛs ɐ ʃɪɹ ʌnbɹaɪdəld dᵻlaɪt ɪnðə weɪ ðə stoːɹi ʌnfɜːlz ,1
"ɪmplɪsɪtli ɐknɑːlɪdʒᵻz ænd sɛləbɹeɪts ðə ɡloːɹiəs ʃᵻkeɪnɛɹi ænd sɛlf dᵻluːʒən ʌv ðɪs moʊst ɐmɛɹɪkən ʌv bɪznəsᵻz , ænd fɔːɹ ðæt ɹiːzən ɪt meɪ biː ðə moʊst ɑːdli ɑːnɪst hɑːliwʊd dɑːkjuːmənt ʌv ɔːl ",1
vɛɹi wɛl ɹɪʔn̩ ænd dᵻɹɛktᵻd wɪð bɹuːɾəl ɑːnɪsti ænd ɹᵻspɛkt fɔːɹ ɪts ɔːdiəns ,1
ɪmpɔstɚɹ ɪz ɐ stɛp daʊn fɔːɹ dᵻɹɛktɚ ɡæɹi flɛdɚ ,0
muːvɪŋ ænd vaɪbɹənt ,1
dʒækɑːt ɛs stɹæɾədʒi ɐlaʊz hɪz kæst ðə bɛnɪfɪt ʌv biːɪŋ eɪbəl tə ɡɪv fʊl pɚfoːɹmənsᵻz waɪl dɛmənstɹeɪɾɪŋ vɪvɪdli ðætðə bjuːɾi ænd paʊɚɹ ʌvðɪ ɑːpɚɹɚ ɹᵻsaɪd pɹaɪmɛɹᵻli ɪnðə mjuːzɪk ɪtsɛlf ,1
hɔːn ænd sæɹændən fɔːɹm ɐn æktɪŋ bɑːnd ðæt meɪks ðə bæŋɡɚ sɪstɚz ɐ fæsᵻneɪɾɪŋ kæɹɪktɚ stʌdi wɪð læfs tə spɛɹ ,1
meɪ pʌzəl hɪz moʊst ɑːɹdənt fænz ,0
"ɪn ʌðɚ wɜːdz , ɪt ɛs bædɚ ðɐn bæd ",0
meɪ pɹuːv təbi ɛlɑːɹbiː tsaɪ ɛs ɑːɹɹɑːɹbiː mæstɚpiːs ,1
"wʌn ʌvðə bɛst , moʊst ʌndɚsteɪɾᵻd pɚfoːɹmənsᵻz ʌv ɛlɑːɹbiː dʒæk nɪkəlsən ɛs ɑːɹɹɑːɹbiː kɚɹɪɹ ",1
"æftɚɹ ɔːl , hiː tʊk θɹiː mɪnɪts ʌv daɪəlɑːɡ , θɜːɾi sɛkəndz ʌv plɑːt ænd tɜːnd ðɛm ɪntʊ ɐ naɪnti mɪnɪt muːvi ðæt fiːlz faɪv aʊɚz lɔŋ ",0
ðə mæstɚɹ ʌv dɪsɡaɪz fɔːlz ʌndɚ ðə kæɾɪɡɚɹi ʌv ʃʊdəv bɪn ɐ skɛtʃ ɔn sæɾɚdeɪ naɪt laɪv ,0
"ʃoʊz hoʊmz hɐz ðə skɹiːn pɹɛzəns tə bɪkʌm ɐ meɪdʒɚ liːɡ liːdɪŋ leɪdi , ɛlɑːɹbiː bʌt ɑːɹɹɑːɹbiː ðə muːvi ɪtsɛlf ɪz ɐn ʌndɚɹɐtʃiːvɚ , ɐ saɪkəlɑːdʒɪkəl mɪstɚɹi ðæt teɪks ɪts swiːt taɪm bɪldɪŋ tʊ ɐ klaɪmæks ðæt ɛs skɛɹsli ɐ sɚpɹaɪz baɪ ðə taɪm ɪɾ ɚɹaɪvz ",0
bʌt ɪt wʌz ɛnt ,0
fɑːstɚ bɹiːðz laɪf ɪntʊ ɐ ɹoʊl ðæt kʊdɐv ʌðɚwaɪz bɪn blænd ænd ɹʌn ʌvðə mɪl ,1
"ɪn oʊld fæʃənd skɹiːnɹaɪɾɪŋ pɑːɹləns , ɛmɛs ʃɹiːv ɛs nɑːvəl pɹuːvd tuː dɪfɪkəlt ɐ tɛkst tʊ lɪk , dᵻspaɪt ðɪ ɛfɚts əvə fɜːst ɹeɪt kæst ",0
"wɛl æktᵻd , wɛl dᵻɹɛktᵻd ænd , fɔːɹ ɔːl ɪts muːdinəs , nɑːt tuː pɹɪtɛnʃəs ",1
"ɐ taɪɚd , pɹɪdɪktəbəl , boːɹdɚɹɪŋ ɔn əfɛnsɪv , weɪst ʌv taɪm , mʌni ænd sɛljuːlɔɪd ",0
ðɛɹ ɛs noʊ dɪsɡaɪzɪŋ ðɪs æz wʌn ʌvðə wɜːst fɪlmz ʌvðə sʌmɚ ,0
fɹiːdə ɪz ɛnt ðæt mʌtʃ dɪfɹənt fɹʌm mɛni ɐ hɑːliwʊd ɹoʊmæns ,0
"fɑːloʊz ðɪ ɚɹɪdʒɪnəl fɪlm vɜːtʃuːəli siːn fɔːɹ siːn ænd jɛt mænɪdʒᵻz tə bliːd ɪɾ ɔːlmoʊst kəmpliːtli dɹaɪ ʌv hjuːmɚ , vɜːv ænd fʌn ",0
skɑːt beɪoʊ ɪz tɜːnɪŋ ɪn sʌm dᵻlaɪtfəl wɜːk ɔn ɪndi pɹɑːdʒɛkts ,1
"kiːnli əbzɜːvd ænd ɹᵻfɹɛʃɪŋli nætʃɚɹəl , swɪmɪŋ ɡɛts ðə diːteɪlz ɹaɪt , fɹʌm ɪts pɹɑːmənɑːd ʌv bɛɹli klæd bɑːdiz ɪn mɜːɾəl biːtʃ , ɛs siː , tə ðɪ ɐdɹɛnəlɪn dʒoʊlt əvə sʌdən lʌntʃ ɹʌʃ æt ðə daɪnɚ ",1
"laɪk vɑːɹdəloʊz ænd kɔːɹbɪt , huː pleɪ ðɛɹ ɹoʊlz wɪð vaɪbɹənt tʃɑːɹm , ðə fɪlm , dᵻɹɛktᵻd baɪ dʒoʊl zwɪk , ɪz hɑːɹtfɛlt ænd hɪlɛɹiəs ɪn weɪz juː kɑː ɛnt feɪk ",1
ɐ leɪm kɑːmədi ,0
"dᵻlɪbɚɹətli ænd dɪvoʊɾɪdli kənstɹʌktᵻd , fɑːɹ fɹʌm hɛvən ɪz tuː pɪktʃɚ poʊstkɑːɹd pɜːfɛkt , tuː niːt ænd nuː pɪn laɪk , tuː ɑːbviəsli ɐ ɹɛkɹiːeɪʃən tə ɹɛzəneɪt ",1
mɔːɹvɚn ɹɑːks ,1
"ɐ pɑːzᵻtɪvli θɹɪlɪŋ kɑːmbᵻneɪʃən ʌv ɛθnɑːɡɹəfi ænd ɔːl ðɪ ɪntɹiːɡ , bᵻtɹeɪəl , dᵻsiːt ænd mɜːdɚɹ əvə ʃeɪkspɪɹiən tɹædʒədi ɔːɹ ɐ dʒuːsi soʊp ɑːpɚɹə ",1
"wɛn saɪəns fɪkʃən teɪks ɐdvæntɪdʒ ʌvðə fækt ðæt ɪts ɪntɛndᵻd ɔːdiəns hɐz ɛnt jɛt hæd mʌtʃ saɪəns , ɪt dʌz ɐ dɪsɜːvɪs tə ðɪ ɔːdiəns ænd tə ðə ʒɑːnɹə ",0
"ɪlɪɾɚɹət , ɔfən ɪnɜːt saɪ faɪ ækʃən θɹɪlɚ ",0
"æz dʒænɪs , aɪliːn wɔlʃ , ɐn ɛŋɡeɪdʒɪŋ , waɪd aɪd æktɹəs huːz tiːθ ɑːɹ ɐ lɪɾəl tuː bɪɡ fɔːɹ hɜː maʊθ , ɪnfjuːzᵻz ðə muːvi wɪð mʌtʃ ʌv ɪts slɛndɚ , ɡlɪntɪŋ tʃɑːɹm ",1
ɐ fɪlm ʌv kwaɪət paʊɚ ,1
"oʊvɚɹɔːt , mɛlədɹɐmæɾɪk bɑːdɪs ɹɪpɚ ",0
"ʒjuːɐŋʒwɑːŋ kɹiːeɪts dɛlᵻkət bæləns ʌv staɪl , tɛkst , ænd sʌbtɛkst ðæt ɛs soʊ sɪmpəl ænd pɹɪsaɪs ðæt ɛnɪθɪŋ dɪskoːɹdənt wʊd tɑːpəl ðə bæləns , bʌt ɐɡɛnst ɔːl ɑːdz , nʌθɪŋ dʌz ",1
"bɪkʌz ðə fɪlm dᵻlɪbɚɹətli læks aɪɹəni , ɪt hɐz ɐ dʒɛnjuːɪn dɹəmæɾɪk ɪmpækt ɪt pleɪz laɪk ɐ paʊɚfəl naɪntiːnhʌndɹɪd fɪfti sɛvən dɹɑːmə wiː viː sʌmhaʊ nɛvɚ siːn bᵻfoːɹ ",1
ɪt ɛs ɐ vɛɹi væljuːəbəl fɪlm ,1
bæd muːvi ,0
"dʒʌst wɛn juː θɪŋk juː ɑːɹ meɪkɪŋ sɛns ʌv ɪt , sʌmθɪŋ hæpənz ðæt tɛlz juː ðɛɹ ɪz noʊ sɛns ",0
"ðə ɹɪtʃ pɚfoːɹmənsᵻz baɪ fɹiːl ænd ɪspɛʃəli wɪljəmz , ɐn ɐmɛɹɪkən æktɹəs huː bɪkʌmz fʊli ɪŋɡlɪʃ ɹaʊnd aʊt ðə skwɛɹ ɛdʒᵻz ",1
ðə fɪlm ɹᵻhæʃᵻz sɛvɹəl oʊld θiːmz ænd ɪz kæpt wɪð pɔɪntləs ɛkstɹiːmz ɪt ɛs ɪnseɪnli vaɪələnt ænd vɛɹi ɡɹæfɪk ,0
ɐn ʌndɪstɪŋɡwɪʃt ɐtɛmpt tə meɪk ɐ klæsɪk θiəɾɚ piːs sɪnɪmæɾɪk ,0
ɪt ɛs paʊli ʃoːɹ ɔːfəl ,0
", ðeɪ ɹiː aʊt ðɛɹ ! ",1
"ɐ saʊɚɹ ɐtɛmpt æt meɪkɪŋ ɐ fæɹəli bɹʌðɚz staɪl , daʊn ænd dɜːɾi læfɚ fɚðə fiːmeɪl sɛt ",0
wʌt kʊdɐv bɪn ɹaɪt æt hoʊm æz ɐ nɪfti plɑːt laɪn ɪn stiːvən soʊdɚbɚɡ ɛs tɹæfɪk feɪlz tʊ ɚɹaɪv æɾ ɛni sæɾɪsfaɪɪŋ dɛstɪneɪʃən ,0
"oʊ , dʒeɪmz ! ",1
"ɡɑːt sʌm ɡʊd , ɔːɹɡænɪk kæɹɪktɚ wɜːk , lɑːts ʌv ɑːbviəs pəlɪɾɪkəl ɪnsaɪts ænd lɪɾəl ɹuːm fɔːɹ ɛŋɡeɪdʒɪŋ , ɪmædʒɪnətɪv fɪlmeɪkɪŋ ɪn ɪts nɪɹli tuː wʌn tuː aʊɚ , dɪsᵻpeɪɾᵻd lɛŋθ ",1
"ɐn ɪmoʊʃənəli ænd spɪɹɪtʃuːəli kəmpɛlɪŋ dʒɜːni siːn θɹuː ðə ɹaɪt aɪz , wɪððə ɹaɪt æktɚz ænd wɪððə kaɪnd ʌv vɪʒuːəl flɛɹ ðæt ʃoʊz wʌt ɡɹeɪt sɪnəmə kæn ɹiəli duː ",1
"ɐn ɪnɛpt , tiːdiəs spuːf ʌv sɛvənti z kʌŋ fuː pɪktʃɚz , ɪt kənteɪnz ɔːlmoʊst ɪnʌf tʃʌkəlz fɚɹə θɹiː mɪnɪt skɛtʃ , ænd noʊmoːɹ ",0
"ɐ vɪvɪd , sʌmtaɪmz sɚɹiːəl , ɡlɪmps ɪntʊ ðə mɪstɚɹiz ʌv hjuːmən bᵻheɪvjɚ ",1
ɪt ɛs noʊ æksɪdənt ðætðɪ æksɪdɛntəl spaɪ ɪz ɐ sɑːlɪd ækʃən pɪk ðæt ɹᵻtɜːnz ðə mɑːɹʃəl ɑːɹts mæstɚ tə tɑːp fɔːɹm ,1
ɐ waɪld kɑːmədi ðæt kʊd oʊnli spɹɪŋ fɹʌmðə dᵻmɛntᵻd maɪnd ʌvðə ɹaɪɾɚɹ ʌv biːɪŋ dʒɑːn mælkoʊvɪtʃ ,1
"ɪt ɛs ɐfɛktɪŋ , ɐmjuːzɪŋ , sæd ænd ɹᵻflɛktɪv ",1
haʊ kæn sʌtʃ ɐ koʊld muːvi kleɪm tʊ ɛkspɹɛs wɔːɹmθ ænd lɔŋɪŋ ? ,0
ðə fɪlm dɪd ɛnt kənvɪns miː ðæt kælvɪn dʒeɪɑːɹ ɛs bɑːɹbɚʃɑːp ɹɛpɹᵻzɛnts sʌm sɔːɹt ʌv biːkən ʌv hoʊp ɪnðə mɪdəl ʌv ʃᵻkɑːɡoʊ ɛs saʊθ saɪd ,0
ɛksaɪɾɪŋ dɑːkjuːmɛntɚɹi ,1
"æɾ ɪts moʊst beɪsɪk , ðɪs kɑːɹtuːn ɐdvɛntʃɚɹ ɪz ðæt wɪnd ɪnðə hɛɹ ɛɡzɪlɐɹəɾɪŋ ",1
ɐ wɪnɪŋ piːs ʌv wɜːk fɪld wɪð lʌv fɚðə muːvɪz ʌvðə naɪntiːnhʌndɹɪd sɪksti z ,1
"hɜː fɪlm ɪz laɪk ɐ bjuːɾifəl fuːd ɛntɚɹ iː ðæt ɪz ɛnt hiːɾᵻd pɹɑːpɚli , soʊ ðɐɾɪt ɛndz ʌp ɐ bɪt koʊld ænd ɹɛlətɪvli fleɪvɚləs ",0
ðə moʊst ɛkskɹuːʃɪeɪɾɪŋ eɪɾi sɪks mɪnɪts wʌn maɪt sɪt θɹuː ðɪs sʌmɚ ðæt duːnɑːt ɪnvɑːlv ɐ dɛntɪst dɹɪl ,0
ɡɪvz ɛvɹɪwʌn sʌmθɪŋ tə ʃaʊt ɐbaʊt ,1
"ɪt ɛs ɐ sɛɾʌp soʊ iːzi ɪt boːɹdɚz ɔn fæsəl , bʌt kiːpɪŋ ðə fɪlm fɹʌm tʃiːp ʃɑːt miːdɪɑːkɹᵻɾi ɪz ɪts kɹæk kæst ",1
ðə ʃæɾoʊ ɪz ɐ ɹɪski vɛntʃɚ ðæt nɛvɚ kwaɪt ɡoʊz wɛɹ juː ɛkspɛkt ænd ɔfən sɚpɹaɪzᵻz juː wɪð ʌnɛkspɛktᵻd kɑːmədi ,1
dᵻlɪʃəsli miːn spɪɹɪɾᵻd ænd ɹaɪli əbzɜːvənt ,1
"æz dʌm ænd tʃiːsi æz ðeɪ meɪ biː , ðə kɑːɹtuːnz lʊk ɔːlmoʊst ʃeɪkspɪɹiən boʊθ ɪn dɛpθ ænd bɹɛdθ æftɚ wɑːtʃɪŋ ðɪs dɪdʒɪɾəl ɪfɛkts hɛvi , səpoʊzd fæmɪli fɹɛndli kɑːmədi ",1
"ðoʊ klɪɹli wɛl ɪntɛnʃənd , ðɪs kɹɔs kʌltʃɚɹəl soʊp ɑːpɚɹə ɪz peɪnfəli fɔːɹmjʊleɪɪk ænd stɪltᵻd ",0
dʒoʊnz hɐz tækəld ɐ miːɾi sʌbdʒɛkt ænd dɹɔːn ɛŋɡeɪdʒɪŋ kæɹɪktɚz waɪl pɛpɚɹɪŋ ðə peɪdʒᵻz wɪð mɛmɚɹəbəl zɪŋɡɚz ,1
"ɹiːəʃʊɹɹɪŋ , ɹɛtɹoʊ ʌplɪftɚ ",1
ðə moʊst bɹɪliənt wɜːk ɪn ðɪs ʒɑːnɹə sɪns ðə naɪntiːnhʌndɹɪd eɪɾi foːɹ ʌŋkʌt vɜːʒən ʌv sɜːdʒɪoʊ liːoʊn ɛs flɔːd bʌt stæɡɚɹɪŋ wʌns əpɑːn ɐ taɪm ɪn ɐmɛɹɪkə ,1
"ðɛɹɑːɹ diːpli ɹᵻlɪdʒəs ænd spɪɹɪtʃuːəl piːpəl ɪn ðɪs wɜːld huː wʊd ɑːɹɡjuː ðæt ɛntɚɹɪŋ ɐ tʃɜːtʃ , sɪnɐɡɑːɡ ɔːɹ tɛmpəl dʌz ɛnt miːn juː hæv tə tʃɛk jʊɹ bɹeɪn æt ðə doːɹ ",1
"ðɪs ɪz ʌnjuːʒuːəl , fuːd fɔːɹ θɔːt sɪnəmə ðæt ɛs æz ɛntɚteɪnɪŋ æzɪtɪz ɪnstɹʌktɪv ",1
"mʌtʃ kɹɛdɪt mʌst biː ɡɪvən tə ðə wɔːɾɚ kæmɹə ɑːpɚɹeɪɾɪŋ tiːm ʌv dɑːn kɪŋ , sʌni mɪlɚ , ænd maɪkəl stuːɚt ",1
ɐ ʃʊɡɚ koʊɾᵻd ɹɑːki huːz væljuːəbəl mɛsɪdʒᵻz ɑːɹ fɚɡɑːʔn̩ tɛn mɪnɪts æftɚ ðə læst tɹɑːmboʊn hɔŋks ,0
wʌt bɪɡɪnz bɹaɪtli ɡɛts bɑːɡd daʊn oʊvɚ wʌnhʌndɹɪd foːɹɾi mɪnɪts ,0
ɐ peɪnfəli sloʊ kliːʃeɪ ɹɪdən fɪlm fɪld wɪð moːɹ hoʊlz ðɐn klaɪd bæɹoʊ ɛs kɑːɹ ,0
ðə bɛst ʌvðə pɪɹs bɹɑːsnən dʒeɪmz bɑːnd fɪlmz tə deɪt ,1
"dɹʌmlaɪn ɪz ðə mɪɹ sədʒɛstʃən , ɔːlbiːɪt ɐ vɪʒuːəli kəmpɛlɪŋ wʌn , əvə fʊli ɹiːəlaɪzd stoːɹi ",1
"təbi ɪnfluːənst tʃiːfli baɪ hjuːmænᵻɾi ɛs ɡɹeɪɾɪst ʃeɪm , ɹɪælᵻɾi ʃoʊz ɹɪælᵻɾi ʃoʊz fɔːɹ ɡɑːd ɛs seɪk ! ",0
"teɪk ɐweɪ ðə kɑːntɹəvɜːsi , ænd ɪt ɛs nɑːt mʌtʃ moːɹ wɑːtʃəbəl ðænə mɛksɪkən soʊp ɑːpɚɹə ",0
"ðɪ ɔːdæsᵻɾi tə vjuː wʌn ʌv ʃeɪkspɪɹ ɛs bɛɾɚ noʊn tɹædʒədiz æz ɐ dɑːɹk kɑːmədi ɪz , baɪ ɪtsɛlf , dɪzɜːvɪŋ ʌv dɪskʌʃən ",0
ðə səksɛs ʌv ʌndɚkʌvɚ bɹʌðɚɹ ɪz faʊnd ɪn ɪts ɐbɪləɾi tə spuːf boʊθ blæk ænd waɪt stɛɹɪoʊtaɪps iːkwəli ,1
"tuː dæm wɪɹd tə pæs ʌp , ænd fɚðə blæklaɪt kɹaʊd , weɪ tʃiːpɚɹ ɛlɑːɹbiː ænd bɛɾɚɹ ɑːɹɹɑːɹbiː ðɐn pɪŋk flɔɪd tɪkɪts ",1
juː ɛkspɛkt moːɹ fɹʌm dᵻɹɛktɚ maɪkəl æptᵻd ɛlɑːɹbiː ɛnɪɡmə ɑːɹɹɑːɹbiː ænd skɹiːnɹaɪɾɚ nɪkələs kæzən ɛlɑːɹbiː ɹᵻvɜːsəl ʌv fɔːɹtʃʊn ɑːɹɹɑːɹbiː ðɐn ðɪs kliːʃeɪ paɪlʌp ,0
dᵻɹɛktɚ dʒeɪ ɹʌsəl weɪz daʊn hɪz kɐpɹɪʃəs fɛɹi teɪl wɪð hɛvi sɛntɪmənt ænd laɪtweɪt miːnɪŋ ,0
"ɐ ɡʊd neɪtʃɚd ɑːnsɑːmbəl kɑːmədi ðæt tɹaɪz hɑːɹd tə meɪk ðə moʊst əv ɐ bʌmpɚ kæst , bʌt nɛvɚ kwaɪt ɡɛts ɔf ðə ɡɹaʊnd ",0
ɐ muːvɪŋ ænd sɑːlɪdli ɛntɚteɪnɪŋ kɑːmədi dɹɑːmə ðæt ʃʊd boʊlstɚ dᵻɹɛktɚ ænd koʊ ɹaɪɾɚ hwɑːn dʒɑːs kæmpɐnɛlə ɛs ɹɛpjuːteɪʃən ɪnðə juːnaɪɾᵻd steɪts ,1
ɛvɹɪθɪŋ ɪz ɔf ,0
wɜːkɪŋ fɹʌm ɐ sɚpɹaɪzɪŋli sɛnsᵻtɪv skɹɪpt koʊ ɹɪʔn̩ baɪ dʒaɪəni ɹɑːmɑːli ɑːzptɛk ɐvɔɪdz moʊst əv ðə pɪtfɔːlz juː diː ɛkspɛkt ɪn sʌtʃ ɐ pətɛnʃəli sʌdsi sɛt ʌp ,1
pɹɪtɛnd laɪk jʊɹ sæt skoːɹz ɑːɹ bᵻloʊ wʌnhʌndɹɪd twɛnti ænd juː maɪt nɑːt noʊɾɪs ðə flɔːz ,0
mɔːɹdəntli fʌni ænd ɪntᵻmətli noʊɪŋ ,1
aɪ kɑː ɛnt ɹᵻmɛmbɚ ðə læst taɪm aɪ sɔː wɜːs stʌnt ɛdɪɾɪŋ ɔːɹ tʃiːpɚɹ ækʃən muːvi pɹədʌkʃən væljuːz ðɐn ɪn ɛkstɹiːm ɑːps ,0
"ɪt ɛs tɑːmi ɛs dʒɑːb tə kliːn ðə piːp buːθs sɚɹaʊndɪŋ hɜː , ænd æftɚ vjuːɪŋ ðɪswʌn , juː ɛlɛl fiːl laɪk mɑːpɪŋ ʌp , tuː ",0
"iːtʃ əv ðiːz stoːɹiz hɐz ðə pətɛnʃəl fɔːɹ tʌtʃt baɪ ɐn eɪndʒəl sɪmplɪsᵻɾi ænd sæpɪnəs , bʌt θɜːtiːn kɑːnvɚseɪʃənz ɐbaʊt wʌn θɪŋ , fɔːɹ ɔːl ɪts dʒɛnɚɹɔsᵻɾi ænd ɑːptɪmɪzəm , nɛvɚ ɹᵻzɔːɹts tʊ iːzi fiːl ɡʊd sɛntɪmənts ",1
ðɛɹ ɛs ɐn ʌndɚlaɪɪŋ oʊld wɜːld sɛksɪzəm tə mʌndeɪ mɔːɹnɪŋ ðæt ʌndɚkʌts ɪts tʃɑːɹm ,0
wʌt ɐ ɡɹeɪt ʃeɪm ðæt sʌtʃ ɐ tæləntᵻd dᵻɹɛktɚɹ æz tʃɛn kaɪdʒ hɐz tʃoʊzən tə meɪk hɪz ɪŋɡlɪʃ læŋɡwɪdʒ deɪbjuː wɪð ɐ fɪlm soʊ pʊɹli plɑːɾᵻd ænd skɹɪptᵻd ,0
aɪ laɪkt ɐ lɑːt ʌvðə smɔːlɚ siːnz ,1
"sʌm ʌvðə kəmpjuːɾɚɹ ænɪmeɪʃən ɪz hændsʌm , ænd vɛɹiəs ɐmjuːzɪŋ saɪdkɪks æd mʌtʃ niːdᵻd lɛvᵻɾi tə ðɪ ʌðɚwaɪz bliːk teɪl , bʌt oʊvɚɹɔːl ðə fɪlm nɛvɚ ɹaɪzᵻz əbʌv miːdɪɑːkɹᵻɾi ",0
bɛrzfɚd naɪsli mɪksᵻz ɪn æz mʌtʃ hjuːmɚɹ æz peɪθɑːs tə teɪk ʌs ɔn hɪz sɛntɪmɛntəl dʒɜːni ʌvðə hɑːɹt ,1
nʌθɪŋ kæn dɪtɹækt fɹʌmðɪ ɐfɛkʃən ʌv ðæt mɔːɹəl feɪvɚɹᵻt fɹɛndz wɪl biː fɹɛndz θɹuː θɪk ænd θɪn ,1
bɹɪŋ tɪʃuːz ,1
"ɐn ɛnθɹɔːlɪŋ , ɛntɚteɪnɪŋ fiːtʃɚ ",1
"æz ɐ dᵻɹɛktɚ , pækstən ɪz sɚpɹaɪzɪŋli bɹɪliənt , dɛftli soʊɪŋ təɡɛðɚ wʌt kʊdɐv bɪn ɐ kənfjuːzɪŋ ænd hɔːɹɪfaɪɪŋ vɪʒən ɪntʊ ɐn ɪntɛns ænd ɛŋɡɹoʊsɪŋ hɛd tɹɪp ",1
wɛl meɪd bʌt mʌʃ hɑːɹɾᵻd ,1
læbjuːt mæstɚfəli bælənsᵻz boʊθ tɹɐdɪʃənəl ɔːɹ mɑːdɚn stoːɹiz təɡɛðɚɹ ɪn ɐ mænɚ ðætwʌn nɛvɚɹ oʊvɚwɛlmz ðɪ ʌðɚ ,1
"əʃʊɹd , ɡlɔsi ænd ʃɑːt θɹuː wɪð bɹɪɾəl dɛspɚɹeɪʃən ",1
ɐ dæm faɪn ænd ɐ tɹuːli dɪstɪŋktɪv ænd ɐ diːpli pɜːtɪnənt fɪlm ,1
"fɪlmeɪkɚ steɪsi pəɹæltə hɐz ɐ flæʃi ɛdɪɾɪŋ staɪl ðæt dʌz ɛnt ɔːlweɪz dʒɛl wɪð ʃɔːn pɛn ɛs mɑːnətoʊn nɚɹeɪʃən , bʌt hiː ɹᵻspɛkts ðə mətɪɹiəl wɪðaʊt sɛntɪmɛntəlaɪzɪŋ ɪt ",1
"dᵻspaɪt ɪts pɹɑːmɪsɪŋ kæst ʌv kæɹɪktɚz , bɪɡ tɹʌbəl ɹᵻmeɪnz ɐ luːsli taɪd sɪɹiz ʌv vɪnjɛts wɪtʃ oʊnli pɹuːv ðæt zeɪni dʌz ɛnt nɛsɪsɛɹᵻli miːn fʌni ",0
ɐ sɚpɹaɪzɪŋli swiːt ænd dʒɛntəl kɑːmədi ,1
"bɪɡɪnz wɪð pɹɑːmɪs , bʌt ɹʌnz ɐɡɹaʊnd æftɚ biːɪŋ snɛɹd ɪn ɪts oʊn tæŋɡəld plɑːt ",0
"ɔːlðoʊ wʌt taɪm ɔfɚz tsaɪ ɛs juːʒuːəl staɪl ænd θiːmz , ɪt hɐz ɐ moːɹ kʌlɚfəl , moːɹ pleɪfəl toʊn ðɐn hɪz ʌðɚ fɪlmz ",1
"ɐ dʌl , ɪŋkənsɪstənt , dɪsɑːnɪst fiːmeɪl bɑːndɪŋ pɪktʃɚ ",0
ɐ mʌst siː fɔːɹ fænz ʌv θɔːtfəl wɔːɹ fɪlmz ænd ðoʊz ɪntɹɛstᵻd ɪnðə saɪts ænd saʊndz ʌv bæɾəl ,1
"wɪð ɐn ʌnflæpəbəl ɛɹ ʌv dᵻkædənt ɜːbænᵻɾi , ɛvɚɹɪt ɹᵻmeɪnz ɐ pɜːfɛkt waɪldiən æktɚ , ænd ɐ ɹᵻlækst fɜːθ dɪspleɪz ɪmpɛkəbəl kɑːmɪk skɪl ",1
"baɪ noʊ miːnz ɐ slæm dʌŋk ænd ʃʊɹ tʊ ʌltᵻmətli dɪsɐpɔɪnt ðɪ ækʃən fænz huː wɪl biː muːvd tə ðɪ ɛdʒ ʌv ðɛɹ siːts baɪ ðə daɪnæmɪk fɜːst ækt , ɪt stɪl kʌmz ɔf æz ɐ tʌtʃɪŋ , tɹænsɛndənt lʌv stoːɹi ",0
ɪt hɐz ðæt ɹɛɹ kwɔlᵻɾi ʌv biːɪŋ eɪbəl tə kɹiːp ðə lɪvɪŋ hɛl aʊɾəv juː ,1
aɪ ɛŋkɜːɹɪdʒ jʌŋ ænd oʊld ɐlaɪk tə ɡoʊ siː ðɪs juːniːk ænd ɛntɚteɪnɪŋ twɪst ɔnðə klæsɪk weɪl ɛs teɪl juː woʊ ɛnt biː sɑːɹi ! ,1
wʌt ɡoʊz ɔn fɚðə wʌnhʌndɹɪd tɛn mɪnɪts ʌv pænɪk ɹuːm ɪz ɐ bæɾəl ʌv wɪtləsnəs bᵻtwiːn ɐ nɑːt soʊ bɹaɪt mʌðɚ ænd dɔːɾɚɹ ænd ɐn iːvən lɛs keɪpəbəl tɹiːoʊ ʌv kɹɪmɪnəlz ,0
ɪn kəmpæɹɪsən tə hɪz ɜːlɪɚ fɪlmz ɪt siːmz ɐ dɪsɐpɔɪntɪŋli θɪn slaɪs ʌv loʊɚ klæs lʌndən laɪf dᵻspaɪt ðə taɪɾəl ɐmaʊnts tə sɚpɹaɪzɪŋli lɪɾəl ,0
ðə skɹɪpt wʌz ɹᵻpoːɹɾᵻdli ɹᵻɹɪʔn̩ ɐ dʌzən taɪmz iːðɚɹ ɪlɛvən taɪmz tuː mɛni ɔːɹ ɛls tuː fjuː ,0
"ðə mæstɚɹ ʌv dɪsɡaɪz meɪhɐv meɪd ɐ ɡɹeɪt sæɾɚdeɪ naɪt laɪv skɛtʃ , bʌt ɐ ɡɹeɪt muːvi ɪɾ ɪz nɑːt ",0
"ɪf wiː ɹiː tə slæp pɹoʊɾɐɡənɪst dʒɛnɪviːv lɛpluːf bɪkʌz ʃiː ɛs fɹɛntʃ , duː wiː hæv ðæt seɪm ɑːpʃən tə slæp hɜː kɹiːeɪɾɚz bɪkʌz ðeɪ ɹiː kluːləs ænd ɪnɛpt ? ",0
"aɪ viː hæd moːɹ ɪntɹɛstɪŋ ænd , dɛɹ aɪ seɪ , θiːmæɾɪkli kɑːmplɛks baʊəl muːvmənts ðɐn ðɪs lɔŋ ɔnðə ʃɛlf , pɔɪnt ænd ʃuːt ɛksɚsaɪz ɪn ɡɪmɪki kɹaɪm dɹɑːmə ",0
"aɪ viː siːn sʌm bæd sɪŋɚ tɜːnd æktɚz , bʌt lɪl boʊ waʊ teɪks ðə keɪk ",0
nɪkələs nɪklɛbi ɪz ɐ pɜːfɛkt fæmɪli fɪlm tə teɪk ɛvɹɪwʌn tʊ sɪns ðɛɹ ɛs noʊ nuː ɐ kɹɪsməs kæɹəl aʊt ɪnðə θiəɾɚz ðɪs jɪɹ ,1
"ɪt woʊ ɛnt hoʊld ʌp oʊvɚ ðə lɔŋ hɔːl , bʌt ɪnðə moʊmənt , fɪntʃ ɛs teɪl pɹəvaɪdz ðə fɚɡɛɾəbəl plɛʒɚz əvə sæɾɚdeɪ mætəneɪ ",1
wʌz ðæt muːvi nʌθɪŋ moːɹ ðænə tɛpɪd ɛksɚsaɪz ɪn tɹɑːɾɪŋ aʊt ɐ fɔːɹmjʊlə ðæt wɜːkt faɪv jɪɹz ɐɡoʊ bʌt hɐz sɪns lɔst ɪts fɪz ? ,0
"haʊ ɡʊd ðɪs fɪlm maɪt biː , dᵻpɛndz ɪf juː bᵻliːv ðætðə ʃɑːkɪŋ kəŋkluːʒən ɪz tuː mʌtʃ əvə plʌndʒ ɔːɹ nɑːt ",1
"ɐ sɛləfeɪn pɑːp ɹᵻmeɪk ʌvðə pʌŋk klæsɪk leɪdiz ænd dʒɛntəlmən , ðə fæbjʊləs steɪnz kɹɔsɹoʊdz ɪz nɛvɚ mʌtʃ wɜːs ðɐn blænd ɔːɹ bɛɾɚ ðɐn ɪŋkɑːnsɪkwɛnʃəl ",0
pɹɪɾi ɡʊd lɪɾəl muːvi ,1
"ɪf nʌθɪŋ ɛls , ɹoʊlɚbɔːl tuː θaʊzənd tuː meɪ ɡoʊ daʊn ɪn sɪnəmə hɪstɚɹi æz ðɪ oʊnli muːvi ɛvɚ ɪnwɪtʃ ðə ɹɛst ʌvðə kæst wʌz aʊtʃaɪnd baɪ ɛlɛl kuːl dʒeɪ ",0
"eɪndʒəl pɹɛzənts ᵻvɛnts pɑːɹtli fɹʌmðə pɚspɛktɪv ʌv ɔːɹɛli ænd kɹɪstɛl , ænd ɪnfjuːzᵻz ðə fɪlm wɪððə sɛnsəbɪlᵻɾi əvə pɚtɪkjʊlɚli naɪtmɛɹɪʃ fɛɹɪteɪl ",1
"nɛməsɪs sʌfɚz fɹʌm ɐ pɔːntʃi mɪdsɛkʃən , sɛvɹəl plɑːdɪŋ ækʃən siːkwənsᵻz ænd ɐ wɪkᵻdli ʌndɹəmæɾɪk sɛntɹəl θiːm ",0
"iːvən wɛn hiː ɛs nɑːt æt hɪz moʊst kɹɪɾɪkli ɪnsaɪtfəl , ɡɑːdɚd kæn stɪl biː smɑːɹɾɚ ðɐn ɛni fɪfti ʌðɚ fɪlmeɪkɚz stɪl æt wɜːk ",1
"ðə fæsᵻneɪʃən kʌmz ɪnðə paʊɚɹ ʌvðə hʌstən pɚfoːɹməns , wɪtʃ siːmz soʊ lɑːɹdʒɚ ðɐn laɪf ænd jɛt soʊ fɹædʒəl , ænd ɪnðə weɪ ðɪ aɪvən kæɹɪktɚɹ ɐksɛpts ðə nuːz ʌv hɪz ɪlnəs soʊ kwɪkli bʌt stɪl faɪndz hɪmsɛlf ʌneɪbəl tə ɹɪækt ",1
ɛlɑːɹbiː tiː ɑːɹɹɑːɹbiː hiː fɪlm ɪz nɛvɚ ʃʊɹ tə meɪk ɐ klɪɹ pɔɪnt iːvən ɪf ɪt siːks tə ɹᵻlaɪ ɔn ɐn æmbɪɡjuːəs pɹɛzənteɪʃən ,0
ðɪs muːvi ɪz ɐbaʊt ðə wɜːst θɪŋ tʃæn hɐz dʌn ɪnðə juːnaɪɾᵻd steɪts ,0
ɐmeɪzɪŋ ! ,1
ðə jɐ jɐ ɛs hæv mɛni siːkɹᵻts ænd wʌn ɪz ðə bʊks ɑːɹ bɛɾɚ ,0
ðə plɑːt ɛs kəntɹaɪvənsᵻz ɑːɹ ʌŋkʌmftəbli stɹeɪnd ,0
ɐ θʌɹoʊli ɛntɚteɪnɪŋ kɑːmədi ðæt juːzᵻz ɡɹænt ɛs oʊn twɪst ʌv æsɪdᵻɾi tə pɹɪvɛnt ɪtsɛlf fɹʌm səkʌmɪŋ tʊ ɪts oʊn bæθoʊz ,1
"kɪdz wɪl lʌv ɪts fæntəsi ænd ɐdvɛntʃɚ , ænd ɡɹoʊnʌps ʃʊd ɐpɹiːʃɪeɪt ɪts wɪmzɪkəl hjuːmɚ ",1
ɛlɑːɹbiː ælən ɛs ɑːɹɹɑːɹbiː bɛst wɜːks ʌndɚstænd waɪ snɑːbɚɹi ɪz ɐ bɛɾɚ sɐtɪɹɪk tɑːɹɡɪt ðɐn mɪdəl ɐmɛɹɪkə daɪvɜːʒənz kʊd ɛvɚ biː ,1
"ðə stɑːɹz meɪ biː kɑːlɪdʒ kɪdz , bʌt ðə sʌbdʒɛkt mæɾɚɹ ɪz æz ɐdʌlt æz juː kæn ɡɛt ðə tɛmpteɪʃənz ʌvðə flɛʃ ɑːɹ ʌnliːʃt baɪ ɐ slaɪtli kɹeɪzd , oʊvɜːtli dɪtɜːmɪnd jʌŋ wʊmən ænd ɐ wʌn naɪt swɪm tɜːnz ɪntʊ ɐn oʊʃən ʌv tɹʌbəl ",1
wiː viː laɪkt klaɪn ɛs ʌðɚ wɜːk bʌt ɹoʊlɚbɔːl lɛft ʌs koʊld ,0
boʊθ ɐ ɡɹænd tʊɹ θɹuː θɹiːhʌndɹɪd hʌndɹɪd jɪɹz ʌv ɹʌʃən kʌltʃɚɹəl aɪdɛntᵻɾi ænd ɐ stʌnɪŋ tɛknɪkəl ɐtʃiːvmənt ,1
"ɐ mɑːɹkᵻdli ɪnæktɪv fɪlm , sɪɾi ɪz kɑːnvɚseɪʃənəl boːɹdɚɹɪŋ ɔn kənfɛʃənəl ",0
"klɛvɚɹ ænd ʌnflɪntʃɪŋ ɪn ɪts kɑːmɪk bɑːɹbz , slæp hɜːɹ ɪz ɐ smɔːl bʌt ɹᵻwɔːɹdɪŋ kɑːmədi ðæt teɪks eɪm æt kəntɛmpɚɹɛɹi sʌðɚn ædəlɛsəns ænd nɛvɚ lɛts ʌp ",1
"soʊdɚbɚɡ , laɪk kʌbɹɪk bᵻfoːɹ hɪm , meɪ nɑːt tʌtʃ ðə plænɪt ɛs skɪn , bʌt ʌndɚstændz ðə wɜːkɪŋz ʌv ɪts spɪɹɪt ",1
ðɛɹ ɪz noʊ dᵻnaɪɪŋ ðə paʊɚɹ ʌv pəlænski ɛs fɪlm ,1
təbi əblɪviəs tə ðɪ ɛɡzɪstəns ʌv ðɪs fɪlm wʊd biː vɛɹi swiːt ɪndiːd ,0
"ðoʊ ɪt ɡoʊz fɜːðɚ ðɐn boʊθ , ɛnɪwʌn huː hɐz siːn ðə hʌŋɡɚ ɔːɹ kæt piːpəl wɪl faɪnd lɪɾəl nuː hɪɹ , bʌt ɐ teɪsti pɚfoːɹməns fɹʌm vɪnsənt ɡæloʊ lɪfts ðɪs teɪl ʌv kænɪbəl lʌst əbʌv ðɪ ɔːɹdɪnɛɹi ",1
ðə bjuːɾɪfəli koːɹɪɑːɡɹæft kɪtʃən bæleɪ ɪz sɪmpəl bʌt ɐbsoːɹbɪŋ ,1
"fɹʌmðɪ oʊpənɪŋ stɹeɪnz ʌvðɪ ævɹɪdʒ waɪt bænd ɛs pɪk ʌp ðə piːsᵻz , juː kæn fiːl ðə lʌv ",1
ɛmpaɪɚ kɑː ɛnt meɪk ʌp ɪts maɪnd wɛðɚɹ ɪt wɔnts təbi ɐ ɡæŋstɚ flɪk ɔːɹ ɐn ɑːɹt fɪlm ,0
ðə ɹɪzʌlt ɪz soʊ teɪm ðæt iːvən slaɪtli waɪzd ʌp kɪdz wʊd kwɪkli tʃeɪndʒ ðə tʃænəl ,0
"ɐ pɛnɪtɹeɪɾɪŋ , poʊtənt ɛksploːɹeɪʃən ʌv sæŋktɪməni , sɛlf ɐwɛɹnəs , sɛlf heɪtɹɪd ænd sɛlf dɪtɜːmᵻneɪʃən ",1
"θɜːtiːn kɑːnvɚseɪʃənz ɐbaʊt wʌn θɪŋ leɪz aʊt ɐ næɹətɪv pʌzəl ðæt ɪntɚwiːvz ɪndᵻvɪdʒuːəl stoːɹiz , ænd , laɪk ɐ moʊbɪəs stɹɪp , ɪlɪptɪkli luːps bæk tʊ wɛɹ ɪt bɪɡæn ",1
dᵻɹɛktɚ piːɾɚ kəzmɪnski ɡɪvz ðiːz wɪmɪn ɐ foːɹəm tə dɛmənstɹeɪt ðɛɹ æktɪŋ tʃɑːps ænd ðeɪ teɪk fʊl ɐdvæntɪdʒ ,1
stɔːɹɪtɛlɪŋ fiːlz slaɪt ,0
"wɪɾi , vaɪbɹənt , ænd ɪntɛlɪdʒənt ",1
"dᵻspaɪt ɪts ʃɔːɹtkʌmɪŋz , ɡɜːlz kɑː ɛnt swɪm ɹɛpɹᵻzɛnts ɐn ɛŋɡeɪdʒɪŋ ænd ɪntᵻmət fɜːst fiːtʃɚ baɪ ɐ tæləntᵻd dᵻɹɛktɚ tə wɑːtʃ , ænd ɪt ɛs ɐ wɜːði ɛntɹi ɪnðə fɹɛntʃ kʌmɪŋ ʌv eɪdʒ ʒɑːnɹə ",1
ɪntɹɛstɪŋ ænd θʌɹoʊli ʌnfeɪθfəl vɜːʒən ʌv kɑːɹmɛn ,1
"θæŋks tʊ ɐ smɔːl stɑːɹ wɪð bɪɡ hɑːɹt , ðɪs fæmɪli fɪlm siːkwəl ɪz plɛnti ʌv fʌn fɔːɹ ɔːl ",1
fɔːɹ moʊst əv ðə dɪstəns ðə pɪktʃɚ pɹəvaɪdz ɐ sæɾɪsfaɪɪŋli ʌnsɛɾəlɪŋ ɹaɪd ɪntʊ ðə dɑːɹk pleɪsᵻz ʌv aʊɚ næʃənəl saɪkiː ,1
"ɪt ɛs ɐ smɑːɹt , fʌni lʊk æɾ ɐn ɑːɹkeɪn ɛɹiə ʌv pɑːpjʊlɚ kʌltʃɚ , ænd ɪf ɪɾ ɪz ɛnt ɛntaɪɚli pɚsweɪsɪv , ɪt dʌz ɡɪv ɛkspoʊʒɚ tə sʌm tæləntᵻd pɚfoːɹmɚz ",1
wiː ɡɛt ðə kɑːmədi wiː sɛɾəl fɔːɹ ,0
ɪɹili ækjʊɹət dᵻpɪkʃən ʌv dᵻpɹɛʃən ,0
"ʃɹeɪdɚɹ eɪmz tə pɹɪzɛnt ɐn ʌnflɪntʃɪŋ lʊk æt wʌn mæn ɛs daʊnfɔːl , bɹɔːt ɐbaʊt baɪ hɪz læk ʌv sɛlf ɐwɛɹnəs ",0
"fiːlz laɪk ðə wɜːk ʌv sʌmwʌn huː meɪ ɪndiːd hæv faɪnəli eɪdʒd pæst hɪz pɹaɪm ænd , pɚhæps moːɹ ðɐn hiː ɹiːəlaɪzᵻz , dʒʌst wɔnts təbi laɪkt baɪ ðə piːpəl huː kæn stɪl ɡɪv hɪm wɜːk ",0
ɛkstɹoːɹdɪnɛɹi deɪbjuː fɹʌm dʒɑːʃ kuːɹi ,1
ɐ blænd mɜːdɚɹ ɔn kæmpəs jɔːnɚ ,0
"kænən ɛs kɑːnfɪdəns ænd leɪd bæk ɡʊd spɪɹɪts ɑːɹ , wɪððə dɹʌmɪŋ ɹuːtiːnz , ɐmʌŋ ðə fɪlm ɛs seɪvɪŋ ɡɹeɪsᵻz ",1
"dʒʌst laɪk ɐ splɛndɪd miːl , ɹɛd dɹæɡən sæɾɪsfaɪz fɹʌm ɪts ɹaɪp ɹɛsᵻpiː , ɪnspaɪɚɹɪŋ ɪŋɡɹiːdiənts , sɜːɾᵻfaɪd kwᵻziːn ænd pæləɾəbəl pɹɛzənteɪʃən ",1
fiːlz moːɹ laɪk ɐ ɹᵻdʒɛktᵻd ɛks faɪlz ɛpɪsoʊd ðænə kɹɛdɪbəl ɐkaʊnt əvə pʌzlɪŋ ɹiːəl laɪf hæpənɪŋ ,0
fiːtʃɚz wʌt ɪz ʃʊɹli ðə fʌnɪɪst ænd moʊst ækjʊɹət dᵻpɪkʃən ʌv ɹaɪɾɚ ɛs blɑːk ɛvɚ ,1
"wɛnɛvɚɹ ɪt θɹɛʔn̩z tə ɡɛt bɑːɡd daʊn ɪn ɜːnɪst dɹæmətʃʊɹdʒi , ɐ stɜːɹɪŋ vɪʒuːəl siːkwəns laɪk ɐ sɜːdʒ θɹuː swɜːlɪŋ ɹæpɪdz ɔːɹ ɐ liːp fɹʌm pɪnəkəl tə pɪnəkəl ɹaʊzᵻz ʌs ",1
sɚpɹaɪzɪŋli paʊɚfəl ænd juːnɪvɜːsəl ,1
"ðə stoːɹi hɐz ɪts ɹᵻdʌndənsiz , ænd ðə jʌŋ æktɚz , nɑːt vɛɹi ɛkspiəɹɪənst , ɑːɹ sʌmtaɪmz ɪnɛkspɹɛsɪv ",0
iːvən mɜːfi ɛs ɛkspɜːt kɑːmɪk taɪmɪŋ ænd feɪmd kɚɹɪsmə kɑː ɛnt ɹɛskjuː ðɪs ɛfɚt ,0
ɐ kæptᵻveɪɾɪŋ kʌmɪŋ ʌv eɪdʒ stoːɹi ðæt meɪ ɔːlsoʊ biː ðə fɜːst næɹətɪv fɪlm təbi tɹuːli ɪnfɔːɹmd baɪ ðə waɪɚləs eɪdʒ ,1
"ɐn ɪntɛlɪdʒənt , mʌltaɪ leɪɚd ænd pɹəfaʊndli hjuːmɐnɪst ɛlɑːɹbiː nɑːt tə mɛnʃən dʒɛntli pəlɪɾɪkəl ɑːɹɹɑːɹbiː mɛdɪteɪʃən ɔnðə væljuːz ʌv nɑːlɪdʒ , ɛdʒuːkeɪʃən , ænd ðɪ ɐfɛkts ʌv kʌltʃɚɹəl ænd dʒɪəɡɹæfɪkəl dɪspleɪsmənt ",1
"ɪf hɪl ɪz ɛnt kwaɪt hɪz dʒɛnɚɹeɪʃən ɛs dɑːn siːdʒəl ɛlɑːɹbiː ɔːɹ ɹɑːbɚt ɔːldɹɪtʃ ɑːɹɹɑːɹbiː , ɪt ɛs bɪkʌz ðɛɹ ɛs noʊ dɪsɜːnᵻbəl fiːlɪŋ bᵻniːθ ðə tʃɛst hɛɹ ɪt ɛs ɔːl blʌstɚ ænd klɪx ",0
"ænd niːðɚ duː kliːʃeɪᵻz , noʊ mæɾɚ haʊ ɪnsaɪd ðeɪ ɑːɹ ",0
stɹɪktli ɐ ɡaɪ ɛs fɪlm ɪnðə wɜːst sɛns ʌvðɪ ɛkspɹɛʃən ,0
"ɐ laɪtweɪt , ʌniːvən ækʃən kɑːmədi ðæt fɹiːli mɪŋɡəlz fɹɛntʃ , dʒæpəniːz ænd hɑːliwʊd kʌltʃɚz ",0
ɜːwɪn ænd hɪz dᵻɹɛktɚ nɛvɚ kʌm ʌp wɪð ɐn ædɪkwət ɹiːzən waɪ wiː ʃʊd peɪ mʌni fɔːɹ wʌt wiː kæn ɡɛt ɔn tɛlᵻvɪʒən fɔːɹ fɹiː ,0
kæn juː bɛɹ ðə læftɚ ? ,1
ɐbændən wɪl liːv juː wɔntɪŋ tʊ ɐbændən ðə θiəɾɚ ,0
ðə muːvi feɪlz tə poːɹtɹeɪ ɪts lɪɾɚɹɛɹᵻli tæləntᵻd ænd noʊtoːɹiəs sʌbdʒɛkt æz ɛnɪθɪŋ mʌtʃ moːɹ ðænə dɜːɾi oʊld mæn ,0
"nɑːt æz ɡʊd æz ðə fʊl mɔnti , bʌt ɐ ɹiəli stɹɔŋ sɛkənd ɛfɚt ",1
"æsks wʌt tɹuːθ kæn biː dɪsɜːnd fɹʌm nɑːn fɜːsthænd ɛkspiəɹɪəns , ænd spəsɪfɪkli kwɛstʃənz sɪnəmə ɛs keɪpəbɪlᵻɾi fɔːɹ ɹᵻkoːɹdɪŋ tɹuːθ ",1
"ɔːdiənsᵻz ɑːɹ ɐdvaɪzd tə sɪt nɪɹ ðə bæk ænd skwɪnt tʊ ɐvɔɪd noʊɾɪsɪŋ sʌm tɹuːli ɪɡɹiːdʒəs lɪp nɑːn sɪŋkɪŋ , bʌt ʌðɚwaɪz ðə pɹədʌkʃən ɪz suːɾəbli ɛlɪɡənt ",1
"ɐ sɑːlɪd , ʌnɐsuːmɪŋ dɹɑːmə ",1
"ɐ fɔːɹmjʊlə fæmɪli tɪɹdʒɚkɚ toʊld wɪð ɐ hɛvi aɪɹɪʃ bɹoʊɡ æksɛntʃuːeɪɾɪŋ , ɹæðɚ ðɐn mjuːɾɪŋ , ðə plɑːt ɛs sækɚɹɪn θɹʌst ",1
ɪt ɛs fɛɹli sɑːlɪd nɑːt tə mɛnʃən wɛl ɛdɪɾᵻd soʊ ðɐɾɪt sɜːʔn̩li dʌz ɛnt fiːl laɪk ɐ fɪlm ðæt stɹeɪz pæst ðə tuː ænd ɐ hæf mɑːɹk ,1
ðə hɑːlɪdeɪ mɛsɪdʒ ʌvðə θɜːɾi sɛvən mɪnɪt sæntə viːɛs ðə snoʊmən liːvz ɐ lɑːt təbi dɪzaɪɚd ,0
"ɐ vaɪl , ɪŋkoʊhɪɹənt mɛs ɐ skʌmi ɹɪpɔf ʌv deɪvɪd kɹoʊnənbɜːɡ ɛs bɹɪliənt vɪdɪoʊdɹoʊm ",0
dɪskɜːsɪv bʌt ɑːdli ɹɪvɪɾɪŋ dɑːkjuːmɛntɚɹi ,1
"wʌt ɛs moʊst əfɛnsɪv ɪz ɛnt ðə weɪst əvə ɡʊd kæst , bʌt ðə fɪlm ɛs dᵻnaɪəl ʌv sɪnsɪɹ ɡɹiːf ænd moːɹnɪŋ ɪn feɪvɚɹ ʌv boʊɡəs spɪɹɪtʃuːəlɪzəm ",0
"laɪk ɐ miːdiəm ɡɹeɪd nɛtwɜːk sɪtkɑːm moʊstli ɪnəfɛnsɪv , fɪtfəli ɐmjuːzɪŋ , bʌt ʌltᵻmətli soʊ weɪtləs ðæɾə diːsənt dɹæft ɪnðɪ ɔːdɪtoːɹiəm maɪt bloʊ ɪɾ ɔf ðə skɹiːn ",0
"ɐ lɪɾəl mɛlədɹɐmæɾɪk , bʌt wɪð ɪnʌf hoʊp tə kiːp juː ɛŋɡeɪdʒd ",1
"nɑːt oʊnli ɪz ɪɾ ɐ tʃɑːɹmɪŋ , fʌni ænd bjuːɾɪfəli kɹæftᵻd ɪmpoːɹt , ɪt juːzᵻz vɛɹi lɪɾəl daɪəlɑːɡ , meɪkɪŋ ɪt ɹɛlətɪvli ɛfɚtləs tə ɹiːd ænd fɑːloʊ ðɪ ækʃən æt ðə seɪm taɪm ",1
"dʒʌst ɐbaʊt ɔːl ʌvðə fɪlm ɪz kənfjuːzɪŋ ɔn wʌn lɛvəl ɔːɹ ɐnʌðɚ , meɪkɪŋ æɹɐɹæt fɑːɹmoːɹ dᵻmændɪŋ ðɐn ɪt niːdz tə biː ",0
"ðoʊ ɪt læks ðɪ ʌɾɚɹ ɐθɔːɹɪɾi əvə ʒɑːnɹə dʒɛm , ðɛɹ ɛs ɐ sɜːʔn̩ ɹoʊbʌstnəs tə ðɪs ɛŋɡeɪdʒɪŋ mɪks ʌv lʌv ænd blʌdlɪɾɪŋ ",1
ɪt ɛs tʌtʃɪŋ ænd tɛndɚɹ ænd pɹuːvz ðæt iːvən ɪn sɑːɹoʊ juː kæn faɪnd hjuːmɚ ,1
kəlæpsᵻz æftɚ θɜːɾi mɪnɪts ɪntʊ ɐ slæp hæpi sɪɹiz ʌv ædəlɛsənt vaɪələns ,0
ɐ spɪfi ænɪmeɪɾᵻd fiːtʃɚɹ ɐbaʊt ɐn ʌnɹuːli ædəlɛsənt bɔɪ huː ɪz jɜːnɪŋ fɔːɹ ɐdvɛntʃɚ ænd ɐ tʃæns tə pɹuːv hɪz wɜːθ ,1
"peɪn kɑːnstɹʌkts ɐ hɪlɛɹiəs oʊd tə mɪdəl ɐmɛɹɪkə ænd mɪdəl eɪdʒ wɪð ðɪs ʌnlaɪkli ɑːdɪsi , fiːtʃɚɹɪŋ ɐ pɐθɛɾɪk , ɛndɪɹɪŋ hiəɹoʊ huː ɪz ɔːl tuː hjuːmən ",1
"ɐ sɚpɹaɪzɪŋli flæt ɹᵻtɹɛd , hɑːbəld baɪ hæf beɪkt sɛɾʌps ænd slʌɡɪʃ peɪsɪŋ ",0
"fɪɹs , ɡlɛɹɪŋ ænd ʌnfɚɡɛɾəbəl ",1
ðə fɪlm dʌz ɛnt ʃoʊ ɪnʌf ʌvðə kɹiːeɪɾɪv pɹɑːsɛs ɔːɹ iːvən ʌv wʌt wʌz kɹiːeɪɾᵻd fɚðə nɑːn fæn tə fɪɡjɚɹ aʊt wʌt meɪks wɪlkoʊ ɐ bɪɡ diːl ,0
"ðɛɹɑːɹ læfs ɐplɛnti , ænd , æz ɐ boʊnəs , vjuːɚz duː ɛnt hæv tə wʌɹi ɐbaʊt biːɪŋ sʌbdʒɛktᵻd tə fɑːɹts , jʊɹɹɪn , fiːsᵻz , siːmən , ɔːɹ ɛni ʌvðɪ ʌðɚ faʊl sʌbstənsᵻz ðæt hæv oʊvɚɹʌn mɑːdɚn deɪ kɑːmədiz ",1
ɐ lɑːt moːɹ dᵻmɛnʃənəl ænd kɑːmplɛks ðɐn ɪts sʌni dɪspəzɪʃən wʊd liːd juː tə bᵻliːv ,1
mɪlɚ hɐz kɹæftᵻd ɐn ɪntɹiːɡɪŋ stoːɹi ʌv mətɜːnəl ɪnstɪŋkts ænd mɪsɡaɪdᵻd ækts ʌv ɐfɛkʃən ,1
"sʌmtaɪmz ðɛɹɑːɹ vɛɹi , vɛɹi ɡʊd ɹiːzənz fɔːɹ sɜːʔn̩ muːvɪz təbi siːld ɪn ɐ dʒɑːɹ ænd lɛft ɔn ɐ ɹᵻmoʊt ʃɛlf ɪndɛfɪnətli ",0
ɐn ɪnstəntli fɚɡɛɾəbəl snoʊ ænd stʌntwɜːk ɛkstɹævəɡænzə ðæt laɪkli wɪl biː ʌpsteɪdʒd baɪ ɐn ævəlænʃ ʌv moːɹ ɐpiːlɪŋ hɑːlɪdeɪ siːzən pɹɑːdʌkt ,0
"sʌm muːvɪz sʌk juː ɪn dᵻspaɪt ðɛɹ flɔːz , ænd hɛvən ɪz wʌn sʌtʃ biːst ",1
"wɪð ɐ spaɪ kɪdz siːkwəl oʊpənɪŋ nɛkst wiːk , waɪ bɑːðɚ wɪð ɐ kəntɛmptᵻbəl ɪmᵻteɪɾɚ stɑːɹɹɪŋ ɐ ɛsɛnɛl hɐzbɪn æktɪŋ laɪk ɐn eɪt jɪɹ oʊld tʃænəlɪŋ ɹɑːbɚtoʊ bᵻnɪɡni ? ",0
"mʌdəld , mɛlədɹɐmæɾɪk pæɹənoːɹməl ɹoʊmæns ɪz ɐn ɔːl taɪm loʊ fɔːɹ kɛvɪn kɔstnɚ ",0
"ɪn ɐ sʌmɚɹ ʌv kloʊnz , hɑːɹvɚd mæn ɪz sʌmθɪŋ ɹɛɹ ænd ɹɪvɪɾɪŋ ɐ waɪld ɹaɪd ðæt ɹᵻlaɪz ɔn moːɹ ðɐn spɛʃəl ɪfɛkts ",1
soʊ ɚɹɪdʒɪnəl ɪn ɪts beɪs kɑːnsɛpt ðæt juː kæn nɑːt hɛlp bʌt ɡɛt kɔːt ʌp ,1
"bʌt iːvən ðɛn , aɪ diː ɹɛkəmɛnd weɪɾɪŋ fɔːɹ diːviːdiː ænd dʒʌst skɪpɪŋ stɹeɪt tə hɜː siːnz ",0
ðɪs nuː ziːlənd kʌmɪŋ ʌv eɪdʒ muːvi ɪz ɛnt ɹiəli ɐbaʊt ɛnɪθɪŋ ,0
kwɪɾɪŋ ɔfɚz pɪɹsɪŋ dəmɛstɪk dɹɑːmə wɪð spaɪks ʌv slaɪ hjuːmɚ ,1
mɑːmɐ æfɹɪkə pɹɪɾi mʌtʃ dᵻlɪvɚz ɔn ðæt pɹɑːmɪs ,1
"wiː heɪt ɛlɑːɹbiː mɐdɑːnə ɑːɹɹɑːɹbiː wɪðɪn ðə fɪlm ɛs fɜːst faɪv mɪnɪts , ænd ʃiː læks ðə skɪl ɔːɹ pɹɛzəns tə ɹᵻɡeɪn ɛni ɡɹaʊnd ",0
mʌtʃ smɑːɹɾɚ ænd moːɹ ɐtɛntɪv ðɐn ɪt fɜːst sɛts aʊt tə biː ,1
wʌn ɹᵻɡɑːɹdz ɹeɪn ʌv faɪɚ wɪð ɔː ,1
"ɪt ɛs tʌf tə tɛl wɪtʃ ɪz ɪn moːɹ ɐbʌndənt səplaɪ ɪn ðɪs woʊfəli hæknid muːvi , dᵻɹɛktᵻd baɪ skɑːt kælvɜːt , ɐbaʊt stɹiːt ɡæŋz ænd tɜːf wɔːɹz ɪn naɪntiːnhʌndɹɪd fɪfti eɪt bɹʊklɪn steɪl kliːʃeɪᵻz , ɡɹætuːɪɾəs vaɪələns , ɔːɹ ɛmpti mɐtʃɪzmoʊ ",0
"ðə stoːɹi ɪz ɔːlsoʊ æz ʌnɚɹɪdʒɪnəl æz ðeɪ kʌm , ɔːlɹɛdi hævɪŋ bɪn ɹᵻsaɪkəld moːɹ taɪmz ðɐn aɪ diː kɛɹ tə kaʊnt ",0
"juː viː ɔːlɹɛdi siːn sɪɾi baɪ ðə siː ʌndɚɹ ɐ vɚɹaɪəɾi ʌv taɪɾəlz , bʌt ɪt ɛs wɜːθ jɛt ɐnʌðɚ vɪzɪt ",1
"ɪn wʌn siːn , wiː ɡɛt ɐ stæb æt sɑːkɚ huːlɪɡənɪzəm , ɐ dʌbəl bæɹəld ɹɪp ɔf ʌv kwɛntɪn tæɹɐntiːnoʊ ɛs klaɪmæktɪk ʃuːɾaʊt ænd miːt loʊf ɛksploʊdz ",0
"ɪz ðə kaɪnd ʌv muːvi ðæt ɛs kɹɪɾɪk pɹuːf , sɪmpli bɪkʌz ɪɾ eɪmz soʊ loʊ ",0
"tə ðə sɪvəlaɪzd maɪnd , ɐ muːvi laɪk bɐlɪstɪk ɛks viːɛs sɛvɚɹ ɪz moːɹ əvən ɔːɹdiəl ðænən ɐmjuːzmənt ",0
ɐ dɪfɹənt muːvi sʌmtaɪmz tiːdiəs baɪ ɐ dᵻɹɛktɚ mɛni vjuːɚz wʊd laɪk tə skɪp bʌt fɪlm bʌfs ʃʊd ɡɛt tə noʊ ,1
"maɪ pɹɛʃəs nuː stɑːɹ wɔːɹz muːvi ɪz ɐ lʌmbɚɹɪŋ , wiːzi dɹæɡ ",0
"ɐ dʌl , sɪmpəl maɪndᵻd ænd stɛɹɪoʊtɪpɪkəl teɪl ʌv dɹʌɡz , dɛθ ænd maɪnd nʌmɪŋ ɪndɪfɹəns ɔnðɪ ɪnɚ sɪɾi stɹiːts ",0
θɹoʊ smuːtʃi fɹʌmðə tɹeɪn ! ,0
ɐn ɔːltɜːnətli ɹɔːkəs ænd sæpi ɛθnɪk sɪtkɑːm juː diː biː waɪz tə sɛnd jʊɹ ɹᵻɡɹɛts ,0
nʌn ʌv ðɪs ɪz hæf æz muːvɪŋ æz ðə fɪlmeɪkɚz siːm tə θɪŋk ,0
"ðə hiːdləs ɪmpɛtʃuːəsnəs ʌv juːθ ɪz ɔn fʊl , ɪɹᵻteɪɾɪŋ dɪspleɪ ɪn ɛlɑːɹbiː ðɪs ɑːɹɹɑːɹbiː miːændɚɹɪŋ ænd pɔɪntləs fɹɛntʃ kʌmɪŋ ʌv eɪdʒ ɪmpoːɹt fɹʌm ɹaɪɾɚ dᵻɹɛktɚɹ æn soʊfi bɪɹɑːt ",0
"ɐ loʊ bʌdʒɪt ɐfɛɹ , tædpoʊl wʌz ʃɑːt ɔn dɪdʒɪɾəl vɪdɪoʊ , ænd ðɪ ɪmɪdʒᵻz ɔfən lʊk smɪɹi ænd blɜːɹi , tə ðə pɔɪnt ʌv dɪstɹækʃən ",0
ɜːwɪn ɪz soʊ ɜːnɪst ðɐɾɪt ɛs hɑːɹd tə ɹᵻzɪst hɪz pliːz tə spɛɹ waɪldlaɪf ænd ɹᵻspɛkt ðɛɹ ɛnvaɪɹənz ,1
"ɐ mɪɹækjʊləs muːvi , aɪ ɛm ɡoʊɪŋ hoʊm ɪz soʊ slaɪt , jɛt oʊvɚfloʊz wɪð wɪzdəm ænd ɪmoʊʃən ",1
ðə stoːɹi ɛs pɐθɛɾɪk ænd ðə ɡæɡz ɑːɹ pjuːɹəl ,0
"ʃoʊtaɪm ɪz ɛnt pɚtɪkjʊlɚli ɐsɔltɪv , bʌt ɪt kæn stɪl meɪk juː fiːl ðæt juː nɛvɚ wɔnt tə siː ɐnʌðɚ kɑːɹ tʃeɪs , ɛksploʊʒən ɔːɹ ɡʌnfaɪt ɐɡɛn ",0
baɪ ðə faɪnəl wɪsəl juː ɹiː kənvɪnst ðæt ðɪs miːn məʃiːn wʌzɐ diːsənt tiːviː aʊɾɪŋ ðæt dʒʌst dʌz ɛnt hæv bɪɡ skɹiːn mædʒɪk ,0
"fɜːst , fɚɹə muːvi ðæt tɹaɪz təbi smɑːɹt , ɪt ɛs kaɪndə dʌm ",0
ænd piːpəl meɪk fʌn ʌv miː fɔːɹ laɪkɪŋ ʃoʊɡɜːlz ,0
ðə stoːɹi sɪmpli pʊɾɚz ɐlɔŋ lʊkɪŋ fɔːɹ ɐstuːt ɑːbzɚveɪʃənz ænd kʌmɪŋ ʌp blæŋk ,0
"ɪt hɐz ɐ kæfɪneɪɾᵻd , slɑːpi bɹɪliəns , spɑːɹklɪŋ wɪð aɪdiəz juː wɪʃ hɐdbɪn dɪvɛləpt wɪð moːɹ kɛɹ , bʌt ænɪmeɪɾᵻd baɪ ɐn ɛnɚdʒi ðæt pʊts ðə duːɾifəl ɛfɚts ʌv moːɹ dɪsɪplɪnd ɡɹeɪd ɡɹʌbɚz tə ʃeɪm ",1
"ɪf juː ɹiː nɑːt diːpli tʌtʃt baɪ ðɪs muːvi , tʃɛk jʊɹ pʌls ",1
"wɛðɚɹ ɪt ɛs ðə wɜːst muːvi ʌv tuː θaʊzənd tuː , aɪ kɑː ɛnt seɪ fɔːɹ ʃʊɹ mɛmɚɹiz ʌv ɹoʊlɚbɔːl hæv feɪdᵻd , ænd aɪ skɪpt kʌntɹi bɛɹz ",0
"tʃɪldɹən , kɹɪstʃən ɔːɹ ʌðɚwaɪz , dɪzɜːv tə hɪɹ ðə fʊl stoːɹi ʌv dʒoʊnə ɛs dᵻspɛɹ ɪn ɔːl ɪts æɡənaɪzɪŋ , kætʃ twɛnti tuː ɡloːɹi iːvən ɪf ðeɪ spɛnd jɪɹz tɹaɪɪŋ tə kɑːmpɹihɛnd ɪt ",1
"muːtʃiːnoʊ , huː dᵻɹɛktᵻd fɹʌm hɪz oʊn skɹiːnpleɪ , ɪz ɐ kæni kɹaʊd pliːzɚ , ænd ðə læst kɪs pɹəvaɪdz moːɹ ðɐn ɪnʌf sɛntɪmɛntəl kæθɑːɹsɪs fɚɹə sæɾɪsfaɪɪŋ iːvnɪŋ æt ðə mʌltɪplɛks ",1
hɐz ɐ sɑːlɪd ɪmoʊʃənəl ɪmpækt ,1
"dɑːɡtaʊn ɪz hɑːloʊ , sɛlf ɪndʌldʒənt , ænd wɜːst ʌv ɔːl boːɹɪŋ ",0
ðə swiːɾɪst θɪŋ liːvz ɐ bɪɾɚ teɪst ,0
wʌn ʌv ðoʊz fɪlmz ðæt siːmz teɪlɚ meɪd tʊ ɛɹ ɔn peɪ keɪbəl tʊ ɔfɚ sʌm mɑːdɪst ɐmjuːzmənts wɛn wʌn hɐz nʌθɪŋ ɛls tə wɑːtʃ ,0
"hɐz ɪnʌf wɪt , ɛnɚdʒi ænd dʒiːnɪælᵻɾi tə pliːz nɑːt oʊnli ðə fɐnæɾɪkəl ɐdhɪɹənts ɔn iːðɚ saɪd , bʌt ɔːlsoʊ piːpəl huː noʊ nʌθɪŋ ɐbaʊt ðə sʌbdʒɛkt ænd θɪŋk ðeɪ ɹiː nɑːt ɪntɹɛstᵻd ",1
lɔːɹəns ʃʊd stɪk tə hɪz deɪ dʒɑːb ,0
baɪ tɜːnz nʌmɪŋli dʌl wɪɾᵻd ænd dɪskwaɪəɾɪŋli kɹiːpi ,0
"baɪ ɪz ɐn ɐkɑːmplɪʃt æktɹəs , ænd ðɪs ɪz ɐ bɪɡ , dʒuːsi ɹoʊl ",1
meɪd ɪn mænhæʔn̩ pɹuːvz ðɐɾɪt ɛs iːziɚ tə tʃeɪndʒ ðə ʃiːts ðɐn tə tʃeɪndʒ hæknid kɑːnsɛpts wɛn ɪt kʌmz tə dɹiːmɪŋ ʌp ɹoʊmæntɪk kɑːmədiz ,0
"θɔːt pɹəvoʊkɪŋ ænd staɪlɪʃ , ɪf ɔːlsoʊ sʌmwʌt hɜːmɛɾɪk ",1
ɐ klɛvɚli kɹæftᵻd bʌt ʌltᵻmətli hɑːloʊ mɑːkjuːmɛntɚɹi ,0
"dʒækɑːt hɐz fɪlmd ðɪ ɑːpɚɹə ɛɡzæktli æz ðə lɪbɹɛɾoʊ dᵻɹɛkts , aɪdiəli kæptʃɚɹɪŋ ðɪ ɑːpɚɹə ɛs dɹɑːmə ænd lɪɹɪsɪzəm ",1
"ðə mɪzɚɹi ʌv ðiːz piːpəl bɪkʌmz dʒʌst ɐnʌðɚ vɔɪjuːɹɪstɪk spɛktəkəl , təbi kənsuːmd ænd fɚɡɑːʔn̩ ",0
"fɹʌm ɐ dᵻsɛptɪvli sɪmpəl pɹɛmɪs , ðɪs diːpli muːvɪŋ fɹɛntʃ dɹɑːmə dɪvɛləps ɐ stɑːɹɾəlɪŋ stoːɹi ðæt wɜːks boʊθ æz ɐ diːteɪld pɜːsənəl poːɹtɹɪt ænd æz ɐ ɹæðɚ fɹaɪʔn̩ɪŋ ɛɡzæmᵻneɪʃən ʌv mɑːdɚn taɪmz ",1
"ʌnɛkspɛktᵻd , ænd ɔfən kɑːntɹədɪktɚɹi , tɹuːθs ɪmɜːdʒ ",1
hɐz ðə keɪpəbɪlᵻɾi ʌv ɪfɛktɪŋ tʃeɪndʒ ænd ɪnspaɪɚɹɪŋ hoʊp ,1
"iːvən ɪf juː ɹiː ɐn ɛlvɪs pɜːsən , juː woʊ ɛnt faɪnd ɛnɪθɪŋ tə ɡɛt ɛksaɪɾᵻd ɐbaʊt ɔn ðɪs diːviːdiː ",0
təɡɛðɚ ɹaɪɾɚ dᵻɹɛktɚ dæni vɛɹiːt ɛs θɹiː teɪlz kəmpɹaɪz ɐ paʊɚfəl ænd ɹiːzənəbli fʊlfɪlɪŋ ɡəʃtɑːlt ,1
"ɹaɪɾɚ dᵻɹɛktɚ wɔltɚ hɪl ɪz ɪn hɪz haɪpɚmæskjʊlɪn ɛlɪmənt hɪɹ , wʌns ɐɡɛn eɪbəl tʊ ɪndʒɛkt sʌm ɹiːəl vaɪtælᵻɾi ænd iːvən ɑːɹt ɪntʊ ɐ pʌlpi kɑːnsɛpt ðæt , ɪn mɛni ʌðɚ hændz wʊd biː kəmpliːtli fɚɡɛɾəbəl ",1
"ɡoʊldbɑːkɚ dɹɔːz ɔn ɐn ɛlɪɡənt vɪʒuːəl sɛns ænd ɐ tælənt fɔːɹ iːzi , sᵻdʌktɪv peɪsɪŋ bʌt ʃiː ænd ɹaɪɾɪŋ pɑːɹtnɚ lɔːɹəns kɔːɹɪæt duː ɛnt mænɪdʒ ɐn iːkwəli əʃʊɹd næɹətɪv kɔɪnɪdʒ ",1
ðə skɹɪpt ɪz smɑːɹt ænd dɑːɹk hælᵻluːjə fɔːɹ smɔːl feɪvɚz ,1
"iːvən ðoʊ wiː noʊ ðɪ aʊtkʌm , ðə siːsɔːɪŋ ʌvðə dʒɛnɚɹəl ɛs feɪt ɪnðɪ ɑːɹɡjuːmənts ʌv kəmpiːɾɪŋ lɔɪɚz hɐz ðə stʌmək nɑːɾɪŋ səspɛns əvə liːɡəl θɹɪlɚ , waɪl ðə tɛstᵻməni ʌv wɪtnəsᵻz lɛndz ðə fɪlm ɐ ɹɛzənənt ʌndɚtoʊn ʌv tɹædʒədi ",1
"juː ɹiː nɑːt mɪɹli wɑːtʃɪŋ hɪstɚɹi , juː ɹiː ɛŋɡʌlft baɪ ɪt ",1
aɪ æm moːɹ əfɛndᵻd baɪ hɪz læk ʌv feɪθ ɪn hɪz ɔːdiəns ðɐn baɪ ɛnɪθɪŋ ɔn dɪspleɪ hɪɹ ,0
wiː ɹiː dɹɔːn ɪn baɪ ðə dɑːɹk lʌstɚ ,1
ðə dɑːɹkɚɹ ɛlɪmənts ʌv mɪsɑːdʒɪni ænd ʌnpɹəvoʊkt vaɪələns sʌfəkeɪt ðɪ ɪluːmᵻneɪʃən kɹiːeɪɾᵻd baɪ ðə tuː dɔːɾɚz ænd ðə spɑːɹs ɪnstənsᵻz ʌv hjuːmɚ mɛnt tə ʃaɪn θɹuː ðə ɡluːmi fɪlm nwɑːɹ veɪl ,0
ɪt ɛs nɑːɾə ɡɹeɪt mɔnstɚ muːvi ,0
"ɪt ɛs ɐ lʌvli , sæd dæns haɪlaɪɾᵻd baɪ kwæn ɛs juːniːk dᵻɹɛktɪŋ staɪl ",1
ɪt ɛs soʊ daʊnbiːt ænd nɪɹli hjuːmɚləs ðɐɾɪt bɪkʌmz ɐ tʃoːɹ tə sɪt θɹuː dᵻspaɪt sʌm fɜːst ɹeɪt pɚfoːɹmənsᵻz baɪ ɪts liːd ,0
ðɪ ɔːl fɹɛntʃ kæst ɪz mɑːɹveɪluː ,1
"ɪf ðə taɪɾəl ɪz ɐ dʒɛpɚdi kwɛstʃən , ðɛn ðɪ ænsɚ maɪt biː haʊ dʌz stiːvən siːɡəl kʌm əkɹɑːs ðiːz deɪz ? ",0
"ðɪ ɛmpɚɹɚ ɛs klʌb , ɹuːθləs ɪn ɪts oʊn plæsɪd weɪ , faɪndz wʌn ʌv aʊɚ moʊst kənsɜːvətɪv ænd haɪdbaʊnd muːvi meɪkɪŋ tɹɐdɪʃənz ænd ɡɪvz ɪt nuː tɛkstʃɚ , nuː ɹɛlᵻvəns , nuː ɹɪælᵻɾi ",1
ðæt stɔːɹɪtɛlɪŋ hɐz væljuː kæn nɑːt biː dᵻnaɪd ,1
ðə hoʊl θɪŋ kʌmz ɔf laɪk ɐ pɚtɪkjʊlɚli æmətʃɚɹɪʃ ɛpɪsoʊd ʌv bᵻwɪtʃt ðæt teɪks pleɪs dʊɹɹɪŋ spɹɪŋ bɹeɪk ,0
ɪt ɛs hɑːɹd tə bᵻliːv ðæt sʌmθɪŋ soʊ ʃɔːɹt kʊd biː soʊ flæbi ,0
"ɪɾ ɪstæblɪʃᵻz ɪts ɑːmɪnəs muːd ænd tɛnʃən swɪftli , ænd ɪf ðə səspɛns nɛvɚ ɹaɪzᵻz tʊ ɐ haɪɚ lɛvəl , ɪɾ ɪz nɛvɚðəlɛs meɪnteɪnd θɹuːaʊt ",1
sɑːlɑːndz meɪ wɛl biː ðɪ oʊnli wʌn læfɪŋ æt hɪz oʊn dʒoʊk ,0
"diːp ɪntɛlɪdʒəns ænd ɐ wɔːɹm , ɛnvɛləpɪŋ ɐfɛkʃən bɹiːð aʊɾəv ɛvɹi fɹeɪm ",1
"swɪŋɪŋ , ðə fɪlm meɪks ɪt siːm , ɪz nɑːɾə hɑːbi ðæt ɐtɹækts ðə jʌŋ ænd fɪt ",0
ðɛɹ ɛs ɐ ɹiːzən waɪ hæftaɪm ɪz oʊnli fɪftiːn mɪnɪts lɔŋ ,0
"waɪndz ʌp biːɪŋ boʊθ ɹɛvɪlətoːɹi ænd nɑːɹsɪsɪstɪk , ɐtʃiːvɪŋ sʌm ɑːnɪst ɪnsaɪt ɪntʊ ɹᵻleɪʃənʃɪps ðæt moʊst haɪ kɑːnsɛpt fɪlmz kændi koʊt wɪð pæt stoːɹilaɪnz , pɹɛʃəs sɜːkəmstænsᵻz ænd bjuːɾifəl stɑːɹz ",1
"ɪn ɪts oʊn flaʊndɚɹɪŋ weɪ , ɪt ɡɛts tə juː ",1
"bᵻhaɪnd ðə ɡlɪts , hɑːliwʊd ɪz soːɹdɪd ænd dɪsɡʌstɪŋ ",0
"ðɪs maɪld mænɚd fɑːɹs , dᵻɹɛktᵻd baɪ wʌn ʌv ɪts ɹaɪɾɚz , dʒɑːn siː wɔlʃ , ɪz kɔːɹni ɪn ɐ weɪ ðæt bᵻspiːks ɐn ɛkspɚɹeɪʃən deɪt pæst ɐ lɔŋ taɪm ɐɡoʊ ",0
"wɪð vɛɹi lɪɾəl tʊ æd bᵻjɔnd ðə dɑːɹk vɪʒənz ɔːlɹɛdi ɹiːleɪd baɪ suːpɜːb ɹiːsənt pɹɛdᵻsɛsɚz laɪk swɪmɪŋ wɪð ʃɑːɹks ænd ðə pleɪɚ , ðɪs leɪɾɪst skjuːɚɹɪŋ meɪ pʊt ɔf ɪnsaɪdɚz ænd aʊtsaɪdɚz ɐlaɪk ",0
sɪɡnɪfɪkəntli bɛɾɚ ðɐn ɪts tuː θaʊzənd tuː tʃɪldɹən ɛs muːvi kɑːmpətɪʃən ,1
ðɪs ɪz ɐn ɛlɪɡəntli bælənst muːvi ɛvɹi mɛmbɚɹ ʌvðɪ ɑːnsɑːmbəl hɐz sʌmθɪŋ fæsᵻneɪɾɪŋ tə duː ðæt dʌz ɛnt ɹᵻviːl iːvən ɐ hɪnt ʌv ɑːɹɾɪfɪs ,1
kɑːks kɹiːeɪts ɐ fluːɪd ænd mɛsmɚɹaɪzɪŋ siːkwəns ʌv ɪmɪdʒᵻz tə mætʃ ðə wɜːdz ʌv nɪdʒɪnski ɛs daɪɚɹiz ,1
"wɪððɪ ɛksɛpʃən ʌv məkoʊɪst , ðə pleɪɚz duː ɛnt hæv ɐ kluː ɔnðə pɑːɹk ",0
noʊ ɐmaʊnt ʌv ɡʊd æktɪŋ ɪz ɪnʌf tə seɪv oʊlɪændɚ ɛs ʌnɪnspaɪɚd stoːɹi ,0
ɛvɹɪwʌn ɛs tə bleɪm hɪɹ ,0
ɪvoʊks ðə naɪntiːnθ sɛntʃɚɹi wɪð ɐ sʌɾəlɾi ðæt ɪz ɐn ɑːbdʒɛkt lɛsən ɪn piəɹɪəd fɪlmeɪkɪŋ ,1
"ɐn ɑːd , hæphæzɚd , ænd ɪŋkɑːnsɪkwɛnʃəl ɹoʊmæntɪk kɑːmədi ",0
ɐnʌðɚɹ ɛɡzæmpəl ʌv haʊ sændlɚɹ ɪz luːzɪŋ hɪz tʌtʃ ,0
"ɐn ɔːfəl lɑːt laɪk wʌn ʌv ɛlɑːɹbiː spɪɹz ɑːɹɹɑːɹbiː mjuːzɪk vɪdɪoʊz ɪn kɑːntɛnt ɛksɛpt ðɐɾɪt ɡoʊz ɔn fɔːɹ æt liːst naɪnti moːɹ mɪnɪts ænd , wɜːs , ðæt juː hæv tə peɪ ɪf juː wɔnt tə siː ɪt ",0
steɪl ænd klɪx diː tʊ ɐ fɔlt ,0
bɪlt ɔnðə pɹɛmɪs ðæt mɪdəl klæs ɑːɹkənsɔː kənsɪsts ʌv mɔnstɚ tɹʌk lʌvɪŋ ɡʊd ɑːl bɔɪz ænd pəɹɑːksaɪd blɑːnd hʌniz huːz wɜːldli nɑːlɪdʒ kʌmz fɹʌm tiːviː ɹᵻɹʌnz ænd suːpɚmɑːɹkɪt tæblɔɪdz ,0
zɛlwɛdʒɚ ɛs waɪni paʊɾi lɪpt puːf feɪsd ænd spɪndli ɐtɛmpt æt pleɪɪŋ ɐn ɪndʒɛnuː meɪks hɜː nɑːmᵻneɪʃən æz bɛst æktɹəs iːvən moːɹ əvə ɐn eɪ ,0
"hɑːləfsənɚ ɹᵻdʒɛkts pæʔn̩t səluːʃənz tə dɹæmɐtaɪz laɪf ɛs mɛsɪnəs fɹʌm ɪnsaɪd aʊt , ɪn ɔːl ɪts stɹeɪndʒ kwɜːks ",1
aɪ stɪl wɔnt maɪ mʌni bæk ,0
"noʊwʌn ɪnvɑːlvd , seɪv dæʃ , ʃoʊz ðə slaɪɾɪst æptɪtuːd fɔːɹ æktɪŋ , ænd ðə skɹɪpt , kɹɛdɪɾᵻd tə dᵻɹɛktɚɹ æbdʊl mælɪk æbət ænd ɜːnɪst tɹɑːn ændɚsən , siːmz ɛntaɪɚli ɪmpɹəvaɪzd ",0
ɪt ɛs ðə kaɪnd ʌv ɪfɛktɪvli kɹiːpi skɛɹi θɹɪlɚ ðæt hɐz juː fɪkseɪɾɪŋ ɔn ɐ fɑːɹ kɔːɹnɚɹ ʌvðə skɹiːn æt taɪmz bɪkʌz jʊɹ nɜːvz dʒʌst kɑː ɛnt teɪk ɪɾ ɛni moːɹ ,1
"næɹətɪvli , tɹʌbəl ɛvɹi deɪ ɪz ɐ plɑːdɪŋ mɛs ",0
wɛl dʌn suːpɚnætʃɚɹəl θɹɪlɚ wɪð kiːn ɪnsaɪts ɪntʊ pæɹəsaɪkəlɑːdʒɪkəl fɪnɑːmɪnə ænd ðə soʊlfəl nuːɑːnsᵻz ʌvðə ɡɹiːvɪŋ pɹɑːsɛs ,1
"ɪf ðɛɹ ɛs noʊ ɑːɹt hɪɹ , ɪt ɛs stɪl ɐ ɡʊd jɑːɹn wɪtʃ ɪz nʌθɪŋ tə sniːz æt ðiːz deɪz ",1
ðə kjuːmjʊlətɪv ɪfɛkt ʌv wɑːtʃɪŋ ðɪs sɪksti faɪv mɪnɪt tɹaɪfəl ɪz ɹæðɚ laɪk biːɪŋ tɹæpt waɪl sʌm wɪɹd ɹɛlətɪv tɹɑːts aʊt ðə vɪdɪoʊ hiː tʊk ʌvðə fæmɪli veɪkeɪʃən tə stoʊnhɛndʒ ,0
ɪts ʃɪɹ daɪnɐmɪzəm ɪz ɪnfɛkʃəs ,1
"ðə fɪlm ɪz ɹiːzənəbli ɛntɚteɪnɪŋ , ðoʊ ɪt bɪɡɪnz tə dɹæɡ tuː θɜːdz θɹuː , wɛn ðə mɛlədɹɐmæɾɪk æspɛkts stɑːɹt tʊ oʊvɚteɪk ðə kɑːmədi ",1
"saɪməlteɪniəsli hɑːɹt bɹeɪkɪŋ ænd vɛɹi fʌni , ðə læst kɪs ɪz ɹiəli ɔːl ɐbaʊt pɚfoːɹmənsᵻz ",1
stɑːɹt ɹiːdɪŋ jʊɹ skɹɪpts bᵻfoːɹ saɪnɪŋ ðæt dɑːɾᵻd laɪn ,0
dʒæksən ænd koʊ hæv bɹɔːt bæk ðə væljuː ænd ɹᵻspɛkt fɚðə tɜːm ɛpɪk sɪnəmə ,1
ɐ pɐθɛɾɪkli ɪneɪn ænd ʌnɪmædʒɪnətɪv kɹɔs bᵻtwiːn ɛksɛksɛks ænd vɜːɾɪkəl lɪmɪt ,0
"mæks poʊks , pɹəvoʊks , teɪks ɛkspɹɛʃənɪstɪk laɪsəns ænd hɪts ɐ nɜːv æz fɑːɹ æz ɑːɹt ɪz kənsɜːnd , ɪt ɛs mɪʃən ɐkɑːmplɪʃt ",1
"ðə paʊɚɹ ʌv ʃæŋhaɪ ɡɛɾoʊ , ɐ dɑːkjuːmɛntɚɹi baɪ deɪnə dʒæŋkloʊvɪtʃ mæn ænd æmɪɹ mæn , ɹɛsts ɪnðə vɔɪsᵻz ʌv mɛn ænd wɪmɪn , naʊ ɪn ðɛɹ sɛvənti z , huː lɪvd ðɛɹ ɪnðə naɪntiːnhʌndɹɪd foːɹɾi z ",1
"pʌntʃ dɹʌŋk lʌv ɪz soʊ kənvɪnst ʌv ɪts oʊn bɹɪliəns ðæt , ɪf ɪt wɜːɹ ɐ pɜːsən , juː diː wɔnt tə smæʃ ɪts feɪs ɪn ",0
ɐ sɛntɪmɛntəl mɛs ðæt nɛvɚ ɹɪŋz tɹuː ,0
ɐ fæsᵻneɪɾɪŋ keɪs stʌdi ʌv flaʊɚ paʊɚ lɪbɚɹeɪʃən ænd ðə pɹaɪs ðæt wʌz peɪd fɔːɹ ɪt ,1
"ɛlɑːɹbiː dʒeɪni ɑːɹɹɑːɹbiː fɚɡɛts ɐbaʊt hɜːɹ ʌðɚɹ ɑːblɪɡeɪʃənz , liːdɪŋ tʊ ɐ tɹædʒədi wɪtʃ ɪz sʌmhaʊ ɡɛsəbəl fɹʌmðə fɜːst fjuː mɪnɪts , meɪbiː bɪkʌz ɪɾ ɛkoʊz ðə baɪ naʊ ɪntɑːlɚɹəbəl mɔːɹbɪdᵻɾi ʌv soʊ mɛni ɹiːsənt muːvɪz ",0
"ðɪ oʊnli pɹɑːbləm ɪz ðæt , baɪ ðɪ ɛnd , noʊwʌn ɪnðɪ ɔːdiəns ɔːɹ ðə fɪlm siːmz tə ɹiəli kɛɹ ",0
ɐ fɪlm wɪðaʊt sɚpɹaɪz ɡɪɹd təwɔːɹd mæksɪməm kʌmfɚt ænd fəmɪliæɹᵻɾi ,0
ɔːlðoʊ ðɪs aɪdiə ɪz nuː ðə ɹɪzʌlts ɑːɹ taɪɚd ,0
"ɹᵻmɑːɹkəbəl fɔːɹ ɪts ɛksələnt stɔːɹɪtɛlɪŋ , ɪts iːkənɑːmɪkəl , kəmpɹɛst kæɹɪktɚɹaɪzeɪʃənz ænd fɔːɹ ɪts pɹəfaʊnd hjuːmænᵻɾi , ɪt ɛs ɐn ɐdvɛntʃɚ stoːɹi ænd hɪstɚɹi lɛsən ɔːl ɪn wʌn ",1
"maɪk waɪt ɛs dɛft kɑːmbᵻneɪʃən ʌv sɪɹiəs sʌbdʒɛkt mæɾɚ ænd dɑːɹk , fʌni hjuːmɚ meɪk ðə ɡʊd ɡɜːl ɐ fɪlm wɜːθ wɑːtʃɪŋ ",1
"ɐ fɪlm ðæt wɪl biː bɛst ɐpɹiːʃɪeɪɾᵻd baɪ ðoʊz wɪlɪŋ tʊ ɛndʊɹ ɪts ɛkstɹiːmli læŋɡjuːɚɹəs ɹɪðəmz , weɪɾɪŋ fɔːɹ hæpɪnəs ɪz ʌltᵻmətli θɔːtfəl wɪðaʊt hævɪŋ mʌtʃ dɹəmæɾɪk ɪmpækt ",1
ðɪs meɪ biː ðə fɜːst kɑːɹtuːn ɛvɚ tə lʊk æz ɪf ɪt wɜː biːɪŋ ʃoʊn ɔnðə pɹədʒɛkʃən tɛlᵻvɪʒən skɹiːn əvə spoːɹts bɑːɹ ,0
"ɪt ɛs ɐ tɹiːt ɐ dᵻlaɪtfəl , wɪɾi , ɪmpɹɑːbəbəl ɹoʊmæntɪk kɑːmədi wɪð ɐ zɪpi dʒæzi skoːɹ ɡɹænt ænd bʊlək meɪk ɪt lʊk æz ðoʊ ðeɪ ɑːɹ hævɪŋ soʊ mʌtʃ fʌn ",1
"ðə tɹʌbəl ɪz , ɪts fɪlmeɪkɚz ɹʌn aʊɾəv klɛvɚɹ aɪdiəz ænd vɪʒuːəl ɡæɡz ɐbaʊt hæfweɪ θɹuː ",0
iːvən wɛn kɹʌʃ dᵻpɑːɹts fɹʌmðə foːɹ dʌbəljuː fɔːɹmjʊlə ɪt fiːlz laɪk ɐ ɡlɔsi ɹᵻhæʃ ,0
nɛɹ dʌz ɛnt tɹiːt ðɪ ɪʃuːz laɪtli ,1
ɐ kəmpɛlɪŋ moʊʃən pɪktʃɚ ðæt ɪləstɹeɪts ɐn ɐmɛɹɪkən tɹædʒədi ,1
ɪt ɛs ðæt peɪnfəl ,0
"smɑːɹt , sæsi ɪntɜːpɹɪteɪʃən ʌvðɪ ɑːskɚ waɪldə pleɪ ",1
ðɛɹ ɛs nʌθɪŋ moːɹ sæɾɪsfaɪɪŋ dʊɹɹɪŋ ɐ sʌmɚɹ ʌv ᵻvɛnt muːvɪz ðænə spaɪ θɹɪlɚ laɪk ðə boːɹn aɪdɛntᵻɾi ðæt ɛs pækt wɪð dʒʌst æz mʌtʃ ɪntɛlɪdʒəns æz ækʃən ,1
"ðoʊ ɹaɪɾɚ dᵻɹɛktɚ bɑːɹt fɹuːndlɪx ɛs fɪlm ʌltᵻmətli bɪkʌmz ɐ sɪmplɪstɪk stoːɹi ɐbaʊt ɐ dɪsfʌŋkʃənəl pɛɹənt tʃaɪld ɹᵻleɪʃənʃɪp , ɪt hɐz sʌm spɛʃəl kwɔlᵻɾiz ænd ðə soʊlfəl ɡɹævᵻɾi ʌv kɹuːdʌp ɛs æŋkɚɹɪŋ pɚfoːɹməns ",1
ðɪ ɜːli ænd mɪdəl pæsɪdʒᵻz ɑːɹ sɚpɹaɪzɪŋ ɪn haʊ mʌtʃ ðeɪ ɛŋɡeɪdʒ ænd iːvən tʌtʃ ʌs ,1
"ɛlɑːɹbiː tʃoʊ ɛs feɪs ɪz ɑːɹɹɑːɹbiː ɐn ɐmeɪzɪŋ slæpstɪk ɪnstɹəmənt , kɹiːeɪɾɪŋ ɐ skɹæpbʊk ʌv lɪvɪŋ mʌɡ ʃɑːts ",1
"ɪf ɛvɚ sʌtʃ ɐ dᵻpɛndəbəl kɑːnsɛpt wʌz bɑːtʃt ɪn ɛksɪkjuːʃən , ðɪs ɪz ɪt ",0
"hɪz ɛlɑːɹbiː nɛlsən ɛs ɑːɹɹɑːɹbiː skɹiːnpleɪ niːdz sʌm sɪɹiəs ɹiː wɜːkɪŋ tə ʃoʊ moːɹ ʌvðə dᵻlɛmə , ɹæðɚ ðɐn hæv hɪz kæɹɪktɚz steɪdʒ ʃaʊɾɪŋ mætʃᵻz ɐbaʊt ɪt ",0
tɜːmɪnəli bɹeɪn dɛd pɹədʌkʃən ,0
ɛlɑːɹbiː ɡɹænt ɑːɹɹɑːɹbiː ɡoʊz bᵻjɔnd hɪz juːʒuːəl flʌɾɚɹɪŋ ænd stæmɚɹɪŋ ænd kæptʃɚz ðə soʊl əvə mæn ɪn peɪn huː ɡɹædʒuːəli kʌmz tə ɹɛkəɡnaɪz ɪt ænd diːl wɪð ɪt ,1
ðə muːvi sʌfɚz fɹʌm tuː feɪɾəl eɪlmənts ɐ dɜːθ ʌv vaɪtælᵻɾi ænd ɐ stoːɹi ðæt ɛs ʃeɪpləs ænd ʌnɪnflɛktᵻd ,0
"bɪdʒɪloʊ hændəlz ðə nuːklɪɹ kɹaɪsɪs siːkwənsᵻz iːvənli bʌt mɪlks dɹɑːmə wɛn ʃiː ʃʊd biː bɪldɪŋ səspɛns , ænd dɹæɡz aʊt tuː mɛni siːnz təwɔːɹd ðɪ ɛnd ðæt ʃʊd muːv kwɪkli ",0
"waɪl moʊst fɪlmz ðiːz deɪz ɑːɹ ɐbaʊt nʌθɪŋ , ðɪs fɪlm siːmz təbi ɐbaʊt ɛvɹɪθɪŋ ðæt ɛs pleɪɡɪŋ ðə hjuːmən spɪɹɪt ɪn ɐ ɹɪlɛntləsli ɡloʊbəlaɪzɪŋ wɜːld ",1
"wʌn sɛnsᵻz ɪn wɜːld tɹævəlɚ ænd ɪn hɪz ɜːlɪɚ fɪlm ðæt fɹuːndlɪx bɛɹz ɐ ɡɹiːvəs bʌt əbskjʊɹ kəmpleɪnt ɐɡɛnst fɑːðɚz , ænd sɜːkəlz ɪɾ əbsɛsɪvli , wɪðaʊt meɪkɪŋ kɑːntækt ",0
wɛl mɛnt bʌt ʌnɚɹɪdʒɪnəl ,0
"ɪt ɛs ɐn ɛfɚt tə wɑːtʃ ðɪs muːvi , bʌt ɪɾ ᵻvɛntʃuːəli peɪz ɔf ænd ɪz ɪfɛktɪv ɪf juː stɪk wɪð ɪt ",1
"ɪt ɛs bɜːnz vɪʒuːəlz , kæɹɪktɚz ænd hɪz pʌntʃi daɪəlɑːɡ , nɑːt hɪz plɑːt , ðæt kæɹi weɪdaʊntaʊn ",1
"ðə ɹiːəl tɹaɪʌmfz ɪn ɪɡbi kʌm fɹʌm fᵻliːp , huː meɪks ɑːlɪvɚ fɑːɹmoːɹ ɪntɹɛstɪŋ ðɐn ðə kæɹɪktɚ ɛs laɪnz wʊd sədʒɛst , ænd sæɹændən , huː kʊd ɛnt biː bɛɾɚɹ æz ɐ kɹuːəl bʌt wɪɹdli laɪkəbəl wɑːsp meɪtɹən ",1
"ðə kwaɪət ɐmɛɹɪkən ɪz ɛnt ɐ bæd fɪlm , ɪt ɛs dʒʌst wʌn ðæt kʊd iːzili weɪt fɔːɹ jʊɹ peɪ pɜː vjuː dɑːlɚ ",0
noʊ ,0
kæpʊɹ weɪz daʊn ðə teɪl wɪð boʊɡəs pɹəfʌndᵻɾiz ,0
"maɪ bɪɡ fæt ɡɹiːk wɛdɪŋ ɪz ðæt ɹɛɹ ænɪməl noʊn æz ɐ pɜːfɛkt fæmɪli fɪlm , bɪkʌz ɪt ɛs ɐbaʊt fæmɪli ",1
"iːvən ðoʊ mɛnɪəv ðiːz ɡaɪz ɑːɹ lɛs ðɐn ɐdoːɹəbəl ɛlɑːɹbiː ðɛɹ lɐmənteɪʃənz ɑːɹ pɹɪɾi mʌtʃ sɛlf sɛntɚd ɑːɹɹɑːɹbiː , ðɛɹ ɛs sʌmθɪŋ vaɪɾəl ɐbaʊt ðə muːvi ",1
"waɪl ɪt meɪ nɑːt æd ʌp tə ðə sʌm ʌv ɪts pɑːɹts , hɑːləfsənɚ ɛs fɪlm ɔfɚz dʒʌst ɪnʌf ɪnsaɪt tə kiːp ɪt fɹʌm biːɪŋ sɪmplɪmaɪndᵻd , ænd ðɪ ɑːnsɑːmbəl kæst ɪz ɛŋɡeɪdʒɪŋ ɪnʌf tə kiːp juː fɹʌm ʃɪftɪŋ ɪn jʊɹ tʃɛɹ tuː ɔfən ",1
"ɐn ʌɡli , ɹᵻvoʊltɪŋ muːvi ",0
"ɪf juː ɑːɹ ɪntʊ splæɾɚ muːvɪz , ðɛn juː wɪl pɹɑːbəbli hæv ɐ ɹiːzənəbli ɡʊd taɪm wɪððə sɔltən siː ",1
"ðə kæɹɪktɚɹaɪzeɪʃənz ænd daɪəlɑːɡ læk dɛpθ ɔːɹ kəmplɛksᵻɾi , wɪððɪ aɪɹɑːnɪk ɛksɛpʃən ʌv skuːɾɚ ",0
"ʃæŋhaɪ ɡɛɾoʊ meɪ nɑːt biː æz dɹəmæɾɪk æz ɹoʊmən pəlænski ɛs ðə piənɪst , bʌt ɪts kəmpæʃənət spɪɹɪt soːɹz ɛvɹi bɪt æz haɪ ",1
bʌt ɪt ɛs hɑːɹdli ɐ nɛsᵻsɚɹi ɛntɚpɹaɪz ,0
"ɹætlɪf ɛs tuː pɹiːviəs taɪɾəlz , pluːtoʊniəm sɜːkəs ænd pɜːɡətoːɹi kaʊnti ʃoʊ hɪz pɛnʃənt fɔːɹ ɹaɪ , kəntɛnʃəs kənfɪɡjɚɹeɪʃənz , ænd ðɪs fɪlm ɪz pɑːɹt ʌv ðæt dɛlᵻkət kænən ",1
dɪstɪŋktli sʌb pɑːɹ moːɹ laɪkli tə dɹaʊn ɐ vjuːɚɹ ɪn boːɹdəm ðɐn tə sɛnd ɛni ʃɪvɚz daʊn hɪz spaɪn ,0
ɪt ɛs ɐ ʃeɪm ðætðə stoːɹilaɪn ænd ɪts ʌndɚlaɪɪŋ θiːmz faɪnəli siːm soʊ ɪmpɜːsənəl ɔːɹ iːvən ʃæloʊ ,0
"æz ɪt stændz , kɹɑːkədaɪl hʌntɚ hɐz ðə hɜːɹid , bædli kɑːbəld lʊk ʌvðə naɪntiːnhʌndɹɪd fɪfti naɪn ɡɑːdzɪlə , wɪtʃ kəmbaɪnd siːnz əvə dʒæpəniːz mɔnstɚ flɪk wɪð kænd ʃɑːts ʌv ɹeɪmənd bɜː kɑːmɛntɪŋ ɔnðə mɔnstɚ ɛs pæθ ʌv dᵻstɹʌkʃən ",0
liː səksiːdz ɪn dᵻlɪvɚɹɪŋ ɐ dɹəmæɾɪk slæp ɪnðə feɪs ðæt ɛs saɪməlteɪniəsli peɪnfəl ænd ɹᵻfɹɛʃɪŋ ,1
"aɪ laɪkt ðɪ ɚɹɪdʒɪnəl ʃɔːɹt stoːɹi bʌt ðɪs muːvi , iːvən æɾ ɐn aʊɚ ænd twɛnti sʌm mɪnɪts , ɪt ɛs tuː lɔŋ ænd ɪt ɡoʊz noʊwɛɹ ",0
"ɪt ɛs ðə kaɪnd ʌv ʌndɚɹ ɪnspaɪɚd , oʊvɚbloʊn ɛntɚpɹaɪz ðæt ɡɪvz hɑːliwʊd siːkwəlz ɐ bæd neɪm ",0
ðə muːvi stɑːɹts wɪð ɐ lɛdʒənd ænd ɛndz wɪð ɐ stoːɹi ðæt ɪz soʊ fɑːɹ fɛtʃt ɪt wʊd biː ɪmpɑːsᵻbəl tə bᵻliːv ɪf ɪt wɜːɹ ɛnt tɹuː ,0
ɹiəli dʌz fiːl laɪk ɐ ʃɔːɹt stɹɛtʃt aʊt tə fiːtʃɚ lɛŋθ ,0
"ɐ bɹiːzi blɛnd ʌv ɑːɹt , hɪstɚɹi , ɛsoʊtɛɹɪk mjuːzɪŋz ænd fɪlɑːsəfi ",1
"ʌnɛkspɛktᵻd moʊmənts ʌv ɔːθɛntɪkli ɪmpʌlsɪv hjuːmɚɹ ɑːɹ ðə hɔːlmɑːɹk ʌv ðɪs bɪɾɚswiːt , ʌŋkɑːmənli sɪnsɪɹ muːvi ðæt poːɹtɹeɪz ðə fɹæŋk hjuːmænᵻɾi ʌv ɪmoʊʃənəl ɹᵻkʌvɚɹi ",1
"stændz æz ɐ dɑːkjuːmənt ʌv wʌt ɪt fɛlt laɪk təbi ɐ nuː jɔːɹkɚɹ ɔːɹ , ɹiəli , təbi ɐ hjuːmən biːɪŋ ɪnðə wiːks æftɚ naɪn ɪlɛvən ",1
maɪ waɪf ɪz ɐn æktɹəs wɜːks æz wɛl æz ɪt dʌz bɪkʌz ɛlɑːɹbiː ðə liːdz ɑːɹɹɑːɹbiː ɑːɹ sʌtʃ ɐ kəmpæniənəbəl kʌpəl ,1
"ɐbaʊt ʃmɪt ɪz nɪkəlsən ɛs ɡuːfi , hɑːɹtfɛlt , mɛsmɚɹaɪzɪŋ kɪŋ lɪɹ ",1
"ɐ kɑːmədi ðæt ɪz wɔːɹm , ɪnvaɪɾɪŋ , ænd sɚpɹaɪzɪŋ ",1
"hætfiːld ænd hɪks meɪk ðɪ ɑːdɪst ʌv kʌpəlz , ænd ɪn ðɪs sɛns ðə muːvi bɪkʌmz ɐ stʌdi ʌvðə ɡæmbəlz ʌvðə pʌblɪʃɪŋ wɜːld , ɔfɚɹɪŋ ɐ keɪs stʌdi ðæt ɛɡzɪsts ɐpɑːɹt fɹʌm ɔːl ðə muːvi ɛs pəlɪɾɪkəl ɹæmɪfɪkeɪʃənz ",1
"ðə muːvi ɪz soʊ kəntɹaɪvd , nɑːnsɛnsɪkəl ænd fɔːɹmjʊleɪɪk ðæt , kʌm tə θɪŋk ʌv ɪt , ðə deɪ oʊld ʃɛlf wʊd biː ɐ moːɹ ɐpɹoʊpɹɪət loʊkeɪʃən tə stoːɹ ɪt ",0
"ðɪs sɛnsᵻtɪv , smɑːɹt , sævi , kəmpɛlɪŋ kʌmɪŋ ʌv eɪdʒ dɹɑːmə dɛlvz ɪntʊ ðə pæsɪv ɐɡɹɛsɪv saɪkɑːlədʒi ʌv koʊ dᵻpɛndəns ænd ðə stɹʌɡəl fɔːɹ sɛlf ɛstiːm ",1
"ɛnɪɡmə lʊks ɡɹeɪt , hɐz sɑːlɪd æktɪŋ ænd ɐ niːt pɹɛmɪs ",1
"ᵻvɛntʃuːəli , ðeɪ wɪl hæv ɐ ʃoʊdaʊn , bʌt , baɪ ðɛn , jʊɹ sɛnsᵻz ɑːɹ æz mʌʃi æz piːz ænd juː duː ɛnt kɛɹ huː faɪɚz ðə wɪnɪŋ ʃɑːt ",0
"æz wɔːɹm æzɪtɪz waɪz , dɛftli sɛɾɪŋ ɔf ʌpɹoːɹiəs hjuːmɚ wɪð ɐn ʌndɚlaɪɪŋ sɪɹiəsnəs ðæt sniːks ʌp ɔnðə vjuːɚ , pɹəvaɪdɪŋ ɐn ɛkspiəɹɪəns ðæt ɪz ɹɪtʃɚ ðɐn æntɪsᵻpeɪɾᵻd ",1
ɡɑːdɚd ɛs oʊd tə tæklɪŋ laɪf ɛs wʌndɚmənt ɪz ɐ ɹæmblɪŋ ænd ɪŋkoʊhɪɹənt mænɪfɛstoʊ ɐbaʊt ðə veɪɡnəs ʌv tɑːpɪkəl ɛksɛs ɪn pɹeɪz ʌv lʌv ɹᵻmeɪnz ɐ pɑːndɚɹəs ænd pɹɪtɛnʃəs ɛndɛvɚ ðæt ɛs ʌnfoʊkəst ænd tiːdiəsli ɛɡzæspɚɹeɪɾɪŋ ,0
"ðɪs ɹɛdi meɪd mɪdnaɪt muːvi pɹɑːbəbli woʊ ɛnt stænd ðə koʊld laɪt ʌv deɪ , bʌt ʌndɚ ðə ɹaɪt kəndɪʃənz , ɪt ɛs ɡuːfi ɛlɑːɹbiː ɪf nɑːt ɛntaɪɚli hoʊlsʌm ɑːɹɹɑːɹbiː fʌn ",1
"hæmpɚd noʊ , pæɹəlaɪzd baɪ ɐ sɛlf ɪndʌldʒənt skɹɪpt ðæt eɪmz fɔːɹ poʊɪtɹi ænd ɛndz ʌp saʊndɪŋ laɪk sæɾaɪɚ ",0
"ɔːlðoʊ sɛnsᵻtɪv tʊ ɐ fɔlt , ɪt ɛs ɔfən oʊvɚɹɪʔn̩ , wɪð ɐ sɜːfɪt ʌv weɪɾi ɹɛvɪleɪʃənz , flaʊɚɹi daɪəlɑːɡ , ænd nəstældʒə fɚðə pæst ænd ɹoʊdz nɑːt teɪkən ",0
"sɛvɹəl ʌnɪntɚɹəstɪŋ , ʌnlaɪkəbəl piːpəl duː bæd θɪŋz tʊ ænd wɪð iːtʃ ʌðɚɹ ɪn ʌnfeɪθfəl ",0
"ɐ loʊ ɹeɪt æni fiːtʃɚɹɪŋ sʌm kɪd huː kɑː ɛnt ækt , oʊnli ɛkoʊz ʌv dʒoːɹdən , ænd wɪɹdoʊ æktɚ kɹɪspɪn ɡlʌvɚ skɹuːɪŋ θɪŋz ʌp oʊld skuːl ",0
ðɪs vɜːʒən dʌz dʒʌstɪs boʊθ tə stiːvɛnsən ænd tə ðə saɪ faɪ ʒɑːnɹə ,1
"sɚpɹaɪzɪŋli , kənsɪdɚɹɪŋ ðæt bɛɹd ɪz ɐ fɔːɹmɚ fɪlm ɛdɪɾɚ , ðə muːvi ɪz ɹæðɚ tʃɑːpi ",0
"dᵻɹɛktɪŋ wɪð ɐ ʃʊɹ ænd mɛʒɚd hænd , ɛlɑːɹbiː heɪŋk ɑːɹɹɑːɹbiː stɪɹz klɪɹ ʌvðə sɛnseɪʃənəl ænd ɔfɚz ɪnstɛd ɐn ʌnflɪntʃɪŋ ænd ɑːbdʒɛktɪv lʊk æɾə dᵻsaɪdɪdli pɚvɜːs pæθɑːlədʒi ",1
"ɪt wʌz ɛnt ðə sʌbdʒɛkt mæɾɚ ðæt ʌltᵻmətli dᵻfiːɾᵻd ðə fɪlm ɪt wʌzðɪ ʌnfʊlfɪlɪŋ , ɪŋkɑːŋɡɹuːəs , weɪt ɐ sɛkənd , dɪd aɪ mɪs sʌmθɪŋ ? ",0
"waɪsmən ɪz peɪʃənt ænd ʌŋkɑːmpɹəmaɪzɪŋ , lɛɾɪŋ hɪz kæmɹə əbzɜːv ænd ɹɛkɚd ðə laɪvz ʌv wɪmɪn tɔːɹn ɐpɑːɹt baɪ ɐ lɛɡəsi ʌv ɐbjuːs ",1
"ɪt ɛs ɐ kəmpɛlɪŋ ænd hɔːɹɪfaɪɪŋ stoːɹi , ænd ðə læɹeɪmi pɹɑːdʒɛkt ɪz wɜːθwaɪl fɔːɹ ɹᵻmaɪndɪŋ ʌs ðæt ðɪs sɔːɹt ʌv θɪŋ dʌz , ɪn fækt , stɪl hæpən ɪn ɐmɛɹɪkə ",1
"ʌb iːkwəli spuːfs ænd sɛləbɹeɪts ðə moːɹ aʊtɹiː æspɛkts ʌv blæk kʌltʃɚ ænd ðə doːɹkiɚɹ æspɛkts ʌv waɪt kʌltʃɚ , iːvən æz ɪt pɔɪnts aʊt haʊ ɪnsɛpɚɹəbəl ðə tuː ɑːɹ ",1
"fʊl fɹʌntəl , wɪtʃ oʊpənz tədeɪ neɪʃənwaɪd , kʊd ɔːlmoʊst biː klæsᵻfaɪd æz ɐ muːvi ɪndʌstɹi sæɾaɪɚ , bʌt ɪt læks ðə dʒɛnɚɹəs ɪŋkluːsɪvnəs ðæt ɪz ðə ʒɑːnɹə ɛs dᵻfɪnɪtɪv , ɪf dɪsɪndʒɛnjuːəs , fiːtʃɚ ",0
"ʌltᵻmətli ðə muːvi ɪz tuː hɛdi fɔːɹ tʃɪldɹən , ænd tuː pɹiːki fɔːɹ ɐdʌlts ",0
kʊd ɛnt sʌmwʌn teɪk ɹɑːb ʃneɪdɚ ænd hæv hɪm swɪtʃ bɑːdiz wɪð ɐ fʌni pɜːsən ? ,0
"ɪnðə ɹɔŋ hændz , aɪ iː pɛploʊ ɛs , ɪt ɛs sɪmpli ʌnbɛɹəbəl ",0
"wʌt seɪvz ɪt ænd meɪks ɪt wʌn ʌvðə bɛɾɚ vɪdɪoʊ ɡeɪm beɪst flɪks , ɪz ðætðə fɪlm ɐknɑːlɪdʒᵻz ʌpfɹʌnt ðætðə plɑːt meɪks noʊ sɛns , sʌtʃ ðætðə læk ʌv lɪnɪɹᵻɾi ɪz ðə pɔɪnt ʌv ɪmoʊʃənəl ænd mɔːɹəl dᵻpɑːɹtʃɚ fɔːɹ pɹoʊɾɐɡənɪst ælɪs ",1
"laɪk ɐn æftɚskuːl spɛʃəl wɪð kɔstuːmz baɪ dʒaɪəni vɚsɑːtʃi , mæd lʌv lʊks bɛɾɚ ðɐn ɪt fiːlz ",0
"ɐ stɹɔŋ skɹɪpt , paʊɚfəl dᵻɹɛkʃən ænd splɛndɪd pɹədʌkʃən dɪzaɪn ɐlaʊz ʌs təbi tɹænspoːɹɾᵻd ɪntʊ ðə laɪf ʌv dʌbəljuːleɪdɪslɔː ʃpɪlmən , huː ɪz nɑːt oʊnli ɐ piənɪst , bʌt ɐ ɡʊd hjuːmən biːɪŋ ",1
"mɪlɚ tɛlz ðɪs vɛɹi kəmpɛlɪŋ teɪl wɪð lɪɾəl fʌs ɔːɹ nɔɪz , ɛkspɜːtli plʌkɪŋ tɛnʃən fɹʌm kwaɪət ",1
"ɪt hɐz noʊ ɐfɛkt ɔnðə kɜːdz , bʌt ɪt woːɹ miː daʊn ",0
ðə wɔntən slɪpɚɹinəs ʌv kɔːɹpəs ænd ɪts eɪmiəbəl dʒɜːkɪŋ ænd ɹᵻʃeɪpɪŋ ʌv fɪzɪkəl taɪm ænd speɪs wʊd meɪk ɪɾ ɐ ɡɹeɪt piːs tə wɑːtʃ wɪð kɪdz ænd juːs tʊ ɪntɹəduːs vɪdɪoʊ æz ɑːɹt ,1
"ðə ɹiːəl stɑːɹ ʌv ðɪs muːvi ɪz ðə skoːɹ , æz ɪnðə sɔŋz tɹænsleɪt wɛl tə fɪlm , ænd ɪt ɛs ɹiəli wɛl dᵻɹɛktᵻd ",1
"ɪnstɛd ʌv lɛɾɪŋ ðə læfs kʌm æz ðeɪ meɪ , lɔːɹəns ʌnliːʃᵻz hɪz tɹeɪdmɑːɹk mɪsɑːdʒɪni ɜː , kɑːmədi laɪk ɐ hjuːmən vɑːlkeɪnoʊ ɔːɹ ɐn oʊvɚfloʊɪŋ sɛptɪk tæŋk , teɪk jʊɹ pɪk ",0
ðɪs tʌksiːdoʊ ʃʊdəv bɪn sɛnt bæk tə ðə teɪlɚ fɔːɹ sʌm meɪdʒɚɹ ɔltɚɹeɪʃənz ,0
ɛvɚ siː wʌn ʌv ðoʊz kɑːmədiz ðæt dʒʌst siːm laɪk ɐ bæd aɪdiə fɹʌm fɹeɪm wʌn ? ,0
ðə fɪlm ɪz ɪmpɹɛsɪv fɚðə saɪts ænd saʊndz ʌvðə wʌndɹəs biːts ðə wɜːld hɐz tʊ ɔfɚ ,1
"fɔːɹ moʊst əv ɪts fʊɾɪdʒ , ðə nuː θɹɪlɚ pɹuːvz ðæt dᵻɹɛktɚɹ ɛm naɪt ʃaɪɐmælæn kæn wiːv ɐn ɪɹi spɛl ænd ðæt mɛl ɡɪbsən kæn ɡæsp , ʃʌdɚɹ ænd iːvən tɹɛmbəl wɪðaʊt luːzɪŋ hɪz mɐtʃɪzmoʊ ",1
daʊnɹaɪt tɹænspæɹənt ɪz ðə skɹɪpt ɛs ɛndləs ɐsɔlt ʌv ɛmbæɹəsɪŋli hæm fɪstᵻd sɛks dʒoʊks ðæt ɹiːk əvə skɹɪpt ɹᵻɹaɪt dɪzaɪnd tə ɡɑːɹnɚ ðə fɪlm ɐ kuːlɚ piːdʒiː θɜːtiːn ɹeɪɾɪŋ ,0
"ðə pɚfoːɹmənsᵻz ɑːɹ soʊ oʊvɚsteɪɾᵻd , ðɪ ɪfɛkt kʌmz ɔf æz sɛlf pæɹədi ",0
ɪn tɜːmz ʌv ɛksɪkjuːʃən ðɪs muːvi ɪz kɛɹləs ænd ʌnfoʊkəst ,0
ðə stoːɹi ʌltᵻmətli teɪks hoʊld ænd ɡɹɪps hɑːɹd ,1
ðə hoʊl muːvi ɪz sɪmpli ɐ leɪzi ɛksɚsaɪz ɪn bæd fɪlmeɪkɪŋ ðæt æsks juː tə nɑːt oʊnli səspɛnd jʊɹ dɪsbᵻliːf bʌt jʊɹ ɪntɛlɪdʒəns æz wɛl ,0
"ɪt pʊts wɑːʃɪŋtən , æz ɑːnɪst wɜːkɪŋ mæn dʒɑːn kjuː ɑːɹtʃɪbɔːld , ɔn ɐ pɛdɪstəl , ðɛn kiːps lɪftɪŋ ðə pɛdɪstəl haɪɚ ",1
aɪ hɐvnɑːt bɪn ðɪs dɪsɐpɔɪntᵻd baɪ ɐ muːvi ɪn ɐ lɔŋ taɪm ,0
ɐn ɔːltɜːnətli fæsᵻneɪɾɪŋ ænd fɹʌstɹeɪɾɪŋ dɑːkjuːmɛntɚɹi ,1
"ɐ dᵻɹɪktoːɹɪəl tʊɹ də foːɹs baɪ bɜːnɑːɹd ɹoʊz , aɪvənz ɛkstiːsiː ",1
"ʌnfɔːɹtʃənətli , wʌn aʊɚ foʊɾoʊ laɪvz daʊn tʊ ɪts taɪɾəl ",0
"fɚɹə ɡaɪ huː hɐz weɪɾᵻd θɹiː jɪɹz wɪð bɹɛθləs æntɪsɪpeɪʃən fɚɹə nuː hæl hɑːɹtli muːvi tə poːɹ oʊvɚ , noʊ sʌtʃ θɪŋ ɪz ɐ bɪɡ lɛtdaʊn ",0
bjuːɾɪfəli pɹəduːst ,1
ɐ kəmpɛlɪŋ kʌmɪŋ ʌv eɪdʒ dɹɑːmə ɐbaʊt ðɪ ɑːɹdjuːəs dʒɜːni əvə sɛnsᵻtɪv jʌŋ ɡɜːl θɹuː ɐ sɪɹiz ʌv fɑːstɚ hoʊmz ænd ɐ fɪɹs stɹʌɡəl tə pʊl fɹiː fɹʌm hɜː deɪndʒɚɹəs ænd dɑːmɪnɪɹɪŋ mʌðɚ ɛs hoʊld oʊvɚ hɜː ,1
"liː ɛs ɐtʃiːvmənt ɛkstɛndz tə hɪz sʌpəl ʌndɚstændɪŋ ʌvðə ɹoʊl ðæt bɹaʊn pleɪd ɪn ɐmɛɹɪkən kʌltʃɚɹ æz ɐn æθliːt , ɐ muːvi stɑːɹ , ænd ɐn ɪmɪdʒ ʌv blæk ɪndɑːmɪɾəbɪlᵻɾi ",1
"ɪt ɛs dɛfɪnətli ɐn ɪmpɹuːvmənt ɔnðə fɜːst bleɪd , sɪns ɪt dʌz ɛnt teɪk ɪtsɛlf soʊ dɛdli sɪɹiəsli ",1
jɛt ðɪswʌn meɪks ʌp fɔːɹ ɪn hɑːɹt wʌt ɪt læks ɪn aʊtɹaɪt nuːnəs ,1
"ðə moʊst mɛmɚɹəbəl moʊmənt wʌz wɛn ɡɹiːn θɹuː mɛdɪkəl ɪkwɪpmənt æɾə wɪndoʊ nɑːt bɪkʌz ɪt wʌz pɚtɪkjʊlɚli fʌni , bʌt bɪkʌz aɪ hæd ɐ sɪɹiəs ɜːdʒ tə ɡɹæb ðɪ oʊld leɪdi æt ðɪ ɛnd ʌv maɪ aɪəl ɛs wɔːkɚ ænd tɔs ɪɾ æt ðə skɹiːn ɪn fɹʌstɹeɪʃən ",0
"ðə pɹɛmɪs ʌv ɐbændən hoʊldz pɹɑːmɪs , bʌt ɪts dᵻlɪvɚɹi ɪz ɐ kəmpliːt mɛs ",0
"ʃaɪɐmælæn ɔfɚz koʊpiəs hɪnts ɐlɔŋ ðə weɪ mɪɹɪæd saɪnz , ɪf juː wɪl ðæt bᵻniːθ ðə fəmɪlɪɹ , fʌni sɜːfɪs ɪz ɐ fɑːɹ bɪɡɚ , fɑːɹmoːɹ miːnɪŋfəl stoːɹi ðɐn wʌn ɪnwɪtʃ lɪɾəl ɡɹiːn mɛn kʌm tʊ ɜːθ fɔːɹ hɑːɹvɪstɪŋ pɜːpəsᵻz ",1
"kɔːl miː ɐ sɪnɪk , bʌt ðɛɹ ɛs sʌmθɪŋ ɔːfəli dɛdli ɐbaʊt ɛni muːvi wɪð ɐ laɪf ɐfɜːmɪŋ mɛsɪdʒ ",0
"wiː stɑːɹɾᵻd tə wʌndɚ ɪf sʌm ʌnpeɪd ɪntɜːn hæd dʒʌst taɪpd kɹɪs ɹɑːk , ænθəni hɑːpkɪnz ænd tɛɹɚɹɪsts ɪntʊ sʌm juːnɪvæk laɪk skɹɪpt məʃiːn ",0
ɪt ɛs hɑːɹd tʊ ɪmædʒɪn ðæt iːvən vɛɹi smɔːl tʃɪldɹən wɪl biː ɪmpɹɛst baɪ ðɪs taɪɚd ɹᵻtɹɛd ,0
"ðɪ ɑːɹt dᵻɹɛkʃən ɪz ɔfən ɛkskwɪsɪt , ænd ðɪ ænθɹəpəmoːɹfɪk ænɪməl kæɹɪktɚz ɑːɹ bjuːɾɪfəli ɹiːəlaɪzd θɹuː klɛvɚ meɪkʌp dɪzaɪn , liːvɪŋ wʌn tə hoʊp ðætðɪ ᵻvɛntʃuːəl diːviːdiː ɹᵻliːs wɪl ɔfɚ sʌbtaɪɾəlz ænd ðɪ ɚɹɪdʒɪnəl ɪtæliən læŋɡwɪdʒ saʊndtɹæk ",1
ðə pɹɑːbləm wɪð muːvɪz ɐbaʊt eɪndʒəlz ɪz ðeɪ hæv ɐ tɛndənsi tə slɪp ɪntʊ hoʊkəm ,0
"leɪzi fɪlmeɪkɪŋ , wɪððə dᵻɹɛktɚ teɪkɪŋ ɐ hændz ɔf ɐpɹoʊtʃ wɛn hiː ʃʊdəv ʃeɪpt ðə stoːɹi tə ʃoʊ ʌs waɪ ɪt ɛs kəmpɛlɪŋ ",0
"laɪk smoʊk sɪɡnəlz , ðə fɪlm ɪz ɔːlsoʊ ɪmbjuːd wɪð stɹɔŋ θiːmz ʌv fæmɪlɪəl taɪz ænd spɪɹɪtʃuːælᵻɾi ðæt ɑːɹ paʊɚfəl ænd muːvɪŋ wɪðaʊt stuːpɪŋ tə beɪs mɛlədɹɑːmə ",1
"æz wɪð soʊ mɛni mɜːtʃɐndaɪzd tə ðə mæks muːvɪz ʌv ðɪs taɪp , moːɹ taɪm ɐpɪɹz tə hæv ɡɔn ɪntʊ ɹᵻkɹuːɾɪŋ ðə ɹaɪt bændz fɚðə pleɪlɪst ænd ðə kɔstuːmɪŋ ʌvðə stɑːɹz ðɐn ɪntʊ ðə skɹɪpt , wɪtʃ hɐz ɐ hændfəl ʌv smɑːɹt dʒoʊks ænd nɑːt mʌtʃ ɛls ",0
ðə fɪlm ɛs ɪmɪdʒᵻz ɡɪv ɐ bækboʊn tə ðə kʌmpəni ænd pɹəvaɪd ɐn ɪmoʊʃənəl ɛdʒ tʊ ɪts ʌltᵻmət dᵻmaɪz ,1
"stʌft tə ðə bɹɪm wɪð aɪdiəz , ɐmɛɹɪkən ɪnstᵻɡeɪɾɚ maɪkəl mʊɹ ɛs fɪlm ɪz ɐ ɹæmblɪŋ ɛɡzæmᵻneɪʃən ʌv ɐmɛɹɪkən ɡʌn kʌltʃɚ ðæt juːzᵻz hɪz juːʒuːəl moʊdəs ɑːpɚɹændi ʌv kɹuːsɪfɪkʃən θɹuː dʒʌkstɐpəzɪʃən ",1
pɹɛs ðə dᵻliːt kiː ,0
ðə kaɪnd ʌv ɛntɚteɪnmənt ðæt pɛɹənts lʌv tə hæv ðɛɹ kɪdz siː ,1
"fɔːɹ ɔːl ɪts vɪʒuːəl pɐnæʃ ænd kəmpɛlɪŋ səpoːɹɾɪŋ kæɹɪktɚz , ðə hɑːɹt ʌvðə fɪlm ɹɛsts ɪnðə ɹᵻleɪʃənʃɪp bᵻtwiːn sʌlɪvən ænd hɪz sʌn ",1
ɪmɐmjʊɹɹə hɐz sɛd ðæt wɔːɹm wɔːɾɚɹ ʌndɚɹ ɐ ɹɛd bɹɪdʒ ɪz ɐ poʊᵻm tə ðɪ ɛndʊɹɹɪŋ stɹɛŋθs ʌv wɪmɪn ,1
"ɐ ɡɹeɪɾɪŋ , iːmeɪsɪeɪɾᵻd flɪk ",0
"ɪt ɛs plɑːtləs , ʃeɪpləs ænd jɛt , ɪt mʌst biː ɐdmɪɾᵻd , nɑːt ɛntaɪɚli hjuːmɚləs ",0
"wɪð ɐ toʊn æz vɛɹɪəbəl æz ðə sɪnɪmɐtɑːɡɹəfi , ʃiːfɚ ɛs fɪlm nɛvɚ sɛɾəlz ɪntʊ ðə laɪt fʊɾᵻd ɛntʃæntmənt ðə mətɪɹiəl niːdz , ænd ðə kæɹɪktɚz kwɜːks ænd fɔɪbəlz nɛvɚ dʒɛl ɪntʊ tʃɑːɹm ",0
"ɐ vɛɹi sloʊ , ʌnᵻvɛntfəl ɹaɪd ɚɹaʊnd ɐ pɹɪɾi tæɾɚd oʊld kæɹəsɛl ",0
dʒæksən ɪz ɔːlweɪz wɑːtʃəbəl ,1
ʃoʊtaɪm ɪz ɐ faɪn lʊkɪŋ fɪlm wɪð ɐ baʊnsi skoːɹ ænd ɐ klʌtʃ ʌv laɪvli sɔŋz fɔːɹ dɛft pʌŋktʃuːeɪʃən ,1
mɪb ɹoʊmən tuː ɪz ɐ muːvi ðæt meɪks ɪt pɑːsᵻbəl fɚðə vjuːɚ tə doʊz ɔf fɚɹə fjuː mɪnɪts ɔːɹ meɪk sɛvɹəl ɹʌnz tə ðə kənsɛʃən stænd ænd ɔːɹ ɹɛstɹuːm ænd nɑːt fiːl æz ɪf hiː ɔːɹ ʃiː hɐz mɪst ɛnɪθɪŋ ,0
"bɹaɪt , ɪntɛlɪdʒənt , ænd hjuːmənli fʌni fɪlm ",1
tuː bæd kɹeɪmɚ kʊd ɛnt meɪk ɐ ɡɛst ɐpɪɹəns tə laɪvn θɪŋz ʌp ,0
"θɹiːhʌndɹɪd jɪɹz ʌv ɹʌʃən hɪstɚɹi ænd kʌltʃɚ kəmpɹɛst ɪntʊ ɐn ɛvənɛsənt , siːmləs ænd sʌmptʃuːəs stɹiːm ʌv kɑːnʃəsnəs ",1
ðə mɑːdɚn ɹᵻmeɪk ʌv duːməz ɛs stoːɹi ɪz lɔŋ ɔn næɹətɪv ænd ɛlɑːɹbiː tuː ɑːɹɹɑːɹbiː ʃɔːɹt ɔn ækʃən ,0
siːɡəl ɪz peɪnfəli fuːlɪʃ ɪn tɹaɪɪŋ tə hoʊld ɑːntʊ wʌt ɛs lɛft ʌv hɪz pæs tʃɑːpsɑːki ɡloːɹi ,0
"ðɪ ɛndʒɔɪəbəl ʌndɚkʌvɚ bɹʌðɚ , ɐ zeɪni mɪks ʌv sæɾɚdeɪ naɪt laɪv staɪl pæɹədi , sɛvənti z blæksplɔɪteɪʃən fɪlmz ænd ɡuːfbɔːl ækʃən kɑːmədi ɡɔn waɪld , dɪʃᵻz aʊt ɐ tʌn ʌv læfs ðæt ɛvɹɪwʌn kæn ɛndʒɔɪ ",1
fæntæstɪk ! ,1
"ðɛɹ ɛs nɑːɾə spɑːɹk ʌv nuː ɪnspɚɹeɪʃən ɪn ɪt , dʒʌst moːɹ ʌvðə seɪm , dʌn wɪð noʊɾɪsəbli lɛs ɛnɚdʒi ænd ɪmædʒᵻneɪʃən ",0
ɹɛd dɹæɡən ɪz ɛntɚteɪnɪŋ ,1
"hɑːfmən weɪts tuː lɔŋ tə tɜːn hɪz muːvi ɪn ɐn ʌnɛkspɛktᵻd dᵻɹɛkʃən , ænd iːvən ðɛn hɪz toʊn ɹᵻteɪnz ɐ dʒɛntiːl , pɹɛp skuːl kwɔlᵻɾi ðæt fiːlz dʌsti ænd lɛðɚbaʊnd ",0
sɛkɹətɹi ɪz dʒʌst tuː ɚɹɪdʒɪnəl təbi ɪɡnoːɹd ,1
"waɪl tʃɛɹɪʃ dʌz ɛnt kəmpliːtli sɚvaɪv ɪts toʊnəl tɹænsfoːɹmeɪʃən fɹʌm dɑːɹk kɑːmədi tə səspɛns θɹɪlɚ , ɪt ɛs ɡɑːt dʒʌst ɪnʌf tʃɑːɹm ænd ɐpiːlɪŋ kæɹɪktɚ kwɜːks tə fɚɡɪv ðæt stɪl sɪɹiəs pɹɑːbləm ",1
ðə læk ʌv nætʃɚɹəlnəs meɪks ɛvɹɪθɪŋ siːm sɛlf kɑːnʃəsli poʊɛɾɪk ænd foːɹst ɪt ɛs ɐ pɪɾi ðæt ɛlɑːɹbiː nɛlsən ɛs ɑːɹɹɑːɹbiː ɐtʃiːvmənt dʌz ɛnt mætʃ hɪz æmbɪʃən ,0
ɡɹeɪəm ɡɹiːn ɛs nɑːvəl ʌv kɑːloʊnɪəlɪzəm ænd ɛmpaɪɚɹ ɪz ɛlɪveɪɾᵻd baɪ maɪkəl keɪn ɛs pɚfoːɹməns æz ɐ wɪɹi dʒɜːnəlɪst ɪn ɐ tʃeɪndʒɪŋ wɜːld ,1
"ðə muːvi ɪz soʊ ɹɛzəluːtli kɑːbəld təɡɛðɚɹ aʊɾəv oʊldɚ muːvɪz ðɐɾɪt iːvən juːsᵻz ɐ toʊɾəli ʌnnɛsᵻsɚɹi pɹoʊlɑːɡ , dʒʌst bɪkʌz ɪt siːmz əblɪɡətoːɹi ",0
"maɪ bɪɡ fæt ɡɹiːk wɛdɪŋ ɪz nɑːt oʊnli ðə bɛst deɪt muːvi ʌvðə jɪɹ , ɪt ɛs ɔːlsoʊ ɐ dɛɹ aɪ seɪ ɪt twaɪs dᵻlaɪtfəli tʃɑːɹmɪŋ ænd toʊɾəli ɐmɛɹɪkən , aɪ maɪt æd slaɪs ʌv kəmiːdɪk blɪs ",1
ɐn ɔf biːt ænd fænsifəl fɪlm ɐbaʊt ðə hjuːmən niːd fɔːɹ mɔnstɚz tə bleɪm fɔːɹ ɔːl ðæt ɪz ɐmɪs ɪnðə wɜːld ,1
ðɪs θɪŋ wɜːks ɔn noʊ lɛvəl wʌtsoʊɛvɚ fɔːɹ miː ,0
ɐ sᵻlɛkʃən ʌv siːnz ɪn sɜːtʃ əvə muːvi ,0
wʌn ʌvðə moʊst ɡloːɹiəsli ʌnsʌɾəl ænd ɐdɹiːnəlaɪzd ɛkstɹiːm ʃɑːkɚz sɪns ðɪ iːvəl dɛd ,1
wiː duː ɡɛt ðə dɪstɪŋkt ɪmpɹɛʃən ðæt ðɪs fɹæntʃaɪz ɪz dɹɔːɪŋ tʊ ɐ kloʊs ,0
"ɐn ʌnhoʊli mɛs , dɹɪvən baɪ ðə pɐθɛɾɪk aɪdiə ðæt ɪf juː ʃuːt sʌmθɪŋ ɔn kɹʌmi lʊkɪŋ vɪdɪoʊteɪp , ɪt mʌst biː leɪbəld hɪp , ɪnəveɪɾɪv ænd ɹiːəlɪstɪk ",0
"ɪnðɪ ɛnd , ðə weɪt ʌv wɔːɾɚ kʌmz tə ɹᵻzɛmbəl ðə kaɪnd ʌv sɔft koːɹ twɑːdəl juː diː ɛkspɛkt tə siː ɔn ʃoʊtaɪm ɛs ɹɛd ʃuː daɪɚɹiz ",0
mɛtɪkjʊləsli ʌŋkʌvɚz ɐ tɹeɪl ʌv aʊtɹeɪdʒəs foːɹs ænd kɹeɪvən kənsiːlmənt ,1
"iːvən ɪf ðə ɹɪŋ hɐz ɐ fəmɪlɪɹ ɹɪŋ , ɪt ɛs stɪl ʌnjuːʒuːəli kɹæfti ænd ɪntɛlɪdʒənt fɔːɹ hɑːliwʊd hɔɹɚ ",1
"taɪm ɪz ɐ bjuːɾifəl fɪlm tə wɑːtʃ , ɐn ɪntɹɛstɪŋ ænd æt taɪmz kæptᵻveɪɾɪŋ teɪk ɔn lɔs ænd loʊnlinəs ",1
ɐ muːvɪŋ ænd weɪɾi dᵻpɪkʃən ʌv wʌn fæmɪli ɛs ɐtɛmpts tə hiːl æftɚ ðə dɛθ əvə tʃaɪld ,1
ɪt ɛs ɹᵻpleɪst baɪ sʌm dɹəmæɾɪk siːnz ðæt ɑːɹ dʒɑːɹɹɪŋ ænd diːpli aʊɾəv pleɪs ɪn wʌt kʊdɐv ɛlɑːɹbiː ænd pɹɑːbəbli ʃʊdəv ɑːɹɹɑːɹbiː bɪn ɐ laɪthɑːɹɾᵻd kɑːmədi ,0
"iːvən ɪf juː duː ɛnt ʌndɚstænd wʌt ɔn ɜːθ ɪz ɡoʊɪŋ ɔn , ðɪs ɪz ɐ muːvi ðæt wɪl stɪmjʊleɪt aʊɚz ʌv poʊst vjuːɪŋ dɪskʌʃən , ɪf oʊnli təbi ɹᵻmaɪndᵻd ʌv huː dɪd wʌt tə huːm ænd waɪ ",1
wɑːtʃɪŋ ɪt wʌz peɪnfəl ,0
"moʊstli ɑːnɪst , ðɪs sɑːmɚ pɪktʃɚ ɹᵻviːlz ɪtsɛlf sloʊli , ɪntɛlɪdʒəntli , ɑːɹtfəli ",1
"ðə stoːɹi laɪn meɪ biː wʌnhʌndɹɪd twɛnti sɛvən jɪɹz oʊld , bʌt ɛl kɹaɪmɛn dɛl pɑːdɹeɪ æmæɹoʊ kʊd ɛnt biː moːɹ taɪmli ɪn ɪts dᵻspɛɹɪŋ vɪʒən ʌv kɚɹʌpʃən wɪðɪn ðə kæθlɪk ɪstæblɪʃmənt ",1
weɪt tə siː ɪt ðɛn ,0
"ʌnlɛs ðɛɹɑːɹ zoʊnɪŋ ɔːɹdɪnənsᵻz tə pɹətɛkt jʊɹ kəmjuːnᵻɾi fɹʌmðə dʌlɪst saɪəns fɪkʃən , ɪmpɔstɚɹ ɪz oʊpənɪŋ tədeɪ æɾə θiəɾɚ nɪɹ juː ",0
"dʌz ɐ ɡʊd dʒɑːb ʌv ɪstæblɪʃɪŋ ɐ taɪm ænd pleɪs , ænd ʌv tɛlɪŋ ɐ fæsᵻneɪɾɪŋ kæɹɪktɚ ɛs stoːɹi ",1
ɪt ɛs səpoʊzd təbi ɐ ɹoʊmæntɪk kɑːmədi ɪt sʌfɚz fɹʌm tuː mʌtʃ noːɹmɚ ɹeɪ ænd nɑːt ɪnʌf pɹɪɾi wʊmən ,0
tɹaɪz tə wɜːk ɪnðə seɪm veɪn æz ðə bɹɪliəns ʌv ænɪməl haʊs bʌt ɪnstɛd kʌmz kloʊsɚ tə ðə feɪlɪɹ ʌvðə θɜːd ɹᵻvɛndʒ ʌvðə nɜːdz siːkwəl ,0
"fɔːɹ ðoʊz huː pɹaɪd ðɛmsɛlvz ɔn səfɪstᵻkeɪɾᵻd , dɪsɜːnɪŋ teɪst , ðɪs maɪt nɑːt siːm laɪk ðə pɹɑːpɚ kʌp ʌv tiː , haʊɛvɚɹ ɪɾ ɪz ɔːlmoʊst ɡæɹəntiːd ðæt iːvən ðə stʌfiɪst sɪnəmə ɡoʊɚz wɪl læf ðɛɹ ɔf fɚɹən aʊɚ ænd ɐ hæf ",1
ɐ fɪlm wɪð kəntɛmpɚɹɛɹi pəlɪɾɪkəl ɹɛzənəns ɪləstɹeɪɾᵻd baɪ ɐ wɪnɪŋ fæmɪli stoːɹi ,1
dɪzni ɐɡɛn ɹænsæks ɪts ɑːɹkaɪvz fɚɹə kwɪk bʌk siːkwəl ,0
"peɪɑːmi tɹaɪz tə ɹeɪz sʌm sɪɹiəs ɪʃuːz ɐbaʊt ɪɹæn ɛs ᵻlɛktɚɹəl pɹɑːsɛs , bʌt ðə ɹɪzʌlt ɪz ɐ fɪlm ðæt ɛs ɐbaʊt æz sʌɾəl æz ɐ pɑːɹɾi pəlɪɾɪkəl bɹɔːdkæst ",0
wʌn ʌvðə moʊst ɪŋkoʊhɪɹənt fiːtʃɚz ɪn ɹiːsənt mɛmɚɹi ,0
"ɐ ɹaɪ , ɐfɛkʃənət dᵻlaɪt ",1
bɹɑːsnən ɡɪvz ɐ poːɹtɹeɪəl æz sɑːlɪd ænd æz pɜːfɛkt æz hɪz aʊtstændɪŋ pɚfoːɹməns æz bɑːnd ɪn daɪ ɐnʌðɚ deɪ ,1
"ðə pɹɑːbləm wɪððə meɪhɛm ɪn fɔːɹmjʊlə fɪfti wʌn ɪz nɑːt ðɐɾɪt ɛs əfɛnsɪv , bʌt ðɐɾɪt ɛs boːɹɪŋ ",0
ɐ θɹiː aʊɚ sɪnəmə mæstɚ klæs ,1
ɐ kwɜːki kɑːmədi sɛt ɪn njuːfəndlɐnd ðæt klɛvɚli kæptʃɚz ðə dɹaɪ wɪt ðæt ɛs soʊ pɹɛvələnt ɔnðə ɹɑːk ,1
"meɪ nɑːt biː ɐ bɹeɪkθɹuː ɪn fɪlmeɪkɪŋ , bʌt ɪɾ ɪz ʌnweɪvɚɹɪŋ ænd ɚɹɛstɪŋ ",1
"kɑːɹɹuːsoʊ sʌmtaɪmz dᵻsɛndz ɪntʊ sʌb tæɹɐntiːnoʊ kjuːtnəs bʌt fɚðə moʊst pɑːɹt hiː meɪks ʃʊɹ ðə sɔltən siː wɜːks ðə weɪ ɐ ɡʊd nwɑːɹ ʃʊd , kiːpɪŋ ɪt taɪt ænd næsti ",1
ðə ɹɛst ʌvðə fɪlm ɪz dʌdzvɪl ,0
"bɹuːɾəli ɑːnɪst ænd toʊld wɪð hjuːmɚ ænd pɔɪnjənsi , wɪtʃ meɪks ɪts mɛsɪdʒ ɹɛzəneɪt ",1
ɐ ɡʊd fɪlm ðæt mʌstɐv bæfəld ðə foʊks ɪnðə mɑːɹkɪɾɪŋ dᵻpɑːɹtmənt ,1
"dᵻɹɛktɚ juːw bɑːl ænd ɹaɪɾɚ ɹɑːbɚt diːn klaɪn feɪl tə dʒɛnɚɹeɪt ɛni ɪntɹɛst ɪn ɐn ʌnsɪmpəθɛɾɪk hiəɹoʊ kɔːt ʌp ɪn ɐn ɪntɹɪkət plɑːt ðæt waɪl klɛvɚli wɜːkt aʊt , kæn nɑːt oʊvɚkʌm blɑː kæɹɪktɚz ",0
"ðə mɛɾəfɔːɹz ɑːɹ pɹəvɑːkətɪv , bʌt tuː ɔfən , ðə vjuːɚɹ ɪz lɛft pʌzəld baɪ ðə mᵻkænɪks ʌvðə dᵻlɪvɚɹi ",0
wɜːks bɛɾɚɹ ɪnðə kənsɛpʃən ðɐn ɪt dʌz ɪnðɪ ɛksɪkjuːʃən waɪndz ʌp siːmɪŋ dʒʌst ɐ lɪɾəl tuː klɛvɚ ,0
wʌndɚfəl fɛnsɪŋ siːnz ænd ɐn ɛksaɪɾɪŋ plɑːt meɪk ðɪs ɐn ɛmɪnəntli ɛŋɡɹoʊsɪŋ fɪlm ,1
ɐ boʊld ɛlɑːɹbiː ænd lʌvli ɑːɹɹɑːɹbiː ɛkspɛɹɪmənt ðæt wɪl ɔːlmoʊst sɜːʔn̩li boːɹ moʊst ɔːdiənsᵻz ɪntʊ ðɛɹ oʊn bɹaɪtli kʌlɚd dɹiːmz ,1
ɐ wʌndɚfəli wɔːɹm hjuːmən dɹɑːmə ðæt ɹᵻmeɪnz vɪvɪdli ɪn mɛmɚɹi lɔŋ æftɚ vjuːɪŋ ,1
"ɪf ɛni ʌv ðɛm lɪst ðɪs kɹɛdɪt ɔn ðɛɹ ɹᵻzuːmz ɪnðə fjuːtʃɚ , ðæt ɛlɛl biː mʌtʃ fʌnɪɚ ðɐn ɛnɪθɪŋ ɪnðə fɪlm ",0
"æftɚ juː læf wʌns ɛlɑːɹbiː meɪbiː twaɪs ɑːɹɹɑːɹbiː , juː wɪl hæv kəmpliːtli fɚɡɑːʔn̩ ðə muːvi baɪ ðə taɪm juː ɡɛt bæk tə jʊɹ kɑːɹ ɪnðə pɑːɹkɪŋ lɑːt ",0
ðə hɑːnəkə spɪɹɪt siːmz fɹaɪd ɪn poːɹk ,0
"ðɛɹɑːɹ plɛnti ʌv siːnz ɪn fɹiːdə ðæt duː wɜːk , bʌt ɹɛɹli duː ðeɪ ɪnvɑːlv ðə taɪɾəl kæɹɪktɚ hɜːsɛlf ",1
ɪɾ ɪz skɑːt ɛs kənvɪnsɪŋ poːɹtɹeɪəl ʌv ɹɑːdʒɚ ðə sæd kæd ðæt ɹiəli ɡɪvz ðə fɪlm ɪts uːmf ,1
"foːɹ ɛvɚ hɐz ðə seɪm slɛdʒhæmɚɹ ɐpiːl æz poʊkeɪmɑːn vɪdɪoʊz , bʌt ɪt bɹiːðz moːɹ ɔnðə bɪɡ skɹiːn ænd ɪnduːsᵻz hɛdeɪks moːɹ sloʊli ",1
ɐ tʃɪlɪŋ teɪl ʌv wʌn ʌvðə ɡɹeɪt kɹaɪmz ʌv twɛntiəθ sɛntʃɚɹi fɹæns ðə mɜːdɚɹ ʌv tuː ɹɪtʃ wɪmɪn baɪ ðɛɹ sɜːvənts ɪn naɪntiːnhʌndɹɪd θɜːɾi θɹiː ,1
"dᵻspaɪt ɔːl ðə kloʊzd doːɹ hæŋki pæŋki , ðə fɪlm ɪz ᵻsɛnʃəli dʒuːsləs ",0
ɪt ɛs wʌn lɔŋ boːɹ ,0
"ɪf juː ɑːɹ kjʊɹɹiəs tə siː ðə dɑːɹkɚ saɪd ʌv wʌt ɛs ɡoʊɪŋ ɔn wɪð jʌŋ tiːviː æktɚz ɛlɑːɹbiː dɔːsən lɪɹi dɪd wʌt ?!? ɑːɹɹɑːɹbiː , ɔːɹ siː sʌm ɪntɹɛstɪŋ stɔːɹɪtɛlɪŋ dɪvaɪsᵻz , juː maɪt wɔnt tə tʃɛk ɪɾ aʊt , bʌt ðɛɹ ɛs nʌθɪŋ vɛɹi ɐtɹæktɪv ɐbaʊt ðɪs muːvi ",0
"ɪt hɐz ɐ dæʃɪŋ ænd ɹᵻsoːɹsfəl hiəɹoʊ ɐ lɪspɪŋ , ɹɛptɪliən vɪlən bɪɡ faɪts bɪɡ hɛɹ lævɪʃ piəɹɪəd siːnɚɹi ænd ɐ stoːɹi dʒʌst kɑːmplᵻkeɪɾᵻd ɪnʌf tə lɛt juː bæsk ɪn jʊɹ oʊn klɛvɚnəs æz juː fɪɡjɚɹ ɪɾ aʊt ",1
"nʌn ʌv ðɪs ɪz vɛɹi ɚɹɪdʒɪnəl , ænd ɪɾ ɪz ɛnt pɚtɪkjʊlɚli fʌni ",0
"aɪs eɪdʒ woʊ ɛnt dɹɑːp jʊɹ dʒɔː , bʌt ɪt wɪl wɔːɹm jʊɹ hɑːɹt , ænd aɪ ɛm ɡɪvɪŋ ɪɾ ɐ stɹɔŋ θʌmz ʌp ",1
ɐ teɪsti mɐzɑːlə ,1
bʌt ɪt dʌz hæv wʌn seɪvɪŋ ɡɹeɪs ,1
wʌn kɑː ɛnt dᵻnaɪ ɪts sɪɹiəsnəs ænd kwɔlᵻɾi ,1
pɪkɑːli ɡɪvz ɐ suːpɜːb pɚfoːɹməns fʊl ʌv diːp fiːlɪŋ ,1
ɪt ɛlɛl kiːp juː waɪd ɐweɪk ænd vɛɹi tɛns ,1
"ɐn ɛmpti , pɜːpəsləs ɛksɚsaɪz ",0
tuː bæd ,0
"ɹɪtʃ ɪn ʃædoʊi mɛɾəfɔːɹ ænd æz ʃɑːɹp æz ɐ sæmjʊɹɹaɪ soːɹd , dʒjɑːŋ wɛn ɛs dɛvəlz ɔnðə doːɹstɛp ɪz ɐ wɔːɹtaɪm fɑːɹs ɪnðɪ ɔːltɜːnətli kɑːmɪk ænd ɡʌt ɹɛntʃɪŋ staɪl ʌv dʒoʊsəf hɛlɚ ɔːɹ kɜːt vɑːnɪɡʌt ",1
kæn biː klæsᵻfaɪd æz wʌn ʌv ðoʊz ɔːltɜːnət ɹɪælᵻɾi muːvɪz ɛksɛpt ðɐɾɪt wʊdhɐv wɜːkt soʊ mʌtʃ bɛɾɚ diːlɪŋ ɪn oʊnli wʌn ɹɪælᵻɾi ,0
"dᵻspaɪt sʌm stɹɔŋ pɚfoːɹmənsᵻz , nɛvɚ ɹaɪzᵻz əbʌv ðə lɛvəl əvə tɛlɐnəvɛlə ",0
peɪnfəli pædᵻd ,0
"ðə sʌm ʌv ɔːl fɪɹz ɪz ɹᵻmɑːɹkəbli fʌdəld ɐbaʊt moʊɾɪvz ænd kɑːntɛkst , wɪtʃ dɹeɪnz ɪɾ ʌvðə dɹəmæɾɪk sʌbstəns ðæt wʊd ʃeɪk ʌs ɪn aʊɚ buːts ɛlɑːɹbiː ɔːɹ sɪnəmə siːts ɑːɹɹɑːɹbiː ",0
ɐ daɪvɜːs ænd ɐstɑːnɪʃɪŋli ɑːɹtɪkjʊleɪt kæst ʌv pæləstɪniːən ænd ɪzɹeɪli tʃɪldɹən ,1
"haɪli ɹɛkəmɛndᵻd vjuːɪŋ fɔːɹ ɪts kɜːɹɪdʒ , aɪdiəz , tɛknɪkəl pɹəfɪʃənsi ænd ɡɹeɪt æktɪŋ ",1
"nʌn ʌv ðɪs ɪz miːnɪŋfəl ɔːɹ mɛmɚɹəbəl , bʌt fɹɔstɪŋ ɪz ɛnt , iːðɚ , ænd juː wʊd ɛnt tɜːn daʊn ɐ bɪɡ boʊl ʌv ðæt , wʊd juː ? ",1
ɐ ɡɹɪpɪŋ dɑːkjuːmɛntɚɹi ðæt ɹᵻviːlz haʊ diːp ðɪ æntæɡənɪzəm laɪz ɪn wɔːɹ tɔːɹn dʒɚɹuːsələm ,1
"aɪ hæd ɐ dɹiːm ðæɾə smɑːɹt kɑːmədi wʊd kʌm ɐlɔŋ tə ɹɛskjuː miː fɹʌm ɐ sʌmɚɹ ʌv tiːn dɹɪvən , tɔɪlɪt hjuːmɚ kɑːdswɔləp , ænd ɪts neɪm wʌz ɜːnɪst ",1
"ɐ dᵻlaɪtfəl sɚpɹaɪz bɪkʌz dᵻspaɪt ɔːl ðə bæksteɪdʒ dɹɑːmə , ðɪs ɪz ɐ muːvi ðæt tɛlz stoːɹiz ðæt wɜːk ɪz tʃɑːɹmɪŋ , ɪz muːvɪŋ , ɪz fʌni ænd lʊks pɹəfɛʃənəl ",1
"fɔːɹ ɔːl ðə wɪt ænd huːplə , fɛstɪvəl ɪn kænz ɔfɚz ɹɛɹ ɪnsaɪt ɪntʊ ðə stɹʌktʃɚɹ ʌv ɹᵻleɪʃənʃɪps ",1
"ɛvɹi dʒoʊk ɪz ɹᵻpiːɾᵻd æt liːst ɐnɔɪɪŋ , ɪz ɛnt ɪt ? ",0
"ɛnɪwʌn wɪð ɐ pæʃən fɔːɹ sɪnəmə , ænd ɪndiːd sɛks , ʃʊd siː ɪɾ æz suːn æz pɑːsᵻbəl ",1
ɐ ɹᵻfɹɛʃɪŋ tʃeɪndʒ fɹʌmðə juːʒuːəl wuːpiː kʊʃən ɛfɚt eɪmd æt ðə juːθ mɑːɹkɪt ,1
ɐn ɪntɹɛstɪŋ slaɪs ʌv hɪstɚɹi ,1
fɔːɹ dæns kəmplɛɾɪsts oʊnli ,0
"ɪt hɐz ðɪ ɛɹ əvə sɚpɹaɪzɪŋli dʒuːvənaɪl lɑːɹk , ɐ pɑːp ɪnfluːənst pɹæŋk huːz tʃɑːɹmz ɑːɹ ɪmiːdɪətli ɐpæɹənt ænd wɛɹ θɪn wɪð ɹɛpətɪʃən ",0
ɪt ɛs ʌnɪntɚɹəstɪŋ ,0
"bɹeɪ ɪz kəmpliːtli æt siː wɪð nʌθɪŋ bʌt ɐ sævɪdʒ ɡɑːɹdən mjuːzɪk vɪdɪoʊ ɔn hɪz ɹᵻzuːm , hiː hɐz noʊ kluː ɐbaʊt meɪkɪŋ ɐ muːvi ",0
ɐ toʊn poʊᵻm ʌv tɹænsɡɹɛʃən ,1
"siːmɪŋli ɐ viəkəl tə ʃoʊkeɪs ðə kɐneɪdiən ɛs ɪneɪn ɹæmblɪŋz , stiːlɪŋ hɑːɹvɚd ɪz ɐ smoːɹɡɐsboːɹd ʌv səlɪləkwɪz ɐbaʊt nʌθɪŋ dᵻlɪvɚd baɪ ðə fɔːɹmɚ mɪstɚ dɹuː bæɹɪmoːɹ ",0
"kənfjuːʒən ɪz wʌn ʌv maɪ liːst feɪvɹɪt ɪmoʊʃənz , ɪspɛʃəli wɛn aɪ hæv tə pʊt ʌp wɪð wʌnhʌndɹɪd foːɹɾi sɪks mɪnɪts ʌv ɪt ",0
"ɹoʊd tə pɜːdɪʃən dʌz dɪspleɪ ɡɹeɪtnəs , ænd ɪt ɛs wɜːθ siːɪŋ ",1
"ʌltᵻmətli , sɛɹə ɛs dɛdɪkeɪʃən tə faɪndɪŋ hɜː hʌsbənd siːmz moːɹ saɪkɑːɾɪk ðɐn ɹoʊmæntɪk , ænd nʌθɪŋ ɪnðə muːvi meɪks ɐ kənvɪnsɪŋ keɪs ðætwʌn wʊmən ɛs bɹoʊkən hɑːɹt aʊtweɪz ɔːl ðə lɔs wiː wɪtnəs ",0
ɐn ɪntɛns ænd ɪfɛktɪv fɪlm ɐbaʊt loʊnlinəs ænd ðə tʃɪli ænənɪmᵻɾi ʌvðɪ ɛnvaɪɹənmənts wɛɹ soʊ mɛni ʌv ʌs spɛnd soʊ mʌtʃ ʌv aʊɚ taɪm ,1
wʌn ʌvðə wɜːst muːvɪz ʌvðə jɪɹ ,0
laɪk ɐ sɔft dɹɪŋk ðæt ɛs bɪn sɪɾɪŋ oʊpən tuː lɔŋ ɪt ɛs tuː mʌtʃ sɪɹʌp ænd nɑːt ɪnʌf fɪz ,0
tuː bæd ɹaɪɾɚ dᵻɹɛktɚɹ ædəm ɹɪfkɪn sɪtʃuːeɪts ɪɾ ɔːl ɪn ɐ plɑːt æz mʌsti æz wʌn ʌvðə ɡoʊldən iːɡəl ɛs kɑːɹpɪts ,0
"ɪt hɐz moːɹ ɪn kɑːmən wɪð ɐ faɪɚwɜːks dɪspleɪ ðænə muːvi , wɪtʃ noːɹməli ɪz ɛkspɛktᵻd tə hæv kæɹɪktɚz ænd ɐ stoːɹilaɪn ",0
"ɐ kæptᵻveɪɾɪŋli kwɜːki haɪbɹɪd ʌv kæɹɪktɚ poːɹtɹɪt , ɹoʊmæntɪk kɑːmədi ænd biːt ðə klɑːk θɹɪlɚ ",1
mænɪdʒᵻz tə dᵻlaɪt wɪðaʊt mʌtʃ əvə stoːɹi ,1
"ɐn aʊɚ ænd ɐ hæf ʌv ɪnəfɛnsɪv , ʌnmɛmɚɹəbəl fɪlɚ ",0
"meɪ teɪk ɪts swiːt taɪm tə ɡɛt wɛɹɛvɚɹ ɪt ɛs ɡoʊɪŋ , bʌt ɪf juː hæv ðə peɪʃəns fɔːɹ ɪt , juː woʊ ɛnt fiːl laɪk ɪt ɛs weɪstᵻd joːɹz ",1
"ʌltᵻmətli , ðə fɪlm nɛvɚ ɹᵻkʌvɚz fɹʌmðə klʌmzi klɪx ʌvðɪ ʌɡli ɐmɛɹɪkən ɐbɹɔːd , ænd ðə tuː fɹɔsti ɛkstɪɹiɚɹ ɛmɛs pæltɹoʊ ɛmplɔɪz tʊ ɔːθɛntᵻkeɪt hɜː bɹɪɾɪʃ pɜːsoʊnə ɪz ɐnʌðɚ laɪəbɪlᵻɾi ",0
"ɪnðə bʊk ɔn teɪp mɑːɹkɪt , ðə fɪlm ʌv ðə kɪd steɪz ɪnðə pɪktʃɚ wʊd biː ɐn ɐbɹɪdʒd ᵻdɪʃən ",0
"ɪɾ ɪz bæd , bʌt sɜːʔn̩li nɑːt wɪðaʊt mɛɹɪt æz ɛntɚteɪnmənt ",0
"haɪ kɹaɪmz ɪz ɐ sɪnɪmæɾɪk mɪsdᵻmiːnɚ , ɐ ɹuːtiːn kɹaɪm θɹɪlɚ ɹᵻmɑːɹkəbəl oʊnli fɔːɹ ɪts læk ʌv lɑːdʒɪk ænd mɪsjuːs ʌv tuː faɪn æktɚz , mɔːɹɡən fɹiːmən ænd æʃli dʒʌd ",0
ðə pɹɑːdʒɛkt ɛs fɪlmeɪkɚz fɚɡɑːt tʊ ɪŋkluːd ɛnɪθɪŋ iːvən hæfweɪ skɛɹi æz ðeɪ pʊɹli ɹᵻdʒɪɡɚ feɪɾəl ɐtɹækʃən ɪntʊ ɐ haɪ skuːl sɛɾɪŋ ,0
ɐ haɪ spɪɹɪɾᵻd bʌdi muːvi ɐbaʊt ðə ɹiːjuːniən ʌv bɜːlɪn ænɑːɹkɪsts huː feɪs ɚɹɛst fɪftiːn jɪɹz æftɚ ðɛɹ kɹaɪm ,1
wʌn ʌvðə moʊst ɛntɚteɪnɪŋ mɔnstɚ muːvɪz ɪn eɪdʒᵻz ,1
ɐn ɪnfɪnətli wɪɾɪɚ vɜːʒən ʌvðə hoʊm ɐloʊn fɔːɹmjʊlə ,1
dɪvɔɪd ʌv ɛni ʌvðə kwɔlᵻɾiz ðæt meɪd ðə fɜːst fɪlm soʊ spɛʃəl ,0
səksiːdz wɛɹ ɪts ɹiːsənt pɹɛdᵻsɛsɚ mɪzɹəbli feɪlz bɪkʌz ɪt dᵻmændz ðæt juː sʌfɚ ðə dɹɛdfəlnəs ʌv wɔːɹ fɹʌm boʊθ saɪdz ,1
"fɔnteɪn mæstɚfəli kɹiːeɪts ɐ poːɹtɹɪt ʌv tuː stɹɔŋ mɛn ɪn kɑːnflɪkt , ɪnɛkstɹɪkəbli ɛntwaɪnd θɹuː fæmɪli hɪstɚɹi , iːtʃ siːɪŋ hɪmsɛlf ɪnðɪ ʌðɚ , niːðɚ laɪkɪŋ wʌt hiː siːz ",1
"ɛvɹɪwʌn ɛs ɪnsᵻkjʊɹ ɪn lʌvli ænd ɐmeɪzɪŋ , ɐ pɔɪnjənt ænd ɹaɪli ɐmjuːzɪŋ fɪlm ɐbaʊt mʌðɚz , dɔːɾɚz ænd ðɛɹ ɹᵻleɪʃənʃɪps ",1
"siːmɪŋli dɪsɡʌstᵻd wɪððə leɪzi mətɪɹiəl ænd ðə fɪnɪʃt pɹɑːdʌkt ɛs ʌnʃeɪpli lʊk , dᵻɹɛktɚ fɪʃɚ stiːvənz ɪnɛksplɪkəbli dɪps kiː moʊmənts fɹʌmðə fɪlm ɪn weɪkɪŋ laɪf wɔːɾɚ kʌlɚz ",0
"ɪt ɛs ɔːlsoʊ kjʊɹɹiəs tə noʊt ðæt ðɪs fɪlm , laɪk ðə sɪmɪlɚli ɪl taɪmd æntɪtɹʌst , ɪz iːzili æz bæd æɾə fɹækʃən ðə bʌdʒɪt ",0
duː ɛnt lɛt ðə sʌbtaɪɾəlz fuːl juː ðə muːvi oʊnli pɹuːvz ðæt hɑːliwʊd noʊ lɑːŋɡɚ hɐz ɐ mənɑːpəli ɔn maɪndləs ækʃən ,0
ðɪ oʊnli taɪp ʌv laɪvz ðɪs ɡlɔsi kɑːmədi dɹɑːmɚ ɹᵻzɛmbəlz ɑːɹ wʌnz ɪn fɔːɹmjʊleɪɪk meɪnstɹiːm muːvɪz ,0
fʌlfɚd wɪɹzbɪki dɛftli kæptʃɚz ðə waɪz bᵻjɔnd hɜː jɪɹz tiːn ,1
"juː siː ðə muːvi ænd juː θɪŋk , ziːziːziːziːziːziːziːziːziː ",0
mʌtʃ ʌv ðɪs slɪk ænd spɹaɪtli siːdʒiːaɪ fiːtʃɚɹ ɪz səfɪʃəntli fʌni tʊ ɐmjuːz iːvən ðə moʊst ɹɛzəluːtli ʌnɹᵻlɪdʒəs pɛɹənts huː ɛskɔːɹt ðɛɹ lɪɾəl wʌnz tə mɛɡəplɛks skɹiːnɪŋz ,1
"ɐ taɪtli dᵻɹɛktᵻd , haɪli pɹəfɛʃənəl fɪlm ðæt ɛs oʊld fæʃənd ɪn ɔːl ðə bɛst pɑːsᵻbəl weɪz ",1
kənfɛʃənz ɪz wɪðaʊt ɐ daʊt ɐ mɛmɚɹəbəl dᵻɹɪktoːɹɪəl deɪbjuː fɹʌm kɪŋ hʌŋk ,1
bɛst ɛndʒɔɪd æz ɐ wɜːk ʌv fɪkʃən ɪnspaɪɚd baɪ ɹiːəl laɪf ᵻvɛnts ,1
ðɪs ɪz ɐ hɑːɹtfɛlt stoːɹi ɪt dʒʌst ɪz ɛnt ɐ vɛɹi ɪnvɑːlvɪŋ wʌn ,0
ʃnɪtslɚ dʌz ɐ faɪn dʒɑːb kəntɹæstɪŋ ðə sliːknəs ʌvðə fɪlm ɛs pɹɛzənt wɪððə pleɪfəl pæɹənɔɪə ʌvðə fɪlm ɛs pæst ,1
"dʒɔːɹdʒ kluːni , ɪn hɪz fɜːst dᵻɹɪktoːɹɪəl ɛfɚt , pɹɛzənts ðɪs ʌɾɚli ɹɪdɪkjʊləs ʃæɡi dɑːɡ stoːɹi æz wʌn ʌvðə moʊst kɹiːeɪɾɪv , ɛnɚdʒɛɾɪk ænd ɚɹɪdʒɪnəl kɑːmədiz tə hɪt ðə skɹiːn ɪn jɪɹz ",1
"mɑːɹtɪn lɔːɹəns laɪv ɪz soʊ sɛlf pɪɾiɪŋ , aɪ ɔːlmoʊst ɛkspɛktᵻd ðɛɹ təbi ɐ kəlɛkʃən teɪkən fɚðə kəmiːdiən æt ðɪ ɛnd ʌvðə ʃoʊ ",0
"ðə skɹiːnpleɪ dʌz tuː mʌtʃ miːændɚɹɪŋ , nɔːɹtən hɐz tə ɹᵻsaɪt blænd pəliːs pɹəsiːdʒɚɹəl diːteɪlz , fɪɛnz wɔndɚz ɚɹaʊnd ɪn ɐn ɐtɛmpt tə siːm wɪɹd ænd dɪstənst , hɑːpkɪnz lʊks laɪk ɐ dɹæɡ kwiːn ",0
"ɪf ɑːskɚ hæd ɐ kæɾɪɡɚɹi kɔːld bɛst bæd fɪlm juː θɔːt wʌz ɡoʊɪŋ təbi ɹiəli ɔːfəl bʌt wʌz ɛnt , ɡaɪz wʊd pɹɑːbəbli biː duːkɪŋ ɪɾ aʊt wɪððə kwiːn ʌvðə dæmd fɚðɪ ɑːnɚ ",0
"ɛnɪwʌn ɛls huː meɪ , fɔːɹ wʌtɛvɚ ɹiːzən , biː θɪŋkɪŋ ɐbaʊt ɡoʊɪŋ tə siː ðɪs muːvi ɪz hɪɹbaɪ ɡɪvən fɛɹ wɔːɹnɪŋ ",0
aɪ kʊd ɛnt hɛlp bʌt fiːl ðə weɪstᵻd pətɛnʃəl ʌv ðɪs slæpstɪk kɑːmədi ,0
ðə leɪɾɪst væpɪd æktɚ ɛs ɛksɚsaɪz tʊ ɐpɹoʊpɹɪeɪt ðə stɹʌktʃɚɹ ʌv ɑːɹθɚ ʃnɪtslɚ ɛs ɹaɪdʒən ,0
mædʒɪdi ɛs dᵻɹɛkʃən hɐz nɛvɚ bɪn smuːðɚ ɔːɹ moːɹ kɑːnfɪdənt ,1
ðɛɹ ɛs oʊnli wʌn weɪ tə kɪl maɪkəl maɪɚz fɔːɹ ɡʊd stɑːp baɪɪŋ tɪkɪts tə ðiːz muːvɪz ,0
"fɪɹ pɜːmɪeɪts ðə hoʊl ʌv stɔːɹɾəlɪŋ , tɑːd sɑːlɑːndz ɔfəntaɪmz fʌni , jɛt ʌltᵻmətli kaʊɚdli ɔːɾoʊkɹɪtiːk ",1
"fɔlshʊdz paɪl ʌp , ʌndɚmaɪnɪŋ ðə muːvi ɛs ɹɪælᵻɾi ænd staɪflɪŋ ɪts kɹiːeɪɾɚ ɛs kɑːmɪk vɔɪs ",0
blænd bʌt hɑːɹmləs ,0
laɪk liːfɪŋ θɹuː ɐn ælbəm ʌv foʊɾoʊz ɐkʌmpənid baɪ ðə skɛtʃiɪst ʌv kæpʃənz ,0
"dʒʌd ɛs kæɹɪktɚz ɔːt tə pɪk ʌp ðə dʊɹɹəbəl bɛst sɛlɚ smɑːɹt wɪmɪn , fuːlɪʃ tʃɔɪsᵻz fɔːɹ ɐdvaɪs ",0
"ðə kɹɪɾɪsɪzəm nɛvɚ ɹaɪzᵻz əbʌv iːzi , sɪnɪkəl pɑːtʃɑːts æt mɔːɹəli bæŋkɹʌpt kæɹɪktɚz ",0
"ædəlɛsənts wɪl biː ædɪkwətli sɜːvd baɪ ðə muːvi ɛs sɑːfəmɔːɹɪk blɛnd ʌv ʃᵻnænɪɡənz ænd slæpstɪk , ɔːlðoʊ ðə moːɹ lɐsɪviəs maɪndᵻd maɪt biː dɪsɐpɔɪntᵻd ɪnðə ɹɛlətɪv mɑːdəsti əvə muːvi ðæt spoːɹts ɐ tɑːpləs tuːtoːɹɪəl sɜːvɪs ",1
ɐbaʊt ðə bɛst θɪŋ juː kʊd seɪ ɐbaʊt nɑːɹk ɪz ðɐɾɪt ɛs ɐ ɹɑːk sɑːlɪd lɪɾəl ʒɑːnɹə pɪktʃɚ ,1
"ɐn ʌnbᵻliːvəbli stuːpɪd fɪlm , ðoʊ əkeɪʒənəli fʌn ɪnʌf tə meɪk juː fɚɡɛt ɪts ɐbsɜːdᵻɾi ",0
stɑːɹ pɹəduːsɚ sælmə heɪɛk ænd dᵻɹɛktɚ dʒuːli teɪmɚ hæv ɪnfjuːzd fɹiːdə wɪð ɐ vɪʒuːəl staɪl juːniːk ænd ɪnhiəɹənt tə ðə tɪtʃəlɚ kæɹɪktɚ ɛs peɪntɪŋz ænd ɪnðə pɹɑːsɛs kɹiːeɪɾᵻd ɐ mæstɚfəl wɜːk ʌv ɑːɹt ʌv ðɛɹ oʊn ,1
"wʌt ɛlɑːɹbiː dɛniz ɑːɹɹɑːɹbiː ɐkɑːmplɪʃᵻz ɪn hɪz tʃɪlɪŋ , ʌnnɜːvɪŋ fɪlm ɪz ɐ dʌbəl poːɹtɹɪt ʌv tuː jʌŋ wɪmɪn huːz laɪvz wɜːɹ æz klɔːstɹoʊfɪk , sʌfəkeɪɾɪŋ ænd tʃɪli æz ðɪ æɾɪks tʊ wɪtʃ ðeɪ wɜːɹ ɪnɛvᵻɾəbli kənsaɪnd ",1
"tə bɪld ɐ fiːl ɡʊd fæntəsi ɚɹaʊnd ɐ veɪn dɪkteɪɾɚ mædmən ɪz ɔf pʊɾɪŋ , tə seɪ ðə liːst , nɑːt tə mɛnʃən ɪnɐpɹoʊpɹiət ænd waɪldli ʌndɪzɜːvd ",0
ɐ dʒənɛɹɪk blʌdbæθ ðæt ɔfən bɪkʌmz læfəbli ʌnbɛɹəbəl wɛn ɪɾ ɪz ɛnt mɪɹli əfɛnsɪv ,0
dʒuːdɪθ ænd zɑːzə ɛs ɛkstɛndᵻd bɛdɹuːm siːkwəns ɪz soʊ ɪntᵻmət ænd sɛnʃuːəl ænd fʌni ænd saɪkəlɑːdʒɪkli sɛlf ɹᵻviːlɪŋ ðɐɾɪt meɪks moʊst əv wʌt pæsᵻz fɔːɹ sɛks ɪnðə muːvɪz lʊk laɪk tʃiːp hɪstɛɹɪks ,1
"wɪð ɐn ʌnjuːʒuːəl pɹoʊɾɐɡənɪst ɛlɑːɹbiː ɐ kɪlt wɛɹɪŋ dʒæksən ɑːɹɹɑːɹbiː ænd sʌbdʒɛkt mæɾɚ , ðɪ ɪmpɹɑːbəbəl fɔːɹmjʊlə fɪfti wʌn ɪz sʌmwʌt ɛntɚteɪnɪŋ , bʌt ɪt kʊdɐv bɪn mʌtʃ stɹɔŋɡɚ ",1
"ðɪs ɪz ðə kaɪnd ʌv muːvi dʊɹɹɪŋ wɪtʃ juː wɔnt tə bæŋ jʊɹ hɛd ɔnðə siːt ɪn fɹʌnt ʌv juː , æɾ ɪts kluːləsnəs , æɾ ɪts ɪdɪəsi , æɾ ɪts ʌɾɚli mɪspleɪst ɜːnɪstnəs ",0
ɪts ɐpiːl wɪl pɹɑːbəbli lɪmɪɾᵻd tʊ ɛldiːɛs tʃɜːtʃ mɛmbɚz ænd ʌndᵻmændɪŋ ɑːɹmtʃɛɹ tʊɹɹɪsts ,0
ðə leɪɾɪst ædəm sændlɚɹ ɐsɔlt ænd pɑːsᵻbli ðə wɜːst fɪlm ʌvðə jɪɹ ,0
"ðə dɪtɜːmᵻneɪʃən ʌv pɪnɑːtʃɪt ɛs vɪktɪmz tə siːk dʒʌstɪs , ænd ðɛɹ ɔfən hɑːɹtbɹeɪkɪŋ tɛstᵻməni , spoʊkən dᵻɹɛktli ɪntʊ dᵻɹɛktɚ pætɹɪsɪoʊ ɡʌzmən ɛs kæmɹə , pæk ɐ paʊɚfəl ɪmoʊʃənəl wɔləp ",1
"ɐ bjuːɾifəl , taɪmləs ænd juːnɪvɜːsəl teɪl ʌv hiːɾᵻd pæʃənz dʒɛləsi , bᵻtɹeɪəl , fɚɡɪvnəs ænd mɜːdɚ ",1
"hɪl lʊks təbi ɡoʊɪŋ θɹuː ðə moʊʃənz , bɪɡɪnɪŋ wɪððə peɪl skɹɪpt ",0
"huː niːdz maɪnd bɛndɪŋ dɹʌɡz wɛn ðeɪ kæn siː ðɪs , ðə faɪnəl pɑːɹt ʌvðə kætsi tɹɪlədʒi , dᵻɹɛktᵻd baɪ ɡɑːdfɹi ɹɛɡɪoʊ , wɪð mjuːzɪk baɪ fɪlɪp ɡlæs ? ",1
dɪsdʒɔɪntᵻd pæɹədi ,0
"tɪpɪkəl ænɪm , wɪð tʃiːpoʊ ænɪmeɪʃən ɛlɑːɹbiː laɪk sæɾɚdeɪ mɔːɹnɪŋ tiːviː ɪnðə sɪksti z ɑːɹɹɑːɹbiː , ɐ kɑːmplɛks soːɹd ænd soːɹsɚɹi plɑːt ænd kæɹɪktɚz huː ɔːl hæv bɪɡ ɹaʊnd aɪz ænd dʒæpəniːz neɪmz ",0
juː kɑː ɛnt bᵻliːv ɛnɪwʌn wʊd ɹiəli baɪ ðɪs stʌf ,0
"ðə plɑːt ɪz nʌθɪŋ bʌt bɔɪlɚpleɪt klɪx ɛs fɹʌm stɑːɹt tə fɪnɪʃ , ænd ðə skɹɪpt ɐsuːmz ðæt nɑːt oʊnli wʊd sʌɾəlɾi biː lɔst ɔnðə tɑːɹɡɪt ɔːdiəns , bʌt ðɐɾɪt ɛs ɔːlsoʊ tuː stuːpɪd tə ɹiːəlaɪz ðæt ðeɪ viː ɔːlɹɛdi siːn ðɪs ɛɡzækt seɪm muːvi ɐ hʌndɹɪd taɪmz ",0
"twɛnti jɪɹz leɪɾɚ , iː tiː ɪz stɪl ɐ sɪnɪmæɾɪk tʌtʃstoʊn ",1
"ændʒələ ɡɪoːɹɡɪuː æz feɪməs pɹiːmə dɑːnə flɔːɹiə tɑːskə , ɹɑːbɚtoʊ ɐlæɡnə æz hɜː lʌvɚ mɑːɹɹɪoʊ kævɐɹædɑːsi , ænd ɹʌɡɛɹoʊ æz ðə vɪlənəs , lɛtʃɚɹəs pəliːs tʃiːf skɑːɹpiə , ɔːl sɪŋ bjuːɾɪfəli ænd ækt ædɪkwətli ",1
ɡɑːndɹi ɛs dᵻɹɛkʃən ɪz ædɪkwət bʌt wʌt ɡɪvz hjuːmən neɪtʃɚɹ ɪts juːniːk fiːl ɪz kɔːfmən ɛs skɹɪpt ,1
"ðoʊ ðɪs ɹuːd ænd kɹuːd fɪlm dʌz dᵻlɪvɚɹ ɐ fjuː ɡʌt bʌstɪŋ læfs , ɪts dɪɡz æt mɑːdɚn səsaɪəɾi ɑːɹ ɔːl θɪŋz wiː viː siːn bᵻfoːɹ ",0
wʌn ʌvðə moʊst ɛksaɪɾɪŋ ækʃən fɪlmz tə kʌm aʊɾəv tʃaɪnə ɪn ɹiːsənt jɪɹz ,1
ɡlɪzti bʌt fɔːɹmjʊleɪɪk ænd sɪli kæɡni ɛs tɑːp ʌvðə wɜːld hɐzbɪn ɹᵻpleɪst baɪ ðə bɑːɾəm ʌvðə bæɹəl ,0
meɪks ɐ dʒoʊk aʊɾəv kɑːɹ tʃeɪsᵻz fɚɹən aʊɚ ænd ðɛn ɡɪvz ʌs hæf ɐn aʊɚɹ ʌv kɑːɹ tʃeɪsᵻz ,0
"ɛlɑːɹbiː ɐ ɑːɹɹɑːɹbiː soʊlləs , stuːpɪd siːkwəl ",0
"wɪð ɐ lɑːɹdʒ kæst ɹɛpɹᵻzɛntɪŋ ɐ bɹɔːd kɹɔs sɛkʃən , tævɚniɚ ɛs fɪlm baʊndz ɐlɔŋ wɪððə ɹæt ɐ tæt ɛnɚdʒi ʌv hɪz ɡɜːl fɹaɪdeɪ , meɪnteɪnɪŋ ɐ laɪt tʌtʃ waɪl tæklɪŋ sɪɹiəs θiːmz ",1
"ʌnpɹɪtɛnʃəs , tʃɑːɹmɪŋ , kwɜːki , ɚɹɪdʒɪnəl ",1
"hjuːmɚləs , sɛlf kɑːnʃəs ɑːɹt dɹɪvəl , meɪd wɪðaʊt ɐ ɡlɪmɚɹ ʌv ɪntɛlɪdʒəns ɔːɹ ɪnvɛnʃən ",0
toʊld dʒʌst pɹəfɪʃəntli ɪnʌf tə tɹaʊns ɪts oʊvɚli kʌmftəbəl tɹæpɪŋz ,1
"ɪf juː hæv ɛnt siːn ðə fɪlm leɪtli , juː meɪ biː sɚpɹaɪzd æt ðə vɚɹaɪəɾi ʌv toʊnz ɪn spiːlbɜːɡ ɛs wɜːk ",1
ɛni muːvi ðæt meɪks hɑːɹd wɜːk siːm hɪɹoʊɪk dɪzɜːvz ɐ lʊk ,1
"ɪt ɛs ɐ θɪn noʊʃən , ɹᵻpɛɾᵻtɪvli stɹɛtʃt aʊt tə fiːtʃɚ lɛŋθ , ɐwɑːʃ ɪn sɛlf kɑːnʃəsli flæʃi kæmɹə ɪfɛkts , dɹoʊnɪŋ haʊs mjuːzɪk ænd flæt , flæt daɪəlɑːɡ ",0
"ɐ dʌl , dʌm ænd dᵻɹɪvətɪv hɔɹɚ fɪlm ",0
haʊ ɐbaʊt sɚpɹaɪzɪŋ ʌs baɪ tɹaɪɪŋ sʌmθɪŋ nuː ? ,0
"ɐn ɛnɚdʒɛɾɪk , vaɪələnt muːvi wɪð ɐ moʊmɛntəm ðæt nɛvɚ lɛts ʌp ",1
"iːvən baɪ ðɪ ɪntɛnʃənəli loʊ stændɚdz ʌv fɹæt bɔɪ hjuːmɚ , soːɹɔːɹᵻɾi bɔɪz ɪz ɐ baʊzɚ ",0
"ɐn æfəbəl bʌt ʌndɚnɜːɹɪʃt ɹoʊmæntɪk kɑːmədi ðæt feɪlz tə mætʃ ðə fɹɛʃnəs ʌvðɪ æktɹəs pɹəduːsɚ ænd ɹaɪɾɚ ɛs pɹiːviəs kəlæbɚɹeɪʃən , mɪs kəndʒiːnɪælᵻɾi ",0
"ɪt ɹiəli ɪz ɐ ʃeɪm ðæt moːɹ woʊ ɛnt ɡɛt ɐn ɑːpɚtuːnᵻɾi tʊ ɛmbɹeɪs smɔːl , swiːt iːvlɪn ",1
kæviːzəl ɛmbɑːdiz ðə tɹænsfoːɹmeɪʃən ʌv hɪz kæɹɪktɚ kəmpliːtli ,1
"aɪ faʊnd ɪt sloʊ , pɹɪdɪktəbəl ænd nɑːt vɛɹi ɐmjuːzɪŋ ",0
siː ɪt ,1
"æz pleɪd baɪ ɹaɪən ɡɑːslɪŋ , dæni ɪz ɐ fɹaɪʔn̩ɪŋli fæsᵻneɪɾɪŋ kɑːntɹədɪkʃən ",1
"ðə muːvi spɛndz moːɹ taɪm wɪð ʃneɪdɚ ðɐn wɪð nuːkʌmɚ məkædəmz , iːvən ðoʊ hɜː pɚfoːɹməns ɪz moːɹ ɪntɹɛstɪŋ ɛlɑːɹbiː ænd fʌnɪɚɹ ɑːɹɹɑːɹbiː ðɐn hɪz ",0
"oʊ , ænd moːɹ ɛntɚteɪnɪŋ , tuː ",1
"ðə dʒiːnɪəs ʌvðə wɜːk spiːks vɑːljuːmz , ɔfɚɹɪŋ ʌp ɐ hɐluːsɪnətoːɹi dɹiːmskeɪp ðæt fɹʌstɹeɪts ænd kæptᵻveɪts ",1
"ɔːstɪn paʊɚz fɚðə moʊst pɑːɹt ɪz ɛkstɹiːmli fʌni , ðə fɜːst pɑːɹt meɪkɪŋ ʌp fɔːɹ ɛni flɔːz ðæt kʌm leɪɾɚ ",1
"ɐ wɜːði ɐdɪʃən tə ðə sɪnɪmæɾɪk kænən , wɪtʃ , æt læst kaʊnt , nʌmbɚd fɪfti tuː dɪfɹənt vɜːʒənz ",1
"ɪf juː laɪk blʌd , ɡʌts ænd kɹeɪzi biːsts stɔːkɪŋ mɛn wɪð ɡʌnz ðoʊ juː wɪl laɪkli ɛndʒɔɪ ðɪs mɔnstɚ ",1
"ɪɾ ɪz ɐ pɑːpkɔːɹn fɪlm , nɑːɾə mʌst oʊn , ɔːɹ iːvən ɐ mʌst siː ",0
haʊ ɪnɛpt ɪz sɜːvɪŋ sɛɹə ? ,0
"ɐ θɔːtfəl , ɹɛvɚɹənt poːɹtɹɪt ʌv wʌt ɪz ᵻsɛnʃəli ɐ sʌbkʌltʃɚ , wɪð ɪts oʊn ɹuːlz ɹᵻɡɑːɹdɪŋ lʌv ænd fæmɪli , ɡʌvɚnəns ænd haɪɚɹɑːɹki ",1
"ɛlɑːɹbiː keɪn ɑːɹɹɑːɹbiː pɹuːvz wʌns ɐɡɛn hiː hɐz ɛnt lɔst hɪz tʌtʃ , bɹɪŋɪŋ ɔf ɐ suːpɜːb pɚfoːɹməns ɪn ɐn ɐdmɪɾᵻdli mɪdlɪŋ fɪlm ",1
"ɐ vaɪbɹənt wɜːlwɪnd ʌv lʌv , fæmɪli ænd ɔːl ðæt ɡoʊz wɪð ɪt , maɪ bɪɡ fæt ɡɹiːk wɛdɪŋ ɪz ɐ nɑːn stɑːp fʌni fiːst ʌv wɔːɹmθ , kʌlɚɹ ænd kɹɪndʒ ",1
"ðə fɪlm , laɪk dʒɪmi ɛs ɹuːtiːnz , kʊd juːz ɐ fjuː ɡʊd læfs ",0
"laɪk ɐ skɪlfəl fɪʃɚ , ðə dᵻɹɛktɚ juːsᵻz ðə læst ækt tə ɹiːl ɪnðɪ ɔːdiəns sɪns ɪts pɔɪnjənsi hʊks ʌs kəmpliːtli ",1
"bʌt wʌns ðə fælkən ɚɹaɪvz ɪnðə skaɪz əbʌv mænhæʔn̩ , ðɪ ɐdvɛntʃɚɹ ɪz ɔn ɹɛd ɐlɜːt ",1
"æz æntoʊniə ɪz ɐsɪmᵻleɪɾᵻd ɪntʊ ðɪs nuːfæŋɡəld kəmjuːnᵻɾi , ðə fɪlm sɛɾəlz ɪn ænd bɪkʌmz kəmpʌlsɪvli wɑːtʃəbəl ɪn ɐ ɡɪlti plɛʒɚ , deɪtaɪm dɹɑːmə sɔːɹt ʌv fæʃən ",1
ðɪs ɪz ɛnt ɐ nuː aɪdiə ,0
"ɔn ɐ kʌɾɪŋ ɹuːm floːɹ sʌmwɛɹ laɪz fʊɾɪdʒ ðæt maɪthɐv meɪd noʊ sʌtʃ θɪŋ ɐ tɹɛntʃənt , aɪɹɑːnɪk kʌltʃɚɹəl sæɾaɪɚ ɪnstɛd əvə fɹʌstɹeɪɾɪŋ mɪsfaɪɚ ",0
ðæt heɪnz kæn boʊθ meɪnteɪn ænd dɪsmæntəl ðə fəsɑːdz ðæt hɪz ʒɑːnɹə ænd hɪz kæɹɪktɚ kɑːnstɹʌkt ɪz ɐ wʌndɚɹəs ɐkɑːmplɪʃmənt ʌv vəɹæsᵻɾi ænd næɹətɪv ɡɹeɪs ,1
"dʒʌst bɹɪŋ ɔnðə bæɾəl bɑːts , pliːz ! ",1
"bʌt fɜːst , juː hæv tə ɡɪv ðɪ ɔːdiəns ɐ ɹiːzən tə wɔnt tə pʊt fɔːɹ ðæt ɛfɚt ",0
"fɔːɹ ɔːl ðə dɑːlɚɹəs tɹɪm , sɛkɹətɹi ɪz ɐ dʒiːnɪəl ɹoʊmæns ðæt meɪnteɪnz ɐ sɚpɹaɪzɪŋli bɔɪənt toʊn θɹuːaʊt , nɑːtwɪðstændɪŋ sʌm ʌvðə ɹaɪɾɚz spoːɹædɪk dɪps ɪntʊ pɑːp fɹɔɪdiənɪzəm ",1
"ɐ bɹaɪt , ɪnvɛntɪv , θʌɹoʊli wɪnɪŋ flaɪt ʌv ɹᵻvɪʒənɪst fænsi ",1
dʒʌst ɐbaʊt ðə ʃʊɹɹəst bɛt fɚɹən ɔːl ɚɹaʊnd ɡʊd taɪm æt ðə muːvɪz ðɪs sʌmɚ ,1
ðoʊz ʌv juː huː ɑːɹ nɑːt ɐn eɪtθ ɡɹeɪd ɡɜːl wɪl moʊst laɪkli doʊz ɔf dʊɹɹɪŋ ðɪswʌn ,0
ɐ ɹæmblɪŋ ɑːnsɑːmbəl piːs wɪð luːsli kənɛktᵻd kæɹɪktɚz ænd plɑːts ðæt nɛvɚ kwaɪt dʒɛl ,0
ɡɹɛɡ kɪnɪɹ ɡɪvz ɐ mɛsmɚɹaɪzɪŋ pɚfoːɹməns æz ɐ fʊl flɛdʒd sɛks ædɪkt huː ɪz ɪn kəmpliːt dᵻnaɪəl ɐbaʊt hɪz əbsɛsɪv bᵻheɪvjɚ ,1
ðɪs ækʃən θɹɪlɚ dɑːɹk kɑːmədi ɪz wʌn ʌvðə moʊst ɹᵻpɛlənt θɪŋz tə pɑːp ʌp ɪn ɐ sɪnɪmæɾɪk jɪɹ ɔːlɹɛdi lɪɾɚd wɪð sɛljuːlɔɪd ɡɑːɹbɪdʒ ,0
"mɛɾəfɔːɹz ɐbaʊnd , bʌt ɪɾ ɪz iːzi tə teɪk ðɪs fɪlm æt feɪs væljuː ænd ɛndʒɔɪ ɪts slaɪtli hjuːmɚɹəs ænd tɛndɚ stoːɹi ",1
"ðə muːvi ɪz ðɪ ɪkwɪvələnt ʌv fɹɛntʃ hɪp hɑːp , wɪtʃ ɔːlsoʊ siːmz tə pleɪ ɔn ɐ tɛn jɪɹ dᵻleɪ ",0
ɐ wɛl ɹaʊndᵻd tɹɪbjuːt tʊ ɐ mæn huːz ɐtʃiːvmənts ænd kəmplɛksᵻɾiz ɹiːtʃt fɑːɹ bᵻjɔnd ðɪ ɛnd zoʊn ,1
ðə fɪlm pɹɛzənts klæsɪk mɔːɹəl kəndʌndɹəm dɹɑːmə wʌt wʊd juː hæv dʌn tə sɚvaɪv ? ,1
"boʊθ ʃɹɪl ænd sɑːpoːɹɪfɪk , ænd bɪkʌz ɛvɹɪθɪŋ ɪz ɹᵻpiːɾᵻd faɪv ɔːɹ sɪks taɪmz , ɪt kæn siːm taɪɚsʌmli sɪmplɪmaɪndᵻd ",0
"ɐ ɹɪtʃ teɪl ʌv aʊɚ taɪmz , vɛɹi wɛl toʊld wɪð ɐn ɐpɹoʊpɹɪət mɪnɪməm ʌv miːnz ",1
"ðɪ ækʃən hɪɹ ɪz ʌnjuːʒuːəli teɪm , ðə kæɹɪktɚz ɑːɹ tuː sɪmplɪstɪk tə meɪnteɪn ɪntɹɛst , ænd ðə plɑːt ɔfɚz fjuː sɚpɹaɪzᵻz ",0
"ðə foːɹ fɛðɚz hɐz ɹᵻwɔːɹdz , fɹʌmðɪ ɛɡzɑːɾɪsɪzəm ʌv ɪts siːz ʌv sænd tə ðə fɪɹs ɡɹændʊɹ ʌv ɪts swiːpɪŋ bæɾəl siːnz ",1
"ðɛɹ ɛs ɐ dᵻlaɪtfəli kwɜːki muːvi təbi meɪd fɹʌm kɜːlɪŋ , bʌt bɹuːmz ɪz ɛnt ɪt ",0
aɪ sʌspɛkt ðæt ðɛɹɑːɹ moːɹ ɪntɹɛstɪŋ weɪz ʌv diːlɪŋ wɪððə sʌbdʒɛkt ,0
ɐ vɛɹi ɡʊd fɪlm sɪts ɪnðə pleɪs wɛɹ ɐ mæstɚpiːs ʃʊd biː ,1
tʃeɪndʒɪŋ leɪnz ɪz ɐn ɐnɑːməli fɚɹə hɑːliwʊd muːvi ɪt ɛs ɐ wɛl ɹɪʔn̩ ænd əkeɪʒənəli tʃæləndʒɪŋ soʊʃəl dɹɑːmə ðæt æktʃuːəli hɐz sʌmθɪŋ ɪntɹɛstɪŋ tə seɪ ,1
"flæt aʊt ɐmjuːzɪŋ , sʌmtaɪmz ɛndɪɹɪŋ ænd ɔfən fæbjʊləs , wɪð ɐ sɑːlɪd kæst , noʊtwɜːði kæɹɪktɚz , dᵻlɪʃəs daɪəlɑːɡ ænd ɐ waɪd səplaɪ ʌv ɪfɛktɪv saɪt ɡæɡz ",1
"pæʃənət , ɪɹæʃənəl , lɔŋ sʌfɚɹɪŋ bʌt kɹuːəl æz ɐ tɚɹæntʃələ , hɛlɡə fɪɡjɚz pɹɑːmɪnəntli ɪn ðɪs muːvi , ænd hɛlps kiːp ðə pɹəsiːdɪŋz æz fʌni fɔːɹ ɡɹoʊn ʌps æz fɔːɹ ɹʌɡɹæts ",1
"wɛnɛvɚ juː θɪŋk juː viː fɪɡɚd aʊt leɪt mæɹɪdʒ , ɪt θɹoʊz juː fɚɹə luːp ",1
"ðə stoːɹi ɛs skoʊp ænd pædʒəntɹi ɑːɹ mɛsmɚɹaɪzɪŋ , ænd mɪstɚ deɪ luːɪs ɹoːɹz wɪð liənaɪn paʊɚ ",1
"wʌn pɹɑːbləm wɪððə muːvi , dᵻɹɛktᵻd baɪ dʒoʊl ʃuːmɑːkɚ , ɪz ðɐɾɪt dʒæmz tuː mɛni pɹɪfæbɹᵻkeɪɾᵻd stoːɹi ɛlɪmənts ɪntʊ ðə ɹʌnɪŋ taɪm ",0
"bɛɹli mænɪdʒᵻz fɔːɹ bʌt ɐ fjuː sɛkəndz oʊvɚɹ ɪts siːmɪŋli ɪtɜːnəl ɹʌnɪŋ taɪm tə piːk jʊɹ ɪntɹɛst , jʊɹ ɪmædʒᵻneɪʃən , jʊɹ ɛmpəθi ɔːɹ ɛnɪθɪŋ , ɹiəli , seɪv jʊɹ dɪsɡʌst ænd jʊɹ ɪndɪfɹəns ",0
ðə stoːɹi ðə muːvi tɛlz ɪz ʌv bɹaɪən də pɑːmə ɛs ɐdɪkʃən tə ðə dʒʌŋk kælɚɹi səspɛns tɹoʊps ðæt hæv ɔːl bʌt ɹuːɪnd hɪz kɚɹɪɹ ,0
"mɪjɐzæki hɐz kɹiːeɪɾᵻd sʌtʃ ɐ vaɪbɹənt , kʌlɚfəl wɜːld , ɪt ɛs ɔːlmoʊst ɪmpɑːsᵻbəl nɑːt təbi swɛpt ɐweɪ baɪ ðə ʃɪɹ bjuːɾi ʌv hɪz ɪmɪdʒᵻz ",1
"ɪt ɛs nɑːɾə bæd pɹɛmɪs , dʒʌst ɐ bæd muːvi ",0
"wɛn wʌn hɪɹz hæɹi ʃɪɹɚɹ ɪz ɡoʊɪŋ tə meɪk hɪz deɪbjuː æz ɐ fɪlm dᵻɹɛktɚ , wʌn wʊd hoʊp fɚðə bɛst ",1
"ɪf juː ɛndʒɔɪ biːɪŋ ɹᵻwɔːɹdᵻd baɪ ɐ skɹɪpt ðæt ɐsuːmz juː ɑːɹ ɛnt vɛɹi bɹaɪt , ðɛn blʌd wɜːk ɪz fɔːɹ juː ",0
ɡɹeɪt dɹæɡənz ! ,1
"ðə paʊɚfəl səksɛs ʌv ɹiːd maɪ lɪps wɪð sʌtʃ pɹəvɑːkətɪv mətɪɹiəl ʃoʊz waɪ , æftɚɹ oʊnli θɹiː fɪlmz , dᵻɹɛktɚ koʊ ɹaɪɾɚ ʒæk ɔːdɪɚd , ðoʊ lɪɾəl noʊn ɪn ðɪs kʌntɹi , bᵻlɔŋz ɪnðə vɛɹi tɑːp ɹæŋk ʌv fɹɛntʃ fɪlmeɪkɚz ",1
"moʊst fɪʃ stoːɹiz ɑːɹ ɐ lɪɾəl pɪkjuːlɪɹ , bʌt ðɪs ɪz wʌn ðæt ʃʊd biː θɹoʊn bæk ɪnðə ɹɪvɚ ",0
ɐ wɜːd ʌv ɐdvaɪs tə ðə meɪkɚz ʌvðə sɪŋɡəlz wɔːɹd səlɛbɹᵻɾi kæmɪoʊz duːnɑːt ɔːɾəmæɾɪkli iːkwəl læfs ,0
kɪnɪɹ ænd dæfoʊ ɡɪv wʌt meɪ biː ðə pɚfoːɹmənsᵻz ʌv ðɛɹ kɚɹɪɹz ,1
"ɐ pɐθɛɾɪk ɛksplɔɪteɪʃən fɪlm ðæt tɹaɪz tə siːm sɪnsɪɹ , ænd dʒʌst siːmz wɜːs fɚðɪ ɛfɚt ",0
"pɹætfɔːlz ɐsaɪd , bɑːɹbɚʃɑːp ɡɛts ɪts ɡɹeɪɾɪst pleɪ fɹʌmðə taɪmləs spɛktəkəl ʌv piːpəl ɹiəli tɔːkɪŋ tʊ iːtʃ ʌðɚ ",1
wʌn lʊk æɾə ɡɜːl ɪn taɪt pænts ænd bɪɡ tɪts ænd juː tɜːn stuːpɪd ? ,0
kɪdz ʃʊdəv ɐ stɜːɹɪŋ taɪm æt ðɪs bjuːɾɪfəli dɹɔːn muːvi ,1
ɐn ʌnfɔːɹtʃənət taɪɾəl fɚɹə fɪlm ðæt hɐz nʌθɪŋ ɛndɪɹɪŋ ɐbaʊt ɪt ,0
deɪvɪd speɪd æz sɪɾɪzən keɪn ? ,0
"dᵻɹɛktɚ tɑːm deɪ dɛmənstɹeɪɾᵻd ɐ næk fɔːɹ mɪksɪŋ ækʃən ænd ɪdɪɑːsɪŋkɹæɾɪk hjuːmɚɹ ɪn hɪz tʃɑːɹmɪŋ tuː θaʊzənd deɪbjuː ʃæŋhaɪ nuːn , bʌt ʃoʊtaɪm ɛs ʌnɪnspaɪɚd sɛnd ʌp ʌv tiːviː kɑːp ʃoʊ kliːʃeɪᵻz moʊstli liːvz hɪm ʃuːɾɪŋ blæŋks ",1
"dᵻɹɛktɚ dʒɔːɹdʒ hɪkənluːpɚ hɐz hæd sʌm səksɛs wɪð dɑːkjuːmɛntɚɹiz , bʌt hɪɹ hɪz sɛns ʌv stoːɹi ænd hɪz dʒuːvənaɪl kæmɹə muːvmənts smæk əvə fɪlm skuːl ʌndɚɡɹæd , ænd hɪz mɔːdlɪn ɛndɪŋ maɪt nɑːɾɐv ɡɑːʔn̩ hɪm ɪntʊ fɪlm skuːl ɪnðə fɜːst pleɪs ",0
"laɪk kʌbɹɪk , soʊdɚbɚɡ ɪz ɛnt ɐfɹeɪd tə tɹaɪ ɛni ʒɑːnɹə ænd tə duː ɪt hɪz oʊn weɪ ",1
ðə vɛɹi dɛfɪnɪʃən ʌv wʌt kɹɪɾɪks hæv kʌm tə tɜːm æn æmbɪʃəs feɪlɪɹ ,0
"aɪ kæn ɪmædʒɪn ðɪs muːvi æz ɐ biː dʌbəljuː bɹɪɾɪʃ kɑːmədi , sɜːkə naɪntiːnhʌndɹɪd sɪksti , wɪð piːɾɚ sɛlɚz , kɛnəθ wɪljəmz , ɛt æl , bʌt æt ðɪs taɪm , wɪð ðɪs kæst , ðɪs muːvi ɪz hoʊpləs ",0
æt taɪmz ɔːɾoʊ foʊkəs fiːlz soʊ dɪstənt juː maɪt æz wɛl biː wɑːtʃɪŋ ɪt θɹuː ɐ tɛlᵻskoʊp ,0
ɐ bɹuːɾəli dɹaɪ sæɾaɪɚɹ ʌv mɪdəl ɐmɛɹɪkən nʌmnəs ,0
"ɪɾ ɪz fɪlɑːsəfi , ɪləstɹeɪɾᵻd θɹuː ɛvɹɪdeɪ ᵻvɛnts ",1
ðɪs ɪz wʌn ʌvðə jɪɹ ɛs bɛst fɪlmz ,1
ðə waɪld θoːɹnbɛɹiz muːvi ɪz plɛzənt ɪnʌf ænd ðə mɛsɪdʒ ʌv aʊɚ kloʊs taɪz wɪð ænɪməlz kæn sɜːʔn̩li nɑːt biː ɛmfɐsaɪzd ɪnʌf ,1
"saʊndɪŋ laɪk ɑːɹnəld ʃwɔːɹzənɛɡɚ , wɪð ɐ fɪziːk tə mætʃ , ɛlɑːɹbiː æhoʊlə ɑːɹɹɑːɹbiː hɐz ɐ wʊdən dᵻlɪvɚɹi ænd ɛŋkaʊntɚz ɐ səbstænʃəl ɑːɹk ʌv tʃeɪndʒ ðæt dʌz ɛnt pɹəduːs ɛni ɹiːəl tɹænsfoːɹmeɪʃən ",0
ðə stɹɛŋθ ʌvðə fɪlm laɪz ɪn ɪts tuː sɛntɹəl pɚfoːɹmənsᵻz baɪ svɛn woʊltɚɹ æz ðə stɹɪkən kəmpoʊzɚ ænd vaɪvɛkə sɛldɑːl æz hɪz dɛspɚɹət vaɪəlɪnɪst waɪf ,1
ɐbsoːɹbɪŋ kæɹɪktɚ stʌdi baɪ ændɚ tɜːpɪn ,1
"ʌnfɔːɹtʃənətli , ðæt ɛs pɹɪsaɪsli wʌt ɑːɹθɚ dɑːŋ ɛs fæmɪli fʌndəmɛntəlz dʌz ",0
"ɪnstɛd , ʃiː siːz ɪɾ æz ɐ tʃæns tə ɹᵻvaɪɾəlaɪz wʌt ɪz ænd ɔːlweɪz hɐzbɪn ɹᵻmɑːɹkəbəl ɐbaʊt klʌŋ tə tɹɐdɪʃənz ",1
ɐn ɑːd dɹɑːmə sɛt ɪnðə wɜːld ʌv lɑːnʒɚɹeɪ mɑːdəlz ænd bɑːɹ dænsɚz ɪnðə mɪdwɛst ðæt hɛld maɪ ɪntɹɛst pɹɪsaɪsli bɪkʌz ɪt dɪd ɛnt tɹaɪ tuː ,1
"ɐ hɛdlaɪn fɹɛʃ θɹɪlɚ sɛt ɐmʌŋ ɔːɹθədɑːks dʒuːz ɔnðə wɛst bæŋk , dʒoʊsəf siːdɚ ɛs taɪm ʌv feɪvɚ mænɪdʒᵻz nɑːt oʊnli tə faɪnd ɐ kəmpɛlɪŋ dɹəmæɾɪk miːnz ʌv ɐdɹɛsɪŋ ɐ kɑːmplɛks sɪtʃuːeɪʃən , ɪt dʌz soʊ wɪðaʊt kɑːmpɹəmaɪzɪŋ ðæt kəmplɛksᵻɾi ",1
"ðə weɪ hoʊm ɪz ɐn oʊd tʊ ʌŋkəndɪʃənəl lʌv ænd kəmpæʃən ɡɑːɹnɚd fɹʌm jɪɹz ʌv siːɪŋ ɪɾ ɔːl , ɐ kəndɪʃən oʊnli ðɪ oʊld ɑːɹ pɹɪvi tuː , ænd ɔfən mɪskənstɹuːd æz wiːknəs ",1
ɐ ɹuːd blæk kɑːmədi ɐbaʊt ðə kæɾɐlɪɾɪk ɪfɛkt ɐ hoʊli fuːl hɐz əpɑːn ðoʊz ɚɹaʊnd hɪm ɪnðə kʌtθɹoʊt wɜːld ʌv tʃɪldɹən ɛs tɛlᵻvɪʒən ,0
"dᵻspaɪt ɪts lævɪʃ fɔːɹməlɪzəm ænd ɪntəlɛktʃuːəl ɔːstɛɹᵻɾi , ðə fɪlm mænɪdʒᵻz tə kiːp juː æt ðɪ ɛdʒ ʌv jʊɹ siːt wɪð ɪts ʃeɪp ʃɪftɪŋ pɛɹəlz , pəlɪɾɪkəl ɪntɹiːɡ ænd bɹʌʃᵻz wɪð kɐlæmᵻɾi ",1
"kəpoʊlə ɛs dᵻɹɪktoːɹɪəl deɪbjuː ɪz ɐn ɪŋkɹɛdɪbli leɪɚd ænd staɪlɪstɪk fɪlm ðæt , dᵻspaɪt ɐ fɛɹli sloʊ peɪst , ɔːlmoʊst hʌmdɹəm ɐpɹoʊtʃ tə kæɹɪktɚ dɪvɛləpmənt , stɪl mænɪdʒᵻz æt liːst ɐ diːsənt ɐtɛmpt æt miːnɪŋfəl sɪnəmə ",1
"soʊ wiː ɡɑːt tɛn lɪɾəl ɪndiənz miːts fɹaɪdeɪ ðə θɜːtiːnθ baɪ weɪ ʌv kliːn ænd soʊbɚ , fɪlmd ɔnðə sɛt ʌv kɑːɹpəntɚ ɛs ðə θɪŋ ænd loʊdᵻd wɪð æktɚz juː ɹiː moʊst laɪkli tə faɪnd ɔnðə nɛkst ɪnɛvᵻɾəbəl ɪŋkɑːɹneɪʃən ʌvðə lʌv boʊt ",0
"wɪð ɪts lækɐdeɪzɪkəl plɑːɾɪŋ ænd maɪndləs ækʃən , ɔːl ɐbaʊt ðə bɛndʒəmɪnz ɪvoʊks ðə bɑːɾəm tɪɹ ʌv blæksplɔɪteɪʃən flɪks fɹʌmðə naɪntiːnhʌndɹɪd sɛvənti z ",0
ɐmʌŋ ðə mɛni plɛʒɚz ɑːɹ ðə laɪvli ɪntɛlɪdʒəns ʌvðɪ ɑːɹɾɪsts ænd ðɛɹ pɚsɛptɪvnəs ɐbaʊt ðɛɹ oʊn sɪtʃuːeɪʃənz ,1
"ɐ ɹᵻmaɪndɚ ðæt bᵻjɔnd ɔːl ðə haɪp ænd ɹiːsənt dɪdʒɪɾəl ɡlɪts , spiːlbɜːɡ noʊz haʊ tə tɛl ʌs ɐbaʊt piːpəl ",1
kəlæpsᵻz ʌndɚɹ ɪts oʊn miːɡɚ weɪt ,0
dʌz ɛnt dɪzɜːv ɐ pæsɪŋ ɡɹeɪd ɛlɑːɹbiː iːvən ɔn ɐ kɜːv ɑːɹɹɑːɹbiː ,0
"waɪt oʊlɪændɚ meɪ liːv juː ɹoʊlɪŋ jʊɹ aɪz ɪnðə dɑːɹk , bʌt ðæt dʌz ɛnt miːn juː woʊ ɛnt laɪk lʊkɪŋ æɾɪt ",1
ɐtwʌns dɪsɑːɹmɪŋli stɹeɪtfɔːɹwɚd ænd stɹaɪkɪŋli diːviəs ,1
"ɪf juː ɹiː lʊkɪŋ fɚɹə smɑːɹt , nuːɑːnst lʊk æt də seɪd ænd wʌt maɪthɐv hæpənd æt pɪkpəs , seɪd ɪz jʊɹ fɪlm ",1
aɪ duː ɛnt bleɪm ɛdi mɜːfi bʌt ʃʊd ɛnt oʊɪn wɪlsən noʊ ɐ muːvi mʌstɐv ɐ stoːɹi ænd ɐ skɹɪpt ? ,0
ɐ mənɪpjʊlətɪv fɛmɪnɪst ɛmpaʊɚmənt teɪl θɪnli poʊzɪŋ æz ɐ sɪɹiəs dɹɑːmə ɐbaʊt spaʊzəl ɐbjuːs ,0
ðɪs ɪn dɛpθ stʌdi ʌv ɪmpoːɹtənt dɪvɛləpmənts ʌvðə kəmpjuːɾɚɹ ɪndʌstɹi ʃʊd meɪk ɪt ɹᵻkwaɪɚd vjuːɪŋ ɪn juːnɪvɜːsᵻɾi kəmpjuːɾɚ saɪəns dᵻpɑːɹtmənts fɔːɹ jɪɹz tə kʌm ,1
ðə skɹɪpt bɪkʌmz laɪfləs ænd fɔːlz ɐpɑːɹt laɪk ɐ tʃiːp lɔːn tʃɛɹ ,0
ðɪs ɪz wʌn ʌv ðoʊz wɔːɹ muːvɪz ðæt foʊkəsᵻz ɔn hjuːmən ɪntɚɹækʃən ɹæðɚ ðɐn bæɾəl ænd ækʃən siːkwənsᵻz ænd ɪt ɛs ɔːl ðə stɹɔŋɡɚ bɪkʌz ʌv ɪt ,1
soʊ dɪvɔɪd ʌv plɛʒɚ ɔːɹ sɛnʃuːælᵻɾi ðɐɾɪt kæn nɑːt iːvən biː dʌbd hɛdənɪstɪk ,0
"sɑːlɑːndz ɪz wɪðaʊt daʊt ɐn ɑːɹɾɪst ʌv ʌŋkɑːmpɹəmaɪzɪŋ vɪʒən , bʌt ðæt vɪʒən ɪz bɪɡɪnɪŋ tə fiːl , ɪf nɑːt mɔːɹəli bæŋkɹʌpt , æt liːst tɛɹᵻbli mənɑːtənəs ",0
"hɪɹ ɛs ɐ keɪs ʌv tuː æktɚz huː duː ɛvɹɪθɪŋ hjuːmənli pɑːsᵻbəl tə kɹiːeɪt kæɹɪktɚz huː ɑːɹ swiːt ænd bᵻliːvəbəl , ænd ɑːɹ dᵻfiːɾᵻd baɪ ɐ skɹiːnpleɪ ðæt foːɹsᵻz ðɛm ɪntʊ bᵻzɑːɹ , ɪmplɔːzᵻbəl bᵻheɪvjɚ ",0
"kætʃ miː fiːlz keɪpəbəl ʌv tʃɑːɹmɪŋ ðə mæsᵻz wɪð stɑːɹ paʊɚ , ɐ pɑːp ɪnduːst skoːɹ ænd sɛntɪmɛntəl moʊmənts ðæt hæv bɪkʌm ɐ spiːlbɜːɡ tɹeɪdmɑːɹk ",1
soʊlɑːɹɹɪs ɪz ɐ ʃeɪpləs ɪŋkɑːnsɪkwɛnʃəl muːv ɹᵻlaɪɪŋ ɔnðə vjuːɚ tə duː moʊst əv ðə wɜːk ,0
"ɛlɑːɹbiː tiː ɑːɹɹɑːɹbiː hɪz slɑːp dʌz ɛnt iːvən hæv pətɛnʃəl æz ɐ kʌlt fɪlm , æz ɪt ɛs tuː laʊd tə ʃaʊt ɪnsʌlts æt ðə skɹiːn ",0
ɪt ɹᵻduːsᵻz ðə kəmplɛksᵻɾiz tə bɹoʊmaɪdz ænd sloʊɡənz ænd ɪt ɡɛts soʊ pɹiːki kiːn ænd soʊ tʌb θʌmpɪŋli laʊd ɪt meɪks juː fiːl laɪk ɐ tʃʌmp dʒʌst fɔːɹ sɪɾɪŋ θɹuː ɪt ,0
"waɪl sɑːlɑːndz tɹaɪz ænd tɹaɪz hɑːɹd , stɔːɹɪtɛlɪŋ feɪlz tə pɹəvaɪd mʌtʃ moːɹ ɪnsaɪt ðɐn ðɪ ɪnsaɪd kɑːlʌm əvə tɔːɹn bʊk dʒækɪt ",0
"pæsiːnoʊ ænd wɪljəmz siːm tə kiːp ʌpɪŋ ðɪ æntiː ɔn iːtʃ ʌðɚ , dʒʌst æz ðɛɹ kæɹɪktɚz duː ɪnðə fɪlm ",1
ðɪs ɪz ɛnt ɐ muːvi ɪt ɛs ɐ sɪmptəm ,0
baɪ ðɪ ɛnd juː kɑː ɛnt hɛlp bʌt fiːl stoʊkt ,1
hæf pæst dɛd ɪz dʒʌst sʌtʃ ɐn ɐtʃiːvmənt ,1
"ɔn ɪts oʊn , ɪt ɛs nɑːt vɛɹi ɪntɹɛstɪŋ ",0
"ɪɡnoːɹ ðə ɹɛpjuːteɪʃən , ænd ɪɡnoːɹ ðə fɪlm ",0
"ðə pɚfoːɹmənsᵻz ʌvðə tʃɪldɹən , ʌntɹeɪnd ɪn æktɪŋ , hæv ɐn ɑːnɪsti ænd dɪɡnᵻɾi ðæt bɹeɪks jʊɹ hɑːɹt ",1
piːɾɚ dʒæksən hɐz dʌn ðə nɪɹli ɪmpɑːsᵻbəl ,1
"ðə muːvi ɛntɚz ɐ ɹɛlm wɛɹ fjuː nɑːn pɔːɹn fɪlmz vɛntʃɚ , ænd kʌmz əkɹɑːs æz dɑːɹkli fʌni , ɛnɚdʒɛɾɪk , ænd sɚpɹaɪzɪŋli dʒɛntəl ",1
"dᵻɹɛktɚ kɹɪs wɛdʒ ænd skɹiːnɹaɪɾɚz maɪkəl bɜːɡ , maɪkəl dʒeɪ wɪlsən ænd piːɾɚɹ ækɚmən kɹiːeɪt sʌm ɛpɪsoʊdz ðæt ɹaɪvəl vɪntɪdʒ luːni tuːnz fɚðə moʊst kɹiːeɪɾɪv meɪhɛm ɪn ɐ bɹiːf ɐmaʊnt ʌv taɪm ",1
ænd ɪt ɛs nɑːt ðæt fʌni wɪtʃ ɪz dʒʌst dʒɛnɚɹəli ɪnsʌltɪŋ ,0
ɪvoʊks ðə staɪl ænd flæʃ ʌvðə dʌbəl kɹɔs ðæt meɪd mæmɪt ɛs haʊs ʌv ɡeɪmz ænd læst fɔːl ɛs haɪst soʊ mʌtʃ fʌn ,1
"ðɪ ɛfɚts ʌv ɪts stɑːɹ , klaɪn , tə lɛnd sʌm dɪɡnᵻɾi tʊ ɐ dʌm stoːɹi ɑːɹ fɔːɹ nɔːt ",0
"wʌn ʌvðə moʊst ɚɹɪdʒɪnəl ɐmɛɹɪkən pɹədʌkʃənz ðɪs jɪɹ , juː ɛlɛl faɪnd joːɹsɛlf ɹᵻmɛmbɚɹɪŋ ðɪs ɹᵻfɹɛʃɪŋ vɪzɪt tʊ ɐ sʌnʃaɪn steɪt ",1
"ðə moːɹ juː θɪŋk ɐbaʊt ðə muːvi , ðə moːɹ juː wɪl pɹɑːbəbli laɪk ɪt ",1
sʌm laɪk ɪt hɑːt ɔnðə hɑːɹdwʊd pɹuːvz wʌns ɐɡɛn ðæɾə mæn ɪn dɹæɡ ɪz nɑːt ɪn ænd ʌv hɪmsɛlf fʌni ,0
ðɛɹ ɛs ɐ lɑːt ʌv tuːθ ɪn ɹɑːdʒɚ dɑːdʒɚ ,1
ɐ bɹuːɾəl ænd fʌni wɜːk ,1
"ɹæmseɪ ɪz klɪɹli ɛkstɹoːɹdɪnɛɹᵻli tæləntᵻd , ænd beɪst ɔn θɹiː ʃɔːɹt fɪlmz ænd tuː fiːtʃɚz , hɪɹ ɛs bɛɾɪŋ hɜː θɜːd fiːtʃɚ wɪl biː sʌmθɪŋ tə bᵻhoʊld ",1
"wiː nɛvɚ fiːl ɛnɪθɪŋ fɔːɹ ðiːz kæɹɪktɚz , ænd æz ɐ ɹɪzʌlt ðə fɪlm ɪz beɪsɪkli dʒʌst ɐ kjʊɹɹɪɔsᵻɾi ",0
"dᵻɹɛktɚ ʃɛkɑːɹ kæpʊɹ ænd skɹiːnɹaɪɾɚz maɪkəl skɪfɚ ænd hɑːsiːn æmiːni hæv tɹaɪd hɑːɹd tə mɑːdɚnaɪz ænd ɹɛkənsɛptʃuːəlaɪz θɪŋz , bʌt ðə bæɹɪɹz faɪnəli pɹuːv təbi tuː ɡɹeɪt ",0
"mɛldz dᵻɹɪvətɪv ɛlɪmənts ɪntʊ sʌmθɪŋ ðæt ɪz ɔfən kwaɪt ɹɪtʃ ænd ɛksaɪɾɪŋ , ænd ɔːlweɪz ɐ bjuːɾi tə bᵻhoʊld ",1
ɪt ɛs laɪk ɡoʊɪŋ tʊ ɐ haʊs pɑːɹɾi ænd wɑːtʃɪŋ ðə hoʊst dᵻfɛnd hɪmsɛlf ɐɡɛnst ɐ fɹɑːθɪŋ ɛks ɡɜːlfɹɛnd ,0
ɐ ɡɹeɪt kəmpæniən piːs tʊ ʌðɚ nɐpoʊlɪən fɪlmz ,1
ɪɾ eɪmləsli ænd ʌnsəksɛsfəli ɐtɛmpts tə fjuːz æt liːst θɹiː dʌl plɑːts ɪntʊ wʌn ɡʊd wʌn ,0
"haʊɛvɚ , ɪt ɛs plɛzənt ɪnʌf ænd ɪts ɛkəlɑːdʒɪkəl , pɹoʊ waɪldlaɪf sɛntɪmənts ɑːɹ sɜːʔn̩li wɛlkʌm ",1
"bᵻtwiːn bɜːsts ʌv ɔːɾəmæɾɪk ɡʌnfaɪɚ , ðə stoːɹi ɔfɚz ɐ tɹɛntʃənt kɹɪtiːk ʌv kæpɪɾəlɪzəm ",1
kɪnɪɹ ɡɪvz hɪz bɛst skɹiːn pɚfoːɹməns wɪð ɐn ɑːdli wɪnɪŋ poːɹtɹeɪəl ʌv wʌn ʌv laɪf ɛs ʌltᵻmət luːzɚz ,1
ɪt hɐz plɛnti ʌv læfs ,1
"bjuːɾɪfəli kɹæftᵻd , ɛŋɡeɪdʒɪŋ fɪlmeɪkɪŋ ðæt ʃʊd ɐtɹækt ʌpskeɪl ɔːdiənsᵻz hʌŋɡɹi fɔːɹ kwɔlᵻɾi ænd ɐ nəstældʒɪk , twɪsti jɑːɹn ðæt wɪl kiːp ðɛm ɡɛsɪŋ ",1
"bʌt ðə pɹɑːbləm wɪð wɛndɪɡoʊ , fɔːɹ ɔːl ɪts ɪfɛktɪv moʊmənts , ɪz ɛnt ɹiəli wʌn ʌv ɹᵻsoːɹsᵻz ",0
"tɹænsɛndz ɪts ɐdʒɛndə tə dᵻlɪvɚɹ ɔː ɪnspaɪɚɹɪŋ , æt taɪmz sʌblaɪm , vɪʒuːəlz ænd ɔfɚɹ ɐ fæsᵻneɪɾɪŋ ɡlɪmps ɪntʊ ðə sʌbkʌltʃɚɹ ʌv ɛkstɹiːm æθliːts huːz dɛɹɪŋ duː pʊts ðɪ ɛks ɪntʊ ðə ɡeɪmz ",1
ɛlɑːɹbiː dɛniz ɑːɹɹɑːɹbiː bɛɹ boʊnz næɹətɪv moːɹ kloʊsli ɹᵻzɛmbəlz ɐn aʊtlaɪn fɚɹə sɛvənti z ɛksplɔɪteɪʃən pɪktʃɚ ðɐn ðə fɪnɪʃt pɹɑːdʌkt ,0
snaɪps ɪz boʊθ ɐ snoːɹ ænd ʌɾɚ tɹaɪp ,0
"ðə ʃæɾoʊ hɐz wʌn vɛɹi fʌni dʒoʊk ænd ɐ fjuː ʌðɚ diːsənt wʌnz , bʌt ɔːl ɪɾ ɐmaʊnts tʊ ɪz ɐ maɪldli fʌni , sʌmtaɪmz tiːdiəs , ʌltᵻmətli ɪnsɪɡnɪfɪkənt fɪlm ",0
"nɑːt oʊnli ɪz ɛntɹi nʌmbɚ twɛnti ðə wɜːst ʌvðə bɹɑːsnən bʌntʃ , ɪt ɛs wʌn ʌvðə wɜːst ʌvðɪ ɛntaɪɚ fɹæntʃaɪz ",0
ʃɑːt laɪk ɐ poʊstkɑːɹd ænd oʊvɚɹæktᵻd wɪð ɔːl ðə buːzi sɛlf ɪndʌldʒəns ðæt bɹɪŋz aʊt ðə wɜːst ɪn ʌðɚwaɪz tæləntᵻd æktɚz ,0
"stiːvən ɜːnhɑːɹt ɛs dɑːkjuːmɛntɚɹi ɪz ɐ diːkɑːmpəzɪʃən ʌv hɛlθi ɛksɛntɹɪk ɪnspɚɹeɪʃən ænd æmbɪʃən wɛɹɪŋ ɐ kloʊk ʌv ʌnsɛntɪmɛntəl , stɹeɪtfɔːɹwɚd tɛkst wɛn ɪt ɛs ɹiəli ɐn ɛksɚsaɪz ɪn ɡɹoʊs ɹoʊmæntɪsᵻzeɪʃən ʌvðə dᵻluːʒənəl pɜːsənælᵻɾi taɪp ",0
"sɛvənti sɛvən mɪnɪts ʌv poʊkeɪmɑːn meɪ nɑːt læst foːɹ ɛvɚ , ɪt dʒʌst siːmz laɪk ɪt dʌz ",0
"ɐ kʌlɚfəl , vaɪbɹənt ɪntɹədʌkʃən tʊ ɐ juːnɪvɜːsəl hjuːmən ɪmpʌls , lʌʃli foʊɾəɡɹæft ænd bjuːɾɪfəli ɹᵻkoːɹdᵻd ",1
"ɐ dɹoʊl , bɪtʃi fɹɑːlɪk wɪtʃ poʊks fʌn æt ðə pɹaɪs ʌv pɑːpjʊlæɹᵻɾi ænd smɔːl taʊn pɹɪtɛnʃən ɪnðə loʊn stɑːɹ steɪt ",0
fʊl ʌv sɚpɹaɪzᵻz ,1
"wɛðɚɹ ɔːɹ nɑːt ɹæm dæs pɹuːvz æz klɪɹ ænd ɹᵻlaɪəbəl ɐn ɐθɔːɹɪɾi ɔn ðæt æz hiː wʌz ɐbaʊt ɪnɚ kɑːnʃəsnəs , fɪɹs ɡɹeɪs ɹiːəʃʊɹz ʌs ðæt hiː wɪl wʌns ɐɡɛn biː ɐn ɑːnɪst ænd lʌvɪŋ wʌn ",1
"ðə hoʊl θɪŋ ɛs fɛɹli leɪm , meɪkɪŋ ɪt pɑːɹ fɚðə koːɹs fɔːɹ dɪzni siːkwəlz ",0
"vɪvɪdli dɛmənstɹeɪts ðætðə dᵻɹɛktɚɹ ʌv sʌtʃ hɑːliwʊd blɑːkbʌstɚz æz peɪtɹɪət ɡeɪmz kæn stɪl tɜːn aʊt ɐ smɔːl , pɜːsənəl fɪlm wɪð ɐn ɪmoʊʃənəl wɔləp ",1
wʌn ʌvðə bɛst ɹɑːk dɑːkjuːmɛntɚɹiz ɛvɚ ,1
"æz deɪvɪd lɛɾɚmən ænd ðɪ ʌniən hæv pɹuːvən , ðə wɜːst ʌv tɹædʒədiz kæn biː fɜːɾəl soːɹsᵻz ʌv hjuːmɚ , bʌt lɔːɹəns hɐz oʊnli ɐ fliːɾɪŋ ɡɹæsp ʌv haʊ tə dɪvɛləp ðɛm ",0
sʌmhaʊ ɛmɛs ɡɹɪfɪθs ænd mɪstɚ pɹaɪs bɹɪŋ ɔf ðɪs waɪld wɛlʃ wɪmzi ,1
"ɪf ðə fɪlm ɛs vɪʒən ʌv spoːɹt æz ɐ sɛkjʊlɚ ɹᵻlɪdʒən ɪz ɐ bɪt klɔɪɪŋ , ɪts θɹuː laɪn ʌv fæmɪli ænd kəmjuːnᵻɾi ɪz hɑːɹʔn̩ɪŋ ɪnðə seɪm weɪ ðæt iːtʃ siːzən mɑːɹks ɐ nuː stɑːɹt ",1
"waɪl sʌmwʌt lɛs ðɐn ɪt maɪthɐv bɪn , ðə fɪlm ɪz ɐ ɡʊd wʌn , ænd juː viː ɡɑːt tə hænd ɪt tə dᵻɹɛktɚ dʒɔːɹdʒ kluːni fɔːɹ baɪɾɪŋ ɔf sʌtʃ ɐ bɪɡ dʒɑːb ðə fɜːst taɪm aʊt ",1
"ɪf ɛnɪθɪŋ , ðə fɪlm ɪz duːɪŋ sʌmθɪŋ əvə pʌblɪk sɜːvɪs ʃɛdɪŋ laɪt ɔn ɐ ɡɹuːp ʌv ɛkstɹiːmli tæləntᵻd mjuːzɪʃənz huː maɪt ʌðɚwaɪz ɡoʊ ʌnnoʊɾɪst ænd ʌndɚɹɐpɹiːʃɪeɪɾᵻd baɪ mjuːzɪk fænz ",1
"boʊstɪŋ sʌm ʌvðə moʊst pʊɹli steɪdʒd ænd lɪt ækʃən ɪn mɛmɚɹi , ɪmpɔstɚɹ ɪz æz kloʊs æz juː kæn ɡɛt tʊ ɐn ɪmɪteɪʃən muːvi ",0
"klɔːd tʃæbɹɑːl ɛs kæmɹə hɐz ɐ weɪ ʌv dʒɛntli sweɪɪŋ bæk ænd fɔːɹθ æz ɪt kɹeɪdəlz ɪts kæɹɪktɚz , veɪlɪŋ tɛnʃən bᵻniːθ ʌðɚwaɪz tɛndɚ muːvmənts ",1
ðə kɹæsnəs ʌv ðɪs ɹɪækʃənɛɹi θɹɪlɚɹ ɪz mætʃt oʊnli baɪ ðə ɹɪdɪkjʊləsnəs ʌv ɪts pɹɛmɪs ,0
"ɛnɪwʌn huː wɛlkʌmz ɐ dæʃ ʌvðɪ ævənt ɡɑːɹd fjuːzd wɪð ðɛɹ hjuːmɚ ʃʊd teɪk plɛʒɚɹ ɪn ðɪs kɹeɪzd , dʒɔɪəs ɹɑːmp əvə fɪlm ",1
"ɪt ɛs ɐbaʊt æz kənvɪnsɪŋ æz ɛni ʌðɚɹ ɑːɹni mʌslɛfɪst , bʌt hɐz ɐ lɪɾəl tuː mʌtʃ ɹɛzənəns wɪð ɹiːəl wɜːld ᵻvɛnts ænd ʌltᵻmətli kʌmz ɔf æz ɪnsʌltɪŋli sɪmplɪstɪk ",0
nʌθɪŋ moːɹ ɔːɹ lɛs ðænən aʊtɹaɪt bɑːdɪs ɹɪpɚɹ ɪt ʃʊdəv dɪtʃt ðɪ ɑːɹtsi pɹɪtɛnʃənz ænd ɹɛvəld ɪnðɪ ɛntɚteɪnɪŋ ʃæloʊz ,0
"pɹɪkoʊʃəs smɑːɹɾɚ ðɐn ðaʊ weɪwɚd tiːn stɹʌɡəlz tə ɹᵻbɛl ɐɡɛnst hɪz əpɹɛsɪv , ɹaɪt wɪŋ , pɹəpɹaɪəɾi əbsɛst fæmɪli ",1
ʌnfeɪθfəl tʃiːts ɔn ɪtsɛlf ænd ɹᵻtɹiːts tə kʌmftəbəl tɛɹɪtoːɹi ,0
"jɛs , spɪɹɪɾᵻd ɐweɪ ɪz ɐ tɹaɪʌmf ʌv ɪmædʒᵻneɪʃən , bʌt ɪt ɛs ɔːlsoʊ ɐ feɪlɪɹ ʌv stɔːɹɪtɛlɪŋ ",0
"mʌtʃ ʌvðə dɪdʒɪɾəli ɔltɚd fʊɾɪdʒ ɐpɪɹz dʒæɡᵻd , æz ɪf fɪlmd dᵻɹɛktli fɹʌm ɐ tɛlᵻvɪʒən mɑːnɪɾɚ , waɪl ðɪ ɛkstɛnsɪv juːs ʌv stɑːk fʊɾɪdʒ kwɪkli bɪkʌmz ɐ taɪɚsʌm klɪx ",0
"ðə fluːɪd moʊʃən ɪz ɐstaʊndɪŋ ɔn ɛni nʌmbɚɹ ʌv lɛvəlz ɪŋkluːdɪŋ ðə fɪzɪkəl dᵻmændz meɪd ɔn biː tiːtiːnɜː ænd ɪɾ ɪmplaɪz ɪn ɪts weɪk ðɪ ɪntɹæktəbəl , ɪɹᵻvɜːsᵻbəl floʊ ʌv hɪstɚɹi ",1
dᵻɹeɪld baɪ bæd ɹaɪɾɪŋ ænd pɑːsᵻbli ɔːlsoʊ baɪ sʌm ʌv ðæt ɛkstɛnsɪv poʊst pɹədʌkʃən ɹᵻwɜːkɪŋ tʊ eɪm ðə fɪlm æt jʌŋ meɪlz ɪnðə θɹoʊz ʌv ðɛɹ fɜːst fʊl flʌʃ ʌv tɛstɑːstɚɹoʊn ,0
aɪ laɪk ɪt ,1
"bɪɹɑːt kɹiːeɪts ɐ dɹɑːmə wɪð sʌtʃ ɐ wɛl dᵻfaɪnd sɛns ʌv pleɪs ænd eɪdʒ æz ɪn , fɪftiːn jɪɹz oʊld ðætðə toːɹmɛnts ænd æŋst bɪkʌm ɔːlmoʊst æz ɑːpɚɹæɾɪk tʊ ʌs æz ðeɪ ɑːɹ tə hɜː kæɹɪktɚz ",1
"ɡɑːd hɛlp ʌs , bʌt kæpɹə ænd kuːpɚɹ ɑːɹ ɹoʊlɪŋ oʊvɚɹ ɪn ðɛɹ ɡɹeɪvz ",0
pɔɪnjənt dʒæpəniːz ɛpɪk ɐbaʊt ædəlɛsənt ɐnɑːmi ænd hɑːɹtbɹeɪk ,1
"ɐ lɪɾəl ʌniːvən təbi ðə kæt ɛs mɪaʊ , bʌt ɪt ɛs ɡʊd ɪnʌf təbi ðə pɜː ",1
"ɛlɑːɹbiː ðɛɹ ɛs ɑːɹɹɑːɹbiː kwaɪt ɐ bɪt ʌv hɑːɹt , æz juː wʊd ɛkspɛkt fɹʌmðə dᵻɹɛktɚz ʌvðə lɪɾəl mɜːmeɪd ænd ɐlædɪn ",1
"ɪt ɛs ɐ huːt wɑːtʃɪŋ ðə ɹɑːk tʃɑːmp ɔn dʒʌmboʊ ænts , pʊl ɐn æɹoʊ aʊɾəv hɪz bæk , ænd liːp ʌnskeɪðd θɹuː ɹeɪdʒɪŋ faɪɚ ! ",1
ɡɪɡlɪŋ æt ðɪ ɐbsɜːdᵻɾiz ænd ɪŋkənsɪstənsiz ɪz pɑːɹt ʌvðə fʌn ,1
ðə fɪlm ɪz ɪnsaɪtfəl ɐbaʊt kɪsɪŋɚ ɛs bækɡɹaʊnd ænd hɪstɚɹi ,1
ɪt meɪks miː fiːl wɪɹd θɪŋkɪŋ ɐbaʊt ɔːl ðə bæd θɪŋz ɪnðə wɜːld laɪk pʌpɪz wɪð bɹoʊkən lɛɡz ænd bʌɾɚflaɪz ðæt daɪ ænd muːvɪz stɑːɹɹɪŋ pɑːp kwiːnz ,0
"ɐ bɹɪliənt , ɐbsɜːd kəlɛkʃən ʌv vɪnjɛts ðæt , ɪn ðɛɹ oʊn ɪdɪɑːsɪŋkɹæɾɪk weɪ , sʌm ʌp ðə stɹeɪndʒ hɔɹɚɹ ʌv laɪf ɪnðə nuː mɪlɛniəm ",1
"bjuːɾifəl , koʊld , ɑːdli kʌlɚfəl ænd dʒʌst pleɪn ʌðɚwɜːldli , ɐ fɹiːki bɪt ʌv ɑːɹt ðæt ɛs ðɛɹ tə skɛɹ waɪl wiː dᵻlaɪt ɪnðɪ ɪmɪdʒᵻz ",1
ðɪs ɪz ɛnt ɐ stænd ʌp ænd tʃɪɹ flɪk ɪt ɛs ɐ sɪt daʊn ænd pɑːndɚɹ ɐfɛɹ ,1
ðɪs stoːɹi stɪl siːmz taɪmli ænd ɪmpoːɹtənt ,1
"ɐ slɑːpi , ɐmjuːzɪŋ kɑːmədi ðæt pɹəsiːdz fɹʌm ɐ stʌnɪŋli ʌnɚɹɪdʒɪnəl pɹɛmɪs ",1
"jiː juːn dʒɪɑːŋ ɛs teɪk kɛɹ ʌv maɪ kæt bɹɪŋz ɐ bᵻɡaɪlɪŋ fɹɛʃnəs tʊ ɐ kʌmɪŋ ʌv eɪdʒ stoːɹi wɪð sʌtʃ ɐ bɔɪənt , ɛkspɹɛsɪv floʊ ʌv ɪmɪdʒᵻz ðɐɾɪt ɪmɜːdʒᵻz æz ɐnʌðɚ kiː kɑːntɹɪbjuːʃən tə ðə flaʊɚɹɪŋ ʌvðə saʊθ kɚɹiːən sɪnəmə ",1
"ðə fɪlm ɛs ɐpiːl hɐz ɐ lɑːt tə duː wɪððə kæstɪŋ ʌv dʒuːlɪɛt bᵻnɑːtʃ æz sænd , huː bɹɪŋz tə ðə ɹoʊl hɜː peɪl , dɑːɹk bjuːɾi ænd kæɹɪktɚɹɪstɪk wɔːɹmθ ",1
"laɪk ðɪ ɪŋɡlɪʃ peɪʃənt ænd ðɪ ʌnbɛɹəbəl laɪtnəs ʌv biːɪŋ , ðɪ aʊɚz ɪz wʌn ʌv ðoʊz ɹᵻpjuːɾᵻdli ʌnfɪlməbəl nɑːvəlz ðæt hɐz bʌkt ðɪ ɑːdz tʊ ɪmɜːdʒ æz ɐn ɛkskwɪsɪt moʊʃən pɪktʃɚɹ ɪn ɪts oʊn ɹaɪt ",1
ðə fʊɾɪdʒ ʌvðə ɹæpɚz æt pleɪ ænd ðə pɹɪzən ɪntɚvjuː wɪð suːdʒ naɪt ɑːɹ dʒʌst tuː ʌvðɪ ɛlɪmənts ðæt wɪl ɡɹæb juː ,1
"ɛlɑːɹbiː ɛf ɑːɹɹɑːɹbiː ɹɑːm ðə pɚfoːɹmənsᵻz ænd ðə sɪnɪmɐtɑːɡɹəfi tə ðɪ aʊtstændɪŋ saʊndtɹæk ænd ʌŋkənvɛnʃənəl næɹətɪv , ðə fɪlm ɪz bleɪzɪŋli ɐlaɪv ænd ædmᵻɹəbəl ɔn mɛni lɛvəlz ",1
ɪt ɛs bᵻdɛvaɪld baɪ leɪbɚd ɹaɪɾɪŋ ænd slæk dᵻɹɛkʃən ,0
ɪɾ ɪz tuː bæd ðæt ðɪs laɪkəbəl muːvi ɪz ɛnt moːɹ ɐkɑːmplɪʃt ,0
"kwaɪət , ɐdʌlt ænd dʒʌst ɐbaʊt moːɹ steɪtli ðɐn ɛni kəntɛmpɚɹɛɹi muːvi ðɪs jɪɹ ɐ tɹuː stʌdi , ɐ fɪlm wɪð ɐ kwɛstʃənɪŋ hɑːɹt ænd maɪnd ðæt ɪz ɛnt ɐfɹeɪd tʊ ɐdmɪt ɪt dʌz ɛnt hæv ɔːl ðɪ ænsɚz ",1
"ɔːlðoʊ ɡɑːd ɪz ɡɹeɪt ɐdɹɛsᵻz ɪntɹɛstɪŋ mæɾɚz ʌv aɪdɛntᵻɾi ænd hɛɹɪɾɪdʒ , ɪt ɛs hɑːɹd tə ʃeɪk ðə fiːlɪŋ ðɐɾɪt wʌz ɪntɛndᵻd təbi ɐ dɪfɹənt kaɪnd ʌv fɪlm ",0
juː kæn nɑːt ɡɛs waɪ ðə kæst ænd kɹuː dɪd ɛnt saɪn ɐ pækt tə bɜːn ðə nɛɡətɪv ænd ðə skɹɪpt ænd pɹɪtɛnd ðə hoʊl θɪŋ nɛvɚɹ ɛɡzɪstᵻd ,0
fiːl fɹiː tə ɡoʊ ɡɛt pɑːpkɔːɹn wɛnɛvɚ hiː ɛs nɑːt ɑːnskɹiːn ,0
"dɛfɪnətli fʌni stʌf , bʌt ɪt ɛs moːɹ ʌvðə læfɪŋ æt vɚɹaɪəɾi ðɐn ðə læfɪŋ wɪð ",1
pɹeɪ dʌz ɛnt hæv ɐ pæʃən fɚðə mətɪɹiəl ,0
pleɪz laɪk ɐn ʌnbælənst mɪkstʃɚɹ ʌv ɡɹæfɪk kɑːmbæt fʊɾɪdʒ ænd ɔːlmoʊst sækɚɹɪn dəmɛstɪk ɪntɚluːdz ðæt ɑːɹ pjʊɹ hɑːliwʊd ,0
"ðɪ ɪŋkɹiːsɪŋli daɪvɜːs fɹɛntʃ dᵻɹɛktɚ hɐz kɹiːeɪɾᵻd ɐ fɪlm ðætwʌn kæn ɑːnɪstli dᵻskɹaɪb æz lʊkɪŋ , saʊndɪŋ ænd sɪmpli fiːlɪŋ laɪk noʊ ʌðɚ fɪlm ɪn ɹiːsənt hɪstɚɹi ",1
"ðə fɪlm ɪz ɐ kənfjuːzɪŋ meɪlɑːnʒ ʌv toʊnz ænd staɪlz , wʌn moʊmənt ɐ ɹoʊmæntɪk tɹaɪfəl ænd ðə nɛkst ɐ tɜːdʒɪd dɹɑːmə ",0
"lʌʃ ænd bjuːɾɪfəli foʊɾəɡɹæft ɛlɑːɹbiː sʌmbɑːdi sədʒɛstᵻd ðə stɪlz maɪt meɪk ɐ naɪs kɔfi teɪbəl bʊk ɑːɹɹɑːɹbiː , bʌt ʌltᵻmətli juː ɛlɛl liːv ðə θiəɾɚ wʌndɚɹɪŋ waɪ ðiːz piːpəl mæɾɚd ",0
"ɪnstɛd ʌv juːzɪŋ dʒɔːɹdʒ ænd luːsi ɛs moʊst ɑːbviəs dɪfɹənsᵻz tʊ ɪɡnaɪt spɑːɹks , lɔːɹəns dɛspɚɹətli lʊks ɛlswɛɹ , siːzɪŋ ɔn dʒɔːɹdʒ ɛs hæpləsnəs ænd luːsi ɛs pɜːsənælᵻɾi tɪks ",0
ɪt ɹᵻsaɪkəlz ɛvɹi klɪx ɐbaʊt ɡeɪz ɪn wʌt ɪz ᵻsɛnʃəli ɐn ɛkstɛndᵻd soʊp ɑːpɚɹə ,0
wʌn ʌvðə moʊst splɛndɪd ɛntɚteɪnmənts tʊ ɪmɜːdʒ fɹʌmðə fɹɛntʃ fɪlm ɪndʌstɹi ɪn jɪɹz ,1
"ðə piænoʊ tiːtʃɚ , laɪk ɪts taɪɾəl kæɹɪktɚ , ɪz ɹᵻpɛləntli aʊɾəv kəntɹoʊl ",0
ðə beɪsɪk pɹɛmɪs ɪz ɪntɹiːɡɪŋ bʌt kwɪkli bɪkʌmz dɪsteɪstfəl ænd daʊnɹaɪt kɹiːpi ,0
"ɪɾ ɪz oʊkeɪ fɚɹə muːvi təbi sʌmθɪŋ əvə sɪtkɑːm æpɚɹæɾəs , ɪf ðə laɪnz wɜːk , ðə hjuːmɚ hɐz pɔɪnt ænd ðɪ æktɚz ɑːɹ hjuːmənli ɛŋɡeɪdʒd ",1
"tuː kæmpi tə wɜːk æz stɹeɪt dɹɑːmə ænd tuː vaɪələnt ænd soːɹdɪd tə fʌŋkʃən æz kɑːmədi , vʌlɡɚɹ ɪz , tɹuːli ænd θæŋkfəli , ɐ wʌn əvə kaɪnd wɜːk ",0
ðɪs ɹoʊmæntɪk kɑːmədi æsks ðə kwɛstʃən haʊ mʌtʃ suːvlæki kæn juː teɪk bᵻfoːɹ ɪndɪdʒɛstʃən sɛts ɪn ,0
"vɪʒuːəli bɹɛθteɪkɪŋ , vɪsɚɹəli ɛksaɪɾɪŋ , ænd dɹəmæɾɪkli muːvɪŋ , ɪt ɛs ðə vɛɹi dɛfɪnɪʃən ʌv ɛpɪk ɐdvɛntʃɚ ",1
fʊl fɹʌntəl hæd noʊ ɪfɛkt ænd ᵻlɪsᵻɾᵻd noʊ sɪmpəθiz fɔːɹ ɛni ʌvðə kæɹɪktɚz ,0
"ðə muːvi ɪz ɛnt peɪnfəli bæd , sʌmθɪŋ təbi fʊli ɛkspiəɹɪənst ɪt ɛs dʒʌst tiːdiəsli bæd , sʌmθɪŋ təbi fʊli fɚɡɑːʔn̩ ",0
"ɪf juː viː ðə peɪʃəns , ðɛɹɑːɹ ɡɹeɪt ɹᵻwɔːɹdz hɪɹ ",1
"dɪvɑːlvz ɪntʊ ðə dᵻɹɪvətɪv , liːnɪŋ ɔn bædli ɹɛndɚd siːdʒiːaɪ ɪfɛkts ",0
"ɪt ɛs ðə taɪp ʌv fɪlm ɐbaʊt ɡɹoʊɪŋ ʌp ðæt wiː duː ɛnt siː ɔfən ɪnʌf ðiːz deɪz ɹiːəlɪstɪk , ɜːdʒənt , ænd nɑːt ʃʊɡɚkoʊɾᵻd ɪnðə liːst ",1
ɹᵻmɛmbɚ bæk wɛn θɹɪlɚz æktʃuːəli θɹɪld ? ,0
pɚhæps iːvən ðɪ ɛsɛlsiː haɪ kəmænd faʊnd ɹaɪɾɚ dᵻɹɛktɚ mɪtʃ deɪvɪs ɛs wɔːl ʌv kɪtʃ hɑːɹd ɡoʊɪŋ ,0
ðɪ æktɪŋ ɪz faɪn bʌt ðə skɹɪpt ɪz ɐbaʊt æz ɪntɹɛstɪŋ æz ɐ ɹᵻkoːɹdɪŋ ʌv kɑːnvɚseɪʃənz æt ðə wæl mɑːɹt tʃɛkaʊt laɪn ,0
ɹaɪɾɚ dᵻɹɛktɚɹ ælɪɡzændɚ peɪn ɛlɑːɹbiː ᵻlɛkʃən ɑːɹɹɑːɹbiː ænd hɪz koʊ ɹaɪɾɚ dʒɪm teɪlɚ bɹɪliəntli ɛmplɔɪ ðɛɹ kwɜːki ænd fɪɹləs ɐbɪləɾi tə lʊk ɐmɛɹɪkən æŋst ɪnðɪ aɪ ænd ɛnd ʌp læfɪŋ ,1
"ɪf juː kæn pʊʃ ɔn θɹuː ðə sloʊ spɑːts , juː ɛlɛl biː ɹᵻwɔːɹdᵻd wɪð sʌm faɪn æktɪŋ ",1
"kɹɪs kəlʌmbəs siːkwəl ɪz fæstɚ , laɪvlɪɚɹ ænd ɐ ɡʊd diːl fʌnɪɚ ðɐn hɪz ɚɹɪdʒɪnəl ",1
ðɪs ɪz ðə stʌf ðæt dɪzni muːvɪz ɑːɹ meɪd ʌv ,1
wʌt ɛs ɪnvɪɡɚɹeɪɾɪŋ ɐbaʊt ɪɾ ɪz ðɐɾɪt dʌz ɛnt ɡɪv ɐ dæm ,1
"ɪt ɛs dɪfɪkəlt tə kənsiːv ʌv ɛnɪwʌn huː hɐz ɹiːtʃt pjuːbɚɾi æktʃuːəli faɪndɪŋ ðə kæɹɪktɚz ɪn slækɚz ɔːɹ ðɛɹ æntɪks ɐmjuːzɪŋ , lɛt ɐloʊn fʌni ",0
ðə fɪlm ɪz ɐ vɜːbəl duːəl bᵻtwiːn tuː ɡɪftᵻd pɚfoːɹmɚz ,1
ɪt ɛs meɪks ɐ bɛɾɚ tɹævɪlɑːɡ ðɐn muːvi ,0
ɪt ɛs ɐ mæstɚpiːs ,1
"bɪn ðɛɹ , dʌn ðæt , laɪkt ɪt mʌtʃ bɛɾɚ ðə fɜːst taɪm ɚɹaʊnd wɛn ɪt wʌz kɔːld ðə pɹəfɛʃənəl ",0
aɪ hæv tʊ ɐdmɪt aɪ wɔːkt aʊɾəv ɹʌntɪldæt ,0
ɐ muːvi soʊ bæd ðɐɾɪt kwɪkli ɛntɚz ðə pænθɪən ʌv ɹɛkɪdʒ ðæt ɪŋkluːdz bæɾəlfiːld ɜːθ ænd ʃoʊɡɜːlz ,0
bʌt ɪt meɪks fɔːɹ wʌn ʌvðə moʊst pjʊɹli ɛndʒɔɪəbəl ænd sæɾɪsfaɪɪŋ iːvnɪŋz æt ðə muːvɪz aɪ viː hæd ɪn ɐ waɪl ,1
ðɪ ʌnɛksploːɹd stoːɹi ɑːpɚtuːnᵻɾiz ʌv pʌntʃ dɹʌŋk lʌv meɪhɐv wɜːkt ɐɡɛnst ðə meɪkɚ ɛs mɪnɪməlɪst ɪntɛnt bʌt ɪɾ ɪz ɐn ɪntɹɛstɪŋ ɛksɚsaɪz baɪ tæləntᵻd ɹaɪɾɚ dᵻɹɛktɚɹ ændɚsən ,1
ðɛɹɑːɹ naʊ tuː saɪnz ðæt ɛm naɪt ʃaɪɐmælæn ɛs deɪbjuː fiːtʃɚ sʌkt ʌp ɔːl hiː hɐz tə ɡɪv tə ðə mɪstɪk ʒɑːnɹəz ʌv sɪnəmə ʌnbɹeɪkəbəl ænd saɪnz ,0
"ɪf sɪnəmə hɐdbɪn ɚɹaʊnd tə kæptʃɚ ðə keɪɑːs ʌv fɹæns ɪnðə wʌn θaʊzənd sɛvənhʌndɹɪd naɪnti ɛs , wʌn ɪmædʒɪnz ðə ɹɪzʌlt wʊd lʊk laɪk sʌmθɪŋ laɪk ðɪs ",1
"ðɪs kwaɪət , ɪntɹəspɛktɪv ænd ɛntɚteɪnɪŋ ɪndᵻpɛndənt ɪz wɜːθ siːkɪŋ ",1
"wʌt lɪɾəl ætməsfɪɹ ɪz dʒɛnɚɹeɪɾᵻd baɪ ðə ʃædoʊi laɪɾɪŋ , məkɑːbɹə sɛts , ænd ɛndləs ɹeɪn ɪz ɔfsɛt baɪ ðə ʃɪɹ ʌɡlinəs ʌv ɛvɹɪθɪŋ ɛls ",0
wʌt ɛmpaɪɚ læks ɪn dɛpθ ɪt meɪks ʌp fɔːɹ wɪð ɪts hɑːɹt ,1
"ðə juːʒuːəl muːvi ɹɑː ɹɑː , plɛzəntli ænd pɹɪdɪktəbli dᵻlɪvɚd ɪn loʊ kiː staɪl baɪ dᵻɹɛktɚ maɪkəl æptᵻd ænd ɹaɪɾɚ tɑːm stɑːpɚd ",1
"ðɪs stɑːɹts ɔf wɪð ɐ naɪntiːnhʌndɹɪd fɪfti ɛs dɔːɹɪs deɪ fiːl ænd ɪt ɡɛts vɛɹi ʌɡli , vɛɹi fæst ",0
"stændɪŋ baɪ joːɹsɛlf ɪz hɔːntɪŋ ɛlɑːɹbiː ɪt ɛs ɑːɹɹɑːɹbiː wʌt pʌŋk ɹɑːk mjuːzɪk juːzd tə biː , ænd wʌt ðə vɪdɪoʊ miːdiəm kʊd juːz moːɹ ʌv spɪɹɪt , pɚsɛpʃən , kənvɪkʃən ",1
"ɐ lɑːt laɪk ðɪ ɪmædʒɪnɛɹi spoːɹt ɪt pɹədʒɛkts ɑːntʊ ðə skɹiːn laʊd , vaɪələnt ænd maɪndləs ",0
"ɔːl ɪn ɔːl , ɐ ɡɹeɪt pɑːɹɾi ",1
"ɐ θɹɪlɚ wɪð ɐn ɛdʒ wɪtʃ ɪz tə seɪ ðɐɾɪt dʌz ɛnt fɑːloʊ ðə steɪl , stændɚd , kənɛkt ðə dɑːts stoːɹilaɪn wɪtʃ hɐz bɪkʌm kɑːmənpleɪs ɪn muːvɪz ðæt ɛksploːɹ ðə siːmi ʌndɚbɛli ʌvðə kɹɪmɪnəl wɜːld ",1
ɛlɑːɹbiː siːmz ɑːɹɹɑːɹbiː iːvən moːɹ juːsləsli ɹᵻdʌndənt ænd ʃeɪmləsli mʌni ɡɹʌbɪŋ ðɐn moʊst θɜːd ɹeɪt hɔɹɚ siːkwəlz ,0
kɹɛdɪt dᵻɹɛktɚ ɹæmseɪ fɔːɹ teɪkɪŋ ðə sʌmtaɪmz ɪmpɹɑːbəbəl stoːɹi ænd meɪkɪŋ ɪt fiːl ɹiːəlɪstɪk ,1
"ɪt ɛs ɐ fiːl bæd ɛndɪŋ fɚɹə dᵻpɹɛsɪŋ stoːɹi ðæt θɹoʊz ɐ bʌntʃ ʌv hɑːt bʌʔn̩ aɪɾəmz ɪnðə vjuːɚ ɛs feɪs ænd æsks təbi siːn æz hɪp , wɪŋkɪŋ soʊʃəl kɑːməntɛɹi ",0
ɪt ɛs dʒʌst ðɐɾɪt ɛs soʊ nɑːt æɾ ɔːl ɡʊd ,0
ɛlɑːɹbiː ɛl ɑːɹɹɑːɹbiː eɪm ænd ʌnnɛsᵻsɚɹi ,0
"waɪl sɛntɚd ɔnðə laɪf ɛkspiəɹɪənsᵻz əvə pɚtɪkjʊlɚ θiːætɹɪkəl fæmɪli , ðɪs mɑːɹvələs dɑːkjuːmɛntɚɹi tʌtʃᵻz ɛvɚ soʊ ɡɹeɪsfəli ɔnðɪ ɛntaɪɚ hɪstɚɹi ʌvðə jɪdɪʃ θiəɾɚ , boʊθ ɪn ɐmɛɹɪkə ænd ɪzɹiːəl ",1
aɪ ɛm nɑːt ʃʊɹ wɪtʃ wɪl teɪk lɔŋɡɚ tə hiːl ðə wɛlt ɔn dʒɑːni nɑːksvɪl ɛs stʌmək fɹʌm ɐ ɹaɪət kəntɹoʊl pɹədʒɛktəl ɔːɹ maɪ oʊn tɔːɹtʃɚd saɪkiː ,0
ðə kaɪnd ʌv muːvi juː siː bɪkʌz ðə θiəɾɚ hɐz ɛɹ kəndɪʃənɪŋ ,0
"æz hænɪbəl wʊd seɪ , jɛs , ɪt ɛs laɪk hævɪŋ ɐn oʊld fɹɛnd fɔːɹ dɪnɚ ",1
"ɪt ɛs bɹaɪt , pɹɪstiːn staɪl ænd boʊld kʌlɚz meɪk ɪɾ æz mʌtʃ fʌn æz ɹiːdɪŋ ɐn oʊvɚsaɪzd pɪktʃɚ bʊk bᵻfoːɹ bɛdtaɪm ",1
"ɪmædʒɪn kɛvɪn smɪθ , ðə blæsfəməs bæd bɔɪ ʌv səbɜːbən dʒɜːsi , ɪf hiː wɜː stɹɪpt ʌv moʊst əv hɪz bʌdʒɪt ænd ɔːl ʌv hɪz sɛns ʌv hjuːmɚ ",0
"siː skɹætʃ fɚðə hɪstɚɹi , siː skɹætʃ fɚðə mjuːzɪk , siː skɹætʃ fɚɹə lɛsən ɪn skɹætʃɪŋ , bʌt , moʊst əv ɔːl , siː ɪt fɚðə pæʃən ",1
ɔːlweɪz dɛstɪnd təbi mɛʒɚd ɐɡɛnst ænθəni ɐskwɪθ ɛs ɐkleɪmd naɪntiːnhʌndɹɪd fɪfti tuː skɹiːn ædæpteɪʃən ,1
"tɹaɪ ðɪs əbsiːnli bæd dɑːɹk kɑːmədi , soʊ kɹæs ðɐɾɪt meɪks ɛdwɚd bɜːnz saɪdwɔːks ʌv nuː jɔːɹk lʊk laɪk ɑːskɚ waɪldə ",0
hɑːfmən ɛs pɚfoːɹməns ɪz ɔːθɛntɪk tə ðə koːɹ ʌv hɪz biːɪŋ ,1
"ʃᵻkɑːɡoʊ ɔfɚz mʌtʃ kʌlɚfəl aɪ kændi , ɪŋkluːdɪŋ ðə spɛktəkəl ʌv dʒɪɹ ɪn hɪz dænsɪŋ ʃuːz , huːfɪŋ ænd kɹuːnɪŋ wɪððə bɛst ʌv ðɛm ",1
"ðɪ ɑːɹtwɜːk ɪz spɛktækjʊlɚ ænd ʌnlaɪk moʊst ænɪmætən fɹʌm dʒəpæn , ðə kæɹɪktɚz muːv wɪð ɡɹeɪs ænd pɐnæʃ ",1
ðə bɛst muːvi ɪn mɛni ɐ muːn ɐbaʊt ðə pæʃənz ðæt sʌmtaɪmz fjuːəl aʊɚ bɛst ɐtʃiːvmənts ænd ʌðɚ taɪmz liːv ʌs stɹændᵻd wɪð nʌθɪŋ moːɹ ðɐn aʊɚ lɛsɚɹ æpɪtaɪts ,1
nʌθɪŋ moːɹ ðænə wɪdʒɪt kɹæŋkt aʊt ɔn ɐn ɐsɛmbli laɪn tə siː ɪf stuːpɪd ɐmɛɹɪkənz wɪl ɡɛt ɐ kɪk aʊɾəv ɡuːfi bɹɪts wɪð kjuːt æksənts pɚfɔːɹmɪŋ eɪdʒᵻz oʊld slæpstɪk ænd ʌnfʌni tɹɪks ,0
bæd ænd bæflɪŋ fɹʌmðə ɡɛt ɡoʊ ,0
"ðɪ ɑːbnɑːkʃəs spɛʃəl ɪfɛkts , ðɪ əblɪɡətoːɹi aʊtbɜːsts ʌv flætʃələns ænd ðɪ ɪnsɛsənt , soʊ faɪv mɪnɪts ɐɡoʊ pɑːp mjuːzɪk ɔnðə saʊndtɹæk oʊvɚwɛlm wʌt ɪz lɛft ʌvðə skɹʌfi , doʊpi oʊld hænə bɑːɹbɚɹə tʃɑːɹm ",0
"ðə fɪlmeɪkɚz tɹaɪ tə bæləns pɔɪntᵻd , ɔfən ɪnsaɪsɪv sæɾaɪɚ ænd ʌnɐbæʃt swiːtnəs , wɪð ɹɪzʌlts ðæt ɑːɹ sʌmtaɪmz bɹeɪsɪŋ , sʌmtaɪmz bæflɪŋ ænd kwaɪt ɔfən , ænd ɪn ʌnɛkspɛktᵻd weɪz , tʌtʃɪŋ ",1
hɑːɹmləs fʌn ,1
ɐstɑːnɪʃɪŋli skɪlfəl ænd muːvɪŋ ɪt kʊd bɪkʌm ɐ hɪstɔːɹɪkli sɪɡnɪfɪkənt wɜːk æz wɛl æz ɐ mæstɚfəli meɪd wʌn ,1
"fiːlɪŋ tʊ ɪt , bʌt laɪk ðə naɪntiːnhʌndɹɪd twɛnti ɛs , ðə tɹɪp ðɛɹ ɪz ɐ ɡɹeɪt diːl ʌv fʌn ",1
"ʌnsɚpɹaɪzɪŋli , ðə weɪ ðɪs ɔːl wɜːks aʊt meɪks ðə wɪmɪn lʊk moːɹ laɪk stɛɹɪoʊtɪpɪkəl kɛɹɾeɪkɚz ænd mɔːɹəl tiːtʃɚz , ɪnstɛd ʌv sɪɹiəs æθliːts ",0
"eɪt lɛɡɪd fɹiːks ɪz klɛvɚ ænd fʌni , ɪz ɐmjuːzd baɪ ɪts spɛʃəl ɪfɛkts , ænd liːvz juː fiːlɪŋ laɪk juː viː siːn ɐ muːvi ɪnstɛd əvən ɛndləs tɹeɪlɚ ",1
ðə bɑːɾəm laɪn ɪz ðə piːs wɜːks bɹɪliəntli ,1
"pɜːpəsfəli ʃɑːkɪŋ ɪn ɪts ɪɹɑːɾɪsaɪzd ɡoːɹ , ɪf ʌnɪntɛnʃənəli dʌl ɪn ɪts læk ʌv poʊɛɾɪk fɹiːsɔ̃z ",0
tɛndz tə plɑːd ,0
plɛzənt bʌt nɑːt moːɹ ðɐn ɹᵻsaɪkəld dʒɑːk pɪfəl ,0
"ɪndiːd , ðə moːɹ aʊtɹeɪdʒəs bɪts ɐtʃiːv ɐ ʃɑːk juː ɪntʊ læftɚɹ ɪntɛnsᵻɾi ʌv ɔːlmoʊst dædeɪɪst pɹəpoːɹʃənz ",1
"ðə wʌn laɪnɚz ɑːɹ snæpi , ðə sɪtʃuːeɪʃənz vɑːlɐɾəl ænd ðə kɑːmɪk ɑːpɚtuːnᵻɾiz ɹɪtʃli ɹᵻwɔːɹdᵻd ",1
"stuːpɪd , ɪnfəntaɪl , ɹᵻdʌndənt , slɑːpi , oʊvɚ ðə tɑːp , ænd æmətʃɚɹɪʃ ",0
ðə fɪlm ɡɹoʊz ɔn juː ,1
"ðoʊ ɪts stoːɹi ɪz oʊnli sɜːfɪs diːp , ðə vɪʒuːəlz ænd ɛnvɛləpɪŋ saʊndz ʌv bluː kɹʌʃ meɪk ðɪs sɚpɹaɪzɪŋli diːsənt flɪk wɜːθ ɐ sʌmɚtaɪm lʊk siː ",1
"ðɪs ʃᵻkɑːɡoʊ hɐz hjuːdʒli ɪmædʒɪnətɪv ænd səksɛsfəl kæstɪŋ tʊ ɪts ɡɹeɪt kɹɛdɪt , æz wɛl æz wʌn tɚɹɪfɪk skoːɹ ænd æɾɪtuːd tə spɛɹ ",1
"fɜːst taɪm ɹaɪɾɚ dᵻɹɛktɚ dɪlən kɪd ɔːlsoʊ hɐz ɐ ɡʊd ɪɹ fɔːɹ daɪəlɑːɡ , ænd ðə kæɹɪktɚz saʊnd laɪk ɹiːəl piːpəl ",1
ɐ weɪl əvə ɡʊd taɪm fɔːɹ boʊθ tʃɪldɹən ænd pɛɹənts siːkɪŋ kɹɪstʃən θiːmd fʌn ,1
"ðɪs ɑːd , dɪstənt poːɹtʃəɡiːz ɪmpoːɹt moːɹ ɔːɹ lɛs bɑːɹoʊz fɹʌm bæd luːtɛnənt ænd lɛs væmpaɪɚz , ænd kʌmz ʌp wɪð ɐ kaɪnd ʌv ɑːɹt haʊs ɡeɪ pɔːɹn fɪlm ",0
"dʊɹɹɪŋ ðə tʌksiːdoʊ ɛs naɪnti mɪnɪts ʌv skɹiːn taɪm , ðɛɹ ɪz ɛnt wʌn tɹuː tʃæn moʊmənt ",0
"ɪt ɛs maɪldli sɛntɪmɛntəl , ʌnɐbæʃᵻdli kənsuːmɚɹɪst stuːdiəsli ɪnəfɛnsɪv ænd kəmpliːtli dɪspoʊzəbəl ",0
pleɪz laɪk ðɪ oʊld dɪziːz ʌvðə wiːk smɔːl skɹiːn mɛlədɹɑːməz ,0
peɪz tɹɪbjuːt tə hiəɹoʊz ðə weɪ dʒuːliɚ ɹɑːbɚts hændz aʊt ɐwɔːɹdz wɪð foʊni hjuːmɪlᵻɾi bɛɹli kæməflɑːʒɪŋ ɡɹoʊtɛsk nɑːɹsɪsɪzəm ,0
fiːtʃɚz fɪntʃɚ ɛs kæɹɪktɚɹɪstɪkli stɑːɹɾəlɪŋ vɪʒuːəl staɪl ænd ɐn ɔːlmoʊst pælpəbəl sɛns ʌv ɪntɛnsᵻɾi ,1
"bᵻfoːɹ lɔŋ , juː ɹiː dɛspɚɹət fɚðɪ iːvnɪŋ tʊ ɛnd ",0
"wɑːtʃəbəl ʌp ʌntɪl ðə pɔɪnt wɛɹ ðə sɪtʃuːeɪʃənz ænd ðə daɪəlɑːɡ spɪn hoʊpləsli aʊɾəv kəntɹoʊl ðæt ɪz tə seɪ , wɛn kæɹəl keɪn ɐpɪɹz ɔnðə skɹiːn ",0
ɹɛd dɹæɡən nɛvɚ kʌts kɔːɹnɚz ,1
"ɐn æmbɪʃəs muːvi ðæt , laɪk ʃaɪnɚ ɛs ɔːɹɡənaɪzɪŋ ʌvðə bɪɡ faɪt , pʊlz ɔf ɪnʌf ʌv ɪts ɪfɛkts tə meɪk ʌp fɚðə wʌnz ðæt duː ɛnt kʌm ɔf ",1
"ɔːlðoʊ ʃɑːt wɪð lɪɾəl staɪl , skɪnz ɪz hɑːɹtfɛlt ænd eɪkɪŋli ɹiːəl ",1
"ɪt lʊks ɡʊd , bʌt ɪɾ ɪz ᵻsɛnʃəli ɛmpti ",0
"jʌŋ ɛvɚlɪn sæmpi , æz ðə kɜːɹeɪdʒəs mɑːli kɹeɪɡ , sɪmpli ɹeɪdɪeɪts stɑːɹ paʊɚ pətɛnʃəl ɪn ðɪs ɹᵻmɑːɹkəbəl ænd mɛmɚɹəbəl fɪlm ",1
ɐ noʊɪŋ sɛns ʌv hjuːmɚ ænd ɐ lɑːt ʌv wɔːɹmθ ɪɡnaɪt sʌn ʌvðə bɹaɪd ,1
"ʃʊɹ , aɪ heɪɾᵻd maɪsɛlf ɪnðə mɔːɹnɪŋ ",0
bʌt tɪkɪt baɪɚz wɪð ɡɹeɪt ɛkspɪkteɪʃənz wɪl waɪnd ʌp æz ɡlʌm æz mɪstɚ də niəɹoʊ ,0
"ðə fɪlm wʌz pɹəduːst baɪ dʒɛɹi bɹʌkheɪmɚ ænd dᵻɹɛktᵻd baɪ dʒoʊl ʃuːmɑːkɚ , ænd ɹᵻflɛkts ðə wɜːst ʌv ðɛɹ ʃæloʊ staɪlz waɪldli oʊvɚpɹəduːst , ɪnædɪkwətli moʊɾᵻveɪɾᵻd ɛvɹi stɛp ʌvðə weɪ ænd dɛməɡɹæfɪkli tɑːɹɡɪɾᵻd tə pliːz ɛvɹi wʌn ɛlɑːɹbiː ænd noʊwʌn ɑːɹɹɑːɹbiː ",0
ɪt ɛs ɐ ɡɹeɪt pɚfoːɹməns ænd ɐ ɹᵻmaɪndɚɹ ʌv dɪkənz ɡɹændʊɹ ,1
nɑːt æɾ ɔːl klɪɹ wʌt ɪt ɛs tɹaɪɪŋ tə seɪ ænd iːvən ɪf ɪt wɜːɹ aɪ daʊt ɪt wʊd biː ɔːl ðæt ɪntɹɛstɪŋ ,0
ɐ muːvi wɛɹ stoːɹi ɪz ɔːlmoʊst ɐn æftɚθɔːt ɐmɪdst ɐ swɜːl ʌv kʌlɚz ænd ɪnɛksplɪkəbəl ᵻvɛnts ,0
"ɹiːəl wɪmɪn meɪhɐv mɛni ɐdʒɛndəz , bʌt ɪɾ ɔːlsoʊ wɪl wɪn juː oʊvɚ , ɪn ɐ bɪɡ weɪ ",1
"wʌt aɪ sɔː , aɪ ɛndʒɔɪd ",1
"leɪzili ænd ɡlʌmli sɛɾəlz ɪntʊ ɐ moʊst tɹɐdɪʃənəl , ɹɪzɜːvd kaɪnd ʌv fɪlmeɪkɪŋ ",0
ɪɾ ɐpɪɹz æz ɪf iːvən ðə fɪlmeɪkɚz dɪd ɛnt noʊ wʌt kaɪnd ʌv muːvi ðeɪ wɜː meɪkɪŋ ,0
ðə deɪndʒɚɹəs laɪvz ʌv ɔltɚ bɔɪz teɪk ɔn ædəlɛsəns fiːlz peɪnfəli tɹuː ,1
"spaɪdɚ mæn ɪz ɐbaʊt ɡɹoʊɪŋ stɹeɪndʒ hɛɹz , ɡɛɾɪŋ ɐ moːɹ mətʃʊɹ bɑːdi , ænd faɪndɪŋ ɪt nɛsᵻsɚɹi tə haɪd nuː sᵻkɹiːʃənz fɹʌmðə pɚɹɛntəl juːnɪts ",0
"æɾ ɪts bɛst , ðɪs ɪz ɡɹænd skeɪl muːvɪmeɪkɪŋ fɚɹə lɑːɹdʒɚ ðɐn laɪf fɪɡjɚ , ɐn ɑːɹɾɪst huː hɐzbɪn ɐwɔːɹdᵻd mɪθɪk stæɾəs ɪn kəntɛmpɚɹɛɹi kʌltʃɚ ",1
ðɛɹɑːɹ sʌm muːvɪz ðæt hɪt juː fɹʌmðə fɜːst siːn ænd juː noʊ ɪt ɛs ɡoʊɪŋ təbi ɐ tɹɪp ,1
aɪ ɛm nɑːt ʃʊɹ ðiːz wɜːdz hæv ɛvɚ bɪn təɡɛðɚɹ ɪnðə seɪm sɛntəns ðɪs ɪɹɑːɾɪk kænɪbəl muːvi ɪz boːɹɪŋ ,0
"meɪbiː juː ɛlɛl biː lʌki , ænd ðɛɹ ɛlɛl biː ɐ paʊɚɹ aʊɾɪdʒ dʊɹɹɪŋ jʊɹ skɹiːnɪŋ soʊ juː kæn ɡɛt jʊɹ mʌni bæk ",0
"wɪð spaɪ kɪdz tuː ðɪ aɪlənd ʌv lɔst dɹiːmz , haʊɛvɚ , ɹɑːbɚt ɹədɹiːɡɛz ɐdɔːɹnz hɪz fæmɪli fɪlm plɑːt wɪð ɐn ɛlɪɡəns ænd mətʃʊɹɹᵻɾi ðæt iːvən moʊst kəntɛmpɚɹɛɹi ɐdʌlt muːvɪz ɑːɹ lækɪŋ ",1
ʌnbɛɹəbli leɪm ,0
"sɜːʔn̩li nɑːɾə ɡʊd muːvi , bʌt ɪt wʌz ɛnt hɔːɹɪbəl iːðɚ ",0
wɛɹ ðə fɪlm fɔltɚz ɪz ɪn ɪts toʊn ,0
ðɪs fɪlm bɪɡɪst pɹɑːbləm ? ,0
"ðɪs ɪz ɐ muːvi ðæt ɪz wʌt ɪɾ ɪz ɐ plɛzənt dɪstɹækʃən , ɐ fɹaɪdeɪ naɪt daɪvɜːʒən , ɐn ɛkskjuːs tʊ iːt pɑːpkɔːɹn ",1
ðə ɡæɡz ɑːɹ ɔfən ɐ stɪtʃ ,1
"ðə kɑːmplɛks , pəlɪɾɪkli tʃɑːɹdʒd tæpᵻstɹi ʌv kəntɛmpɚɹɛɹi tʃaɪniːz laɪf ðɪs ɛksaɪɾɪŋ nuː fɪlmeɪkɚ hɐz bɹɔːt tə ðə skɹiːn ɪz laɪk nʌθɪŋ wiː wɛstɚnɚz hæv siːn bᵻfoːɹ ",1
ðə sɪnɪstɚɹ ɪnspɚɹeɪʃən ðæt fjuːəld dɪviːɾoʊ ɛs ɜːli wɜːk ɪz kənfjuːzd ɪn dɛθ tə smuːtʃi ɪntʊ sʌmθɪŋ boʊθ ʌɡli ænd maɪndləs ,0
"ɛlɑːɹbiː ʃaɪɐmælæn ɑːɹɹɑːɹbiː kəntɪnjuːz tə kʌt ɐ swɑːth θɹuː meɪnstɹiːm hɑːliwʊd , waɪl ɹᵻteɪnɪŋ ɐn ɪntɛɡɹᵻɾi ænd ɹᵻfjuːzɪŋ tə kɑːmpɹəmaɪz hɪz vɪʒən ",1
"æz ɐvɜːs æz aɪ juːʒuːəli ɐm tə fiːl ɡʊd , fɑːloʊ jʊɹ dɹiːm hɑːliwʊd fæntəsiz , ðɪswʌn ɡɑːt tə miː ",1
juː ɛlɛl noʊ ɐ stɑːɹ wɛn juː siː wʌn ,1
"soːɹɔːɹᵻɾi bɔɪz , wɪtʃ ɪz æz bæd æɾ ɪɾ ɪz kɹuːəl , teɪks ɛvɹi pətɛnʃəl læf ænd stᵻlɛɾoʊ stɑːmps ðə laɪf aʊɾəv ɪt ",0
"ɪn bᵻtwiːn ðɪ aɪsi stʌnts , ðɪ æktɚz spaʊt hɪlɛɹiəs daɪəlɑːɡ ɐbaʊt fɑːloʊɪŋ jʊɹ dɹiːm ænd dʒʌst lɛɾɪŋ ðə maʊntɪn tɛl juː wʌt tə duː ",1
ðɪs ɡoːɹdʒəs ɛpɪk ɪz ɡæɹəntiːd tə lɪft ðə spɪɹɪts ʌvðə hoʊl fæmɪli ,1
hɔːɹɪbəl ,0
ɡɹeɪɾɪŋ ænd tiːdiəs ,0
"æt θɹiː aʊɚz ænd wɪð vɛɹi lɪɾəl stoːɹi ɔːɹ kæɹɪktɚ dɪvɛləpmənt , ðɛɹ ɪz plɛnti ʌv ɹuːm fɔːɹ ɛdɪɾɪŋ , ænd ɐ mʌtʃ ʃɔːɹɾɚ kʌt ʃʊɹli wʊdhɐv ɹɪzʌltᵻd ɪn ɐ smuːðɚ , moːɹ foʊkəst næɹətɪv wɪðaʊt sækɹᵻfaɪsɪŋ ɛni ʌvðə kʌltʃɚɹəl ɪntɹiːɡ ",0
"bɛɾɚɹ ɪfɛkts , bɛɾɚɹ æktɪŋ ænd ɐ hɪlɛɹiəs kɛnəθ bɹænɑːɡ ",1
ɪt ɛs tuː ɪntɹɛstᵻd ɪn dʒɜːkɪŋ ɔf ɪn ɔːl ɪts bɪzɐntiːn ɪŋkɑːɹneɪʃənz tə bɑːðɚ plɛʒɚɹɪŋ ɪts ɔːdiəns ,0
"nʌn ʌv ðɪs soʊ kɔːld sæɾaɪɚ hɐz ɛni stɪŋ tʊ ɪt , æz ɪf wʊdi ɪz ɐfɹeɪd ʌv baɪɾɪŋ ðə hænd ðæt hɐz faɪnəli , tə sʌm ɛkstɛnt , wɔːɹmd ʌp tə hɪm ",0
ɐ kiːp ɛm ɡɛsɪŋ plɑːt ænd ɐn ɐfɛkʃənət teɪk ɔn ɪts skɹuːd ʌp kæɹɪktɚz ,1
ɐ pɹɪzən kɑːmədi ðæt nɛvɚ ɹiəli bʌsts aʊɾəv ɪts kʌmfi lɪɾəl sɛl ,0
ɐn ɛlɪɡənt ænd slaɪ dɛdpæn kɑːmədi ,1
"niːðɚɹ æz skɛɹi fʌni æz tɹɛmɚz nɔːɹ dᵻmɛntᵻd fʌni æz stɑːɹʃɪp tɹuːpɚz , ðə muːvi ɪz ɛnt tʌf tə teɪk æz lɔŋ æz juː viː peɪd ɐ mætəneɪ pɹaɪs ",0
"ðə dᵻlɪʃəs tɹɪmɪŋz ɚɹaɪv ɜːli ænd steɪ leɪt , fɪlɪŋ nɪɹli ɛvɹi mɪnɪt wɪð ɐ laɪthɑːɹɾᵻd ɡloʊ , sʌm ɪmpjuːdənt snɪkɚz , ænd ɐ ɡloːɹiəs doʊs ʌv hjuːmɐŋkaɪnd ɛs lɪbɚɹeɪɾɪŋ ɐbɪləɾi tə tɹaɪʌmf oʊvɚɹ ɐ skɹuːdʒ ɔːɹ tuː ",1
ðə muːvi ɪz ɐ dʌd ,0
"ʌnfoʊldz ɪn ɐ loʊ kiː , ɔːɹɡænɪk weɪ ðæt ɛŋkɜːɹɪdʒᵻz juː tʊ ɐksɛpt ɪɾ æz laɪf ænd ɡoʊ wɪð ɪts floʊ ",1
dʌz ɛnt duː moːɹ ðɐn ɛkspænd ɐ tiːviː ʃoʊ tə muːvi lɛŋθ ,0
wʌn ʌvðə bɛst muːvɪz ʌvðə jɪɹ ,1
"baɪ ɐplaɪɪŋ dɛfɪnɪʃən tə boʊθ saɪdz ʌvðə mæn , ðə pɪktʃɚ ɹiːəlaɪzᵻz ɐ fʊlnəs ðæt dʌznɑːt nᵻɡeɪt ðə sʌbdʒɛkt ",1
"ðə muːvi tɜːnz aʊt təbi ɛlɑːɹbiː ɐseɪəz ɑːɹɹɑːɹbiː hɑːmɪdʒ tə ðə ɡælɪk tɹɐdɪʃən ʌv kwɔlᵻɾi , ɪn ɔːl ɪts fʌsti skwɛɹnəs ",0
"wʌns ðə daʊnwɚd spaɪɚɹəl kʌmz tə pæs , ɔːɾoʊ foʊkəs bɛɹz aʊt æz jʊɹ tɪpɪkəl dʒʌŋki ɑːpɚɹə ",0
"bʌɾɚfɪŋɡɚd ɪz ðə wɜːd fɚðə bɪɡ fɪstᵻd dᵻɹɛkʃən ʌv dʒɛz bʌɾɚwɜːθ , huː mænɪdʒᵻz tə blæst iːvən ðə smɔːlɪst sɛnsɪtɪvᵻɾiz fɹʌmðə ɹoʊmæns wɪð hɪz klæmɚɹəs ɐpɹoʊtʃ ",0
kæl ɪz ɐn ʌnplɛzəntli ʃæloʊ ænd ɪmətʃʊɹ kæɹɪktɚ wɪð huːm tə spɛnd wʌnhʌndɹɪd tɛn klɔːstɹəfoʊbɪk mɪnɪts ,0
"bɛɹi ɛs sɔːsi , fʊl bɑːdid pɚfoːɹməns ɡɪvz ðɪs eɪdʒɪŋ sɪɹiz ɐ mʌtʃ niːdᵻd kɪk , meɪkɪŋ daɪ ɐnʌðɚ deɪ wʌn ʌvðə moʊst ɛntɚteɪnɪŋ bɑːndz ɪn jɪɹz ",1
"dᵻspaɪt ðə fɪlm ɛs bᵻzɑːɹ dɪvɛləpmənts , hɑːfmən kiːps ʌs ɹɪvɪɾᵻd wɪð ɛvɹi peɪnfəl nuːɑːns , ʌnɛkspɛktᵻd flæʃᵻz ʌv dɑːɹk kɑːmədi ænd ðə kæɹɪktɚ ɛs ɡɹɪpɪŋ hjuːmænᵻɾi ",1
"ɪf juː lʌv ɹiːdɪŋ ænd ɔːɹ poʊɪtɹi , ðɛn baɪ ɔːl miːnz tʃɛk ɪɾ aʊt ",1
"dɹɪvən baɪ ɐ fæntæstɪk duːəl pɚfoːɹməns fɹʌm iːən hoʊm ðə fɪlm ɪz fʌni , ɪnsaɪtfəli hjuːmən ænd ɐ dᵻlaɪtfəl lɑːɹk fɔːɹ hɪstɚɹi bʌfs ",1
dʌɡləz məɡɹæθ ɛs nɪkələs nɪklɛbi dʌz dɪkənz æz ɪt ʃʊd biː dʌn sɪnɪmæɾɪkli ,1
daɪæn leɪn ɛs səfɪstᵻkeɪɾᵻd pɚfoːɹməns kɑː ɛnt ɹɛskjuː eɪdɹiən laɪn ɛs ʌnfeɪθfəl fɹʌm ɪts sliːzi mɔːɹəlaɪzɪŋ ,0
"sɪmpli pʊt , fɑːɹ fɹʌm hɛvən ɪz ɐ mæstɚpiːs ",1
"ʃɑːt ɪn ɹɪtʃ , ʃædoʊi blæk ænd waɪt , dɛvəlz kɹɑːnɪkəlz , wɪð ɪŋkɹiːsɪŋli ɐmjuːzd aɪɹəni , ðə ɹᵻleɪʃənʃɪp bᵻtwiːn ɹᵻlʌktənt kæptɚz ænd bᵻfʌdəld kæptɪvz ",1
"məɡɹæθ hɐz dɛftli tɹɪmd dɪkənz wʌndɚfəli spɹɔːlɪŋ soʊp ɑːpɚɹə , ðə bɛɾɚ tə foʊkəs ɔnðə hiəɹoʊ ɛs ɑːdɪsi fɹʌm kaʊɚɹɪŋ pɑːvɚɾi tə kɜːɹɪdʒ ænd hæpɪnəs ",1
"ɛnɪwʌn huː sʌfɚz θɹuː ðɪs fɪlm dɪzɜːvz , æt ðə vɛɹi liːst , ɐ bɪɡ bɑːks ʌv kɑːnsəleɪʃən kændi ",0
"ɐ wɜːθwaɪl dɑːkjuːmɛntɚɹi , wɛðɚ juː ɹiː ɪntʊ ɹæp ɔːɹ nɑːt , iːvən ɪf ɪt meɪ stɪl liːv juː wɔntɪŋ moːɹ ænsɚz æz ðə kɹɛdɪts ɹoʊl ",1
ðɪ ɚɹɪdʒɪnəl wʌz ɛnt ɐ ɡʊd muːvi bʌt ðɪs ɹᵻmeɪk meɪks ɪt lʊk laɪk ɐ mæstɚpiːs ! ,0
ɪt ɛs ɐ fʌn ɐdvɛntʃɚ muːvi fɔːɹ kɪdz ɛlɑːɹbiː ʌv ɔːl eɪdʒᵻz ɑːɹɹɑːɹbiː ðæt laɪk ɐdvɛntʃɚ ,1
wʌn slaʊz wʌn ɛs weɪ θɹuː ðə maɪɚɹ ʌv ðɪs ɐlɛdʒd saɪkəlɑːdʒɪkəl θɹɪlɚɹ ɪn sɜːtʃ ʌv pɜːpəs ɔːɹ iːvən ɐ plɑːt ,0
"lɪmps ɐlɔŋ ɔn ɐ skwɜːm ɪnduːsɪŋ fɪʃ aʊɾəv wɔːɾɚ fɔːɹmjʊlə ðæt ɡoʊz noʊwɛɹ ænd ɡoʊz ðɛɹ vɛɹi , vɛɹi sloʊli ",0
noʊ ɐmaʊnt ʌv nəstældʒə fɔːɹ kɑːɹveɪ ɛs ɡloːɹi deɪz kæn dɪsɡaɪz ðə fækt ðætðə nuː fɪlm ɪz ɐ leɪm kɪdi flɪk ænd ðæt kɑːɹveɪ ɛs kənsɪdɚɹəbəl tælənts ɑːɹ weɪstᵻd ɪn ɪt ,0
kənsɪstəntli klɛvɚ ænd səspɛnsfəl ,1
"ðɪs ɪz ɐn ʌŋɡeɪnli muːvi , ɪl fɪɾɪŋ , wɪð ɪts ɛlboʊz stɪkɪŋ aʊt wɛɹ ðə niːz ʃʊd biː ",0
"ɐ ɹiːəl ɔːdiəns pliːzɚ ðæt wɪl stɹaɪk ɐ kɔːɹd wɪð ɛnɪwʌn huː ɛs ɛvɚ weɪɾᵻd ɪn ɐ dɑːktɚ ɛs ɑːfɪs , ɪmɜːdʒənsi ɹuːm , hɑːspɪɾəl bɛd ɔːɹ ɪnʃʊɹɹəns kʌmpəni ɑːfɪs ",1
"ɪf juː , laɪk miː , θɪŋk ɐn ækʃən fɪlm dɪsɡaɪzd æz ɐ wɔːɹ tɹɪbjuːt ɪz dɪsɡʌstɪŋ tə bɪɡɪn wɪð , ðɛn juː ɹiː ɪn fɚɹə peɪnfəl ɹaɪd ",0
"ɪf juː ɹiː æz hæpi lɪsənɪŋ tə muːvɪz æz juː ɑːɹ wɑːtʃɪŋ ðɛm , ænd ðə sloʊ pɚɹeɪd ʌv hjuːmən fɹeɪlti fæsᵻneɪts juː , ðɛn juː ɹiː æt ðə ɹaɪt fɪlm ",1
wʌn fʌni pɑːpkɔːɹn flɪk ,1
"bæd kʌmpəni hɐz wʌn ʌvðə moʊst mɔːɹɑːnɪk skɹiːnpleɪz ʌvðə jɪɹ , fʊl ʌv hoʊlz ðæt wɪl biː ɑːbviəs iːvən tə ðoʊz huː ɑːɹ ɛnt lʊkɪŋ fɔːɹ ðɛm ",0
aɪ diː biː hɑːɹd pɹɛst tə θɪŋk əvə fɪlm moːɹ klɔɪɪŋli sæpi ðɐn iːvlɪn ðɪs jɪɹ ,0
"ɐ dʒɛm əvɚ ɹoʊmæntɪk kɹaɪm kɑːmədi ðæt tɜːnz aʊt təbi klɛvɚ , ɐmjuːzɪŋ ænd ʌnpɹɪdɪktəbəl ",1
smɪθ faɪndz ɐmjuːzɪŋ dʒʌkstɐpəzɪʃənz ðæt dʒʌstᵻfaɪ hɪz ɛksɚsaɪz ,1
"ɐ tʃɑːɹmɪŋ , bæntɚ fɪld kɑːmədi wʌn ʌv ðoʊz ɛɹi sɪnɪmæɾɪk bɑːn bɑːnz huːz eɪmz ænd baɪ ɛkstɛnʃən , ɐkɑːmplɪʃmənts siːm dᵻsɛptɪvli slaɪt ɔnðə sɜːfɪs ",1
ɪt ɛs ðæt ɹɛɹ fæmɪli muːvi dʒɛnjuːɪn ænd swiːt wɪðaʊt ɹᵻlaɪɪŋ ɔn ænɪmeɪʃən ɔːɹ dʌm hjuːmɚ ,1
hɑːliwʊd ɛndɪŋ ɪz ðə moʊst dɪsɐpɔɪntɪŋ wʊdi ælən muːvi ɛvɚ ,0
"ɪt ɛs maɪldli ɐmjuːzɪŋ , bʌt aɪ sɜːʔn̩li kɑː ɛnt ɹɛkəmɛnd ɪt ",0
ðɪs dɹɛdfəli ɜːnɪst ɪnvɜːʒən ʌvðə kɑːŋkjuːbaɪn lʌv tɹaɪæŋɡəl ᵻstʃuːz ðə pɹiːviəs fɪlm ɛs hɪstɔːɹɪkəl pænɚɹæmə ænd ɹɔɪlɪŋ peɪθɑːs fɔːɹ bʌɡ aɪd mʌɡɪŋ ænd ɡeɪ nɪtʃ kɑːndᵻsɛnʃən ,0
fɔːɹmjʊlə fɪfti wʌn pɹɑːmɪsᵻz ɐ nuː kaɪnd ʌv haɪ bʌt dᵻlɪvɚz ðə seɪm oʊld bæd tɹɪp ,0
"wʌt mɐdɑːnə dʌz hɪɹ kɑː ɛnt pɹɑːpɚli biː kɔːld æktɪŋ moːɹ ækjʊɹətli , ɪt ɛs muːvɪŋ ænd ɪt ɛs tɔːkɪŋ ænd ɪt ɛs əkeɪʒənəli dʒɛstʃɚɹɪŋ , sʌmtaɪmz ɔːl ɐtwʌns ",0
ɹɪfkɪn ɛs ɹɛfɹənsᵻz ɑːɹ ɪmpɛkəbəl θɹuːaʊt ,1
ðə dᵻɹɛktɚɹ ɛksploːɹz ɔːl θɹiː saɪdz ʌv hɪz stoːɹi wɪð ɐ sɛnsɪtɪvᵻɾi ænd ɐn ɪŋkwɪzᵻtɪvnəs ɹɛmᵻnɪsənt ʌv tɹʌfaʊt ,1
ðə fækt ðætðə bɛst pɑːɹt ʌvðə muːvi kʌmz fɹʌm ɐ sɪksti sɛkənd hɑːmɪdʒ tə wʌn ʌv dɛm ɛs ɡʊd fɪlmz dʌz ɛnt boʊd wɛl fɚðə ɹɛst ʌv ɪt ,0
ɐn ɛndʒɔɪəbəl kɑːmədi ʌv lɪŋɡwəl ænd kʌltʃɚɹəl dɪfɹənsᵻz ðə siːeɪtʃ toʊ ɪz ɐ fɪlm fʊl ʌv laɪf ænd smɔːl dᵻlaɪts ðæt hɐz ɔːl ðə wɪɡlɪŋ ɛnɚdʒi ʌv jʌŋ kɪʔn̩ ,1
"ɐn ɛŋɡeɪdʒɪŋ , fɔːɹmjʊleɪɪk spoːɹts dɹɑːmə ðæt kæɹiz ɐ tʃɑːɹdʒ ʌv dʒɛnjuːɪn ɛksaɪtmənt ",1
sʌmθɪŋ mʌstɐv bɪn lɔst ɪnðə tɹænsleɪʃən ,0
"wɪɾi , kəntəmplətɪv , ænd sʌblaɪmli bjuːɾifəl ",1
fɑːstɚɹ ænd wɪɾeɪkɚɹ ɑːɹ ɪspɛʃəli faɪn ,1
"ðə laɪɾɪst , moʊst bɹiːzi muːvi stiːvən spiːlbɜːɡ hɐz meɪd ɪn moːɹ ðænə dɛkeɪd ",1
"ɪf aɪ wɔnt ɐ ɹiːəl muːvi , aɪ ɛlɛl baɪ ðə kɹaɪtiəɹɪən diːviːdiː ",0
"ɐn ɜːnɪst , ɹʌfʃɑːd dɑːkjuːmənt , ɪt sɜːvz æz ɐ wɜːkəbəl pɹaɪmɚ fɚðə ɹiːdʒən ɛs ɹiːsənt hɪstɚɹi , ænd wʊd meɪk ɐ tɚɹɪfɪk tɛnθ ɡɹeɪd lɜːnɪŋ tuːl ",1
ɐ kənvɛnʃənəl bʌt hɑːɹtwɔːɹmɪŋ teɪl ,1
"ɐ slaɪ fiːmeɪl ɛmpaʊɚmənt muːvi , ɔːlðoʊ nɑːt ɪn ɐ weɪ ɛnɪwʌn wʊd ɛkspɛkt ",1
ðə pɹɑːbləm ɪz ðə niːdləsli pʊɹ kwɔlᵻɾi ʌv ɪts ɑːɹkaɪvəl pɹɪnts ænd fɪlm fʊɾɪdʒ ,0
"ðɛɹ ɛs sʌmθɪŋ ʌnɪntɛnʃənəli kɑːmɪk ɪnðə fɪlm ɛs dɹʌmbiːt ɐbaʊt ɔːθəntɪsᵻɾi , ɡɪvən ðə steɪl plɑːt ænd poːɹnəɡɹæfɪk weɪ ðə fɪlm ɹɛvəlz ɪn swæŋk ɐpɑːɹtmənts , kloʊðz ænd pɑːɹɾiz ",0
stɹeɪndʒ əkɜːɹənsᵻz bɪld ɪnðə maɪnd ʌvðə vjuːɚ ænd teɪk ɔn ɛkstɹiːm ɜːdʒənsi ,1
ðə fɔːɹmjʊlə ɪz fəmɪlɪɹ bʌt ɛndʒɔɪəbəl ,1
"ɪts skɹiːnpleɪ sɜːvz æz ɔːɾoʊ kɹɪtiːk , ænd ɪts klʌmzinəs æz ɪts oʊn moʊst dæmɪŋ sɛnʃɚ ",0
lɛs ɐn ɛɡzæmᵻneɪʃən ʌv niːoʊ neɪzɪzəm ðænə pɹoʊb ɪntʊ ðə neɪtʃɚɹ ʌv feɪθ ɪtsɛlf ,1
"ɡʊd pɚfoːɹmənsᵻz ænd ɐ ɹiːəlɪstɪk , nɑːn ɛksplɔɪɾɪv ɐpɹoʊtʃ meɪk peɪd ɪn fʊl wɜːθ siːɪŋ ",1
dʒʌst ɪz ɛnt æz wɪɹd æz ɪɾ ɔːt tə biː ,0
"ɪf juː lʌv ðə mjuːzɪk , ænd aɪ duː , ɪts hɑːɹd tʊ ɪmædʒɪn hævɪŋ moːɹ fʌn wɑːtʃɪŋ ɐ dɑːkjuːmɛntɚɹi ",1
"wɑːtʃɪŋ kwiːn ʌvðə dæmd ɪz laɪk ɹiːdɪŋ ɐ ɹᵻsɜːtʃ peɪpɚ , wɪð spɛʃəl ɪfɛkts tɔst ɪn ",0
"stɪŋks fɹʌm stɑːɹt tə fɪnɪʃ , laɪk ɐ wɛt bɜːlæp sæk ʌv ɡluːm ",0
"ðə mɜːtʃənt aɪvɚɹi tiːm kəntɪnjuːz tə sɪstəmæɾɪkli dᵻstɹɔɪ ɛvɹɪθɪŋ wiː hoʊld dɪɹ ɐbaʊt sɪnəmə , oʊnli naʊ ɪt ɛs bɪɡʌn tə splɪt ʌp soʊ ðɐɾɪt kæn duː iːvən moːɹ dæmɪdʒ ",0
"waɪl ðɛɹɑːɹ taɪmz wɛn ðə fɪlm ɛs ɹiːtʃ ɛksiːdz ɪts ɡɹæsp , ðə pɹədʌkʃən wɜːks moːɹ ɔfən ðɐn ɪt dʌz ɛnt ",1
hjuːdʒli ɐkɑːmplɪʃt slaɪs ʌv hɪtʃkɑːkiən səspɛns ,1
ɛɡzɪbɪts ðə ʃæloʊ sɛnseɪʃənəlɪzəm kæɹɪktɚɹɪstɪk ʌv soʊp ɑːpɚɹə moːɹ sæleɪʃəs tɛlᵻnəvɛlə ðɐn sɪɹiəs dɹɑːmə ,0
aɪ ɛm ʃʊɹ ðɛɹ ɛs ɐ tiːneɪdʒ bɔɪ aʊt ðɛɹ sʌmwɛɹ huː ɛs daɪɪŋ fɔːɹ ðɪs kaɪnd ʌv ɛntɚteɪnmənt ,0
"waɪ sɪt θɹuː ɐ kɹʌmi , wɑːnɐbiː hɪp kɹaɪm kɑːmədi ðæt ɹᵻfɜːz ɪnsɛsəntli tʊ oʊld muːvɪz , wɛn juː kʊd dʒʌst ɹɛnt ðoʊz muːvɪz ɪnstɛd , lɛt ɐloʊn siːk aʊt ɐ ɹᵻspɛktəbəl nuː wʌn ? ",0
"ɐ θʌɹoʊli ɔːfəl muːvi dʌm , næɹətɪvli keɪɑːɾɪk , vɪʒuːəli slɑːpi ɐ wɪɹd ɐmælɡæm ʌv ðə θɪŋ ænd ɐ dʒɛɹɪætɹɪk skɹiːm ",0
"kənteɪnz ðə hjuːmɚ , kæɹɪktɚɹaɪzeɪʃən , pɔɪnjənsi , ænd ɪntɛlɪdʒəns əvə bæd sɪtkɑːm ",0
"læfəbli , ɪɹᵻdiːməbli ɔːfəl ",0
"wʌn lɔŋ , nʌmɪŋ ækʃən siːkwəns meɪd ʌp moʊstli ʌv ɹuːtiːn stʌf juːən hɐz ɡɪvən ʌs bᵻfoːɹ ",0
təɡɛðɚɹ ɛlɑːɹbiː taɪm aʊt ænd hjuːmən ɹᵻsoːɹsᵻz ɑːɹɹɑːɹbiː ɪstæblɪʃ mɪstɚ kæntɛt æz fɹæns ɛs fɔːɹmoʊst sɪnɪmæɾɪk poʊɪt ʌvðə wɜːkpleɪs ,1
"ɐ ɡliːfəli ɡɹʌndʒi , hɪlɛɹiəsli wɪkᵻd blæk kɑːmədi ",1
"wɪð spaɪ kɪdz tuː ðɪ aɪlənd ʌv lɔst dɹiːmz , ðə spaɪ kɪdz fɹæntʃaɪz ɪstæblɪʃᵻz ɪtsɛlf æz ɐ dʊɹɹəbəl pɑːɹt ʌvðə muːvi lændskeɪp ɐ dʒeɪmz bɑːnd sɪɹiz fɔːɹ kɪdz ",1
ɹiːnoʊ hɪmsɛlf kæn teɪk kɹɛdɪt fɔːɹ moʊst əv ðə muːvi ɛs səksɛs ,1
"aʊtsaɪd ʌv bɜːɡɚ ɛs dɪzaɪɚ tə meɪk sʌm kaɪnd ʌv fɪlm , ɪt ɛs ɹiəli ʌŋklɪɹ waɪ ðɪs pɹɑːdʒɛkt wʌz ʌndɚteɪkən ",0
"æz fɔːɹ tʃɪldɹən , ðeɪ woʊ ɛnt ɛndʒɔɪ ðə muːvi æɾ ɔːl ",0
"ɪf juː sɔː ɪɾ ɔn tiːviː , juː diː pɹɑːbəbli tɜːn ɪɾ ɔf , kənvɪnst ðæt juː hæd ɔːlɹɛdi siːn ðæt muːvi ",0
"waɪl ɪɾ ɪz ɪntɹɛstɪŋ tə wɪtnəs ðə kɑːnflɪkt fɹʌmðə pæləstɪniːən saɪd , lɔŋɡli ɛs fɪlm læks bæləns ænd feɪlz tə pʊt ðə stɹʌɡəl ɪntʊ miːnɪŋfəl hɪstɔːɹɪkəl kɑːntɛkst ",0
"dʒɜːnəlɪstɪkli duːbɪəs , ɪnɛpt ænd ɔfən liːθəli dʌl ",0
"bɹɪliəntli ɹɪʔn̩ ænd wɛl æktᵻd , jɛloʊ æsfɔlt ɪz ɐn ʌŋkɑːmpɹəmaɪzɪŋ fɪlm ",1
"laɪk maɪk ɪz ɛnt ɡoʊɪŋ tə meɪk bɑːks ɑːfɪs mʌni ðæt meɪks maɪkəl dʒoːɹdən dʒɛləs , bʌt ɪt hɐz sʌm kjuːt moʊmənts , fʌni siːnz , ænd hɪts ðə tɑːɹɡɪt ɔːdiəns ɛlɑːɹbiː jʌŋ boʊ waʊ fænz ɑːɹɹɑːɹbiː wɪð nʌθɪŋ bʌt nɛt ",1
ðə ɡæɡz ðæt flaɪ æt sʌtʃ ɐ fjʊɹɹiəsli fʌni peɪs ðætðɪ oʊnli ɹɪp ɔf ðæt wiː wɜːɹ ɐwɛɹ ʌv wʌzðə wʌn wiː fɛlt wɛn ðə muːvi ɛndᵻd soʊ dæmd suːn ,1
"waɪl ðə pæθ meɪ biː fəmɪlɪɹ , fɜːst taɪm dᵻɹɛktɚ dɛnzəl wɑːʃɪŋtən ænd ɐ tɑːp nɑːtʃ kæst mænɪdʒ tə kiːp θɪŋz ɪntɹɛstɪŋ ",1
"stændɪŋ ɪnðə ʃædoʊz ʌv moʊtaʊn ɪz ðə bɛst kaɪnd ʌv dɑːkjuːmɛntɚɹi , wʌn ðæt meɪks ɐ dᵻpliːɾᵻd jɛstɚdeɪ fiːl vɛɹi mʌtʃ laɪk ɐ bɹænd nuː təmɑːɹoʊ ",1
"ɐ sɪɹiz ʌv ɛskɐpeɪdz dɛmənstɹeɪɾɪŋ ðɪ ædɪdʒ ðæt wʌt ɪz ɡʊd fɚðə ɡuːs ɪz ɔːlsoʊ ɡʊd fɚðə ɡændɚ , sʌm ʌvwɪtʃ əkeɪʒənəli ɐmjuːzᵻz bʌt nʌn ʌvwɪtʃ ɐmaʊnts tə mʌtʃ əvə stoːɹi ",0
"dʒeɪ loʊ wɪl ɜːn hɜː ʃɛɹ ʌvðə hɑːlɪdeɪ bɑːks ɑːfɪs paɪ , ɔːlðoʊ ðɪs muːvi meɪks wʌn θɪŋ pɜːfɛktli klɪɹ ʃiː ɛs ɐ pɹɪɾi wʊmən , bʌt ʃiː ɛs noʊ wɜːkɪŋ ɡɜːl ",1
"ðɪs dɑːkjuːmɛntɚɹi ɪz ɐ dæzlɪŋ , ɹᵻmɑːɹkəbli ʌnpɹɪtɛnʃəs ɹᵻmaɪndɚɹ ʌv wʌt ɛlɑːɹbiː ɛvənz ɑːɹɹɑːɹbiː hæd , lɔst , ænd ɡɑːt bæk ",1
ðɛɹ wɜːk ɪz fæntæstɪk ,1
mʌtʃ ʌvðə muːvi ɛs tʃɑːɹm laɪz ɪnðɪ ʌɾɚ kjuːtnəs ʌv stuːɚt ænd mɑːɹɡəloʊ ,1
lʊks ænd fiːlz laɪk ɐ loʊ bʌdʒɪt haɪbɹɪd ʌv skɑːɹfeɪs ɔːɹ kɑːɹliːɾoʊ ɛs weɪ ,0
"ɐ pɹəfaʊndli stuːpɪd ɐfɛɹ , pɑːpjʊleɪɾɪŋ ɪts hæknid ænd miːnspɪɹɪɾᵻd stoːɹilaɪn wɪð kɑːɹdboːɹd kæɹɪktɚz ænd pɚfoːɹmɚz huː væljuː kæʃ əbʌv kɹɛdɪbɪlᵻɾi ",0
"laɪk ɪts skɹɪpt , wɪtʃ nɜːsᵻz plɑːt hoʊlz ɡeɪpɪŋ ɪnʌf tə paɪlət ɐn ɛntaɪɚɹ əlɪmpɪk swɪm tiːm θɹuː , ðə kæɹɪktɚz ɪn swɪmfən siːm moʊɾᵻveɪɾᵻd baɪ nʌθɪŋ ʃɔːɹt ʌv dʌl , bɹeɪn dɛdənɪŋ hæŋɡoʊvɚ ",0
duː wiː ɹiəli niːd ðə taɪɡɚ biːt vɜːʒən ? ,0
"ɪf ɪt ɛs ʌnnɜːvɪŋ səspɛns juː ɹiː æftɚ juː ɛlɛl faɪnd ɪt wɪð ɹɪŋ , ɐn ɪndɪspjuːɾəbli spuːki fɪlm wɪð ɐ skɹiːnpleɪ tə daɪ fɔːɹ ",1
"ɡɑːslɪŋ kɹiːeɪts ɐ stæɡɚɹɪŋli kəmpɛlɪŋ kæɹɪktɚ , ɐ jʌŋ mæn huːz ʃɑːɹp ɪntəlɛkt ɪz æt ðə vɛɹi ɹuːt ʌv hɪz kɑːntɹədɪktɚɹi , sɛlf heɪɾɪŋ , sɛlf dᵻstɹʌktɪv weɪz ",1
ɐ bjuːɾifəl piːən tʊ ɐ taɪm lɔŋ pæst ,1
"ɐn ɛkstɹiːmli fʌni , ʌltᵻmətli hɑːɹtbɹeɪkɪŋ lʊk æt laɪf ɪn kəntɛmpɚɹɛɹi tʃaɪnə ",1
"ʃɛdz laɪt ɔn ɐ sʌbdʒɛkt fjuː ɑːɹ fəmɪlɪɹ wɪð , ænd meɪks juː kɛɹ ɐbaʊt mjuːzɪk juː meɪ nɑːɾɐv hɜːd bᵻfoːɹ ",1
"bʌt fɚðə moʊst pɑːɹt , ðə weɪt ʌv wɔːɾɚ kʌmz ɔf æz ɐ tuː weɪ taɪm swɪtʃɪŋ maɪɑːpɪk mɪstɚɹi ðæt stɔːlz ɪn ɪts læklʌstɚ ɡɪɹ ʌv ɪmoʊʃənəl blændnəs ",0
ænd diːzəl ɪz ɛnt ðɪ æktɚ tə seɪv ɪt ,0
ɐ fiːbəl tuːtsi nɑːkɔf ,0
siː ɪt fɔːɹ hɪz pɚfoːɹməns ɪf nʌθɪŋ ɛls ,1
tɚɹɪfɪk kæstɪŋ ænd sɑːlɪd ɛksɪkjuːʃən ɡɪv ɔːl θɹiː stoːɹiz laɪf ,1
ðə skɜːmɪʃᵻz fɔːɹ paʊɚ weɪdʒd ɐmʌŋ vɪktɪmz ænd pɹɛdəɾɚz sɛɾəl ɪntʊ ɐn ʌndɪstɪŋɡwɪʃt ɹɪðəm ʌv ɑːɹɾɪfɪʃəl səspɛns ,0
ɐ θɹɪlɚ wɪðaʊt ɐ lɑːt ʌv θɹɪlz ,0
jɛt ðɪ ækt ɪz stɪl tʃɑːɹmɪŋ hɪɹ ,1
fɑːɹmoːɹ ɛndʒɔɪəbəl ðɐn ɪts pɹɛdᵻsɛsɚ ,1
"ɐ muːvɪŋ ɛseɪ ɐbaʊt ðə spɛktɚɹ ʌv dɛθ , ɪspɛʃəli suːɪsaɪd ",1
"fɪlɪp nɔɪs ænd ɔːl ʌv hɪz æktɚz æz wɛl æz hɪz sɪnɪmɐtɑːɡɹəfɚ , kɹɪstəfɚ dɔɪl ʌndɚstænd ðə dɛlᵻkət foːɹsfəlnəs ʌv ɡɹiːn ɛs pɹoʊz , ænd ɪt ɛs ðɛɹ ɔnðə skɹiːn ɪn ðɛɹ vɜːʒən ʌvðə kwaɪət ɐmɛɹɪkən ",1
"ðoʊ ɪt ɹʌnz wʌnhʌndɹɪd sɪksti θɹiː mɪnɪts , seɪf kɑːndʌkt ɪz ɛnɪθɪŋ bʌt læŋɡjuːɚɹəs ",1
"ðɪs ɪz ðə kaɪnd ʌv muːvi ðæt juː oʊnli niːd tə wɑːtʃ fɔːɹ ɐbaʊt θɜːɾi sɛkəndz bᵻfoːɹ juː seɪ tə joːɹsɛlf , ɑː , jɛs , hɪɹ wiː hæv ɐ bæd , bæd , bæd muːvi ",0
"iːvən æɾ ɪts wɜːst , ɪt ɛs nɑːt hæf bæd ",1
"iːvən ɪf juː viː nɛvɚ hɜːd ʌv tʃæplɪn , juː ɛlɛl stɪl biː ɡluːd tə ðə skɹiːn ",1
"ɐ lɔŋ , dʌl pɹəsɛʃən ʌv dᵻspɛɹ , sɛt tə tʃɛloʊ mjuːzɪk kʌld fɹʌm ɐ mɪnɪməlɪst fjuːnɚɹəl ",0
"ðə kɑːnsɚt fʊɾɪdʒ ɪz stɜːɹɪŋ , ðə ɹᵻkoːɹdɪŋ sɛʃənz ɑːɹ ɪntɹiːɡɪŋ , ænd ɔnðə weɪ tə stɹaɪkɪŋ ɐ bloʊ fɔːɹ ɑːɹtɪstɪk ɪntɛɡɹᵻɾi ðɪs kwɔlᵻɾi bænd meɪ pɪk ʌp nuː ɐdmaɪɚɹɚz ",1
moʊst əv ðə daɪəlɑːɡ meɪd miː wɔnt tə pæk ɹɔː doʊ ɪn maɪ ɪɹz ,0
kwiːn ʌvðə dæmd ɪz tuː lɔŋ wɪð tuː lɪɾəl ɡoʊɪŋ ɔn ,0
"ɪɾ eɪaɪ ɛnt ɑːɹt , baɪ ɐ lɔŋ ʃɑːt , bʌt ʌnlaɪk læst jɪɹ ɛs leɪm mʌskɪtɪɹ , ðɪs duːməz ædæpteɪʃən ɛntɚteɪnz ",1
kæmpɐnɛlə ɛs kɑːmpɪtənt dᵻɹɛkʃən ænd hɪz ɛksələnt kæst oʊvɚkʌm ðɪ ɑːbstəkəlz əvə pɹɪdɪktəbəl aʊtkʌm ænd ɐ skɹiːnpleɪ ðæt ɡlɔsᵻz oʊvɚ ɹɑːfaɪɛl ɛs ɛvəluːʃən ,1
ʃ tiːtiːiː ɛs dɹəmæɾɪk snæpʃɑːt ʌvðɪ ɑːɹɾɪst θɹiː deɪz bᵻfoːɹ hɪz dɛθ ɔfɚz ɐn ɪntɹɛstɪŋ bɪt ʌv spɛkjʊleɪʃən æz tə ðɪ ɪʃuːz bɹɛxt feɪsd æz hɪz laɪf dɹuː tʊ ɐ kloʊs ,1
"wʊd biː ɐn ʌnɛndʊɹɹəbəl vjuːɪŋ ɛkspiəɹɪəns fɔːɹ ðɪs ʌltɹə pɹəvɪnʃəl nuː jɔːɹkɚ ɪf twɛnti sɪks jɪɹ oʊld ɹiːs wɪðɚspuːn wɜː nɑːt ɔn hænd tʊ ɪndʒɛkt hɜː pjʊɹ fæntəsi kæɹɪktɚ , mɛləni kɑːɹmaɪkəl , wɪð ɐ mæsɪv ɪnfjuːʒən ʌv oʊld fæʃənd hɑːliwʊd mædʒɪk ",1
"ɐ hɔɹɚ muːvi wɪð sɪɹiəsli dʌm kæɹɪktɚz , wɪtʃ sʌmwʌt daɪluːts ðə plɛʒɚɹ ʌv wɑːtʃɪŋ ðɛm stɔːkt baɪ kɹiːpi kɹɔːli bʌɡ θɪŋz ðæt laɪv oʊnli ɪnðə dɑːɹknəs ",0
ðɛɹ pɛɹənts wʊd duː wɛl tə kɹæm ɪɹplʌɡz ɪn ðɛɹ ɪɹz ænd pʊt pɪloʊkeɪsᵻz oʊvɚ ðɛɹ hɛdz fɔːɹ eɪɾi sɛvən mɪnɪts ,0
kloʊks ɐ fəmɪlɪɹ æntaɪ fɛmɪnɪst ᵻkweɪʒən ɛlɑːɹbiː kɚɹɪɹ kɪdz mɪzɚɹi ɑːɹɹɑːɹbiː ɪn taɪɚsʌm ɹoʊmæntɪk kɑːmədi dʌdz ,0
neɪoʊmi wɑːts ɪz tɚɹɪfɪk æz ɹeɪtʃəl hɜː pətiːt fɹeɪm ænd vʌlnɚɹəbəl pɜːsoʊnə ɛmfɐsaɪzɪŋ hɜː plaɪt ænd aɪsəleɪʃən ,1
ɪdɪɑːɾɪk ænd ʌɡli ,0
"fɪlm ɐfɪʃənɑːdoʊz kæn nɑːt hɛlp bʌt lʌv sɪnəmə pæɹədaɪzoʊ , wɛðɚ ðɪ ɚɹɪdʒɪnəl vɜːʒən ɔːɹ nuː dᵻɹɛktɚ ɛs kʌt ",1
"hɑːɹd , ɛndɪɹɪŋ , kɛɹɪŋ , wɔːɹm ",1
ðə meɪdʒɚ pɹɑːbləm wɪð wɪndtɔːkɚz ɪz ðætðə bʌlk ʌvðə muːvi sɛntɚz ɔnðə ɹɔŋ kæɹɪktɚ ,0
ɡɹiːsbɔːlz mɑːb ækʃən kɑːmədi ,0
ɹaɪɾɚɹ ænd dᵻɹɛktɚɹ ɑːɾɚɹ aɪəsɛliəni ɛs plɛzənt teɪl ɐbaʊt ɐ fæktɚɹi wɜːkɚ huː ɛskeɪps fɚɹə hɑːlɪdeɪ ɪn vɛnɪs ɹᵻviːlz haʊ wiː ɔːl niːd ɐ pleɪfəl ɹɛspɪt fɹʌmðə ɡɹaɪnd tə ɹᵻfɹɛʃ aʊɚ soʊlz ,1
"ɐ ɹᵻfɹɛʃɪŋli ɹiːəlɪstɪk , ɐfɪkteɪʃən fɹiː kʌmɪŋ ʌv eɪdʒ teɪl ",1
sɪmoʊn ɪz ɐ fʌn ænd fʌŋki lʊk ɪntʊ ɐn ɑːɹɾɪfɪʃəl kɹiːeɪʃən ɪn ɐ wɜːld ðæt θɹaɪvz ɔn ɑːɹɾɪfɪʃɪælᵻɾi ,1
"səpoʊzɪdli , poʊkeɪmɑːn kɑː ɛnt biː kɪld , bʌt poʊkeɪmɑːn foːɹ ɛvɚ pɹæktɪkli əʃʊɹz ðætðə pɑːkɪt mɔnstɚ muːvi fɹæntʃaɪz ɪz nɪɹli ɹɛdi tə kiːl oʊvɚ ",0
"ðɪ æktɪŋ ɪz æmətʃɚɹɪʃ , ðə sɪnɪmɐtɑːɡɹəfi ɪz ɐtɹoʊʃəs , ðə dᵻɹɛkʃən ɪz klʌmzi , ðə ɹaɪɾɪŋ ɪz ɪnsɪpɪd ænd ðə vaɪələns ɪz ɐtwʌns lʊɹɹɪdli ɡɹæfɪk ænd læfəbli ʌŋkənvɪnsɪŋ ",0
juː hæv tə siː ɪt ,1
pɹeɪ hɐz ɹiəli dʌn hɪz sʌbdʒɛkt dʒʌstɪs ,1
"wʊdi , wʌt hæpənd ? ",0
bʌt ɪt ɛs ɔːlsoʊ dɪsɐpɔɪntɪŋ tʊ ɐ sɜːʔn̩ dᵻɡɹiː ,0
"koːɹs , kliːʃeɪd ænd klʌŋki , ðɪs tɹaɪflɪŋ ɹoʊmæntɪk kɑːmədi ɪnwɪtʃ ɑːpəzɪts ɐtɹækt fɔːɹ noʊ bɛɾɚ ɹiːzən ðɐn ðætðə skɹiːnpleɪ dᵻmændz ɪt skwɑːndɚz ðə tʃɑːɹmz ʌv stɑːɹz hjuː ɡɹænt ænd sændɹə bʊlək ",0
bɛɹz ɐbaʊt æz mʌtʃ ɹᵻzɛmbləns tə ðɪ ɛkspiəɹɪənsᵻz ʌv moʊst bæɾɚd wɪmɪn æz spaɪdɚ mæn dʌz tə ðɪ ɛkspiəɹɪənsᵻz ʌv moʊst tiːneɪdʒɚz ,0
"æt taɪmz ɐ bɪt mɛlədɹɐmæɾɪk ænd iːvən ɐ lɪɾəl deɪɾᵻd ɛlɑːɹbiː dᵻpɛndɪŋ əpɑːn wɛɹ juː lɪv ɑːɹɹɑːɹbiː , ɪɡnɚɹənt fɛɹiz ɪz stɪl kwaɪt ɡʊd neɪtʃɚd ænd nɑːɾə bæd weɪ tə spɛnd ɐn aʊɚ ɔːɹ tuː ",1
"ɐ boːɹɪŋ mæskɚɹeɪd bɔːl wɛɹ noːɹməli ɡʊd æktɚz , iːvən kɪŋsli , ɑːɹ meɪd tə lʊk bæd ",0
ɐ sɛmaɪ ɔːɾoʊbaɪəɡɹæfɪkəl fɪlm ðæt ɛs soʊ slɑːpɪli ɹɪʔn̩ ænd kæst ðæt juː kæn nɑːt bᵻliːv ɛnɪwʌn moːɹ sɛntɹəl tə ðə kɹiːeɪʃən ʌv bʌɡsi ðɐn ðə keɪɾɚɹɚ hæd ɛnɪθɪŋ tə duː wɪð ɪt ,0
ðə skɪlz əvə kælkjʊləs meɪdʒɚɹ æɾ ɛm aɪ tiː ɑːɹ ɹᵻkwaɪɚd tə bæləns ɔːl ðə fɔːɹmjʊleɪɪk ᵻkweɪʒənz ɪnðə lɔŋ wɪndᵻd haɪst kɑːmədi huː ɪz klɛɾiz taʊt ? ,0
"ðoʊ ðɛɹɑːɹ ɛntɚteɪnɪŋ ænd ɔːdeɪʃəs moʊmənts , ðə muːvi ɛs waɪldli kɚɹiːnɪŋ toʊn ænd ɐn ɛkstɹiːmli flæt liːd pɚfoːɹməns duː lɪɾəl tə sælvɪdʒ ðɪs fɪlmeɪkɚ ɛs fleɪlɪŋ ɹɛpjuːteɪʃən ",0
"ɛftɪɹieɪdz ɡɪvz ðə neɪbɚhʊd siːnɚɹi , vaɪb ænd ɔːl ðə sɪnɪmæɾɪk ɪkwɪvələnt əvə bɪɡ , tɛndɚ hʌɡ ",1
tuː wiːks noʊɾɪs hɐz ɐpiːl bᵻjɔnd biːɪŋ ɐ sændɹə bʊlək viəkəl ɔːɹ ɐ stændɚd ɹoʊmæntɪk kɑːmədi ,1
"kʊd juːz ɐ lɪɾəl moːɹ hjuːmænᵻɾi , bʌt ɪt nɛvɚ læks ɪn aɪ pɑːpɪŋ vɪʒuːəlz ",1
"ðə liːdz ɑːɹ nætʃɚɹəl ænd lʌvli , ðə peɪs ɪz sɚɹiːn , ðə hjuːmɚ ɹaɪ ænd spɹaɪtli ",1
"ɔfɚz bɪɡ , fæt , dʌm læfs ðæt meɪ meɪk juː heɪt joːɹsɛlf fɔːɹ ɡɪvɪŋ ɪn ",0
hɑːɹdli ɐ fɪlm ðæt kʌmz ɐlɔŋ ɛvɹi deɪ ,1
dɛfɪnətli wɜːθ naɪnti faɪv mɪnɪts ʌv jʊɹ taɪm ,1
sɜːʔn̩li ðə bɪɡ fɪnɪʃ wʌz ɛnt sʌmθɪŋ ɡeɪlɪnski ænd hɔːli kʊdɐv plænd fɔːɹ bʌt pɑːɹt ʌv biːɪŋ ɐ ɡʊd dɑːkjuːməntɛɹiən ɪz biːɪŋ ðɛɹ wɛn ðə ɹoʊp snæps ,1
"ɹoʊlɚbɔːl ɪz æz bæd æz juː θɪŋk , ænd wɜːs ðɐn juː kæn ɪmædʒɪn ",0
"ðɛɹ ɛs ðə plɑːt , ænd ɐ mædənɪŋli ɪnsɪstənt ænd ɹᵻpɛɾᵻtɪv piænoʊ skoːɹ ðæt meɪd miː wɔnt tə skɹiːm ",0
"ɪt wʊd biː ɡɹeɪt tə siː ðɪs tɜːd skwɑːʃt ʌndɚɹ ɐ tɹʌk , pɹɛfɹəbli ɐ sɛmaɪ ",0
"ðə peɪsɪŋ ɪz dɛdli , ðə nɚɹeɪʃən hɛlps lɪɾəl ænd neɪpɔːl , ɐ dʒuːsi ɹaɪɾɚ , ɪz nᵻɡeɪɾᵻd ",0
aɪ ɛm ɡoʊɪŋ tə ɡɪv ɪɾ ɐ mɑːɹdʒɪnəl θʌmz ʌp ,1
ðɪs bjuːɾɪfəli ænɪmeɪɾᵻd ɛpɪk ɪz nɛvɚ dʌl ,1
"hjuːmən neɪtʃɚ , ɪn ʃɔːɹt , ɪz ɛnt nɪɹli æz fʌni æz ɪt θɪŋks ɪɾ ɪz niːðɚɹ ɪz ɪɾ æz smɑːɹt ",0
deɪvɪs ɡɛts vɪvɪd pɚfoːɹmənsᵻz fɹʌm hɜː kæst ænd pʊlz ɔf sʌm dɛft ælaɪ məkbiːl staɪl fæntəsi siːkwənsᵻz ,1
"iːvən ɪnðə sʌmɚtaɪm , ðə moʊst ɹɛstləs jʌŋ ɔːdiəns dɪzɜːvz ðə dɪɡnᵻɾi əvən ækʃən hiəɹoʊ moʊɾᵻveɪɾᵻd baɪ sʌmθɪŋ moːɹ ðɐn fɹæntʃaɪz pɑːsəbɪlᵻɾiz ",0
ɐ mɛsmɚɹaɪzɪŋ sɪnɪmæɾɪk poʊᵻm fɹʌmðə fɜːst fɹeɪm tə ðə læst ,1
"ðə sɛɾɪŋ tɜːnz aʊt təbi moːɹ ɪntɹɛstɪŋ ðɐn ɛni ʌvðə kæɹɪktɚ dɹɑːməz , wɪtʃ nɛvɚ ɹiːtʃ sæɾɪsfaɪɪŋ kəŋkluːʒənz ",0
ðɪs peɪnfəli ʌnfʌni fɑːɹs tɹæfɪks ɪn taɪɚd stɛɹɪoʊtaɪps ænd ɛŋkʌmbɚz ɪtsɛlf wɪð kɑːmplɪkeɪʃənz ðæt hæv noʊ bɛɹɪŋ ɔnðə stoːɹi ,0
teɪk nʌθɪŋ sɪɹiəsli ænd ɛndʒɔɪ ðə ɹaɪd ,1
"ɪɾ ɪz dɪfɹənt fɹʌm ʌðɚz ɪn ɪts ʒɑːnɹə ɪn ðɐɾɪt ɪz dʌznɑːt ɹᵻlaɪ ɔn dʌm ɡæɡz , ænɐtɑːmɪkəl hjuːmɚ , ɔːɹ kæɹɪktɚ kliːʃeɪᵻz ɪt pɹaɪmɛɹᵻli ɹᵻlaɪz ɔn kæɹɪktɚ tə tɛl ɪts stoːɹi ",1
"stɪl ɹæptʃɚɹəs æftɚɹ ɔːl ðiːz jɪɹz , sɪnəmə pæɹədaɪzoʊ stændz æz wʌn ʌvðə ɡɹeɪt fɪlmz ɐbaʊt muːvi lʌv ",1
biː peɪʃənt wɪððə lʌvli hʌʃ ! ,1
"ðɪ æktɚz ɑːɹ sɪmpli tuː ɡʊd , ænd ðə stoːɹi tuː ɪntɹiːɡɪŋ , fɔːɹ tɛknɪkəl flɔːz tə ɡɛt ɪnðə weɪ ",1
aɪ diː biː laɪɪŋ ɪf aɪ sɛd maɪ ɹɪbkeɪdʒ dɪd ɛnt eɪk baɪ ðɪ ɛnd ʌv kʌŋ paʊ ,1
ɪt meɪ ɔːlsoʊ biː ðə bɛst sɛks kɑːmədi ɐbaʊt ɛnvaɪɹənmɛntəl pəluːʃən ɛvɚ meɪd ,1
"ɐn ɛntɚteɪnɪŋ , ɪf ʌltᵻmətli maɪnɚ , θɹɪlɚ ",1
"ænd ðə ɹiːzən fɔːɹ ðæt ɪz ɐ sɛlf ɐwɛɹ , ɔfən sɛlf mɑːkɪŋ , ɪntɛlɪdʒəns ",1
wɛðɚ dʒeɪsən ɛks ɪz ðɪs bæd ɔn pɜːpəs ɪz nɛvɚ klɪɹ ,0
"ɔːl kɑːmədi ɪz səbvɜːsɪv , bʌt ðɪs ʌnɹɪlɛntɪŋ bliːk ɪnsɪstəns ɔn ɑːptɪŋ aʊɾəv ɛni ɑːpɚtuːnᵻɾi fɔːɹ faɪndɪŋ miːnɪŋ ɪn ɹᵻleɪʃənʃɪps ɔːɹ wɜːk dʒʌst bɪkʌmz sæd ",0
"ðə muːvi ɪz kəŋkɑːktᵻd ænd kæɹid aʊt baɪ foʊks wɜːði ʌv skɔːɹn , ænd ðə naɪsɪst θɪŋ aɪ kæn seɪ ɪz ðæt aɪ kɑː ɛnt ɹᵻmɛmbɚɹ ɐ sɪŋɡəl neɪm ɹᵻspɑːnsᵻbəl fɔːɹ ɪt ",0
ɔːl tuː fəmɪlɪɹ beɪsɪkli ðə sɔːɹt ʌv kɔːʃənɛɹi teɪl ðæt wʌz oʊld wɛn eɪndʒəlz wɪð dɜːɾi feɪsᵻz ɐpɪɹd ɪn naɪntiːnhʌndɹɪd θɜːɾi eɪt ,0
siːmz laɪk sʌmθɪŋ ɐmɛɹɪkən ænd jʊɹɹəpiən ɡeɪ muːvɪz wɜː duːɪŋ twɛnti jɪɹz ɐɡoʊ ,0
"ðɪs ɪz ɐ tɹuːli , tɹuːli bæd muːvi ",0
"ðə weɪ ðə ɹaʊndɪleɪ ʌv pɑːɹtnɚz fʌŋkʃənz , ænd ðɪ ɪntɚpleɪ wɪðɪn pɑːɹtnɚʃɪps ænd ɐmʌŋ pɑːɹtnɚʃɪps ænd ðə dʒɛnɚɹəl ɛɹ ʌv ɡeɪɾɚ bæʃɪŋ ɑːɹ kənsɪstəntli dᵻlaɪtfəl ",1
wʌt bleɪd ɹʌnɚ wʊd viː lʊkt laɪk æz ɐ loʊ bʌdʒɪt sɪɹiz ɔn ɐ uːf tʃænəl ,0
ðɛɹ ɪz ɐ dɪfɹəns bᵻtwiːn muːvɪz wɪððə kɜːɹɪdʒ tə ɡoʊ oʊvɚ ðə tɑːp ænd muːvɪz ðæt duː ɛnt kɛɹ ɐbaʊt biːɪŋ stuːpɪd ,0
ɐn ɪbʊliənt tuːniːʒən fɪlm ɐbaʊt ðə stɑːɹɾəlɪŋ tɹænsfoːɹmeɪʃən əvə tɹɐdɪʃən baʊnd wɪdoʊ huː ɪz dɹɔːn ɪntʊ ðɪ ɛɡzɑːɾɪk wɜːld ʌv bɛli dænsɪŋ ,1
ɐ lʌvli fɪlm fɚðə hɑːlɪdeɪ siːzən ,1
"æftɚ wʌn ɡɛts ðə fiːlɪŋ ðætðə tɪpɪkəl hɑːliwʊd dɪsɹɪɡɑːɹd fɔːɹ hɪstɔːɹɪkəl tɹuːθ ænd ɹiːəlɪzəm ɪz æt wɜːk hɪɹ , ɪt ɛs ɐ mæɾɚɹ ʌv faɪndɪŋ ɛntɚteɪnmənt ɪnðɪ ɛkspiəɹɪənsᵻz ʌv ziːʃ ænd ðə faɪɚɹi pɹɛzəns ʌv hænʌsən ",1
"tædpoʊl meɪ biː wʌn ʌvðə moʊst ɐpiːlɪŋ muːvɪz ɛvɚ meɪd ɐbaʊt ɐn ʌðɚwaɪz ɐpɔːlɪŋ , ænd daʊnɹaɪt kɹiːpi , sʌbdʒɛkt ɐ tiːneɪdʒ bɔɪ ɪn lʌv wɪð hɪz stɛpmʌðɚ ",1
"ɐ fɪlm sɛntɚɹɪŋ ɔn ɐ tɹɐdɪʃənəl ɪndiən wɛdɪŋ ɪn kəntɛmpɚɹɛɹi nuː dɛli meɪ nɑːt saʊnd laɪk spɛʃəlaɪzd fɛɹ , bʌt miəɹə nɛɹ ɛs fɪlm ɪz ɐn æbsəluːt dᵻlaɪt fɔːɹ ɔːl ɔːdiənsᵻz ",1
ðə moʊst ɐmeɪzɪŋ suːpɚ saɪzd doʊsɪdʒ ʌv ɡuːfbɔːl stʌnts ɛni dʒækæs fæn kʊd wɔnt ,1
"keɪ naɪntiːn ðə wɪdoʊmeɪkɚɹ ɪz dᵻɹɪvətɪv , oʊvɚlɔŋ , ænd bəmbæstɪk jɛt sɚpɹaɪzɪŋli ɛntɚteɪnɪŋ ",1
"ɛvɹi vɪʒuːəl dʒoʊk ɪz mɪlkt , ɛvɹi sɛt ʌp ɑːbviəs ænd lɛŋθi , ɛvɹi pʌntʃlaɪn pɹɪdɪktəbəl ",0
"baɪ ðæt mɛʒɚ , ɪɾ ɪz ɐ feɪlɪɹ ",0
"ɹæðɚ ðɐn ɹiːəl fɪɡjɚz , ɛlɪŋ ænd keɪdʒɛl bjɑːɹnə bɪkʌm sɪmbɑːlɪk kæɹɪktɚz huːz ækʃənz ɑːɹ səpoʊzd tə ɹᵻleɪt sʌmθɪŋ ɐbaʊt ðə nɑː ɛf ɛs ɛŋkaʊntɚ wɪððə wɜːld ",0
"siːɪŋ æz ðə fɪlm læks moʊmɛntəm ænd ɪts pəzɪʃən ɹᵻmeɪnz moʊstli ʌndɪtɜːmɪnəbəl , ðə dᵻɹɛktɚ ɛs ɛkspɛɹɪmənt ɪz ɐ səksɛsfəl wʌn ",1
ɐ pɹɪtɛnʃəs mɛs ,0
"fʊl ʌv flætʃələns dʒoʊks ænd maɪld sɛkʃuːəl ɹɛfɹənsᵻz , kʌŋ paʊ ! ",0
"soʊ maɪnd nʌmɪŋli ɔːfəl ðæt juː hoʊp bɹɪtni woʊ ɛnt duː ɪt wʌn moːɹ taɪm , æz fɑːɹ æz muːvɪz ɑːɹ kənsɜːnd ",0
"leɪst wɪð lɪbɚɹəl doʊsᵻz ʌv dɑːɹk hjuːmɚ , ɡoːɹdʒəs ɛkstɪɹiɚ fətɑːɡɹəfi , ænd ɐ steɪbəl fʊl ʌv sɑːlɪd pɚfoːɹmənsᵻz , noʊ sʌtʃ θɪŋ ɪz ɐ fæsᵻneɪɾɪŋ lɪɾəl teɪl ",1
"ɪnðə nuː ɹᵻliːs ʌv sɪnəmə pæɹədaɪzoʊ , ðə teɪl hɐz tɜːnd fɹʌm swiːt tə bɪɾɚswiːt , ænd wɛn ðə tɪɹz kʌm dʊɹɹɪŋ ðæt faɪnəl , bjuːɾifəl siːn , ðeɪ faɪnəli fiːl æbsəluːtli ɜːnd ",1
ɹᵻmuːv spaɪdɚ mæn ðə muːvi fɹʌm ɪts ɹɛd hɛɹɪŋ sɚɹaʊndɪŋz ænd ɪt ɛs ɐpæɹənt ðæt ðɪs ɪz wʌn sʌmɚ fɪlm ðæt sæɾɪsfaɪz ,1
"spɛkteɪɾɚz wɪl ɪndiːd sɪt oʊpən maʊðd bᵻfoːɹ ðə skɹiːn , nɑːt skɹiːmɪŋ bʌt jɔːnɪŋ ",0
", ðə sʌm ʌv ɔːl fɪɹz ɪz sɪmpli ɐ wɛl meɪd ænd sæɾɪsfaɪɪŋ θɹɪlɚ",1
wʌt meɪks ðə muːvi spɛʃəl ɪz ɪts ʌɾɚ sɪnsɛɹᵻɾi ,1
ðə θɪŋ dʒʌst nɛvɚ ɡɛts ɔf ðə ɡɹaʊnd ,0
"æftɚ sɛvɹəl siːnz ʌv ðɪs tæki nɑːnsəns , juː ɛlɛl biː wɪstfəl fɚðə tɛstɑːstɚɹoʊn tʃɑːɹdʒd wɪzɚdɹi ʌv dʒɛɹi bɹʌkheɪmɚ pɹədʌkʃənz , ɪspɛʃəli bɪkʌz hæf pæst dɛd ɪz laɪk ðə ɹɑːk ɔn ɐ wæl mɑːɹt bʌdʒɪt ",0
ðə fɪlm uːzᵻz kɹæft ,1
"wʌns ðɪ ɛkspɪkteɪʃən ʌv læftɚ hɐzbɪn kwɑːʃt baɪ wʌtɛvɚɹ əbsɛnᵻɾi ɪz æt hænd , iːvən ðə fʌnɪɪst aɪdiə ɪz ɛnt fʌni ",0
"fʌni , sɛksi , dɛvᵻsteɪɾɪŋ ænd ɪŋkjʊɹɹəbli ɹoʊmæntɪk ",1
"ɐn æmbɪʃəs , ɡɪlt sʌfjuːzd mɛlədɹɑːmə kɹɪpəld baɪ pʊɹ kæstɪŋ ",0
ðɪs ɪz ɐn ɛksɚsaɪz nɑːt ɪn baɪɑːɡɹəfi bʌt ɪn hiəɹoʊ wɜːʃɪp ,0
ðə dɛnsɪst dɪstɪleɪʃən ʌv ɹɑːbɚts muːvɪz ɛvɚ meɪd ,0
"wɪð ðɪs mæstɚfəl , flɔːləs fɪlm , ɛlɑːɹbiː wæŋɡ ɑːɹɹɑːɹbiː ɪmɜːdʒᵻz ɪnðə fɹʌnt ɹæŋks ʌv tʃaɪnə ɛs naʊ nuːmɚɹəs , wɜːld ɹᵻnaʊnd fɪlmeɪkɚz ",1
ɐ laɪv waɪɚ fɪlm ðæt nɛvɚ luːzᵻz ɪts ɐbɪləɾi tə ʃɑːk ænd ɐmeɪz ,1
"θɹuːaʊt ɔːl ðə tuːmʌlt , ɐ kwɛstʃən kʌmz tə maɪnd soʊ waɪ ɪz ðɪs soʊ boːɹɪŋ ? ",0
ðə lɑːɹdʒ fɔːɹmæt fɪlm ɪz wɛl suːɾᵻd tə kæptʃɚ ðiːz mjuːzɪʃənz ɪn fʊl ɹᵻɡeɪliə ænd ðɪ ɪŋkɹɛdɪbəl ɪmæks saʊnd sɪstəm lɛts juː fiːl ðə biːt daʊn tə jʊɹ toʊz ,1
"ɐ faɪnli tuːnd muːd piːs , ɐ mɑːdəl ʌv mɛnɪsɪŋ ætməsfɪɹ ",1
"ɪt ɛs pækt wɪð ɐdvɛntʃɚ ænd ɐ wɜːθwaɪl ɛnvaɪɹənmɛntəl mɛsɪdʒ , soʊ ɪt ɛs ɡɹeɪt fɚðə kɪdz ",1
tuː bæd mæɡɪoʊ kʊd ɛnt kʌm ʌp wɪð ɐ bɛɾɚ skɹɪpt ,0
"sɛnʃuːəl , fʌni ænd , ɪnðɪ ɛnd , vɛɹi tʌtʃɪŋ ",1
"ɐ muːvi dʒʌst fɔːɹ fɹaɪdeɪ fænz , kɹɪɾɪks biː dæmd ",1
ɪt ɛs ɐ fɛɹi teɪl ðæt kʌmz fɹʌm ɐ ɹᵻnaʊnd ɪndiən fɪlm kʌltʃɚ ðæt ɐlaʊz ɐmɛɹɪkənz tə faɪnəli ɹɛvəl ɪn ɪts splɛndɚ ,1
ɔːl muːd ænd noʊ muːvi ,0
"wɪl əʃʊɹɹᵻdli ɹæŋk æz wʌn ʌvðə klɛvɚɹɪst , moʊst dᵻsɛptɪvli ɐmjuːzɪŋ kɑːmədiz ʌvðə jɪɹ ",1
ɐ hæf æst fɪlm ,0
"ɪt ɛs tɹuːli ɔːfəl ænd hɑːɹtbɹeɪkɪŋ sʌbdʒɛkt mæɾɚ , bʌt wʌn huːz lɛsənz ɑːɹ wɛl wɜːθ ɹᵻvɪzɪɾɪŋ æz mɛni taɪmz æz pɑːsᵻbəl ",1
ðə moʊst ɪndʒiːniəs fɪlm kɑːmədi sɪns biːɪŋ dʒɑːn mælkoʊvɪtʃ ,1
"ðə kæst ɪz fɪnɑːmɪnəl , ɪspɛʃəli ðə wɪmɪn ",1
"ɪnvɛntɪv , fʌn , ɪntɑːksᵻkeɪɾɪŋli sɛksi , vaɪələnt , sɛlf ɪndʌldʒənt ænd mædənɪŋ ",1
"mʌtʃ ʌv ɪt kʌmz fɹʌmðə bɹeɪv , ʌnɪnhɪbɪɾᵻd pɚfoːɹmənsᵻz baɪ ɪts liːd æktɚz ",1
ɐ tʃɪlɚ ɹɛzəluːtli wɪðaʊt tʃɪlz ,0
"ðə fɜːst aʊɚɹ ɪz tiːdiəs ðoʊ foːɹd ænd niːsən keɪpəbli hoʊld aʊɚɹ ɪntɹɛst , bʌt ɪts dʒʌst nɑːɾə θɹɪlɪŋ muːvi ",0
ænd ɪɾ ɪz ,1
"iːvən wɛn ɪt dɹæɡz , wiː ɑːɹ foːɹst tə ɹᵻflɛkt ðæt ɪts vɪʒuːəl ɪmædʒᵻneɪʃən ɪz bɹɛθteɪkɪŋ ",1
ɪmpɜːfɛkt ? ,0
ðɪs mɛs əvə muːvi ɪz nʌθɪŋ ʃɔːɹt əvə tɹævəsti əvə tɹænsvɛstaɪt kɑːmədi ,0
"ɐ bæflɪŋ sʌbplɑːt ɪnvɑːlvɪŋ smʌɡlɪŋ dɹʌɡz ɪnsaɪd deɪnɪʃ kaʊz fɔːlz flæt , ænd ɪf juː ɹiː ɡoʊɪŋ tʊ ɔltɚ ðə bɑːɹd ɛs ɛndɪŋ , juː diː bɛɾɚ hæv ɐ ɡʊd ɔːltɜːnətɪv ",0
ðɛɹ ɛs ʃʊɹli sʌmθɪŋ ɹɔŋ wɪð ɐ kɑːmədi wɛɹ ðɪ oʊnli bɛli læfs kʌm fɹʌmðə sᵻlɛkʃən ʌv aʊtteɪks tækt ɑːntʊ ðɪ ɛnd kɹɛdɪts ,0
"noʊ , ɪt ɛs nɑːt æz sɪŋɡəl maɪndᵻd æz dʒɑːn kɑːɹpəntɚ ɛs ɚɹɪdʒɪnəl , bʌt ɪt ɛs ʃʊɹ ɐ lɑːt smɑːɹɾɚ ænd moːɹ ʌnnɜːvɪŋ ðɐn ðə siːkwəlz ",1
"biːɾɪŋ ðɪ ɔːstɪn paʊɚz fɪlmz æt ðɛɹ oʊn ɡeɪm , ðɪs blæksplɔɪteɪʃən spuːf daʊnpleɪz ðə ɹɔːntʃ ɪn feɪvɚɹ ʌv ɡæɡz ðæt ɹᵻlaɪ ɔnðə stɹɛŋθ ʌv ðɛɹ oʊn klɛvɚnəs æz əpoʊzd tə ðɪ ɛkstɛnt ʌv ðɛɹ aʊtɹeɪdʒəsnəs ",1
"vjuːɚz ɑːɹ æskt soʊ ɔfən tə səspɛnd bᵻliːf ðæt wɜːɹ ɪt nɑːt fɔːɹ hoʊm ɛs pɚfoːɹməns , ðə fɪlm wʊd biː ɐ toʊɾəl wɑːʃaʊt ",0
"ðɛɹ ɛs noʊ pælpəbəl kɛmɪstɹi bᵻtwiːn loʊpɛz ænd meɪl liːd ɹælf fɪɛnz , plʌs ðə skɹɪpt baɪ wɜːkɪŋ ɡɜːl skɹaɪb kɛvɪn weɪd ɪz wɜːkmənlaɪk ɪnðɪ ɛkstɹiːm ",0
spaɪ ækʃən flɪk wɪð æntoʊnɪoʊ bændɚɹəz ænd luːsi lɪuː nɛvɚ kʌmz təɡɛðɚ ,0
ðɛɹ ɛs ɔːlɹɛdi bɪn tuː mɛni ʌv ðiːz fɪlmz ,0
wiː wɔnt ðə fʌŋk ænd ðɪs muːvi ɛs ɡɑːt ɪt ,1
"ɛlɑːɹbiː ɐ ɑːɹɹɑːɹbiː θɔːtfəl , vɪʒuːəli ɡɹeɪsfəl wɜːk ",1
ʃoʊz moʊmənts ʌv pɹɑːmɪs bʌt ʌltᵻmətli səkʌmz tə kliːʃeɪᵻz ænd pæt stɔːɹɪtɛlɪŋ ,0
"laɪk ðə ɹʌɡɹæts muːvɪz , ðə waɪld θoːɹnbɛɹiz muːvi dʌz ɛnt ɔfɚ mʌtʃ moːɹ ðɐn ðə sɪɹiz , bʌt ɪts ɛmfəsɪs ɔn kɛɹɪŋ fɔːɹ ænɪməlz ænd ɹᵻspɛktɪŋ ʌðɚ kʌltʃɚz ɪz pɚtɪkjʊlɚli wɛlkʌm ",1
"ɐ wɔːɾɚlɑːɡd vɜːʒən ʌv feɪɾəl ɐtɹækʃən fɚðə tiːni bɑːpɚ sɛt ɐ sæd , sɑːɡi pɑːtbɔɪlɚ ðæt weɪsts ðə tælənts ʌv ɪts ɐtɹæktɪv jʌŋ liːdz ",0
"ðə fɪlm stɑːɹts pɹɑːmɪsɪŋli , bʌt ðɪ ɛndɪŋ ɪz ɔːl tuː pɹɪdɪktəbəl ænd fɑːɹ tuː kliːʃeɪd tə ɹiəli wɜːk ",0
ðə skɹɪpt mænɪdʒᵻz ðə ɹɛɹ tɹɪk ʌv siːmɪŋ ɐtwʌns boʊθ ɹᵻfɹɛʃɪŋli dɪfɹənt ænd ɹiːəʃʊɹɹɪŋli fəmɪlɪɹ ,1
kjuːdoʊz tə ðə moʊst ɛntʃæntɪŋ fɪlm ʌvðə jɪɹ ,1
ðɪ ɛŋɡeɪdʒɪŋli pɹɪmᵻtɪv ænɪmeɪɾᵻd spɛʃəl ɪfɛkts kəntɹɪbjuːt tʊ ɐ muːd ðæt ɛs səsteɪnd θɹuː ðə sɚpɹaɪzɪŋli sɑːmɚ kəŋkluːʒən ,1
"baɪ ɪts mɑːdɪst , stɹeɪt ɐhɛd stændɚdz , ʌndɪspjuːɾᵻd skoːɹz ɐ dᵻɹɛkt hɪt ",1
aɪ ɛm ɡɛsɪŋ ðə dᵻɹɛktɚɹ ɪz ɐ mɐdʒɪʃən ,1
ɐ dæʃɪŋ ænd ɐbsoːɹbɪŋ aʊɾɪŋ wɪð wʌn ʌv fɹæns ɛs moʊst ɪnvɛntɪv dᵻɹɛktɚz ,1
"ɪɾ ɪɹᵻteɪts ænd sædənz miː ðæt mɑːɹtɪn lɔːɹəns ɛs leɪɾɪst viəkəl kæn ɛksploʊd ɑːbnɑːkʃəsli ɪntʊ tuː,faɪvhʌndɹɪd skɹiːnz waɪl sʌmθɪŋ ʌv bʌbə hoʊ tɛp ɛs klɪɹli ɛvɪdənt kwɔlᵻɾi meɪ ɛnd ʌp læŋɡwɪʃɪŋ ɔn ɐ ʃɛlf sʌmwɛɹ ",0
ðæt tʃɜːpi sɔŋbɜːd bɹɪtni spɪɹz hɐz pɑːpt ʌp wɪð moːɹ maɪndləs dɹɪvəl ,0
nʌn ʌvðə kæɹɪktɚz ɔːɹ plɑːt laɪnz ɑːɹ flɛʃt aʊt ɪnʌf tə bɪld ɛni ɪntɹɛst ,0
"wɛn ɔːl ɪz sɛd ænd dʌn , ʃiː lʌvz ðɛm tə piːsᵻz ænd soʊ , aɪ tɹʌst , wɪl juː ",1
"ʌltᵻmətli tuː ɹᵻpɛlənt tə fʊli ɛndɪɹ ɪtsɛlf tʊ ɐmɛɹɪkən ɑːɹt haʊs ɔːdiənsᵻz , bʌt ɪɾ ɪz noʊɾəbəl fɔːɹ ɪts staɪlɪstɪk ɔːstɛɹᵻɾi ænd foːɹsfəlnəs ",0
"kɪdz duː ɛnt maɪnd kɹæpi muːvɪz æz mʌtʃ æz ɐdʌlts , pɹəvaɪdᵻd ðɛɹ ɛs lɑːts ʌv kjuːt ænɪməlz ænd klʌmzi piːpəl ",0
"ɪt foːɹsᵻz juː tə wɑːtʃ piːpəl duːɪŋ ʌnplɛzənt θɪŋz tʊ iːtʃ ʌðɚ ænd ðɛmsɛlvz , ænd ɪt meɪnteɪnz ɐ kuːl dɪstəns fɹʌm ɪts mətɪɹiəl ðæt ɪz dᵻlɪbɚɹətli ʌnsɛɾəlɪŋ ",0
"wʌndɚ , hoʊp ænd mædʒɪk kæn nɛvɚɹ ɛskeɪp ðə hɑːɹt ʌvðə bɔɪ wɛn ðə ɹaɪt muːvi kʌmz ɐlɔŋ , ɪspɛʃəli ɪf ɪt bɪɡɪnz wɪððə neɪm ʌv stɑːɹ wɔːɹz ",1
"waɪl ðə pɚfoːɹmənsᵻz ɑːɹ ɔfən ɛŋɡeɪdʒɪŋ , ðɪs luːs kəlɛkʃən ʌv lɑːɹdʒli ɪmpɹəvaɪzd nʌmbɚz wʊd pɹɑːbəbli hæv wɜːkt bɛɾɚɹ æz ɐ wʌn aʊɚ tiːviː dɑːkjuːmɛntɚɹi ",0
"heɪŋk ɛs skɹɪpt ɛlɑːɹbiː fɹʌm ɛlfɹɪd dʒɛlaɪnək ɛs nɑːvəl ɑːɹɹɑːɹbiː ɪz kəntɹaɪvd , ʌnmoʊɾᵻveɪɾᵻd , ænd saɪkəlɑːdʒɪkli ʌnpɚsweɪsɪv , wɪð ɐn ɪŋkəŋkluːsɪv ɛndɪŋ ",0
ðɛɹ ɪz oʊnli soʊ mʌtʃ beɪkt kɑːɹdboːɹd aɪ niːd tə tʃuː ,0
"ðə muːvi ɪz loʊdᵻd wɪð ɡʊd ɪntɛnʃənz , bʌt ɪn hɪz ziːl tə skwiːz ðɪ ækʃən ænd aʊɚɹ ɪmoʊʃənz ɪntʊ ðɪ ɔːl tuː fəmɪlɪɹ dɹəmæɾɪk ɑːɹk ʌvðə hɑːləkɔːst ɛskeɪp stoːɹi , mɪnæk dɹeɪnz hɪz muːvi ʌv ɔːl ɪndᵻvɪduːælᵻɾi ",0
"tʌli ɪz wɜːθ ɐ lʊk fɔːɹ ɪts tɹuː tə laɪf kæɹɪktɚz , ɪts sɛnsᵻtɪv æktɪŋ , ɪts ʌnɐdɔːɹnd vjuː ʌv ɹʊɹɹəl laɪf ænd ðə sʌɾəl dᵻɹɛkʃən ʌv fɜːst taɪmɚ hɪlɚɹi bɜːmɪŋæm ",1
fɪlmeɪkɚ tjæn ʒjuːɐŋʒwɑːŋ tɹaɪʌmfəntli ɹᵻtɜːnz tə næɹətɪv fɪlmeɪkɪŋ wɪð ɐ vɪʒuːəli mæstɚfəl wɜːk ʌv kwaɪət paʊɚ ,1
"ɐ muːvi ðæt , kwaɪt sɪmpli , ʃʊd ɛnt hɐvbɪn meɪd ",0
"ðɪ ɪmpoːɹtəns ʌv biːɪŋ ɜːnɪst , soʊ θɪk wɪð wɪt ɪt pleɪz laɪk ɐ ɹiːdɪŋ fɹʌm bɑːɹtlɪt ɛs fəmɪlɪɹ kwoʊteɪʃənz ",1
faɪv skɹiːnɹaɪɾɚz ɑːɹ kɹɛdɪɾᵻd wɪððə klɪx leɪdən skɹiːnpleɪ ɪt siːmz æz ɪf iːtʃ wɔːɾɚd daʊn ðə vɜːʒən ʌvðə wʌn bᵻfoːɹ ,0
"dᵻɹɛktɚɹ ɐlfɑːnsoʊ kjuːæɹən ɡɛts vɪvɪd , kənvɪnsɪŋ pɚfoːɹmənsᵻz fɹʌm ɐ faɪn kæst , ænd dʒɛnɚɹəli kiːps θɪŋz ɡoʊɪŋ æɾɚ ɹæpɪd peɪs , əkeɪʒənəli juːzɪŋ ɐn ɑːmnɪʃənt vɔɪs oʊvɚ næɹeɪɾɚɹ ɪnðə mænɚɹ ʌv fɹɛntʃ nuː weɪv fɪlmz ",1
mænɪdʒᵻz tə dᵻlɪvɚɹ ɐ fɛɹ bɪt ʌv væmpaɪɚ fʌn ,1
ɡaɪz seɪ miːn θɪŋz ænd ʃuːt ɐ lɑːt ʌv bʊlɪts ,0
"wiːwænɚ mʌni bæk , æktʃuːəli ",0
"moːɹ ðɐn ɛnɪθɪŋ ɛls , kɪsɪŋ dʒɛsɪkə staɪn ɪndʒɛkts fɹɛʃnəs ænd spɪɹɪt ɪntʊ ðə ɹoʊmæntɪk kɑːmədi ʒɑːnɹə , wɪtʃ hɐzbɪn hɛld hɑːstɪdʒ baɪ dʒənɛɹɪk skɹɪpts ðæt siːk tə ɹᵻmeɪk sliːpləs ɪn siːæɾəl ɐɡɛn ænd ɐɡɛn ",1
"wɛn kaʊɚɹɪŋ ænd bɛɡɪŋ æt ðə fiːt ɐ skɹʌfi dʒɐniːni , mɐdɑːnə ɡɪvz hɜː bɛst pɚfoːɹməns sɪns eɪbəl fɛɹɑːɹɹə hæd hɜː biːʔn̩ tʊ ɐ pʌlp ɪn hɪz deɪndʒɚɹəs ɡeɪm ",1
ðə ʃɪɹ dʒɔɪ ænd pɹaɪd ðeɪ tʊk ɪn ðɛɹ wɜːk ænd ɪn iːtʃ ʌðɚ ʃaɪnz θɹuː ɛvɹi fɹeɪm ,1
ðə kjuːmjʊlətɪv ɪfɛkt ʌvðə muːvi ɪz ɹᵻpʌlsɪv ænd dᵻpɹɛsɪŋ ,0
dɪɡz bᵻjɔnd ðə juːʒuːəl poːɹtɹeɪəlz ʌv ɡʊd kɪdz ænd bæd siːdz tə ɹᵻviːl ɐ moːɹ æmbɪvələnt sɛt ʌv kæɹɪktɚz ænd moʊɾɪveɪʃənz ,1
mʌtʃ ʌv ɔːl ɐbaʊt lɪli tʃuː tʃuː ɪz mɛsmɚɹaɪzɪŋ sʌm ʌv ɪts pleɪntɪvnəs kʊd meɪk juː wiːp ,1
"ɪt ɛs ɐ ɹoʊlɪkɪŋ ɐdvɛntʃɚ fɔːɹ juː ænd ɔːl jʊɹ meɪɾiz , ɹᵻɡɑːɹdləs ʌv ðɛɹ eɪdʒᵻz ",1
ɐn ɛmpti ʃɛl əvən ɛpɪk ɹæðɚ ðɐn ðə ɹiːəl diːl ,0
ɛlɑːɹbiː ʃɜːfɪɡ ɑːɹɹɑːɹbiː hɐz meɪd ɐ muːvi ðæt wɪl liːv juː wʌndɚɹɪŋ ɐbaʊt ðə kæɹɪktɚz laɪvz æftɚ ðə klɛvɚ kɹɛdɪts ɹoʊl ,1
"ɪt meɪ biː ɐ sʌmwʌt bækhændᵻd kɑːmplɪmənt tə seɪ ðætðə fɪlm meɪks ðə vjuːɚ fiːl laɪk ðə muːvi ɛs vɛɹiəs vɪktɪmaɪzd ɔːdiəns mɛmbɚz æftɚɹ ɐ waɪl , bʌt ɪɾ ɔːlsoʊ hæpənz təbi ðə muːvi ɛs moʊst ædmᵻɹəbəl kwɔlᵻɾi ",1
ɐ dᵻlaɪtfəl ɑːntɹeɪ ɪnðə tɹɐdɪʃən ʌv fuːd muːvɪz ,1
"ɛlɑːɹbiː dʒɑːni tʊ ænd waɪ kɑː faɪ ɑːɹ ɑːɹɹɑːɹbiː ʃʊɹ tə faɪnd ɐn ɛnθuːziæstɪk ɔːdiəns ɐmʌŋ ɐmɛɹɪkən ækʃən ɐdvɛntʃɚ bʌfs , bʌt ðə fɪlm ɛs ɪntɹɛsts meɪ biː tuː næɹoʊ tʊ ɐtɹækt kɹɔsoʊvɚ vjuːɚz ",0
"kənsɛptʃuːəli bɹɪliənt pleɪz laɪk ɐ lɪvɪŋ ɹuːm wɔːɹ ʌvðə wɜːldz , ɡeɪnɪŋ moʊst əv ɪts ʌnsɛɾəlɪŋ foːɹs fɹʌmðə sədʒɛstᵻd ænd ðɪ ʌnnoʊn ",1
ðɪs fiːtʃɚɹ ɪz ɐbaʊt æz nɛsᵻsɚɹi æz ɐ hoʊl ɪnðə hɛd ,0
"ɛlɑːɹbiː dæni hʌstən ɡɪvz ɑːɹɹɑːɹbiː ɐn ɐstaʊndɪŋ pɚfoːɹməns ðæt dɛftli , ɡɹædʒuːəli ɹᵻviːlz ɐ ɹiːəl hjuːmən soʊl bɛɹid bᵻniːθ ɐ spɛlbaɪndɪŋ sɜːpənt ɛs smɜːk ",1
"ɪn ɐdɪʃən tə hɑːfmən ɛs paʊɚfəl æktɪŋ klɪnɪk , ðɪs ɪz ðæt ɹɛɹ dɹɑːmə ðæt ɔfɚz ɐ θɔːtfəl ænd ɹᵻwɔːɹdɪŋ ɡlɪmps ɪntʊ ðə sɔːɹt ʌv hɑːɹɾeɪk ɛvɹɪwʌn hɐz fɛlt , ɔːɹ wɪl fiːl sʌmdeɪ ",1
"ðɪs ɪz ɛnt ɛɡzæktli pɹəfaʊnd sɪnəmə , bʌt ɪt ɛs ɡʊd neɪtʃɚd ænd sʌmtaɪmz kwaɪt fʌni ",1
"heɪld æz ɐ klɛvɚɹ ɛksɚsaɪz ɪn niːoʊ hɪtʃkəkiənɪzəm , ðɪs klɛvɚ ænd vɛɹi sæɾɪsfaɪɪŋ pɪktʃɚɹ ɪz moːɹ ækjʊɹətli tʃæbɹoʊliən ",1
"ɪt lɪɹz , ɔfɚɹɪŋ nɛkst tə lɪɾəl ɪnsaɪt ɪntʊ ɪts ɪntɹiːɡɪŋ sʌbdʒɛkt ",0
"ɐ plɛzənt ænd ɛŋɡeɪdʒɪŋ ɪnʌf sɪt , bʌt ɪn tɹaɪɪŋ tə hæv ðə bɛst ʌv boʊθ wɜːldz ɪɾ ɛndz ʌp fɔːlɪŋ ʃɔːɹt æz ɐ hoʊl ",0
"tʌtʃᵻz smɑːɹtli ænd wɪstfəli ɔn ɐ nʌmbɚɹ ʌv θiːmz , nɑːt liːst ðə noʊʃən ðætðə mɑːɹdʒɪnəl mɛmbɚz ʌv səsaɪəɾi maɪt bɛnɪfɪt fɹʌm ɐ hɛlpɪŋ hænd ænd ɐ fɹɛndli kɪk ɪnðə pænts ",1
"jækʌʃoʊ , æz ɔːlweɪz , ɪz wʌndɚfəl æz ðə lɔŋ feɪsd sæd sæk ænd hɪz kɛmɪstɹi wɪð ʃɪmɪzuː ɪz vɛɹi bᵻliːvəbəl ",1
"wɜːks , ɪt ɛs θæŋks tə hʌstən ɛs ɹɛvɪlətoːɹi pɚfoːɹməns ",1
æɹɐɹæt fiːlz laɪk ɐ bʊk ɹᵻpoːɹt ,0
"ðə bjuːɾifəl ɪmɪdʒᵻz ænd sɑːləm wɜːdz kæn nɑːt dɪsɡaɪz ðə slæk kəmpleɪsənsi ʌv ɛlɑːɹbiː ɡɑːdɚd ɛs ɑːɹɹɑːɹbiː vɪʒən , ɛni moːɹ ðɐn ðə ɡoːɹdʒəs piænoʊ ænd stɹɪŋz ɔnðə saʊndtɹæk kæn dɹaʊn aʊt ðə tɪni sɛlf ɹaɪtʃəsnəs ʌv hɪz vɔɪs ",0
"tʌli ɪz ɪn mɛni weɪz ðə pɜːfɛkt fɛstɪvəl fɪlm ɐ kɑːm , sɛlf əʃʊɹd poːɹtɹɪt ʌv smɔːl taʊn ɹᵻɡɹɛt , lʌv , duːɾi ænd fɹɛndʃɪp ðæt ɐpiːlz tə ðə stɔːɹɪtɛlɪŋ ɪnstɪŋkts əvə slaɪtli moːɹ lɪɾɚɹət fɪlmɡoʊɪŋ ɔːdiəns ",1
ɪt ɛs ɐ ʃeɪm ðə mɑːɹvələs fɜːst wʌnhʌndɹɪd wʌn mɪnɪts hæv təbi kəmbaɪnd wɪððə mɪskənsiːvd faɪnəl faɪv ,0
ɐ sɚpɹaɪzɪŋli tʃɑːɹmɪŋ ænd iːvən wɪɾi mætʃ fɚðə bɛst ʌv hɑːliwʊd ɛs kɑːmɪk bʊk ædæpteɪʃənz ,1
maɪ ɐdvaɪs ɪz tə skɪp ðə fɪlm ænd pɪk ʌp ðə saʊndtɹæk ,0
ɔːdeɪʃəs ɪmpɑːsᵻbəl jɛt kəmpɛlɪŋ ,1
ɐ kweɪzaɪ dɑːkjuːmɛntɚɹi baɪ fɹɛntʃ fɪlmeɪkɚ kɑːɹɹɪm dɹɪdi ðæt sɛləbɹeɪts ðə hɑːɹdi spɪɹɪt ʌv kjuːbən mjuːzɪk ,1
fæmɪli fɛɹ ,1
"ðə muːvi ɹɛzəluːtli ɐvɔɪdz ɔːl ðə kɑːmɪk pɑːsəbɪlᵻɾiz ʌv ɪts sɪtʃuːeɪʃən , ænd bɪkʌmz wʌn moːɹ dʌm haɪ skuːl kɑːmədi ɐbaʊt sɛks ɡæɡz ænd pɹɑːm deɪts ",0
"wʌn ʌv ɹiːsənt mɛmɚɹi ɛs moʊst θɔːtfəl fɪlmz ɐbaʊt ɑːɹt , ɛθɪks , ænd ðə kɔst ʌv mɔːɹəl kɑːmpɹəmaɪz ",1
"iːvən ɪf juː ɹiː ɐn æɡnɑːstɪk kɑːɹnɪvoːɹ , juː kæn ɛndʒɔɪ mʌtʃ ʌv dʒoʊnə sɪmpli , ænd ɡɹeɪtfəli , æz læf aʊt laʊd luːnəsi wɪð ɐ pɹənaʊnst mɔnti paɪθoʊnɛsk fleɪvɚ ",1
wʌn ʌvðə bɛst əvə ɡɹoʊɪŋ stɹeɪn ʌv dɛɹɪŋ fɪlmz ðæt ɑːɹɡjuː ðæt ɛni sɛkʃuːəl ɹᵻleɪʃənʃɪp ðæt dʌz ɛnt hɜːt ɛnɪwʌn ænd wɜːks fɔːɹ ɪts pɑːɹtɪsɪpənts ɪz ɐ ɹᵻleɪʃənʃɪp ðæt ɪz wɜːði ʌv aʊɚ ɹᵻspɛkt ,1
sɛt ɪn ɐ naɪntiːnhʌndɹɪd eɪɾi sɪks hɑːɹləm ðæt dʌz ɛnt lʊk mʌtʃ laɪk ɛnɪwɛɹ ɪn nuː jɔːɹk ,0
"ɪnðə spɪɹɪt ʌvðə siːzən , aɪ ɐsaɪn wʌn bɹaɪt ʃaɪnɪŋ stɑːɹ tə ɹɑːbɚtoʊ bᵻnɪɡni ɛs pɪnɑːkɪoʊ bʌt aɪ ɡæɹəntiː ðæt noʊ waɪz mɛn wɪl biː fɑːloʊɪŋ æftɚɹ ɪt ",0
"ɪvoʊks ɐ pælpəbəl sɛns ʌv dɪskənɛkʃən , meɪd ɔːl ðə moːɹ pɔɪnjənt baɪ ðɪ ɪnsɛsənt juːs ʌv sɛl foʊnz ",1
"ðeɪ kɹʌʃ iːtʃ ʌðɚɹ ʌndɚ kɑːɹz , θɹoʊ iːtʃ ʌðɚɹ aʊt wɪndoʊz , ᵻlɛktɹəkjuːt ænd dɪsmɛmbɚ ðɛɹ vɪktɪmz ɪn fʊl kɑːnʃəsnəs ",0
"ɪn ɐdɪʃən tə skoːɹɪŋ haɪ fɔːɹ ɚɹɪdʒɪnælᵻɾi ʌv plɑːt pʊɾɪŋ təɡɛðɚ fəmɪlɪɹ θiːmz ʌv fæmɪli , fɚɡɪvnəs ænd lʌv ɪn ɐ nuː weɪ laɪloʊ stɪtʃ hɐz ɐ nʌmbɚɹ ʌv ʌðɚɹ æsɛts tə kəmɛnd ɪt tə muːvi ɔːdiənsᵻz boʊθ ɪnəsənt ænd dʒeɪdᵻd ",1
"pɚhæps ɪt ɛs kliːʃeɪ tə kɔːl ðə fɪlm ɹᵻfɹɛʃɪŋ , bʌt ɪɾ ɪz ",1
"æz pɹɪdɪktəbəl æz ðɪ aʊtkʌm əvə ɡloʊbtɹɑːɾɚz dʒɛnɚɹəlz ɡeɪm , dʒuːwænə mæn ɪz iːvən moːɹ luːdɪkɹəs ðɐn juː diː ɛkspɛkt fɹʌmðə ɡaɪ ɪn ɐ dɹɛs ʒɑːnɹə , ænd ɐ pɜːsənəl loʊ fɔːɹ ɛvɹɪwʌn ɪnvɑːlvd ",0
ɔlmədɑːvɑːɹ ɪz ɐn ɪmædʒɪnətɪv tiːtʃɚɹ ʌv ɪmoʊʃənəl ɪntɛlɪdʒəns ɪn ðɪs ɛŋɡeɪdʒɪŋ fɪlm ɐbaʊt tuː mɛn huː dɪskʌvɚ wʌt wɪljəm dʒeɪmz wʌns kɔːld ðə ɡɪft ʌv tɪɹz ,1
"ɐ fæntæstɪkli vaɪɾəl muːvi ðæt mænɪdʒᵻz tʊ ɪnvɛst ɹiːəl hjuːmɚ , sɛnʃuːælᵻɾi , ænd sɪmpəθi ɪntʊ ɐ stoːɹi ɐbaʊt tuː ædəlɛsənt bɔɪz ",1
"ðə stoːɹi ɪz fɑːɹ flʌŋ , ɪlɑːdʒɪkəl , ænd pleɪn stuːpɪd ",0
"ænd liː siːmz dʒʌst æz ɛkspɛktənt əvən ɐdoːɹɪŋ , waɪd smaɪlɪŋ ɹᵻsɛpʃən ",1
"ɪt ɛs ɔːl ɑːɹɾi ænd dʒæzi ænd piːpəl sɪt ænd stɛɹ ænd tɜːn ɐweɪ fɹʌm wʌn ɐnʌðɚ ɪnstɛd ʌv tɔːkɪŋ ænd ɪt ɛs ɔːl ɐbaʊt ðə saɪlənsᵻz ænd ɪf juː ɹiː ɪntʊ ðæt , hæv æɾɪt ",0
ɐn oʊld fæʃənd dɹɑːmə ʌv sʌbstəns ɐbaʊt ɐ tiːtʃɚ ɛs slaɪd daʊn ðə slɪpɚɹi sloʊp ʌv dɪsɑːnɪsti æftɚɹ ɐn ɛŋkaʊntɚ wɪððə ɹɪtʃ ænd ðə paʊɚfəl huː hæv nʌθɪŋ bʌt dɪsdeɪn fɔːɹ vɜːtʃuː ,1
ɐnʌðɚ juːsləs ɹᵻsaɪklɪŋ əvə bɹuːɾəl mɪd sɛvənti z ɐmɛɹɪkən spoːɹts muːvi ,0
ðə kaɪnd ʌv muːvi ðæt liːvz veɪɡ ɪmpɹɛʃənz ænd ɐ næsti æftɚteɪst bʌt lɪɾəl klɪɹ mɛmɚɹi ʌv ɪts ɑːpɚɹeɪʃənəl mᵻkænɪks ,0
hɑːɹtli ædz ɪnʌf kwɜːki ænd sɐtɪɹɪkəl tʌtʃᵻz ɪnðə skɹiːnpleɪ tə kiːp ðə fɪlm ɛntɚteɪnɪŋ ,1
"æz lɪɾɚɹɛɹi dɛsɪkɹeɪʃənz ɡoʊ , ðɪs meɪks fɔːɹ pɜːfɛktli ɐksɛptəbəl , əkeɪʒənəli vɛɹi ɛndʒɔɪəbəl tʃɪldɹən ɛs ɛntɚteɪnmənt ",1
ðɪs ɪnsʌfɚɹəbəl muːvi ɪz mɛnt tə meɪk juː θɪŋk ɐbaʊt ɛɡzɪstɛnʃəl sʌfɚɹɪŋ ,0
"ɡuːfi , nʌɾi , kənsɪstəntli fʌni ",1
"tuː bɪɡ θɪŋz ɑːɹ mɪsɪŋ ɛnɪθɪŋ ɐpɹoʊtʃɪŋ ɐ vɪsɚɹəl kɪk , ænd ɛnɪθɪŋ ɐpɹoʊtʃɪŋ iːvən ɐ veɪɡ ɹiːzən tə sɪt θɹuː ɪɾ ɔːl ",0
"ɪf laɪloʊ stɪtʃ ɪz ɛnt ðə moʊst ɛdʒi piːs ʌv dɪzni ænɪmeɪʃən tə hɪt ðə sɪlvɚ skɹiːn , ðɛn ðɪs fɜːst fɪlm tə juːz ɐ wɔːɾɚkʌlɚ bækɡɹaʊnd sɪns dʌmboʊ sɜːʔn̩li ɹæŋks æz ðə moʊst ɚɹɪdʒɪnəl ɪn jɪɹz ",1
"waɪl ɪt hɐz dɛfɪnət wiːknəsᵻz laɪk ɐ ɹæðɚɹ ʌnbᵻliːvəbəl lʌv ɪntɹɛst ænd ɐ miːændɚɹɪŋ ɛndɪŋ ðɪs sɪksti z keɪpɚ fɪlm ɪz ɐ ɹɪvɪɾɪŋ , bɹɪsk dᵻlaɪt ",1
"ɪt ɛs ɐ tɔːkɪŋ hɛd dɑːkjuːmɛntɚɹi , bʌt ɐ ɡɹeɪt wʌn ",1
ɐn ɛkstɹiːmli ʌnplɛzənt fɪlm ,0
"dᵻɹɛktɚ hwɑːn hoʊseɪ kæmpɐnɛlə kʊdɐv tɜːnd ðɪs ɪntʊ ɐn ɑːɹdʒəntaɪn ɹᵻtɹɛd ʌv aɪɹɪs ɔːɹ ɐmɛɹɪkən bjuːɾi , bʌt ɪnstɛd pʊlz ɐ lɪɾəl fɹʌm iːtʃ fɪlm ænd kɹiːeɪts sʌmθɪŋ moːɹ bjuːɾifəl ðɐn iːðɚɹ ʌv ðoʊz fɪlmz ",1
nɑːt ɡʊd ɪnʌf tə pæs fɚɹə lɪtməs tɛst ʌvðə dʒɛnɚɹeɪʃən ɡæp ænd nɑːt bæd ɪnʌf tə ɹᵻpʌls ɛni dʒɛnɚɹeɪʃən ʌv ɪts fænz ,0
"æftɚ siːɪŋ ðə fɪlm , aɪ kæn tɛl juː ðæt ðɛɹ ɛs noʊ ʌðɚ ɹiːzən waɪ ɛnɪwʌn ʃʊd bɑːðɚ ɹᵻmɛmbɚɹɪŋ ɪt ",0
"ɪt stɑːɹz ʃtɪki kɹɪs ɹɑːk ænd stɑːlɪd ænθəni hɑːpkɪnz , huː siːm bɛɹli ɪnðə seɪm muːvi ",0
"mɪɹli ɛlɑːɹbiː ænd lɪɾɚɹəli ɑːɹɹɑːɹbiː tɔsᵻz ɚɹaʊnd sɛks tɔɪz ænd ɔfɚz hæf hɑːɹɾᵻd piːənz tʊ ɛmpaʊɚmənt ðæt ɑːɹ ɹᵻpiːɾᵻdli ʌndɚkʌt baɪ ðə bɹuːtælᵻɾi ʌvðə dʒoʊks , moʊst æt wɪmɪn ɛs ɛkspɛns ",0
tɛɹᵻbəl ,0
"θɹoʊɪŋ ɪn ɛvɹɪθɪŋ ɛksɛpt sʌmwʌn pʊlɪŋ ðə pɪn fɹʌm ɐ ɡɹəneɪd wɪð hɪz tiːθ , wɪndtɔːkɚz siːmz tə hæv ɹænsækt ɛvɹi oʊld wɜːld wɔːɹ ɹoʊmən tuː muːvi fɔːɹ oʊvɚli fəmɪlɪɹ mətɪɹiəl ",0
tʃaɪ ɛs stɹʌktʃɚ ænd peɪsɪŋ ɑːɹ dɪskənsɜːɾɪŋli slæk ,0
ɪf juː ɡɹuː ʌp ɔn skuːbi juː ɛlɛl lʌv ðɪs muːvi ,1
"ɛndʒɔɪəbli fæst muːvɪŋ , hɑːɹd hɪɾɪŋ dɑːkjuːmɛntɚɹi ",1
"ɪf juː kʌm fɹʌm ɐ fæmɪli ðæt iːts , mɛdəlz , ɑːɹɡjuːz , læfs , kɪbɪtsᵻz ænd faɪts təɡɛðɚ , ðɛn ɡoʊ siː ðɪs dᵻlaɪtfəl kɑːmədi ",1
"ðə dᵻɹɛktɚ moʊstli pleɪz ɪt stɹeɪt , tɜːnɪŋ leɪz feɪbəl ɪntʊ ɐ lɪstləs klaɪm daʊn ðə soʊʃəl lædɚ ",0
mɪliənz ʌv dɑːlɚz hiːpt əpɑːn ɐ pɹɑːdʒɛkt ʌv sʌtʃ væst pɹəpoːɹʃənz niːd tə ɹiːp moːɹ ɹᵻwɔːɹdz ðɐn spɪfi bluːskɹiːn tɛkniːk ænd staɪlɪʃ wɛpənɹi ,0
"ɛni fɪlm ðæt dʌz ɛnt iːvən ɪn pæsɪŋ mɛnʃən pəlɪɾɪkəl pɹɪzənɚz , pɑːvɚɾi ænd ðə boʊt loʊdz ʌv piːpəl huː tɹaɪ tʊ ɛskeɪp ðə kʌntɹi ɪz lɛs ɐ dɑːkjuːmɛntɚɹi ænd moːɹ pɹɑːpɐɡændə baɪ weɪ əvə væləntaɪn siːld wɪð ɐ kɪs ",0
ɪt ɛs dᵻpɹɛsɪŋ tə siː haʊ fɑːɹ hɜːzɑːɡ hɐz fɔːlən ,0
"sʌm ɛpɪsoʊdz wɜːk , sʌm duː ɛnt ",0
"laɪk ɪts nuː ɪŋɡlənd kæɹɪktɚz , moʊst əv huːm wɔndɚɹ ɐbaʊt ɪn θɪk klaʊdz ʌv dᵻnaɪəl , ðə muːvi ᵻvɛntʃuːəli ɡɛts ɚɹaʊnd tʊ ɪts ɹiːəl ɪmoʊʃənəl bɪznəs , stɹaɪkɪŋ diːp kɔːɹdz ʌv sædnəs ",1
"ɔːl ðə moːɹ dɪskwaɪəɾɪŋ fɔːɹ ɪts ɹɛlətɪvli ɡoːɹ fɹiː ɐluːʒənz tə ðə sɪɹiəl mɜːdɚz , bʌt ɪt fɔːlz daʊn ɪn ɪts ɐtɛmpts tə hjuːmənaɪz ɪts sʌbdʒɛkt ",0
"ɐ fɪlm ʌv ɛmpti , fɛɾɪʃɪstɪk vaɪələns ɪnwɪtʃ mɜːdɚɹ ɪz kæʒuːəl ænd fʌn ",0
"fɔːɹ ðoʊz ɪn sɜːtʃ ʌv sʌmθɪŋ dɪfɹənt , wɛndɪɡoʊ ɪz ɐ dʒɛnjuːɪnli boʊn tʃɪlɪŋ teɪl ",1
dɪsɐpɔɪntɪŋ ɪn kəmpæɹɪsən tʊ ʌðɚ ɹiːsənt wɔːɹ muːvɪz ɔːɹ ɛni ʌðɚ dʒɑːn wuː flɪk fɔːɹ ðæt mæɾɚ ,0
"ɪt ɛs ɐ fəmɪlɪɹ stoːɹi , bʌt wʌn ðæt ɪz pɹɪzɛntᵻd wɪð ɡɹeɪt sɪmpəθi ænd ɪntɛlɪdʒəns ",1
bɪkʌmz ɐ fæsᵻneɪɾɪŋ stʌdi ʌv aɪsəleɪʃən ænd fɹʌstɹeɪʃən ðæt səksɛsfəli ɹiːkɹiːeɪts boʊθ ðə fɪzɪkəl sɛɾɪŋ ænd ɪmoʊʃənəl tɛnʃənz ʌvðə pæpɪn sɪstɚz ,1
mɜːdɚɹəs meɪdz pʊlz noʊ pʌntʃᵻz ɪn ɪts dᵻpɪkʃən ʌvðə laɪvz ʌvðə pæpɪn sɪstɚ ænd ðɪ ᵻvɛnts ðæt lɛd tə ðɛɹ noʊtoːɹiəs ɹaɪz tʊ ɪnfəmi ,1
"ɪt ɛs nɑːt nɪɹli æz fɹɛʃ ɔːɹ ɛndʒɔɪəbəl æz ɪts pɹɛdᵻsɛsɚ , bʌt ðɛɹɑːɹ ɪnʌf haɪ pɔɪnts tə kiːp ðɪs fɹʌm biːɪŋ ɐ kəmpliːt weɪst ʌv taɪm ",1
ðə muːvi dʌz ɛnt æd ɛnɪθɪŋ fɹɛʃ tə ðə mɪθ ,0
ɪɾ ɪz ɛnt ðæt stiːlɪŋ hɑːɹvɚd ɪz ɐ hɔːɹɪbəl muːvi ɪf oʊnli ɪt wɜː ðæt ɡɹænd ɐ feɪlɪɹ ! ,0
ðə skɹɪpt fɔːlz bæk ɔn tuː mɛni tɹaɪd ænd tɹuː ʃᵻnænɪɡənz ðæt hɑːɹdli dɪstɪŋɡwɪʃ ɪt fɹʌmðə nɛkst tiːn kɑːmədi ,0
ɐ ɹoʊt ɛksɚsaɪz ɪn boʊθ ænɪmeɪʃən ænd stɔːɹɪtɛlɪŋ ,0
"ɪn hɪz leɪɾɪst ɛfɚt , stɔːɹɪtɛlɪŋ , sɑːlɑːndz hɐz faɪnəli meɪd ɐ muːvi ðæt ɪz ɛnt dʒʌst əfɛnsɪv ɪɾ ɔːlsoʊ hæpənz təbi ɡʊd ",1
"ɪnʌf ɪz nɑːɾə bæd muːvi , dʒʌst miːdɪoʊkɚ ",0
"ɐ smɑːɹt , sæsi ænd ɛksɛpʃənəli tʃɑːɹmɪŋ ɹoʊmæntɪk kɑːmədi ",1
"stʌfi , fʊl ʌv ɪtsɛlf , mɔːɹəli æmbɪɡjuːəs ænd nʌθɪŋ tə ʃaʊt ɐbaʊt ",0
"ɹeɪz dᵻɹɪktoːɹɪəl deɪbjuː hɐz ɡʊd θɪŋz tʊ ɔfɚ , bʌt ʌltᵻmətli ɪt ɛs ʌndʌn baɪ ɐ slɑːpi skɹɪpt ",0
ɪt wɛɹz ɪts hɑːɹt ɔnðə sliːv ʌv ɪts ɡɔːdi həwaɪən ʃɜːt ,0
"ɪt ɛs ɐ spɛktækjʊlɚ pɚfoːɹməns əhəm , wiː hoʊp ɪt ɛs oʊnli æktɪŋ ",1
"ðə fɪlm ɛs kənsɪdɚd ɐpɹoʊtʃ tʊ ɪts sʌbdʒɛkt mæɾɚɹ ɪz tuː kɑːm ænd θɔːtfəl fɔːɹ ædʒɪtpɹɑːp , ænd ðə θɪnnəs ʌv ɪts kæɹɪktɚɹaɪzeɪʃənz meɪks ɪɾ ɐ feɪlɪɹ æz stɹeɪt dɹɑːmə ",0
"sɪmbɑːlɪkli , wɔːɹm wɔːɾɚɹ ʌndɚɹ ɐ ɹɛd bɹɪdʒ ɪz ɐ sɛləbɹeɪʃən ʌv fɛmᵻnɪn ɛnɚdʒi , ɐ tɹɪbjuːt tə ðə paʊɚɹ ʌv wɪmɪn tə hiːl ",1
"juː kʌm ɐweɪ fɹʌm hɪz fɪlm oʊvɚwɛlmd , hoʊpfəl ænd , pɚhæps pæɹədɑːksɪkli , ɪluːmᵻneɪɾᵻd ",1
ɛkwəlɪbɹiəm kʊd pæs fɚɹə θɜːtiːn jɪɹ oʊld ɛs bʊk ɹᵻpoːɹt ɔnðə toʊtælᵻtɛɹiən θiːmz ʌv naɪntiːnhʌndɹɪd eɪɾi foːɹ ænd fæɹənhaɪt foːɹhʌndɹɪd fɪfti wʌn ,0
ɐ fɪlm ʌv dɛlᵻkət ɪntɚpɜːsənəl dænsᵻz ,1
ɛlɑːɹbiː wɛstbɹʊk ɑːɹɹɑːɹbiː meɪks ɐ wʌndɚfəl sʌbdʒɛkt fɚðə kæmɹə ,1
kjuːsæk ɛs dʒʌst bɹɪliənt ɪn ðɪs ,1
wʌt ɐ bᵻwɪldɚɹɪŋli bɹɪliənt ænd ɛntɚteɪnɪŋ muːvi ðɪs ɪz ,1
"nɛvɚ lɛts ɡoʊ jʊɹ ɪmoʊʃənz , teɪkɪŋ ðɛm tə sɚpɹaɪzɪŋ haɪz , sɑːɹoʊfəl loʊz ænd hɪdən ɪmpʌlsɪv nɪtʃᵻz ɡoːɹdʒəs , pæʃənət , ænd æt taɪmz ʌŋkɑːmənli muːvɪŋ ",1
"fjuː fɪlmz hæv kæptʃɚd ðə keɪɑːs əvən ɜːbən kɑːnflɐɡɹeɪʃən wɪð sʌtʃ fjʊɹɹi , ænd ɔːdiəns mɛmbɚz wɪl liːv fiːlɪŋ æz ʃeɪkən æz nɛsbɪt ɛs kuːpɚ lʊks wɛn ðə bʊlɪts stɑːp flaɪɪŋ ",1
fɛɹɑːɹɹə ɛs bɛst fɪlm ɪn jɪɹz ,1
"wiː hæv pɔɪnjənsi dʒɑːsəlɪŋ ɐɡɛnst fɑːɹs , θɔːtfəl daɪəlɑːɡ ɛlboʊd ɐsaɪd baɪ wʌn laɪnɚz , ænd ɐ vɪʒuːəl staɪl ðæt ɪŋkoːɹpɚɹeɪts ɹoʊɾəskoʊp ænɪmeɪʃən fɔːɹ noʊ ɐpæɹənt ɹiːzən ɛksɛpt , meɪbiː , ðɐɾɪt lʊks niːt ",0
"wɑːtʃɪŋ wɔːɹ fətɑːɡɹəfɚ , juː kʌm tə bᵻliːv ðæt nætʃtwi heɪts ðə wɔːɹz hiː ʃoʊz ænd ɛmpɐθaɪzᵻz wɪððə vɪktɪmz hiː ɹᵻviːlz ",1
juː diː biː hɑːɹd pʊt tə faɪnd ɐ muːvi kæɹɪktɚ moːɹ ʌnɐtɹæktɪv ɔːɹ oʊdɚɹəs ɛlɑːɹbiː ðɐn liːɑːn ɑːɹɹɑːɹbiː ,0
"wʌt saʊɚd miː ɔnðə sæntə klɔːz tuː wʌz ðæt sæntə bʌmps ʌp ɐɡɛnst twɛnti fɜːst sɛntʃɚɹi ɹɪælᵻɾi soʊ hɑːɹd , ɪt ɛs aɪki ",0
"æʃ wɛnzdeɪ ɪz nɑːt ɛdwɚd bɜːnz bɛst fɪlm , bʌt ɪɾ ɪz ɐ ɡʊd ænd æmbɪʃəs fɪlm ",1
ðə liːd æktɚz ʃɛɹ noʊ kɛmɪstɹi ɔːɹ ɛŋɡeɪdʒɪŋ kɚɹɪsmə ,0
"ɛmɛs fiːnɪks ɪz kəmpliːtli lækɪŋ ɪn tʃɑːɹm ænd kɚɹɪsmə , ænd ɪz ʌneɪbəl tə pɹədʒɛkt iːðɚɹ ɛstɚ ɛs ɪnɪʃəl ɐnɑːmi ɔːɹ hɜːɹ ᵻvɛntʃuːəl ɐweɪkənɪŋ ",0
"wɛn nɑːt wɔloʊɪŋ ɪn ɪts kæɹɪktɚz fɹʌstɹeɪʃənz , ðə muːvi ɪz bɪzi kəntɹaɪvɪŋ fɔls , sɪtkɑːm wɜːði səluːʃənz tə ðɛɹ pɹɑːbləmz ",0
"pɑːlɪʃt , wɛl stɹʌktʃɚd fɪlm ",1
ðə læfs ɑːɹ æz ɹɛɹ æz sneɪk fuː jʌŋ ,0
"ɐn ɛləkwənt , ɹᵻflɛktɪv ænd bjuːɾɪfəli æktᵻd mɛdɪteɪʃən ɔn boʊθ ðə pɹəfaʊndli dɛvᵻsteɪɾɪŋ ᵻvɛnts ʌv wʌn jɪɹ ɐɡoʊ ænd ðə sloʊ , peɪnfəl hiːlɪŋ pɹɑːsɛs ðæt hɐz fɑːloʊd ɪn ðɛɹ weɪk ",1
bʌt ðɛɹ ɛs plɛnti tʊ əfɛnd ɛvɹɪwʌn ,0
æftɚ ðɐɾɪt bɪkʌmz lɔŋ ænd tiːdiəs laɪk ɐ klæsɹuːm pleɪ ɪn ɐ kɑːlɪdʒ hɪstɚɹi koːɹs ,0
"ɐn ɛksɛpʃənəli æktᵻd , kwaɪətli ɐfɛktɪŋ kɑːp dɹɑːmə ",1
"wʌn ʌvðə bɛst fɪlmz aɪ hæv ɛvɚ siːn , kɑːnstəntli pʊlɪŋ ðə ɹʌɡ fɹʌm ʌndɚniːθ ʌs , siːɪŋ θɪŋz fɹʌm nuː saɪdz , plʌndʒɪŋ diːpɚ , ɡɛɾɪŋ moːɹ ɪntɛns ",1
"stɪtʃ ɪz ɐ bæd mænɚd , ʌɡli ænd dᵻstɹʌktɪv lɪɾəl ",0
ɐn ɪntɛlɪdʒəntli meɪd ɛlɑːɹbiː ænd bjuːɾɪfəli ɛdɪɾᵻd ɑːɹɹɑːɹbiː pɪktʃɚ ðæt æt ðə vɛɹi liːst hɐz ɐ spɑːɹk ʌv laɪf tʊ ɪt moːɹ ðɐn juː kæn seɪ fɔːɹ plɛnti ʌv muːvɪz ðæt floʊ θɹuː ðə hɑːliwʊd paɪplaɪn wɪðaʊt ɐ hɪtʃ ,1
"tʃɑːɹli hʌnɑːm hɐz ðə twɪŋklɪŋ aɪz , ɹᵻpɹɛst smaɪl ænd dɪtɜːmɪnd feɪs niːdᵻd tə kæɹi aʊt ɐ dɪkɛnsiən hiəɹoʊ ",1
wʌt ʃʊdəv bɪn ɐ peɪnləs taɪm kɪlɚ bɪkʌmz ɪnstɛd ɐ ɡɹeɪɾɪŋ ɛndʊɹɹəns tɛst ,0
"ðə fɪlm hɐz ɛlɑːɹbiː ɪts ɑːɹɹɑːɹbiː moʊmənts , bʌt ðeɪ ɑːɹ fjuː ænd fɑːɹ bᵻtwiːn ",0
"ɪf ɹᵻlɪdʒəs fɪlmz ɑːɹ ɛnt jʊɹ beɪlɪwɪk , steɪ ɐweɪ ",0
"ðɪs ɛnθɹɔːlɪŋ dɑːkjuːmɛntɚɹi ɪz ɐtwʌns pleɪfəl ænd hɔːntɪŋ , ɐn ɪn dɛpθ poːɹtɹɪt əvən aɪkənəklæstɪk ɑːɹɾɪst huː wʌz fʌndəmɛntəli ʌnnoʊəbəl iːvən tə hɪz kloʊsɪst fɹɛndz ",1
"ɐ waɪld , ɛndɪɹɪŋ , mæstɚfəl dɑːkjuːmɛntɚɹi ",1
"ɐ dɹɛdfəl deɪ ɪn aɪɹɪʃ hɪstɚɹi ɪz ɡɪvən pæʃənət , ɪf sʌmwʌt flɔːd , tɹiːtmənt ",1
"ðɪ eɪpɹəl tuː θaʊzənd tuː ɪnstɔːlmənt ʌvðɪ ɐmɛɹɪkən wɔːɹ fɔːɹ ɪndᵻpɛndəns , kəmpliːt wɪð loʊdz ʌv siːdʒiːaɪ ænd bʊʃəlz ʌv vaɪələns , bʌt nɑːɾə dɹɑːp ʌv hjuːmən blʌd ",0
"ɪf ðɛɹwʌz ɛni daʊt ðæt piːɾɚɹ oʊfɔːlən dɪd ɛnt hæv ɐn ɚɹɪdʒɪnəl boʊn ɪn hɪz bɑːdi , ɐ ɹuːmɚɹ ʌv eɪndʒəlz ʃʊd dɪspɛl ɪt ",0
"ðɛɹ ɪz sʌmθɪŋ ɪn fʊl fɹʌntəl , aɪ ɡɛs , ɐbaʊt ɑːɹɾɪfɪs ænd æktɪŋ ænd haʊ ɪt dɪstɔːɹts ɹɪælᵻɾi fɔːɹ piːpəl huː meɪk muːvɪz ænd wɑːtʃ ðɛm , bʌt laɪk moʊst muːvi ɹɪdəlz , ɪt wɜːks oʊnli ɪf juː hæv ɐn ɪntɹɛst ɪnðə kæɹɪktɚz juː siː ",0
ɐ maɪnɚ liːɡ sɑːkɚ ɹᵻmeɪk ʌvðə lɔŋɡɪst jɑːɹd ,0
"ɪt ɛs peɪnfəl tə wɑːtʃ wɪðɚspuːn ɛs tælənts weɪstɪŋ ɐweɪ ɪnsaɪd ʌnnɛsᵻsɚɹi fɪlmz laɪk liːɡəli blɑːnd ænd swiːt hoʊm ɐbɑːmᵻneɪʃən , aɪ miːn , æləbæmə ",0
ɪt ɛs æbsəluːtli ɐmeɪzɪŋ haʊ fɜːst taɪm dᵻɹɛktɚ kɛvɪn dɑːnəvæn mænɪdʒd tə faɪnd sʌmθɪŋ nuː tʊ æd tə ðə kænən ʌv tʃæn ,1
ɪt ɛs æz ɹɔː ænd ækʃən pækt ɐn ɛkspiəɹɪəns æz ɐ ɹɪŋsaɪd siːt æɾə tʌf mæn kɑːntɛst ,1
"tə miː , ɪt saʊndz laɪk ɐ kɹuːəl dᵻsɛpʃən kæɹid aʊt baɪ mɛn ʌv mɑːɹdʒɪnəl ɪntɛlɪdʒəns , wɪð ɹɪækʃənɛɹi aɪdiəz ɐbaʊt wɪmɪn ænd ɐ toʊɾəl læk ʌv ɛmpəθi ",0
juː woʊ ɛnt hæv ɛni tɹʌbəl ɡɛɾɪŋ kɪdz tʊ iːt ʌp ðiːz vɛdʒɪz ,1
tuː blænd ænd fʌstili teɪstfəl təbi tɹuːli pɹʊɹɹiənt ,0
ɪt dʌz ɛnt wɜːk æz iːðɚ ,0
ðɪswʌn eɪmz fɚðə tɔɪlɪt ænd skoːɹz ɐ dᵻɹɛkt hɪt ,0
"ɪnðə neɪm əvən ɐlɛdʒᵻdli ɪnspaɪɚɹɪŋ ænd iːzili mɑːɹkɪɾəbəl flɪk , ðɪ ɛmpɚɹɚ ɛs klʌb tɜːnz ɐ blaɪnd aɪ tə ðə vɛɹi hɪstɚɹi ɪt pɹɪtɛndz tə tiːtʃ ",0
ðə muːvi ɪz ʌndʌn baɪ ɐ fɪlmeɪkɪŋ mɛθədɑːlədʒi ðæt ɛs dʒʌst ɛkspɛɹɪmɛntəl ɪnʌf tʊ eɪliəneɪt ðə meɪnstɹiːm ɔːdiəns waɪl ɹɪŋɪŋ kliːʃeɪd tə hɑːɹdənd ɪndi hɛdz ,0
tuː tiːdiəs ækts laɪt ɔn ɡɹeɪt skɛɹz ænd ɐ ɡʊd sɚpɹaɪz ɛndɪŋ ,1
"ænd jʊɹ ɹᵻwɔːɹd wɪl biː ɐ θɔːtfəl , ɪmoʊʃənəl muːvi ɛkspiəɹɪəns ",1
ɑːbviəs ,0
bɜːθdeɪ ɡɜːl ɪz ɐn æktɚ ɛs muːvi fɜːst ænd fɔːɹmoʊst ,1
"ðə lɪɾəl ɡɜːlz ʌndɚstænd , ænd məkɹækən noʊz ðæt ɛs ɔːl ðæt mæɾɚz ",1
ðə peɪsɪŋ ɪz ɔfən weɪ ɔf ænd ðɛɹɑːɹ tuː mɛni boʊnə faɪd ɡɹoʊnɚz ɐmʌŋ tuː fjuː læfs ,0
"aɪ laɪkt ɪt bɪkʌz ɪt wʌz soʊ ɛndləsli , ɡɹoʊtɛskli , ɪnvɛntɪv ",1
"ðæt , ɪn ɪtsɛlf , ɪz ɛkstɹoːɹdɪnɛɹi ",1
jɛs ,1
keɪ naɪntiːn ðə wɪdoʊmeɪkɚɹ ɪz ɐ ɡɹeɪt jɑːɹn ,1
ænd ɛdʒuːkeɪʃənəl ! ,1
"ɐn ʌndɪnaɪəbli muːvɪŋ fɪlm tʊ ɛkspiəɹɪəns , ænd ʌltᵻmətli ðæt ɛs wʌt meɪks ɪt wɜːθ ɐ ɹɛkəmɛndeɪʃən ",1
"kənfɛʃənz ɪz ɛnt ɔːlweɪz koʊhɪɹənt , bʌt ɪt ɛs ʃɑːɹpli kɑːmɪk ænd sɚpɹaɪzɪŋli tʌtʃɪŋ , soʊ hoʊld ðə ɡɔŋ ",1
"ðə fɪlm hɐz ðə θɹoʊn təɡɛðɚ fiːl əvə sʌmɚ kæmp tælənt ʃoʊ heɪstili ɹɪʔn̩ , ʌndɚɹᵻhɜːst , ɑːɹbɪtɹɛɹᵻli plɑːɾᵻd ænd fɪld wɪð kɹuːd hjuːmɚ ænd vʌlɡɚɹ ɪnnjuːɛndoʊ ",0
ʃɑːɹp ɛdʒᵻz ænd ɐ diːp veɪn ʌv sædnəs ɹʌn θɹuː ɪts ʌðɚwaɪz kɑːmɪk næɹətɪv ,1
kɹʌʃ ɪz soʊ wɔːɹm ænd fʌzi juː maɪt biː eɪbəl tə fɚɡɪv ɪts miːn spɪɹɪɾᵻd sɛkənd hæf ,1
"stɹɔŋ fɪlmeɪkɪŋ ɹᵻkwaɪɚz ɐ klɪɹ sɛns ʌv pɜːpəs , ænd ɪn ðæt oʊ soʊ ɪmpoːɹtənt kæɾɪɡɚɹi , ðə foːɹ fɛðɚz kʌmz ʌp ʃɔːɹt ",0
"ðə bɛst dɪdæktɪsɪzəm ɪz wʌn kæɹid baɪ ɐ stɹɔŋ sɛns ʌv hjuːmənɪzəm , ænd bɜːtɹænd tævɚniɚ ɛs ɔft bɹɪliənt seɪf kɑːndʌkt ɛlɑːɹbiː leɪsɛz pæsɚ ɑːɹɹɑːɹbiː wɛɹz ɪts hɑːɹt ɔn ɪts sliːv ",1
"aɪ hæv ɹᵻtɜːnd fɹʌmðə bᵻjɔnd tə wɔːɹn juː ðɪs muːvi ɪz naɪnti mɪnɪts lɔŋ , ænd laɪf ɪz tuː ʃɔːɹt ",0
"dᵻspaɪt læɡɪŋ nɪɹ ðə fɪnɪʃ laɪn , ðə muːvi ɹʌnz ɐ ɡʊd ɹeɪs , wʌn ðæt wɪl hæv juː æt ðɪ ɛdʒ ʌv jʊɹ siːt fɔːɹ lɔŋ stɹɛtʃᵻz ",1
"wɪɾi ænd ɔfən sɚpɹaɪzɪŋ , ɐ dɑːɹk lɪɾəl mɔːɹælᵻɾi teɪl dɪsɡaɪzd æz ɐ ɹoʊmæntɪk kɑːmədi ",1
"ðeɪ ɹiː ðɪ ʌnneɪmd , iːzili sʌbstɪtuːɾəbəl foːɹsᵻz ðæt sɜːv æz wʌtɛvɚ tɛɹɚ ðə hiəɹoʊz ʌv hɔɹɚ muːvɪz tɹaɪ tʊ ɐvɔɪd ",0
wɑːtʃɪŋ ðiːz ɛksɛntɹɪks ɪz boʊθ ɪnspaɪɚɹɪŋ ænd pjʊɹ dʒɔɪ ,1
speɪn ɛs ɡɹeɪɾɪst stɑːɹ wɑːɾɪdʒ dʌz ɛnt oʊvɚkʌm ðə tuːmʌlt ʌv mɔːdlɪn tɹædʒədi ,0
"dᵻɹɛktɚ dʒeɪ ɹʌsəl stɑːmps ɪn hɑːbneɪl buːts oʊvɚ næɾɐli bæbɪt ɛs dʒɛntəl , ɛndɪɹɪŋ naɪntiːnhʌndɹɪd sɛvənti faɪv tʃɪldɹən ɛs nɑːvəl ",0
"kʌlɚfəl , ɛnɚdʒɛɾɪk ænd swiːtli wɪmzɪkəl ðə ɹɛɹ siːkwəl ðæt ɛs bɛɾɚ ðɐn ɪts pɹɛdᵻsɛsɚ ",1
ɐ pɹɪtɛnʃəs ænd ʌltᵻmətli ɛmpti ɛɡzæmᵻneɪʃən əvə sɪk ænd iːvəl wʊmən ,0
ɐ smɔːl muːvi wɪð ɐ bɪɡ hɑːɹt ,1
mæɡi dʒiː meɪks ɐn ɐmeɪzɪŋ bɹeɪkθɹuː ɪn hɜː fɜːst stɑːɹɹɪŋ ɹoʊl ænd iːts ʌp ðə skɹiːn ,1
moʊst əv ðə muːvi ɪz soʊ dɛdli dʌl ðæt wɑːtʃɪŋ ðə pɹəvɜːbɪəl peɪnt dɹaɪ wʊd biː ɐ wɛlkʌm ɪmpɹuːvmənt ,0
ɛlɑːɹbiː ðə kəkɛts ɑːɹɹɑːɹbiː pɹəvaɪdz ɐ wɪndoʊ ɪntʊ ɐ sʌbkʌltʃɚ hɛl bɛnt ɔn ɛkspɹɛsɪŋ ɪtsɛlf ɪn ɛvɹi weɪ ɪmædʒɪnəbəl ,1
moʊst θɹɪlɚz sɛnd ɔːdiənsᵻz aʊt tɔːkɪŋ ɐbaʊt spəsɪfɪk skɛɹi siːnz ɔːɹ stɑːɹɾəlɪŋ moʊmənts fɹeɪlti liːvz ʌs wɪððə tɛɹᵻfaɪɪŋ mɛsɪdʒ ðætðə ɹiːəl hɔɹɚ meɪ biː weɪɾɪŋ fɔːɹ ʌs æt hoʊm ,1
ðə dɪfɹəns bᵻtwiːn tʃoʊ ænd moʊst kɑːmɪks ɪz ðæt hɜː kɑːnfɪdəns ɪn hɜː mətɪɹiəl ɪz mɛɹɪɾᵻd ,1
ðɪs ɹᵻmeɪk ʌv liːnə wɜːtmʌlɚ ɛs naɪntiːnhʌndɹɪd sɛvənti faɪv ɪɹoʊɾi kɑːmədi maɪt dʒʌst biː ðə bɪɡɪst hʌsbənd ænd waɪf dɪzæstɚ sɪns dʒɑːn ænd boʊ dɛɹɪk meɪd ðə ɹɪdɪkjʊləs bɑːlɛɹoʊ ,0
ɛlɑːɹbiː ɐ ɑːɹɹɑːɹbiː pʊɹli ɛksᵻkjuːɾᵻd kɑːmədi ,0
"hɑːlənd lɛts θɪŋz piːɾɚɹ aʊt mɪdweɪ , bʌt ɪt ɛs noʊɾəbli bɛɾɚɹ æktᵻd ænd fɑːɹ lɛs kɹæs ðɐn sʌm ʌðɚ ɹiːsənt ɛfɚts ɪnðə bɜːdʒənɪŋ ʒɑːnɹə ʌv fɪlmz ɐbaʊt blæk ɜːbən pɹəfɛʃənəlz ",1
ɹɑːdʒɚz ɛs maʊθ nɛvɚ stɑːps ʃʌt ɐbaʊt ðə wɔːɹ bᵻtwiːn ðə sɛksᵻz ænd haʊ tə wɪn ðə bæɾəl ,1
lɔːɹəns plʌmz pɜːsənəl tɹædʒədi ænd ɔːlsoʊ ðə hjuːmən kɑːmədi ,1
meɪnteɪnz jʊɹ sɪmpəθi fɔːɹ ðɪs ʌðɚwaɪz tʃæləndʒɪŋ soʊl baɪ lɛɾɪŋ juː ʃɛɹ hɜː wʌn ɹuːm wɜːld fɚɹə waɪl ,1
"tɛndz tə paɪl tuː mɛni sɪɹiəs ɪʃuːz ɔn ɪts pleɪt æt taɪmz , jɛt ɹᵻmeɪnz fɛɹli laɪt , ɔːlweɪz ɛntɚteɪnɪŋ , ænd smɑːɹtli ɹɪʔn̩ ",1
"ɐn ɪnvɛntɪv , ɐbsoːɹbɪŋ muːvi ðæt ɛs æz hɑːɹd tə klæsᵻfaɪ æzɪtɪz hɑːɹd tə ɹᵻzɪst ",1
"ɛlɑːɹbiː ɹʌsəl ɑːɹɹɑːɹbiː meɪks ɡʊd biː muːvɪz ɛlɑːɹbiː ðə mæsk , ðə blɑːb ɑːɹɹɑːɹbiː , ænd ðə skoːɹpiən kɪŋ moːɹ ðɐn eɪbli miːts ðoʊz stændɚdz ",1
wʌt lɪɾəl ɡɹeɪs ɛlɑːɹbiː ɹɪfkɪn ɛs ɑːɹɹɑːɹbiː teɪl ʌv pɹɪkɛɹiəs skɪd ɹoʊ dɪɡnᵻɾi ɐtʃiːvz ɪz pʊʃt ɪntʊ ðə mɑːɹdʒɪnz baɪ pɹɪdɪktəbəl plɑːɾɪŋ ænd taɪɚsʌm hɪstɹɪɑːnɪks ,0
"ðə læst siːnz ʌvðə fɪlm ɑːɹ æŋɡwɪʃt , bɪɾɚɹ ænd tɹuːθfəl ",1
"haʊɛvɚ sɪnsɪɹ ɪt meɪ biː , ðə ɹaɪzɪŋ pleɪs nɛvɚ kwaɪt dʒʌstᵻfaɪz ɪts oʊn ɛɡzɪstəns ",0
"ðə hoʊl θɪŋ fiːlz laɪk ɐ ɹuːs , ɐ tæktɪk tə kʌvɚɹ ʌp ðə fækt ðætðə pɪktʃɚɹ ɪz kənstɹʌktᵻd ɚɹaʊnd ɐ koːɹ ʌv flɪmzi ɔːɹ , wɜːs jɛt , nɑːnɛɡzɪstənt aɪdiəz ",0
səpoʊzɪdli ɔːθɛntɪk ɐkaʊnt əvə hɪstɔːɹɪkəl ᵻvɛnt ðæt ɛs fɑːɹ tuː tɹædʒɪk tə mɛɹɪt sʌtʃ suːpɚfɪʃəl tɹiːtmənt ,0
noʊ læfs ,0
bʌt ðɪ æktɚz meɪk ðɪs wɜːθ ɐ piːk ,1
ɐ dʒɛm əvə muːvi ,1
ðə hoʊl θɪŋ pleɪz laɪk ɐ taɪɚd taɪkoʊ æd ,0
ɪt ɛs ɛɡzæktli ðə kaɪnd ʌv muːvi təbæk ɛs dɪtɹæktɚz ɔːlweɪz ɐkjuːz hɪm ʌv meɪkɪŋ ,0
"mɪstɚ kluːni , mɪstɚ kɔːfmən ænd ɔːl ðɛɹ kəlæboːɹeɪɾɚz ɑːɹ ɛntaɪɾəld tə teɪk ɐ diːp boʊ fɔːɹ fæʃənɪŋ ɐn ɛŋɡɹoʊsɪŋ ɛntɚteɪnmənt aʊɾəv ɐn ɔːlmoʊst ʃʊɹ faɪɚ pɹɪskɹɪpʃən fɚɹə kɹɪɾɪkəl ænd kəmɜːʃəl dɪzæstɚ ",1
"ɪt wʊd biː tʃɜːlɪʃ tə bᵻɡɹʌdʒ ɛnɪwʌn fɔːɹ ɹᵻsiːvɪŋ wʌtɛvɚ kɑːnsəleɪʃən ðæt kæn biː faʊnd ɪn dɹæɡənflaɪ , jɛt ɪɾ ɪz ɪmpɑːsᵻbəl tə faɪnd ðə fɪlm ɛnɪθɪŋ bʌt ɐpɔːlɪŋ , ʃeɪmləsli mənɪpjʊlətɪv ænd kəntɹaɪvd , ænd toʊɾəli lækɪŋ ɪn kənvɪkʃən ",0
boʊθ dɪzɜːv bɛɾɚ ,0
"bᵻtwiːn ðɛm , də niəɹoʊ ænd mɜːfi meɪk ʃoʊtaɪm ðə moʊst seɪvɚɹi ænd hɪlɛɹiəs ɡɪlti plɛʒɚɹ ʌv mɛni ɐ ɹiːsənt muːvi siːzən ",1
"ʌpsɛɾɪŋ ænd θɔːt pɹəvoʊkɪŋ , ðə fɪlm hɐz ɐn ɑːd pjʊɹɹᵻɾi ðæt dʌz ɛnt bɹɪŋ juː ɪntʊ ðə kæɹɪktɚz soʊ mʌtʃ æz ɪt hɐz juː stʌdi ðɛm ",1
"slæp miː , aɪ sɔː ðɪs muːvi ",0
"vɪʒuːəli , sæntə klɔːz tuː ɪz wʌndɹəsli kɹiːeɪɾɪv ",1
"ɐ kʌmɪŋ ʌv eɪdʒ teɪl fɹʌm nuː ziːlənd huːz buːzi , læŋɡwɪd ɛɹ ɪz bælənst baɪ ɐ ɹɪtʃ vɪʒuːəl klæɹᵻɾi ænd diːpli fɛlt pɚfoːɹmənsᵻz əkɹɑːs ðə boːɹd ",1
"ɪt ɛs bɛɾɚ tə ɡoʊ ɪn noʊɪŋ fʊl wɛl wʌt ɛs ɡoʊɪŋ tə hæpən , bʌt wɪlɪŋ tə lɛt ðɪ ɜːnɪstnəs ʌv ɪts ɛksɪkjuːʃən ænd skɪl ʌv ɪts kæst teɪk juː daʊn ɐ fəmɪlɪɹ ɹoʊd wɪð ɐ fjuː twɪsts ",1
ɐ poːɹtɹɪt ʌv hɛl soʊ ʃæɾɚɹɪŋ ɪt ɛs ɪmpɑːsᵻbəl tə ʃeɪk ,1
"hoʊpləsli ɪneɪn , hjuːmɚləs ænd ʌndɚɹ ɪnspaɪɚd ",0
bɑːɡdɐnɪʃ ɪz ʌnɐʃeɪmɪdli pɹoʊ sɜːbiən ænd meɪks lɪɾəl ɐtɛmpt tə ɡɪv vɔɪs tə ðɪ ʌðɚ saɪd ,0
"laɪk ɐ pæk ʌv daɪnɐmaɪt stɪks , bɪlt fɔːɹ kɑːntɹəvɜːsi ",0
"teɪk ɛni twɛlv jɪɹ oʊld bɔɪ tə siː ðɪs pɪktʃɚ , ænd hiː ɛlɛl biː jʊɹ sleɪv fɚɹə jɪɹ ",1
"mɪjɐzæki ɛs nɑːnstɑːp ɪmɪdʒᵻz ɑːɹ soʊ stʌnɪŋ , ænd hɪz ɪmædʒᵻneɪʃən soʊ vɪvɪd , ðætðɪ oʊnli pɑːsᵻbəl kəmpleɪnt juː kʊdɐv ɐbaʊt spɪɹɪɾᵻd ɐweɪ ɪz ðæt ðɛɹ ɪz noʊ ɹɛst piəɹɪəd , noʊ taɪmaʊt ",1
steɪdʒ dᵻɹɛktɚ sæm mɛndz ʃoʊkeɪsᵻz tɑːm hæŋks æz ɐ dᵻpɹɛʃən iəɹə hɪt mæn ɪn ðɪs dɑːɹk teɪl ʌv ɹᵻvɛndʒ ,1
vɛɹət hɐz ɐ wɪp smɑːɹt sɛns ʌv næɹətɪv blʌfs ,1
"pɑːndɚɹəs , plɑːdɪŋ soʊp ɑːpɚɹə dɪsɡaɪzd æz ɐ fiːtʃɚ fɪlm ",0
"ɡɛts ðə lʊk ænd ðə piəɹɪəd tɹæpɪŋz ɹaɪt , bʌt ɪɾ ʌðɚwaɪz dɹaʊnz ɪn ɐ siː ʌv vɪʒuːəl ænd vɜːbəl klɪx ɛs ",0
dᵻɹɛktɚ ɹɑːdʒɚ kʌmbəl ɔfɚz dʒʌst ɪnʌf swiːt ænd tɹɐdɪʃənəl ɹoʊmæntɪk kɑːmədi tə kaʊntɚ ðə kɹuːdᵻɾi ,1
"ɐ bɪɾɚswiːt kəntɛmpɚɹɛɹi kɑːmədi ɐbaʊt bənɛvələnt dᵻsɛpʃən , wɪtʃ , waɪl ɪt meɪ nɑːt ɹaɪvəl ðə fɪlmeɪkɚ ɛs piəɹɪəd piːsᵻz , ɪz stɪl vɛɹi mʌtʃ wɜːθ siːɪŋ ",1
ɡoːɹdʒəs tə lʊk æt bʌt ɪnsʌfɚɹəbli tiːdiəs ænd tɜːdʒɪd ɐ kjʊɹɹiəsli kənstɹɪktᵻd ɛpɪk ,0
"ðɛn ɐɡɛn , ɪn ɐ bɛɾɚ muːvi , juː maɪt nɑːɾɐv noʊɾɪst ",0
ɐ fɛɹli ɛndʒɔɪəbəl mɪkstʃɚɹ ʌv lɔŋɡɪst jɑːɹd ænd ðə naɪntiːnhʌndɹɪd naɪnti naɪn ɡaɪ ɹɪtʃi keɪpɚ lɑːk stɑːk ænd tuː smoʊkɪŋ bæɹəlz ,1
"ðə ɹiː ɛnæktmənts , haʊɛvɚ fæsᵻneɪɾɪŋ ðeɪ meɪ biː æz hɪstɚɹi , ɑːɹ tuː kɹuːd tə sɜːv ðə wɜːk ɪspɛʃəli wɛl ",0
"ɪf ɐ hɔɹɚ muːvi ɛs pɹaɪmɚɹi ɡoʊl ɪz tə fɹaɪʔn̩ ænd dɪstɜːb , ðɛn ðeɪ wɜːks spɛktækjʊlɚli wɛl ɐ ʃɪvɚɹ ɪnduːsɪŋ , nɜːv ɹæɾəlɪŋ ɹaɪd ",1
"iːdɪkɜːk mʌɡz mɜːsiləsli , ænd ðə dʒɛnjuːɪnli fʌni dʒoʊks ɑːɹ fjuː ænd fɑːɹ bᵻtwiːn ",0
ɔfən sɪli ænd ɡɹoʊs bʌt ɪt ɛs ɹɛɹli æz mɔːɹɑːnɪk æz sʌm kæmpəs ɡɹoʊs aʊt fɪlmz ,0
"spiːlbɜːɡ ɛs fɜːst ɹiːəl mæstɚpiːs , ɪt dɪzɜːvd ɔːl ðə hɑːɹts ɪt wʌn ænd wɪnz stɪl , twɛnti jɪɹz leɪɾɚ ",1
"ʌnlaɪk ɛlɑːɹbiː skoːɹsiːz ɛs miːn stɹiːts ɑːɹɹɑːɹbiː , æʃ wɛnzdeɪ ɪz ᵻsɛnʃəli dɪvɔɪd ʌv ɪntɹɛstɪŋ kæɹɪktɚz ɔːɹ iːvən ɐ hæfweɪ ɪntɹiːɡɪŋ plɑːt ",0
juː meɪ fiːl kəmpɛld tə wɑːtʃ ðə fɪlm twaɪs ɔːɹ pɪk ʌp ɐ bʊk ɔnðə sʌbdʒɛkt ,1
"sloʊ ænd pɑːndɚɹəs , bʌt ɹoʊmɚ ɛs dɹɑːmə bɪldz tʊ ɐn ɪntɛns ɪndoːɹ dɹɑːmə ɐbaʊt kəmpæʃən , sækɹᵻfaɪs , ænd kɹɪstʃən lʌv ɪnðə feɪs ʌv pəlɪɾɪkəl kɚɹʌpʃən ",1
ʃɛɹɪdən ɛs teɪk ɔnðɪ ɔːθɚ ɛs skuːlbɔɪ mɛmwɑːɹ ɪz ɐ ɹæðɚ tuːθləs teɪk ɔn ɐ hɑːɹd jʌŋ laɪf ,0
"ɡɑːdɚd hɐz nɛvɚ meɪd ɐ moːɹ ʃɪɹli bjuːɾifəl fɪlm ðɐn ðɪs ʌnɛkspɛktᵻdli muːvɪŋ mɛdɪteɪʃən ɔn lʌv , hɪstɚɹi , mɛmɚɹi , ɹᵻsɪstəns ænd ɑːɹtɪstɪk tɹænsɛndəns ",1
ʌndɚ ɹᵻhɜːst ænd laɪfləs ,0
ðə fɪlm ɔfɚz ɐn ɪntɹiːɡɪŋ wʌt ɪf pɹɛmɪs ,1
ðɪs tɛnθ fɪlm ɪnðə sɪɹiz lʊks ænd fiːlz taɪɚd ,0
"juː niːd ɛnt biː stiːpt ɪn fɪfti z soʊsɪɑːlədʒi , pɑːp kʌltʃɚ ɔːɹ muːvi loːɹ tʊ ɐpɹiːʃɪeɪt ðɪ ɪmoʊʃənəl dɛpθ ʌv heɪnz wɜːk ",1
ɹɛɹli hæv aɪ siːn ɐ fɪlm soʊ wɪlɪŋ tə tʃæmpiən ðə fæləbɪlᵻɾi ʌvðə hjuːmən hɑːɹt ,1
"ɐ wɪɾi , loʊ kiː ɹoʊmæntɪk kɑːmədi ",1
"wʌt ɛnlaɪvənz ðɪs fɪlm , bᵻjɔnd ðɪ ɐstuːt dᵻɹɛkʃən ʌv kɑːɹdoʊsoʊ ænd bjuːɾɪfəli diːteɪld pɚfoːɹmənsᵻz baɪ ɔːl ʌvðɪ æktɚz , ɪz ɐ noʊt ʌv dᵻfaɪəns oʊvɚ soʊʃəl dɪkteɪts ",1
"ɐ dᵻlaɪtfəl lɪɾəl fɪlm ðæt ɹɛvəlz ɪn ɪts oʊn sɪmplɪsᵻɾi , moʊstli mɑːɹθə wɪl liːv juː wɪð ɐ smaɪl ɔn jʊɹ feɪs ænd ɐ ɡɹʌmbəl ɪn jʊɹ stʌmək ",1
"ɪt ɛs hɑːɹd tə kwɪbəl wɪð ɐ flɪk boʊstɪŋ ðɪs mɛni dʒɛnjuːɪn kækəlz , bʌt noʊtoːɹiəs siː eɪtʃ oʊ stɪl fiːlz laɪk ɐ pɹɑːmɪsɪŋ wɜːk ɪn pɹɑːɡɹɛs ",1
"ɐ ʃɑːdi meɪl hɪp hɑːp fæntəsi fɪld wɪð ɡʌnz , ɛkspɛnsɪv kɑːɹz , lɑːts ʌv neɪkᵻd wɪmɪn ænd ɹɑːkɐwɛɹ kloʊðɪŋ ",0
"ɐ stɹɔŋ ænd kɑːnfɪdənt wɜːk wɪtʃ wɜːks soʊ wɛl fɚðə fɜːst eɪɾi naɪn mɪnɪts , bʌt ɛndz soʊ hɔɹɛndəsli kənfjuːzɪŋ ɪnðə faɪnəl tuː ",1
iːvən ðə heɪstili ænd æmətʃɚɹɪʃli dɹɔːn ænɪmeɪʃən kæn nɑːt ɛŋɡeɪdʒ ,0
"wɪð boʊlɪŋ fɔːɹ kɑːləmbaɪn , maɪkəl mʊɹ ɡɪvz ʌs ðə pɜːfɛkt stɑːɹɾɪŋ pɔɪnt fɚɹə næʃənəl kɑːnvɚseɪʃən ɐbaʊt ɡʌnz , vaɪələns , ænd fɪɹ ",1
aɪ laɪkt ɪt dʒʌst ɪnʌf ,1
ɪt ɛs ðə fʌnɪɪst ɐmɛɹɪkən kɑːmədi sɪns ɡɹɐfiːɾi bɹɪdʒ ,1
"æftɚɹ ɐn ʌnsɜːʔn̩ stɑːɹt , mɜːdɚ hɪts ænd dʒɛnɚɹəli səsteɪnz ɐ haɪɚ plætoʊ wɪð bʊlək ɛs mɛmɚɹəbəl fɜːst ɪntɛɹəɡeɪʃən ʌv ɡɑːslɪŋ ",1
"ɔːlðoʊ dɪvɔɪd ʌv ɑːbdʒɪktɪvᵻɾi ænd fʊl ʌv nəstældʒɪk kɑːmɛnts fɹʌmðə naʊ mɪdəl eɪdʒd pɑːɹtɪsɪpənts , dɑːɡtaʊn ænd ziː bɔɪz hɐz ɐ kəmpɛlɪŋ stoːɹi tə tɛl ",1
ɐ dᵻlɪʃəs kɹaɪm dɹɑːmə ɔn pɑːɹ wɪððə slɪkɪst ʌv mæmɪt ,1
"ɔn tɑːp əvə faʊndɚɹɪŋ pɚfoːɹməns , ɛlɑːɹbiː mɐdɑːnə ɛs ɑːɹɹɑːɹbiː dᵻnaɪd hɜːɹ oʊn æθlɛɾɪsɪzəm baɪ laɪɾɪŋ ðæt ɛmfɐsaɪzᵻz ɛvɹi laɪn ænd sæɡ ",0
"ɔnðə sɜːfɪs ɐ sɪli kɑːmədi , skɑːtlənd , pɑː wʊd biː fɚɡɛɾəbəl ɪf ɪt wɜːɹ ɛnt sʌtʃ ɐ klɛvɚɹ ædæpteɪʃən ʌvðə bɑːɹd ɛs tɹædʒɪk pleɪ ",1
"moʊstli wɜːks bɪkʌz ʌvðə juːnɪvɜːsəl θiːmz , ɜːnɪst pɚfoːɹmənsᵻz ænd ɛksələnt juːs ʌv mjuːzɪk baɪ ɪndiə ɛs pɑːpjʊlɚ ɡʌlzɑːɹ ænd dʒæɡdʒɪt sɪŋ ",1
ɐbaʊt ðɪ oʊnli θɪŋ tə ɡɪv ðə muːvi pɔɪnts fɔːɹ ɪz bɹævɑːdoʊ tə teɪk ɐn ɛntaɪɚli steɪl kɑːnsɛpt ænd pʊʃ ɪt θɹuː ðɪ ɔːdiəns ɛs miːt ɡɹaɪndɚ wʌn moːɹ taɪm ,0
"bʌt ðə pɚfoːɹmənsᵻz ʌv pæsiːnoʊ , wɪljəmz , ænd swæŋk kiːp ðə vjuːɚ waɪd ɐweɪk ɔːl ðə weɪ θɹuː ",1
"ɐ boːɹɪŋ , pɹɪtɛnʃəs mʌdəl ðæt juːzᵻz ɐ sɛnseɪʃənəl , ɹiːəl laɪf naɪntiːnθ sɛntʃɚɹi kɹaɪm æz ɐ mɛɾəfɔːɹ fɔːɹ wɛl , aɪ ɛm nɑːt ɛɡzæktli ʃʊɹ wʌt ænd hɐz ɔːl ðə dɹəmæɾɪk weɪt əvɚ ɹeɪndɹɑːp ",0
"fɑːɹ fɹʌm hɛvən ɪz ɐ dæzlɪŋ kənsɛptʃuːəl fiːt , bʌt moːɹ ðɐn ðæt , ɪt ɛs ɐ wɜːk ʌv ɛnθɹɔːlɪŋ dɹɑːmə ",1
"blɛst wɪð ɐ sɪɹɪŋ liːd pɚfoːɹməns baɪ ɹaɪən ɡɑːslɪŋ ɛlɑːɹbiː mɜːdɚ baɪ nʌmbɚz ɑːɹɹɑːɹbiː , ðə muːvi ɪz paʊɚfəl ænd pɹəvɑːkətɪv ",1
ðə fɪlm dɛspɚɹətli sɪŋks fɜːðɚ ænd fɜːðɚɹ ɪntʊ kɑːmədi fjuːtɪlᵻɾi ,0
ɪɾ ɔːlmoʊst fiːlz æz ɪf ðə muːvi ɪz moːɹ ɪntɹɛstᵻd ɪn ɛntɚteɪnɪŋ ɪtsɛlf ðɐn ɪn ɐmjuːzɪŋ ʌs ,0
ɐ loʊ ɹɛnt ɹᵻtɹɛd ʌvðɪ eɪliən pɪktʃɚz ,0
ɪt mɪɹli ɪndʌldʒᵻz ɪnðə wɜːst ɛlɪmənts ʌv ɔːl ʌv ðɛm ,0
ðɛɹ ɛs nʌn ʌvðə hæpɪli ɛvɚɹ æftɚ spæŋɡəl ʌv mɔnsuːn wɛdɪŋ ɪn leɪt mæɹɪdʒ ænd ðæt ɛs pɑːɹt ʌv wʌt meɪks doʊvɚ kɑːsɐʃvɪli ɛs aʊtstændɪŋ fiːtʃɚ deɪbjuː soʊ poʊtənt ,1
ðɪ ɛntaɪɚ fɪlm ɪz wʌn bɪɡ ɛkskjuːs tə pleɪ wʌn luːd siːn æftɚɹ ɐnʌðɚ ,0
"ɐ fæsᵻneɪɾɪŋ ɛɡzæmᵻneɪʃən ʌvðə dʒɔɪəs , tɜːbjʊlənt sɛlf dɪskʌvɚɹi meɪd baɪ ɐ pɹɑːpɚ , mɪdəl eɪdʒd wʊmən ",1
"hɐz ɐn ʌnmɪsteɪkəbəl , iːzi ʒwɑː də viːvɹə ",1
ɪt ɛs ɐ ɹɛɹ wɪndoʊ ɔn ɐn ɑːɹtɪstɪk kəlæbɚɹeɪʃən ,1
ɹᵻpoːɹt kɑːɹd dʌz ɛnt laɪv ʌp tə ðɪ ɛɡzɑːltᵻd tæɡlaɪn ðɛɹ ɛs dɛfɪnət ɹuːm fɔːɹ ɪmpɹuːvmənt ,0
"tuː ɪntɛnsli foʊkəst ɔnðə tɹɐveɪlz ʌv biːɪŋ hæl hɑːɹtli tə fʌŋkʃən æz pæstɪtʃ , noʊ sʌtʃ θɪŋ ɪz hɑːɹtli ɛs liːst æksɛsəbəl skɹiːd jɛt ",0
ɐ bæksteɪdʒ mʌst siː fɔːɹ tɹuː fænz ʌv kɑːmədi ,1
"ɪt ɛs ɡɑːt ðə bɹɔːn , bʌt nɑːt ðə bɹeɪnz ",0
læks dɹəmæɾɪk pʌntʃ ænd dɛpθ ,0
"ɪt meɪ biː ɐ noʊ bɹeɪnɚ , bʌt æt liːst ɪt ɛs ɐ fʌni noʊ bɹeɪnɚ ",1
"laɪk ðɪ ɛkskɹuːʃɪeɪɾɪŋ ɛnd ʌv deɪz , kəlæɾɚɹəl dæmɪdʒ pɹɛzənts ʃwɔːɹzənɛɡɚɹ æz ɐ tɹædʒɪk fɪɡjɚ , bʌt sɪmpəθi ɹiəli bᵻlɔŋz wɪð ɛni vjuːɚ foːɹst tə wɑːtʃ hɪm tɹaɪ aʊt soʊ mɛni kɑːmplᵻkeɪɾᵻd feɪʃəl ɛkspɹɛʃənz ",0
ɐ ɡɹeɪt kæst ænd ɐ wʌndɚfəl bʌt sʌmtaɪmz kənfjuːzɪŋ flæʃbæk muːvi ɐbaʊt ɡɹoʊɪŋ ʌp ɪn ɐ dɪsfʌŋkʃənəl fæmɪli ,1
"ɑːzptɛk ɔfɚz ɐn eɪdz sʌbtɛkst , skɪmz oʊvɚ ðə ɹɪælᵻɾiz ʌv ɡeɪ sɛks , ænd pɹɛzənts jɛt ɐnʌðɚ taɪɚd oʊld vɪʒən ʌvðə ɡeɪ kəmjuːnᵻɾi æz ɐn ɔːl ɪŋkluːsɪv wɜːld wɛɹ ʌptaɪt , mɪdəl klæs boːɹz laɪk æntoʊniə kæn fiːl ɡʊd ɐbaʊt ðɛmsɛlvz ",0
"ðə liːdz ɑːɹ soʊ ʌnmɛmɚɹəbəl , dᵻspaɪt sɛvɹəl ɐtɛmpts æt lɛŋθi daɪəlɑːɡ siːnz , ðætwʌn ᵻvɛntʃuːəli ɹᵻzɛnts hævɪŋ tʊ ɪnheɪl ðɪs ɡʌɾɚ ɹoʊmænsɚ ɛs sɛkəndhænd mətɪɹiəl ",0
ɐ ɹɛlətɪv lɛtdaʊn ,0
"fɹʌm ɪts nɔːsɪeɪɾɪŋ spɪnɪŋ kɹɛdɪts siːkwəns tʊ ɐ vɛɹi tæləntᵻd bʌt ʌndɚjuːɾɪlaɪzd səpoːɹɾɪŋ kæst , bɑːɹɾəlbi skwɑːndɚz æz mʌtʃ æz ɪt ɡɪvz aʊt ",0
ɐ ɹiːəlɪstɪkli tɛɹᵻfaɪɪŋ muːvi ðæt pʊts ɐnʌðɚ nɑːtʃ ɪnðə bɛlt ʌvðə lɔŋ lɪst ʌv ɹɛnəɡeɪd kɑːp teɪlz ,1
bɹɪŋz ɐn ɪɹᵻzɪstᵻbəl blɛnd ʌv wɔːɹmθ ænd hjuːmɚɹ ænd ɐ kənsɪstənt ɛmbɹeɪsɪŋ hjuːmænᵻɾi ɪnðə feɪs ʌv laɪf ɛs hɑːɹʃnəs ,1
ɪŋkɑːnsɪkwɛnʃəl ɹoʊd ænd bʌdi pɪk ,0
"ɪt ɛs bɪn θɜːtiːn mʌnθs ænd tuːhʌndɹɪd naɪnti faɪv pɹiːvjuː skɹiːnɪŋz sɪns aɪ læst wɔːkt aʊt ɔn ɐ muːvi , bʌt ɹɛzᵻdənt iːvəl ɹiəli ɜːnd maɪ ɪndɪɡnənt , pɹiːɛmptɪv dᵻpɑːɹtʃɚ ",0
ðə liːnɪst ænd miːnɪst ʌv sɑːlɑːndz ɛs mɪsænθɹɑːpɪk kɑːmədiz ,1
ɐbaʊt ʃmɪt bᵻlɔŋz tə nɪkəlsən ,1
"ɪts mɛɾəfɔːɹz ɑːɹ oʊpeɪk ɪnʌf tʊ ɐvɔɪd dɪdæktɪsɪzəm , ænd ðə fɪlm səksiːdz æz ɐn ɪmoʊʃənəli æksɛsəbəl , ɔːlmoʊst mɪstɪkəl wɜːk ",1
stɑːɹts æz ɐn ɪntɛns pəlɪɾɪkəl ænd saɪkəlɑːdʒɪkəl θɹɪlɚ bʌt ɪz sæbətɑːʒd baɪ tɪkɪŋ taɪm bɑːmz ænd ʌðɚ hɑːliwʊd ækʃən kliːʃeɪᵻz ,0
"iːvən ɪf ɪt pʊʃᵻz ɪts ɐdʒɛndə tuː foːɹsfəli , ðɪs ɹᵻmeɪnz ɐ fɪlm ɐbaʊt sʌmθɪŋ , wʌn ðæt ɐtɛmpts ænd ɔfən ɐtʃiːvz ɐ lɛvəl ʌv kənɛkʃən ænd kənsɜːn ",1
"ðə fɪlm ɪz ɡɹoʊsli kɑːntɹədɪktɚɹi ɪn kənveɪɪŋ ɪts soʊʃəl mɛsɪdʒ , ɪf ɪndiːd ðɛɹ ɪz wʌn ",0
"dɛɹɪŋli pɚsɛptɪv , tɔːt , pɪɹsɪŋ ænd faɪsti , bɪɡi ænd tuːpæk ɪz ʌndɪnaɪəbli səbvɜːsɪv ænd ɪnvɑːlvɪŋ ɪn ɪts boʊld pɹɛzənteɪʃən ",1
bɔɪd ɛs skɹiːnpleɪ ɛlɑːɹbiː koʊ ɹɪʔn̩ wɪð ɡɑːɹdiən hæk nɪk deɪviz ɑːɹɹɑːɹbiː hɐz ɐ flɔːɹɪd tɜːn ʌv fɹeɪz ðæt oʊz moːɹ tə ɡaɪ ɹɪtʃi ðɐn ðə bɑːɹd ʌv eɪvɑːn ,0
"nɑːt ɐbaʊt skɛɹz bʌt ɐ muːd ɪnwɪtʃ ɐn ɑːmɪnəs , pɚveɪsɪv , ænd ʌnnoʊn θɹɛt lɜːks dʒʌst bᵻloʊ ðə pɹəsiːdɪŋz ænd ædz ɐn ɔːlmoʊst kɑːnstənt maɪndsɛt ʌv səspɛns ",1
ðɪs diːpli spɪɹɪtʃuːəl fɪlm tæps ɪntʊ ðə miːnɪŋ ænd kɑːnsəleɪʃən ɪn æftɚlaɪf kəmjuːnɪkeɪʃənz ,1
aɪ noʊ ðæt aɪ ɛlɛl nɛvɚ lɪsən tə mɑːɹvɪn ɡeɪ ɔːɹ ðə suːpɹiːmz ðə seɪm weɪ ɐɡɛn ,1
"ɐ bɪɡ , laʊd , bæŋ ðə dɹʌm boːɹ ",0
hɔɹɛndəsli æmətʃɚɹɪʃ fɪlmeɪkɪŋ ðæt ɪz pleɪnli dʌl ænd vɪʒuːəli ʌɡli wɛn ɪɾ ɪz ɛnt ɪŋkɑːmpɹihɛnsᵻbəl ,0
"æftɚ kəlæɾɚɹəl dæmɪdʒ , juː maɪt ɪmædʒɪn ðæt moʊst ɛvɹi ɐɡɹiːvd fɑːðɚ klɪx hɐzbɪn ʌntɜːnd ",0
pɹɪdɪktəbəl stoːɹilaɪn ænd baɪ ðə bʊk skɹɪptɪŋ ɪz ɔːl bʌt wɑːʃt ɐweɪ baɪ sʌmptʃuːəs oʊʃən vɪʒuːəlz ænd ðə sɪnɪmæɾɪk staɪlɪŋz ʌv dᵻɹɛktɚ dʒɑːn stɑːkwɛl ,1
"læf aʊt laʊd laɪnz , ɐdoːɹəbli dɪtsi bʌt hɑːɹtfɛlt pɚfoːɹmənsᵻz , ænd spɑːɹklɪŋ , bɪɾɚswiːt daɪəlɑːɡ ðæt kʌts tə ðə tʃeɪs ʌvðə mɑːdɚn ɡɜːl ɛs dᵻlɛmə ",1
ᵻsɛnʃəli ɐ kəlɛkʃən ʌv bɪts ænd ðeɪ ɹiː ɔːl nɔːɾi ,1
juː ɡɛt ðɪ ɪmpɹɛʃən ðæt ɹaɪɾɚ ænd dᵻɹɛktɚ bɜː stɪɹz noʊz ðə tɛɹɪtoːɹi bʌt hɪz sɛns ʌv hjuːmɚ hɐz jɛt tə luːz ðə smʌɡ sɛlf sæɾɪsfækʃən juːʒuːəli ɐsoʊsɪeɪɾᵻd wɪððə bɛɾɚ pɹaɪvət skuːlz ,0
ʌltᵻmətli ɛŋɡeɪdʒᵻz lɛs fɔːɹ ɪts stoːɹi ʌv æktɚli ɛɡzɪstɛnʃəl dᵻspɛɹ ðɐn fɔːɹ ɪts baʊndɚɹi hɑːpɪŋ fɔːɹməl ɪnəveɪʃənz ænd ɡlɪmps ɪntʊ ɐnʌðɚ kaɪnd ʌv tʃaɪniːz kʌltʃɚɹəl ɹɛvəluːʃən ,1
"hæpɪli , sʌm θɪŋz ɑːɹ ɪmjuːn tə ðə fɑːli ʌv tʃeɪndʒɪŋ teɪst ænd æɾɪtuːd ",1
vjuːɚz wɪl niːd ɔːl ðə lʌk ðeɪ kæn mʌstɚ dʒʌst fɪɡjɚɹɪŋ aʊt huː ɛs huː ɪn ðɪs pɹɪtɛnʃəs mɛs ,0
ðə vjuːɚ teɪks ɡɹeɪt plɛʒɚɹ ɪn wɑːtʃɪŋ ðə ɹᵻsoːɹsfəl mɑːli steɪ ɐ stɛp ɐhɛd ʌv hɜː pɚsuːɚz ,1
"wɪð wiː wɜː soʊldʒɚz , hɑːliwʊd meɪks ɐ væliənt ɐtɛmpt tə tɛl ɐ stoːɹi ɐbaʊt ðə viːətnɑːm wɔːɹ bᵻfoːɹ ðə pæθɑːlədʒi sɛt ɪn ",1
"aɪ dʒʌst sɔː ðɪs muːvi wɛl , ɪt ɛs pɹɑːbəbli nɑːt ækjʊɹət tə kɔːl ɪɾ ɐ muːvi ",0
"wʌn ʌvðə smɑːɹɾɚɹ ɔfɚɹɪŋz ðə hɔɹɚ ʒɑːnɹə hɐz pɹəduːst ɪn ɹiːsənt mɛmɚɹi , iːvən ɪf ɪt ɛs fɑːɹ teɪmɚ ðɐn ædvɚtaɪzd ",1
"ɐ wɛl dʌn fɪlm əvə sɛlf ɹᵻflɛksɪv , fɪləsɑːfɪkəl neɪtʃɚ ",1
"stɪl , ɪt dʒʌst sɪts ðɛɹ laɪk ɐ saɪd dɪʃ noʊwʌn ɔːɹdɚd ",0
"fɪlmeɪkɚz deɪnə dʒæŋkloʊvɪtʃ mæn ænd æmɪɹ mæn ɛɹiə hɛdᵻd iːst , fɑːɹ iːst , ɪn ɹᵻtɛlɪŋ ɐ hɪstɔːɹɪkli sɪɡnɪfɪkənt , ænd pɜːsənəl , ɛpɪsoʊd diːteɪlɪŋ haʊ wʌn ɪntɚnæʃənəl sɪɾi wɛlkʌmd tɛnz ʌv θaʊzəndz ʌv dʒɜːmən dʒuːɪʃ ɹɛfjuːdʒiːz waɪl ðə wɜːld ɛs dᵻmɑːkɹeɪsi ",1
"huː , ɛɡzæktli , ɪz faɪɾɪŋ huːm hɪɹ ? ",0
"kæn biː æz taɪɚsʌm æz naɪn sɛkəndz ʌv dʒɛsi hɛlmz æntaɪ kæstɹoʊ ɹɛɾɚɹɪk , wɪtʃ ɑːɹ ɪŋkluːdᵻd ",0
"ɪt ɛs ɐ lɑːt tʊ æsk piːpəl tə sɪt stɪl fɔːɹ tuː aʊɚz ænd tʃeɪndʒ wɑːtʃɪŋ sʌtʃ ɐ kæɹɪktɚ , ɪspɛʃəli wɛn ɹɛndɚd ɪn æz flæt ænd ɪmpæsɪv ɐ mænɚɹ æz fiːnɪks ɛs ",0
"ɪn tɹuːθ , ɪt hɐz ɔːl ðə hɑːɹt əvə poːɹnoʊ flɪk ɛlɑːɹbiː bʌt nʌn ʌvðə ʃɪɹ lʌst ɑːɹɹɑːɹbiː ",0
tʃɛɹɪʃ wʊd viː wɜːkt ɐ lɑːt bɛɾɚ hædɪt bɪn ɐ ʃɔːɹt fɪlm ,0
"ɪf juː ɹiː lʊkɪŋ fɚɹən ɪntɛlɪdʒənt muːvi ɪnwɪtʃ juː kæn ɹᵻliːs jʊɹ pɛnt ʌp æŋɡɚ , ɪnʌf ɪz dʒʌst ðə tɪkɪt juː niːd ",1
"meɪbiː ðɛɹ ɛs ɐ mɛɾəfɔːɹ hɪɹ , bʌt fɪɡjɚɹɪŋ ɪɾ aʊt wʊd ɛnt meɪk tɹʌbəl ɛvɹi deɪ ɛni bɛɾɚ ",0
"ɐ zɪpi naɪnti sɪks mɪnɪts ʌv miːdɪoʊkɚ spɛʃəl ɪfɛkts , hoːɹi daɪəlɑːɡ , flʌksɪŋ æksənts , ænd wɜːst ʌv ɔːl sɪli lʊkɪŋ mɔːɹlɑːks ",0
"ɛvɹi soʊ ɔfən ɐ fɪlm kʌmz ɐlɔŋ ðæt ɪz soʊ ɪnseɪnli stuːpɪd , soʊ ɔːfəl ɪn soʊ mɛni weɪz ðæt wɑːtʃɪŋ ɪt liːvz juː ɡɪdi ",0
bʌt ɪɾ ɪz ɛntɚteɪnɪŋ ɔn ɐn ɪnfɪɹiɚ lɛvəl ,1
plʌmɚ stiːlz ðə ʃoʊ wɪðaʊt ɹᵻzɔːɹɾɪŋ tə kæmp æz nɪkələs wuːndᵻd ænd wuːndɪŋ ʌŋkəl ɹælf ,1
"ɪvoʊks ðə fɹʌstɹeɪʃən , ðɪ ɔːkwɚdnəs ænd ðə juːfoːɹiə ʌv ɡɹoʊɪŋ ʌp , wɪðaʊt ɹᵻlaɪɪŋ ɔnðə juːʒuːəl tɹoʊps ",0
"ɪt ɛs ɐ hɛd tɜːnɚ θɔːtfəli ɹɪʔn̩ , bjuːɾɪfəli ɹiːd ænd , faɪnəli , diːpli hjuːmənaɪzɪŋ ",1
"æzɪtɪz , ɪt ɛs tuː lɔŋ ænd ʌnfoʊkəst ",0
"ðɪs ɪz nɑːɾə klæsɪkəl dɹəmæɾɪk ænɪmeɪɾᵻd fiːtʃɚ , nɔːɹ ɐ hɪp , kəntɛmpɚɹɛɹi , ɪn dʒoʊki wʌn ",0
"aɪ ɛm nɑːɾə fæn ʌvðə fɹeɪz laɪf ɐfɜːmɪŋ bɪkʌz ɪt juːʒuːəli miːnz ʃmæltsi , bʌt ɹiːəl wɪmɪn hæv kɜːvz tɹuːli ɪz laɪf ɐfɜːmɪŋ ",1
"tuː mʌtʃ ʌv stɔːɹɪtɛlɪŋ muːvz ɐweɪ fɹʌm sɑːlɑːndz ɛs soʊʃəl kɹɪtiːk , kæstɪŋ ɪts ɔːdiəns æz ðæt ʌv ɪntəlɛktʃuːəl lɛktɚɹ ɪn kɑːntəmpleɪʃən ʌvðɪ ɔːtʊɹ ɛs pɹəfɛʃənəl ɪndʒɚɹiz ",0
ʃɑːɹlət sʌmtaɪmz ɪz ɐ dʒɛm ,1
ɔːstɹeɪliə lænd bᵻjɔnd taɪm ɪz ɐn ɛndʒɔɪəbəl bɪɡ muːvi pɹaɪmɛɹᵻli bɪkʌz ɔːstɹeɪliə ɪz ɐ wɪɹdli bjuːɾifəl pleɪs ,1
"æz ɪmækjʊlət æz stuːɚt lɪɾəl tuː ɪz , ɪt kʊd biː ɐ lɑːt bɛɾɚ ɪf ɪt wɜː , wɛl , moːɹ ɐdvɛntʃɚɹəs ",1
"fɜːðɚ sæd ɛvɪdəns ðæt tɑːm tɪkwɚ , dᵻɹɛktɚɹ ʌvðə ɹɛzənənt ænd sɛns spɪnɪŋ ɹʌn loʊlɚ ɹʌn , hɐz tɜːnd aʊt təbi ɐ wʌn tɹɪk poʊni ɐ meɪkɚɹ ʌv sɔfthɛdᵻd mɛɾəfɪzɪkəl klæptɹæp ",0
ɛlɑːɹbiː ɐ ɑːɹɹɑːɹbiː sæɾɪsfaɪɪŋ nɪblət ,1
ðɪs ɪz ɐ moːɹ fæsᵻneɪɾɪŋ lʊk æt ðə fjuːtʃɚ ðɐn bleɪdɹʌnɚ ænd wʌn ʌvðə moʊst haɪ kɑːnsɛpt saɪ faɪ ɐdvɛntʃɚz ɐtɛmptᵻd fɚðə skɹiːn ,1
"kʌplɪŋ dɪsɡɹeɪsfəli ɹɪʔn̩ daɪəlɑːɡ wɪð fleɪlɪŋ bɑːdili muːvmənts ðæt sʌbstɪtuːt fɔːɹ æktɪŋ , sɜːkɪt ɪz ðɪ ɔːkwɚdli peɪst soʊp ɑːpɚɹə ɪʃ stoːɹi ",0
ɪt ɹæpɪdli dɪvɛləps ɪntʊ ɐ ɡʌt ɹɛntʃɪŋ ɛɡzæmᵻneɪʃən ʌvðə weɪ kʌltʃɚɹəl dɪfɹənsᵻz ænd ɪmoʊʃənəl ɛkspɪkteɪʃənz kəlaɪd ,1
juː tɹaɪ tə ɡɛs ðɪ ɔːɹdɚ ɪnwɪtʃ ðə kɪdz ɪnðə haʊs wɪl biː ɡoːɹd ,0
"peɪn hɐz kɹiːeɪɾᵻd ɐ bjuːɾifəl kænvəs , ænd nɪkəlsən pɹuːvz wʌns ɐɡɛn ðæt hiː ɛs ðə bɛst bɹʌʃ ɪnðə bɪznəs ",1
ɛlɑːɹbiː siːdʒəl ɑːɹɹɑːɹbiː ænd koʊ ɹaɪɾɚz liːsə bæzɐdoʊnə ænd ɡɹeɪs wʊdɚd hæv ɹᵻlaɪd tuː mʌtʃ ɔn kənvɛnʃən ɪn kɹiːeɪɾɪŋ ðə kæɹɪktɚz huː sɚɹaʊnd fɹæŋki ,0
"waɪl ðə mətɪɹiəl ɪz slaɪt , ðə muːvi ɪz bɛɾɚ ðɐn juː maɪt θɪŋk ",1
"ʌnæmbɪʃəs ɹaɪɾɪŋ ɪmɜːdʒᵻz ɪnðə muːvi , juːzɪŋ ɐ plɑːt ðæt kʊdɐv kʌm fɹʌm ɐn ænɪmeɪɾᵻd muːvi skɹiːnɹaɪɾɪŋ tɛkstbʊk ",0
"ðə fɪlm ɛs stɹɛŋθ ɪz ɛnt ɪn ɪts diːteɪlz , bʌt ɪnðə lɑːɹdʒɚ pɪktʃɚɹ ɪt peɪnts əvə kʌltʃɚɹ ɪn kɑːnflɪkt wɪð ɪtsɛlf , wɪððə θɪn vɛnɪɹ ʌv næʃənəlɪzəm ðæt kʌvɚz aʊɚ diːpɪst , miːdiːə soʊkt fɪɹz ",1
aɪ duː ɛnt θɪŋk moʊst əv ðə piːpəl huː lʌvd ðə naɪntiːnhʌndɹɪd eɪɾi naɪn pæɹədaɪzoʊ wɪl pɹɪfɜː ðɪs nuː vɜːʒən ,0
ɐ slʌɡɪʃ peɪs ænd læk ʌv dʒɛnjuːɪn næɹətɪv hɛm ðə muːvi ɪn ɛvɹi bɪt æz mʌtʃ æz laɪf hɛmz ɪnðə spɪɹɪts ʌv ðiːz jʌŋ wɪmɪn ,0
"bɹuːmfiːld ɛs staɪl ʌv dʒɜːnəlɪzəm ɪz hɑːɹdli dʒɜːnəlɪzəm æɾ ɔːl , ænd iːvən ðoʊz wɪð ɐn ævɪd ɪntɹɛst ɪnðə sʌbdʒɛkt wɪl ɡɹoʊ ɪmpeɪʃənt ",0
"moʊstli , ɛlɑːɹbiː ɡoʊldbɑːkɚɹ ɑːɹɹɑːɹbiː dʒʌst lɛts hɜː kɑːmplᵻkeɪɾᵻd kæɹɪktɚz biː ʌnɹuːli , kənfjuːzɪŋ ænd , θɹuː ɪɾ ɔːl , hjuːmən ",1
"iːvən wɪð ɪts fɪfti mɪliən ʌs bʌdʒɪt , pɪnɑːkɪoʊ nɛvɚ kwaɪt ɐtʃiːvz ðə fiːl əvə fænsifəl moʊʃən pɪktʃɚ ",0
"ædəm sændlɚ ɛs hɑːɹt meɪ biː ɪnðə ɹaɪt pleɪs , bʌt hiː niːdz tə pʊl hɪz hɛd aʊɾəv hɪz bʌt ",0
ɐ dʒɛnjuːɪn maɪnd bɛndɚ ,1
"dʒʌst æz ðə ɹiːsənt ɑːɹdʒəntaɪn fɪlm sʌn ʌvðə bɹaɪd ɹᵻmaɪndᵻd ʌs ðæɾə fiːl ɡʊd muːvi kæn stɪl ʃoʊ ɹiːəl hɑːɹt , taɪm ʌv feɪvɚ pɹɛzənts ʌs wɪð ɐn ækʃən muːvi ðæt æktʃuːəli hɐz ɐ bɹeɪn ",1
ðæt fɹɛnɛɾɪk spɛktəkəl ɛlɑːɹbiː ɔnðə tiːviː ʃoʊ ɑːɹɹɑːɹbiː hɐz juːʒuːəli bɪn lɛvənd baɪ ɐ tʃɑːɹm ðæt ɛs kənspɪkjuːəsli mɪsɪŋ fɹʌmðə ɡɜːlz bɪɡ skɹiːn bloʊaʊt ,0
"nɑːnʃəlɑːntli fɹiːki ænd ʌŋkɑːmənli plɛʒɚɹəbəl , wɔːɹm wɔːɾɚ meɪ wɛl biː ðə jɪɹ ɛs bɛst ænd moʊst ʌnpɹɪdɪktəbəl kɑːmədi ",1
"ʃiː ɛs ɔːl paʊɚfəl , ɐ vɔɪs fɚɹə pɑːp saɪbɚ kʌltʃɚ ðæt fiːdz ɔn hɜː bjoːɹknəs ",1
kwɔlᵻɾiz ðæt wɜː wʌns ɐmjuːzɪŋ ɑːɹ bᵻkʌmɪŋ ɪɹᵻteɪɾɪŋ ,0
"ðɪs ɪz ɐ stoːɹi ðæt zɪŋz ɔːl ðə weɪ θɹuː wɪð ɚɹɪdʒɪnælᵻɾi , hjuːmɚɹ ænd peɪθɑːs ",1
wʌt ɐ staɪflɪŋli ʌnfʌni ænd ʌnɚɹɪdʒɪnəl mɛs ðɪs ɪz ! ,0
"tuː steɪdʒi , tɔːki ænd lɔŋ fɔːɹ ɪts oʊn ɡʊd ",0
"æz pjʊɹ oʊvɚ ðə tɑːp tɹæʃ , ɛni dʒɑːn wɔːɾɚz muːvi hɐz ɪt biːt baɪ ɐ kʌntɹi maɪl ",0
ɐ teɪsti æpɪtaɪzɚ ðæt liːvz juː wɔntɪŋ moːɹ ,1
"ɔn ɪts oʊn stæɡɚɹɪŋli ʌnɚɹɪdʒɪnəl tɜːmz , ðɪs dʒɛndɚ bɛndɪŋ kɑːmədi ɪz dʒɛnɚɹəli kwaɪt fʌni ",1
"ɐ klʌmzili mænjuːfæktʃɚd ɛksplɔɪteɪʃən flɪk , ɐ staɪl fɹiː ɛksɚsaɪz ɪn mənɪpjʊleɪʃən ænd meɪhɛm ",0
"ɪt læks ðə kəmpæʃən , ɡʊd neɪtʃɚd hjuːmɚ ænd ðə lɛvəl ʌv ɪnsaɪt ðæt meɪd ɛlɑːɹbiː aɪɚ ɛs ɑːɹɹɑːɹbiː fɜːst fɪlm sʌmθɪŋ əvə sliːpɚ səksɛs ",0
"pɜːsənəli , aɪ diː ɹæðɚ wɑːtʃ ðɛm ɔnðɪ ænɪməl plænɪt ",0
"æz kəmændɚɹ ɪn tʃiːf ʌv ðɪs fɪlm , bɪdʒɪloʊ dɛmənstɹeɪts ɐ bɹɛdθ ʌv vɪʒən ænd ɐn ɐtɛnʃən tə diːteɪl ðæt pɹəpɛlz hɜːɹ ɪntʊ ðɪ ʌpɚɹ ɛʃəlɑːnz ʌvðə dᵻɹɛktɪŋ wɜːld ",1
ɐn ɐnɔɪɪŋ ɔːɹdʒi ʌv ɛksɛs ænd ɛksplɔɪteɪʃən ðæt hɐz noʊ pɔɪnt ænd ɡoʊz noʊwɛɹ ,0
ðɪ ɑːɹt dᵻmændz laɪv vjuːɪŋ ,1
pɔːl kɑːks niːdᵻd tə ʃoʊ ɪt ,0
ɐstɑːnɪʃɪŋ ɛlɑːɹbiː fɹeɪmz ɑːɹɹɑːɹbiː pɹəfaʊnd ɛθɪkəl ænd fɪləsɑːfɪkəl kwɛstʃənz ɪnðə fɔːɹm ʌv dæzlɪŋ pɑːp ɛntɚteɪnmənt ,1
"ɔːlðoʊ ðə sʌbdʒɛkt mæɾɚ meɪ stɪl biː tuː kloʊs tə ɹiːsənt næʃənəl ᵻvɛnts , ðə fɪlm wɜːks moʊstli duː tʊ ɪts suːpiəɹɪɚ kæst ʌv kæɹɪktɚz ",1
ɐ stɜːɹɪŋ ɹoʊd muːvi ,1
"bɜːstɪŋ θɹuː ðə kənstɹeɪnts ʌv ɪts soːɹs , ðɪs ɪz wʌn ɐdæptᵻd fɹʌm tɛlᵻvɪʒən muːvi ðæt æktʃuːəli lʊks æz ɪf ɪt bᵻlɔŋz ɔnðə bɪɡ skɹiːn ",1
"iːvən wɪð ɔːl ɪts bɑːtʃᵻz , ɛnɪɡmə ɔfɚz ɔːl ðə plɛʒɚɹ əvə hændsʌm ænd wɛl meɪd ɛntɚteɪnmənt ",1
"ðɪ ɪmɪdʒᵻz læk kɑːntɹæst , ɑːɹ mɜːki ænd ɑːɹ fɹiːkwəntli tuː dɑːɹk təbi dᵻsaɪfɚɹəbəl ",0
"ðɛɹ ɛs ɹiːəl vɪʒuːəl tʃɑːɹdʒ tə ðə fɪlmeɪkɪŋ , ænd ɐ stɹɔŋ ɪɹɑːɾɪk spɑːɹk tə ðə moʊst kɹuːʃəl lɪp ɹiːdɪŋ siːkwəns ",1
"ɪf juː ɹiː ɪnðə ɹaɪt biː muːvi fɹeɪm ʌv maɪnd , ɪt meɪ dʒʌst skɛɹ ðə pænts ɔf juː ",1
sɪɾi baɪ ðə siː ɪz ɐ ɡɹɪɾi pəliːs θɹɪlɚ wɪð ɔːl ðə dɪsfʌŋkʃənəl fæmɪli daɪnæmɪks wʌn kʊd wɪʃ fɔːɹ ,1
dɪzməli dʌl saɪ faɪ kɑːmədi ,0
"ɪt ɛs wɪɹd , wʌndɚfəl , ænd nɑːt nɛsɪsɛɹᵻli fɔːɹ kɪdz ",1
"ɛksᵻkjuːɾᵻd wɪð sʌtʃ dʒɛntəl bʌt ɪnsɪstənt sɪnsɛɹᵻɾi , wɪð sʌtʃ ɡʊd hjuːmɚ ænd ɐpɹiːʃɪeɪʃən ʌvðə deɪli ɡɹaɪnd ðæt oʊnli ðə moʊst hɑːɹdhɑːɹɾᵻd skɹuːdʒ kʊd feɪl tə ɹᵻspɑːnd ",1
meɪbiː hiː wʌz ɹiːdɪŋ ðə maɪndz ʌvðɪ ɔːdiəns ,1
"ɡɹɛniɚɹ ɪz tɚɹɪfɪk , bɹɪŋɪŋ ɐn ʌnfoːɹst , ɹæpɪd faɪɚ dᵻlɪvɚɹi tə təbæk ɛs haɪdɛɡɚ ænd niːtʃɚ ɹɛfɹənsɪŋ daɪəlɑːɡ ",1
bɜːnz fɪfθ bɪɹ soʊkt fɪlm fiːlz ɪn ɔːlmoʊst ɛvɹi pɑːsᵻbəl weɪ fɹʌmðə ɹaɪɾɪŋ ænd dᵻɹɛkʃən tə ðə sɑːɡi pɚfoːɹmənsᵻz tɔst ɔf ,0
lɛs ðə sɛnseɪʃənəl tɹuː kɹaɪm hɛl dʒɔːnt pjʊɹɹɪsts maɪt laɪk ænd moːɹ ɛkspɛɹɪmɛntəl ɪn ɪts stɔːɹɪtɛlɪŋ ɛlɑːɹbiː ðoʊ noʊ lɛs hɔːɹɪfaɪɪŋ fɔːɹ ɪɾ ɑːɹɹɑːɹbiː ,1
ɪt ɛs nɑːt soʊ mʌtʃ ɐ muːvi æz ɐ dʒɔɪnt pɹəmoʊʃən fɚðə næʃənəl bæskɪtbɔːl ɐsoʊsɪeɪʃən ænd tiːneɪdʒd ɹæp ænd ædəlɛsənt poʊstɚ bɔɪ lɪl boʊ waʊ ,0
ɪt leɪbɚz æz stɔːɹɪtɛlɪŋ ,0
"ɐ fɜːst klæs ɹoʊd muːvi ðæt pɹuːvz juː kæn ɹʌn ɐweɪ fɹʌm hoʊm , bʌt jʊɹ iːɡoʊ ænd ɔːl jʊɹ pɹɑːbləmz ɡoʊ wɪð juː ",1
"ðə nɑːnstɑːp ɑːɹɾɪfɪs ʌltᵻmətli pɹuːvz taɪɚsʌm , wɪððə sɜːfɪs hɪstɹɪɑːnɪks feɪlɪŋ tə kɑːmpənseɪt fɚðə peɪpɚ θɪn kæɹɪktɚɹaɪzeɪʃənz ænd fæsəl sɪtʃuːeɪʃənz ",0
ɪt meɪks miː seɪ ðɪ ɑːbviəs ɐbændən ɔːl hoʊp əvə ɡʊd muːvi jiː huː ɛntɚ hɪɹ ,0
fɛstɚz ɪn dʒʌst sʌtʃ ɐ dʌŋpaɪl ðæt juː diː swɛɹ juː wɜː wɑːtʃɪŋ mʌŋkiz flɪŋɪŋ ðɛɹ fiːsᵻz æt juː ,0
"jɛs , aɪ hæv ɡɪvən ðɪs muːvi ɐ ɹeɪɾɪŋ ʌv ziəɹoʊ ",0
"ɐ bɔɪənt ɹoʊmæntɪk kɑːmədi ɐbaʊt fɹɛndʃɪp , lʌv , ænd ðə tɹuːθ ðæt wiː ɹiː ɔːl ɪn ðɪs təɡɛðɚ ",1
ðə loʊkeɪʃənz ɡoʊ fɹʌm stɑːɹk dɛzɚt tə ɡoːɹdʒəs biːtʃᵻz ,1
"ɐn ɐksɛptəbəl weɪ tə pæs ɐ lɪɾəl oʊvɚɹ ɐn aʊɚ wɪð muːvɪeɪɡoʊɚz eɪdʒᵻz eɪt tɛn , bʌt ɪt ɛs ʌnlaɪkli tʊ ɪnspaɪɚɹ ɛnɪθɪŋ moːɹ ðænə vɪzɪt tə məkdɑːnəld ɛs , lɛt ɐloʊn sʌm sævi stɹiːt æktɪvɪzəm ",0
ðoʊz huː ɑːɹ ɛnt pʊt ɔf baɪ ðə fɪlm ɛs ɔːstɛɹᵻɾi wɪl faɪnd ɪt moːɹ ðɐn keɪpəbəl ʌv ɹᵻwɔːɹdɪŋ ðɛm ,1
"hɐz nʌθɪŋ ɡʊd tə spiːk ɐbaʊt ʌðɚ ðɐn ðə fækt ðɐɾɪt ɪz ɹɛlətɪvli ʃɔːɹt , tɹaɪz ɪts bɛst tə haɪd ðə fækt ðæt siːɡəl ɛs oʊvɚweɪt ænd aʊɾəv ʃeɪp ",0
"laɪk ɐ θɹiː ɹɪŋ sɜːkəs , ðɛɹɑːɹ saɪd stoːɹiz ɐplɛnti nʌn ʌv ðɛm mɛmɚɹəbəl ",0
ɐ fæsᵻneɪɾɪŋ lɪɾɚɹɛɹi mɪstɚɹi stoːɹi wɪð mʌltɪpəl stɹændz ɐbaʊt ðə kɑːntɹəvɜːsi ʌv huː ɹiəli ɹoʊt ʃeɪkspɪɹ ɛs pleɪz ,1
dʒʌst tuː sɪli ænd sɑːfəmɔːɹɪk tʊ ɛnsnɛɹ ɪts tɑːɹɡɪt ɔːdiəns ,0
wʌn ʌvðə moːɹ ɪnfluːɛnʃəl wɜːks ʌvðə kɚɹiːən nuː weɪv ,1
ðə kloʊsɪst θɪŋ tə ðɪ ɛkspiəɹɪəns ʌv speɪs tɹævəl ,1
"ɹaɪt naʊ , ðeɪ ɹiː mɪɹli saɪnpoʊsts mɑːɹkɪŋ ðə sloʊ , lɪŋɡɚɹɪŋ dɛθ ʌv ɪmædʒᵻneɪʃən ",0
"waɪl iːziɚ tə sɪt θɹuː ðɐn moʊst əv dʒæɡləm ɛs sɛlf kɑːnʃəs ænd ɡɹeɪɾɪŋli ɪɹᵻteɪɾɪŋ fɪlmz , ɪt ɛs stɪl teɪntᵻd baɪ kliːʃeɪᵻz , peɪnfəl ɪmpɹɑːbəbɪlᵻɾi ænd mɜːki pɔɪnts ",0
bɑːn æp tɪt ! ,1
"æz ænɪmeɪʃən ɪŋkɹiːsɪŋli ɛmfɐsaɪzᵻz ðə kəmpjuːɾɚ ænd ðə kuːl , ðɪs ɪz ɐ fɪlm ðæt teɪks ɐ stænd ɪn feɪvɚɹ ʌv tɹɐdɪʃən ænd wɔːɹmθ ",1
"bɔɪ , hɐz ðɪs fɹæntʃaɪz ɛvɚ ɹʌn aʊɾəv ɡæs ",0
ðə fɪlm ɪtsɛlf ɪz ɐbaʊt sʌmθɪŋ vɛɹi ɪntɹɛstɪŋ ænd ɑːd ðæt wʊd pɹɑːbəbli wɜːk bɛɾɚɹ æz ɐ ɹiːəl dɑːkjuːmɛntɚɹi wɪðaʊt ðɪ ɪnsɪnjuːeɪʃən ʌv miːdɪoʊkɚɹ æktɪŋ ɔːɹ ɐ fɛɹli tɹaɪt næɹətɪv ,0
tuː aʊɚz ʌv dʒʌŋk ,0
ðɪs ɪz æbsəluːtli ænd kəmpliːtli ɹɪdɪkjʊləs ænd ɐn ɪnsʌlt tʊ ɛvɹi fæmɪli huːz mʌðɚ hɐz sʌfɚd θɹuː ðə hɔːɹɪbəl peɪnz əvə dɛθ baɪ kænsɚ ,0
aɪ lʌv ðɪ oʊpənɪŋ siːnz əvə wɪntɹi nuː jɔːɹk sɪɾi ɪn wʌn θaʊzənd eɪthʌndɹɪd naɪnti naɪn ,1
"ɛlɑːɹbiː diː ɑːɹɹɑːɹbiː ɛspaɪt ɪts fəmɪlɪɹ sʌbdʒɛkt mæɾɚ , aɪs eɪdʒ ɪz kənsɪstəntli ɐmjuːzɪŋ ænd ɛŋɡɹoʊsɪŋ ",1
"ðoʊ ɪts ɹæðɚ ɹuːtiːn skɹɪpt ɪz loʊdᵻd wɪð fəmɪlɪɹ sɪtʃuːeɪʃənz , ðə muːvi hɐz ɐ sɪnɪmæɾɪk fluːɪdᵻɾi ænd sɛns ʌv ɪntɛlɪdʒəns ðæt meɪks ɪt wɜːk moːɹ ðɐn ɪt pɹɑːbəbli ʃʊd ",1
ɔːltɜːnətɪv mɛdəsən ɑːbviəsli hɐz ɪts mɛɹɪts bʌt aɪɚvɛdə dʌz ðə fiːld noʊ feɪvɚz ,0
ɐ lɪvɪŋ tɛstəmənt tə ðə paʊɚɹ ʌvðɪ ɛksɛntɹɪk ænd ðə stɹeɪndʒ ,1
ɪt ɛs nɑːt æz ɔːfəl æz sʌm ʌvðə ɹiːsənt hɑːliwʊd tɹɪp tɹaɪp bʌt ɪt ɛs fɑːɹ fɹʌm ɐ ɡɹaʊndbɹeɪkɪŋ ɛndɛvɚ ,0
"ɪnfᵻdɛlᵻɾi dɹɑːmə ɪz naɪsli ʃɑːt , wɛl ɛdɪɾᵻd ænd fiːtʃɚz ɐ stændaʊt pɚfoːɹməns baɪ daɪæn leɪn ",1
ɐ soʊlləs dʒʌmbəl ʌv ɪnɛptli ɐsɛmbəld kliːʃeɪᵻz ænd pæbjʊləm ðæt pleɪz laɪk ɐ naɪnti faɪv mɪnɪt kəmɜːʃəl fɔːɹ ɛnbiːeɪ pɹɑːpɚɾiz ,0
"tɔːkinəs ɪz ɛnt nɛsɪsɛɹᵻli bæd , bʌt ðə daɪəlɑːɡ fɹiːkwəntli mɪsɪz ðə mɑːɹk ",0
"bʌt ðə tuː θaʊzənd tuː fɪlm dʌz ɛnt ɹiəli bᵻliːv ɪn ɪt , ænd bɹeɪks ðə muːd wɪð ɐbsɜːdli ɪnɐpɹoʊpɹiət kɑːmədi siːnz ",0
nɑːt soʊ mʌtʃ fɑːɹsɪkəl æz saʊɚ ,0
"laɪk laɪf ɔnðɪ aɪlənd , ðə muːvi ɡɹoʊz boːɹɪŋ dᵻspaɪt ðə siːnɚɹi ",0
ðə mətɪɹiəl ænd ðə pɹədʌkʃən ɪtsɛlf ɑːɹ lɪɾəl moːɹ ðɐn ɹuːtiːn ,0
"ɐspaɪɚz tə ðə kɹækt luːnəsi ʌvðɪ ɐdvɛntʃɚz ʌv bʌkɐɹuː bænzaɪ , bʌt θæŋks tʊ ɐn ɐstɑːnɪʃɪŋli wɪtləs skɹɪpt ɛndz ʌp moːɹ laɪk ðɪ ɐdvɛntʃɚz ʌv foːɹd fɛɹleɪn ",0
"fɑːɹmoːɹ səksɛsfəl , ɪf kənsɪdɚɹəbli lɛs æmbɪʃəs , ðɐn læst jɪɹ ɛs kʌbɹɪk miːts spiːlbɜːɡ ɛksɚsaɪz ",1
"wɛn ɪt ɛs ðɪs ɹɪtʃ ænd lʌʃəs , huː kɛɹz ? ",1
"ɪnfɔːɹmətɪv , ɪntɹiːɡɪŋ , əbzɜːvənt , ɔfən tʌtʃɪŋ ɡɪvz ɐ hjuːmən feɪs tə wʌt ɛs ɔfən dɪskʌst ɪn pjʊɹli æbstɹækt tɜːmz ",1
"ɐ kəmpɛlɪŋ pɹiː dʌbəljuːdʌbəljuːtuː dɹɑːmə wɪð vɪvɪd kæɹɪktɚz ænd ɐ wɔːɹm , muːvɪŋ mɛsɪdʒ ",1
"ɐ bᵻzɑːɹ piːs ʌv wɜːk , wɪð pɹɛmɪs ænd daɪəlɑːɡ æt ðə lɛvəl ʌv kɪdz tɛlᵻvɪʒən ænd plɑːt θɹɛdz æz mɚɹoʊs æz tiːn pɹɛɡnənsi , ɹeɪp ænd səspɛktᵻd mɜːdɚ ",0
"æt bɛst , klɛɾiz taʊt maɪt ɪnspaɪɚɹ ɐ tɹɪp tə ðə vɪdɪoʊ stoːɹ ɪn sɜːtʃ əvə bɛɾɚ muːvi ɛkspiəɹɪəns ",0
skɪp ðɪs tɜːd ænd pɪk jʊɹ noʊz ɪnstɛd bɪkʌz juː ɹiː ʃʊɹ tə ɡɛt moːɹ aʊɾəv ðə læɾɚɹ ɛkspiəɹɪəns ,0
"wʌt ɐ kɑːnsɛpt , wʌt ɐn aɪdiə , wʌt ɐ θɹɪl ɹaɪd ",1
"ʌnlaɪk moʊst sɜːf muːvɪz , bluː kɹʌʃ θɹɪlɪŋli juːsᵻz mɑːdɚn tɛknɑːlədʒi tə teɪk ðə vjuːɚɹ ɪnsaɪd ðə weɪv ",1
"biː fɔːɹwɔːɹnd , ɪf juː ɹiː dᵻpɹɛst ɐbaʊt ɛnɪθɪŋ bᵻfoːɹ wɑːtʃɪŋ ðɪs fɪlm , juː meɪ dʒʌst ɛnd ʌp tɹaɪɪŋ tə dɹaʊn joːɹsɛlf ɪn ɐ leɪk æftɚwɚdz ",0
ɪt hɐz bɪkʌm ɐpæɹənt ðætðə fɹæntʃaɪz ɛs bɛst jɪɹz ɑːɹ lɔŋ pæst ,0
ɪt stɹaɪks hɑːɹdɪst wɛn ɪt ɹᵻmaɪndz juː haʊ pɜːtɪnənt ɪts daɪnæmɪks ɹᵻmeɪn ,1
"moʊst kənsuːmɚz ʌv loʊ meɪn ænd dʒɛnɚɹəl tsoʊ ɛs tʃɪkɪn bɛɹli ɡɪv ɐ θɔːt tə ðə foʊks huː pɹɪpɛɹ ænd dᵻlɪvɚɹ ɪt , soʊ , hoʊpfəli , ðɪs fɪlm wɪl ɐtætʃ ɐ hjuːmən feɪs tʊ ɔːl ðoʊz lɪɾəl stiːmɪŋ kɑːɹtənz ",1
"iːvən ɪn tɜːmz ʌvðə loʊ ɡɹeɪd tʃiːz stændɚdz ɔn wɪtʃ ɪɾ ɑːpɚɹeɪts , ɪt nɛvɚ kwaɪt meɪks ðə ɡɹeɪd æz tɔːdɹi tɹæʃ ",0
ðə naɪsɪst θɪŋ ðæt kæn biː sɛd ɐbaʊt stiːlɪŋ hɑːɹvɚd ɛlɑːɹbiː wɪtʃ maɪthɐv bɪn kɔːld fɹɛdi ɡɛts məlɛstᵻd baɪ ɐ dɑːɡ ɑːɹɹɑːɹbiː ɪz ðɐɾɪt ɛs nɑːt æz ɑːbnɑːkʃəs æz tɑːm ɡɹiːn ɛs fɹɛdi ɡɑːt fɪŋɡɚd ,0
"ɪl kənsɪdɚd , ʌnhoʊli hoʊkəm ",0
ɪt ɛs dʒʌst mɪɹli vɛɹi bæd ,0
ɐ flɪk ɐbaʊt aʊɚɹ ɪnfæntəlaɪzd kʌltʃɚ ðæt ɪz ɛnt ɛntaɪɚli ɪnfəntaɪl ,1
"ɹaɪmɚ dʌz ɛnt tɹʌst læfs ænd dʌz ɛnt kʌndʒɚ pɹɑːpɚ ɹᵻspɛkt fɔːɹ fɑːloʊɚz ʌvðə hoʊl dɛd ʌndɛd ʒɑːnɹə , huː dɪzɜːv moːɹ fɹʌm ɐ væmpaɪɚ pɪk ðænə fjuː ʃɹiːki spɛʃəl ɪfɛkts ",0
tɹaɪɪŋ tə meɪk hɛd ɔːɹ teɪl ʌvðə stoːɹi ɪnðə hɪp hɑːp ɪndi snaɪps ɪz ɪnʌf tə ɡɪv juː bɹeɪn stɹeɪn ænd ðə peɪ ɔf ɪz nɛɡlɪdʒəbəl ,0
ðə fɪlm dʌz ɡɪv ɐ pɹɪɾi ɡʊd oʊvɚɹɔːl pɪktʃɚɹ ʌvðə sɪtʃuːeɪʃən ɪn læɹeɪmi fɑːloʊɪŋ ðə mɜːdɚɹ ʌv mæθjuː ʃɛpɚd ,1
"ðɪs tuːθləs dɑːɡ , ɔːlɹɛdi ɔn keɪbəl , luːzᵻz ɔːl baɪt ɔnðə bɪɡ skɹiːn ",0
"ðɪs ɹɪtʃ , bɪɾɚswiːt ɪzɹeɪli dɑːkjuːmɛntɚɹi , ɐbaʊt ðə laɪf ʌv sɔŋ ænd dæns mæn pæsætʃ kiː bɜːstaɪn ænd hɪz fæmɪli , tɹænsɛndz ɛθnɪk laɪnz ",1
"bɑːl juːsᵻz ɐ lɑːt ʌv kwɪk kʌɾɪŋ ænd blɜːɹi stɛp pɹɪntɪŋ tə ɡuːs θɪŋz ʌp , bʌt doʊpi daɪəlɑːɡ ænd sʌmtaɪmz ɪnædɪkwət pɚfoːɹmənsᵻz kɪl ðɪ ɪfɛkt ",0
ðɪs naɪnti mɪnɪt dʌd kʊd pæs fɔːɹ maɪk taɪsən ɛs iː ! ,0
ɐ dʒənɛɹɪk fæmɪli kɑːmədi ʌnlaɪkli təbi ɐpɹiːʃɪeɪɾᵻd baɪ ɛnɪwʌn aʊtsaɪd ðɪ ʌndɚ tɛn sɛt ,0
"ɐn æmətʃɚɹɪʃ , kweɪzaɪ ɪmpɹəvaɪzd æktɪŋ ɛksɚsaɪz ʃɑːt ɔn ʌɡli dɪdʒɪɾəl vɪdɪoʊ ",0
ðə vɛɹi sɪmpəl stoːɹi siːmz tuː sɪmpəl ænd ðə wɜːkɪŋ aʊɾəv ðə plɑːt ɔːlmoʊst ɑːɹbɪtɹɛɹi ,0
ðɪ ɛlɪmənts wɜːɹ ɔːl ðɛɹ bʌt læk əvə pɪskəlɑːdʒɪkəl sɛntɚ nɑːks ɪt flæt ,0
"ɛɡzæktli wʌt ɪts taɪɾəl ɪmplaɪz lʌsti , bɔɪstɚɹəs ænd ʌɾɚli tʃɑːɹmɪŋ ",1
"wʌt ɹᵻmeɪnz ɪz ɐ vɛɹiənt ʌvðə nɪŋkəmpuːp bᵻnɪɡni pɜːsoʊnə , hɪɹ ɐ moːɹ ɐnɔɪɪŋ , ðoʊ lɛs æŋɡɹi vɜːʒən ʌvðɪ ɪɹᵻspɑːnsᵻbəl sændəlɹiən mæntʃaɪld , ʌndɚkʌt baɪ ðə vɔɪs ʌvðə stɑːɹ ʌv ɹoʊd tɹɪp ",0
tʃɛɹɪʃ ɪz ɐ dʌd ɐ ɹoʊmæntɪk kɑːmədi ðæt ɛs nɑːt ðə liːst bɪt ɹoʊmæntɪk ænd oʊnli maɪldli fʌni ,0
"hɑːɹtwɔːɹmɪŋ hɪɹ ɹᵻlaɪz lɛs ɔn foːɹst ɛɹ ðɐn ɔn pɛɾɚɹ ɛn ɛsɛs dɛlᵻkət , klɛvɚ dᵻɹɛkʃən ænd ɐ wʌndɚfəl , ɪmædʒɪnətɪv skɹɪpt baɪ æksəl hɛlstiːnɪəs ",1
"lɛt ɛs siː , ɐ hɔːntᵻd haʊs , ɐ hɔːntᵻd ʃɪp , wʌt ɛs nɛkst ɡoʊst blɪmp ? ",0
"wɪð ɪts peɪnt faɪts , moʊɾɚɹaɪzd skuːɾɚ tʃeɪsᵻz ænd duːi aɪd sɛntɪmənt , ɪt ɛs ɐ pɹɪɾi lɪstləs kəlɛkʃən ʌv kɪd muːvi klɪx ɛs ",0
"beɪst ɔn deɪv bæɹi ɛs pɑːpjʊlɚ bʊk ʌvðə seɪm neɪm , ðə muːvi bɛnɪfɪts fɹʌm hævɪŋ ɐ ɹiːəl ɹaɪɾɚ plɑːt aʊt ɔːl ʌvðə kæɹɪktɚz muːvz ænd oʊvɚlæpɪŋ stoːɹi ",1
wʌt ɛs mɪsɪŋ ɪz wʌt wiː kɔːl ðə waʊ fæktɚ ,0
"noːɹməli , ɹoʊmɚ ɛs tɔːki fɪlmz fæsᵻneɪt miː , bʌt wɛn hiː muːvz hɪz sɛɾɪŋ tə ðə pæst , ænd ɹᵻlaɪz ɔn ɐ hɪstɔːɹɪkəl tɛkst , hiː luːzᵻz ðə ɹɪtʃnəs ʌv kæɹɪktɚɹaɪzeɪʃən ðæt meɪks hɪz fɪlmz soʊ mɛmɚɹəbəl ",0
"iːvən ɪf ɪɾ ɪz dʒɛnɚɹəli ɐmjuːzɪŋ fɹʌm taɪm tə taɪm , aɪ spaɪ hɐz ɔːl ðə seɪm pɹɑːbləmz ðə mədʒɔːɹᵻɾi ʌv ækʃən kɑːmədiz hæv ",0
"juː wɑːtʃ fɔːɹ ðæt sɛns ʌv oʊpənnəs , ðə lɪɾəl sɚpɹaɪzᵻz ",1
"ðɪ ɜːbən lændskeɪps ɑːɹ diːteɪld daʊn tə ðə saɪnz ɔnðə kiːɑːsks , ænd ðə kʌlɚ pælət , wɪð lɑːts ʌv sɑːmɚ bluːz ænd pɪŋks , ɪz dɹiːmi ænd ɪvɑːkətɪv ",1
"ðɪ ɐbaɪdɪŋ ɪmpɹɛʃən , dᵻspaɪt ðə maɪld hɐluːsɪnoʊdʒɛnɪk bʌz , ɪz ʌv oʊvɚwɛlmɪŋ weɪst ðɪ eɪkɚz ʌv hɔːt kuːtʊɹ kɑː ɛnt kwaɪt kənsiːl ðæt ðɛɹ ɛs nʌθɪŋ ɹᵻzɛmblɪŋ ɐ spaɪn hɪɹ ",0
"ɪt θɹoʊz kwɜːki kæɹɪktɚz , ɑːd sɪtʃuːeɪʃənz , ænd ɔf kɪltɚ daɪəlɑːɡ æɾ ʌs , ɔːl æz ɪf tə seɪ , lʊk æt ðɪs ! ",1
ælən ænd hɪz fɛloʊ sɚvaɪvɚz ɑːɹ ɪdɪɑːsɪŋkɹæɾɪk ɪnʌf tə lɪft ðə muːvi əbʌv ɪts pleɪɹaɪɾɪŋ wʌnhʌndɹɪd wʌn pɹɛmɪs ,1
"ɐ fɪlm niːðɚ bɪɾɚ nɔːɹ swiːt , niːðɚ ɹoʊmæntɪk nɔːɹ kəmiːdɪk , niːðɚ wɔːɹm nɔːɹ fʌzi ",1
"ʌv ɔːl ðə hæloʊiːn ɛs , ðɪs ɪz ðə moʊst vɪʒuːəli ʌnɐpiːlɪŋ ",0
"laɪt , sɪli , foʊɾəɡɹæft wɪð kʌlɚ ænd dɛpθ , ænd ɹæðɚɹ ɐ ɡʊd taɪm ",1
ɪt ɛs ɹᵻfɹɛʃɪŋ tə siː ɐ ɹoʊmæns ðɪs smɑːɹt ,1
"sɑːdən ænd ɡlʌm , iːvən ɪn ðoʊz moʊmənts wɛɹ ɪt ɛs səpoʊzd tə fiːl fʌni ænd laɪt ",0
"wɪð nɛɹi ɐ ɡlɪmɚɹ ʌv sɛlf nɑːlɪdʒ , ɛlɑːɹbiː kɹeɪn ɑːɹɹɑːɹbiː bɪkʌmz moːɹ spɛsɪmən ðɐn kæɹɪktɚ ænd ɔːɾoʊ foʊkəs ɹᵻmeɪnz ɐ tʃɪli , klɪnɪkəl læb ɹᵻpoːɹt ",0
nʌθɪŋ ɐbaʊt ðə fɪlm wɪððə pɑːsᵻbəl ɛksɛpʃən ʌv ᵻlɪzəbəθ hɜːli ɛs bɹɛsts ɪz ɔːθɛntɪk ,0
ɐ mænɪkli dʒɛnɚɹəs kɹɪsməs vɔːdvɪl ,1
ðə paʊdɚ bluːz ænd sʌn splæʃt waɪts ʌv tuːniz meɪk ɐn ɐlʊɹɹɪŋ bækdɹɑːp fɔːɹ ðɪs sɛnsjuːəs ænd spɪɹɪɾᵻd teɪl əvə pɹɪm wɪdoʊ huː faɪndz ɐn ʌnlaɪkli ɹᵻliːs ɪn bɛli dænsɪŋ klʌbz ,1
"wɪð dɪkənz wɜːdz ænd ɹaɪɾɚ dᵻɹɛktɚ dʌɡləz məɡɹæθ ɛs iːvən toʊnd dᵻɹɛkʃən , ɐ ɹɪpɪŋ ɡʊd jɑːɹn ɪz toʊld ",1
"aɪ ɐpɹoʊtʃt ðɪ ʌʃɚ ænd sɛd ðæt ɪf ʃiː hædtə sɪt θɹuː ɪɾ ɐɡɛn , ʃiː ʃʊd æsk fɚɹɚ ɹeɪz ",0
ɪt meɪks juː bᵻliːv ðə kæst ænd kɹuː θʌɹoʊli ɛndʒɔɪd ðɛmsɛlvz ænd bᵻliːvd ɪn ðɛɹ smɔːl bʌdʒɪt fɪlm ,1
"ðə fɪlm ɪz ɛnɹɪtʃt baɪ ɐn ɪmædʒɪnətɪvli mɪkst kæst ʌv æntɪk spɪɹɪts , hɛdᵻd baɪ kɹɪstəfɚ plʌmɚɹ æz ðə sʌbtəlɪst ænd moʊst kɑːmplɛksli iːvəl ʌŋkəl ɹælf aɪ viː ɛvɚ siːn ɪnðə mɛni fɪlm ænd steɪdʒ ædæpteɪʃənz ʌvðə wɜːk ",1
"ðiːz θɹiː fɪlmz fɔːɹm ɐ ɹᵻmɑːɹkəbli koʊhiːsɪv hoʊl , boʊθ vɪʒuːəli ænd θiːmæɾɪkli , θɹuː ðɛɹ kənsɪstəntli sɛnsᵻtɪv ænd ɔfən ɛksaɪɾɪŋ tɹiːtmənt əvən ɪɡnoːɹd piːpəl ",1
"smɑːɹt ænd ɐlɜːt , θɜːtiːn kɑːnvɚseɪʃənz ɐbaʊt wʌn θɪŋ ɪz ɐ smɔːl dʒɛm ",1
ɪnseɪnli hɪlɛɹiəs ! ,1
"stɹɪps baɪbəl stoːɹz ʌvðə pətɛnʃəl fɔːɹ sæŋktɪmoʊniəsnəs , meɪkɪŋ ðɛm miːnɪŋfəl fɔːɹ boʊθ kɪdz ænd tʃɜːtʃ wɛɹi ɐdʌlts ",1
"ɪt ɛs dʒʌst wɪɹdnəs fɚðə seɪk ʌv wɪɹdnəs , ænd wɛɹ hjuːmən neɪtʃɚ ʃʊd biː ɪŋɡɹeɪʃɪeɪɾɪŋ , ɪt ɛs dʒʌst ɡɹeɪɾɪŋ ",0
"ɪts ɔːdeɪʃəs æmbɪʃənz sæbətɑːʒd baɪ pəmpɔsᵻɾi , stiːvən soʊdɚbɚɡ ɛs speɪs ɑːpɚɹə ɪmɜːdʒᵻz æz ɐ nʌmɪŋli dʌl ɛkspiəɹɪəns ",0
ɪt wɜːks ɪts mædʒɪk wɪð sʌtʃ ɛɡzjuːbɚɹəns ænd pæʃən ðætðə fɪlm ɛs lɛŋθ bɪkʌmz ɐ pɑːɹt ʌv ɪts fʌn ,1
"iːvən ɪf ðɪ ɛntaɪsɪŋ pɹɑːspɛkt əvə lɑːt ʌv nuːbaɪl jʌŋ æktɚz ɪn ɐ fɪlm ɐbaʊt kæmpəs dᵻpɹævᵻɾi dɪd ɛnt feɪd ɐmɪd ðə dᵻlɪbɚɹət , taɪɚsʌm ʌɡlinəs , ɪt wʊd biː ɹɛndɚd tiːdiəs baɪ ævɚɹi ɛs feɪlɪɹ tə kənstɹʌkt ɐ stoːɹi wɪð iːvən ɐ tɹeɪs ʌv dɹəmæɾɪk ɪntɹɛst ",0
ɪt ɡoʊz ɔn fɔːɹ tuː lɔŋ ænd bɑːɡz daʊn ɪn ɐ sɜːfɪt ʌv kæɹɪktɚz ænd ʌnnɛsᵻsɚɹi sʌbplɑːts ,0
ɐ fiːl ɡʊd muːvi ðæt dʌz ɛnt ɡɪv juː ɪnʌf tə fiːl ɡʊd ɐbaʊt ,0
"ɡɪv ʃæpiəɹoʊ , ɡoʊldmən , ænd bəlɑːdoʊ kɹɛdɪt fɔːɹ ɡʊd ɪntɛnʃənz , bʌt ðɛɹ ɛs nʌθɪŋ hɪɹ ðæt ðeɪ kʊd ɛnt hæv dʌn ɪn hæf ɐn aʊɚ ",0
"aɪ wʌz fiːlɪŋ ðɪs muːvi ʌntɪl ɪt vɪɹd ɔf tuː fɑːɹ ɪntʊ ðɪ ɛksɑːn zoʊn , ænd lɛft miː bᵻhaɪnd æt ðə steɪʃən lʊkɪŋ fɚɹɚ ɹᵻtɜːn tɪkɪt tə ɹiːəlɪzəm ",0
"ɪf ðə ɹiːəl laɪf stoːɹi ɪz dʒɛnjuːɪnli ɪnspɚɹeɪʃənəl , ðə muːvi stɜːz ʌs æz wɛl ",1
dɪstɜːbɪŋ ,0
"ðə lɑːɹdʒ fɹeɪm ɪmæks kæmɹə lɛndz ɪtsɛlf bjuːɾɪfəli tə fɪlmɪŋ ðə tiːmɪŋ laɪf ɔnðə ɹiːfs , meɪkɪŋ ðɪs ɡoːɹdʒəs fɪlm ɐ mʌst fɔːɹ ɛvɹɪwʌn fɹʌm dʒuːnjɚ saɪəntɪsts tə ɡɹoʊn ʌp fɪʃ lʌvɚz ",1
ɪt ɛs hɑːɹd tə pɪɾi ðə pleɪn ɡɜːl huː bɪkʌmz ɐ ɹævɪʃɪŋ weɪf æftɚɹ ɐplaɪɪŋ ɐ smɪɹ ʌv lɪp ɡlɔs ,0
waɪ ɛnɪwʌn huː ɪz nɑːɾə kæɹɪktɚɹ ɪn ðɪs muːvi ʃʊd kɛɹ ɪz bᵻjɔnd miː ,0
"ðə muːvi ɛs meɪdʒɚ ænd moʊst dɛvᵻsteɪɾɪŋ flɔː ɪz ɪts ɹᵻlaɪəns ɔn fɔːɹmjʊlə , ðoʊ , ænd ɪt ɛs kwaɪt ɪnʌf tə lɛsən ðɪ oʊvɚɹɔːl ɪmpækt ðə muːvi kʊdɐv hæd ",0
"ɪɾ ɪz dᵻpɹɛsɪŋ , ɹuːθləsli peɪnd ænd dᵻpɹeɪvd , ðə muːvi ɪkwɪvələnt ʌv stɛɹɪŋ ɪntʊ ɐn oʊpən wuːnd ",0
"æz eɪmləs æz ɐn oʊld pɪkʌp skɪdɪŋ kəmpliːtli aʊɾəv kəntɹoʊl ɔn ɐ lɔŋ pætʃ ʌv blæk aɪs , ðə muːvi meɪks tuː aʊɚz fiːl laɪk foːɹ ",0
ɐ kɑːmədi dɹɑːmə ʌv nɪɹli ɛpɪk pɹəpoːɹʃənz ɹuːɾᵻd ɪn ɐ sɪnsɪɹ pɚfoːɹməns baɪ ðə taɪɾəl kæɹɪktɚɹ ʌndɚɡoʊɪŋ mɪdlaɪf kɹaɪsɪs ,1
kənteɪnz vɛɹi fjuː læfs ænd iːvən lɛs sɚpɹaɪzᵻz ,0
"ɐ hɔːɹɪbəl , naɪnti naɪn mɪnɪt stɪŋk bɑːm ",0
"juː kæn wɑːtʃ , ɡɪɡəl ænd ɡɛt ɐn ɐdɹɛnəlɪn buːst wɪðaʊt fiːlɪŋ laɪk juː viː kəmpliːtli loʊɚd jʊɹ ɛntɚteɪnmənt stændɚdz ",1
ɜːnɪst ænd hɑːɹtfɛlt bʌt ʌndɚnɜːɹɪʃt ænd plɑːdɪŋ ,1
"ɐ dʌl , sɑːmnæmbjʊlənt ɛksɚsaɪz ɪn pɹɪtɛnʃən huːz pɚveɪsɪv kwaɪət ɪz bɹoʊkən baɪ fɹiːkwənt aʊtbɜːsts ʌv vaɪələns ænd nɔɪz ",0
ɪɾ ɪz ɛnt kwaɪt wʌn ʌvðə wɜːst muːvɪz ʌvðə jɪɹ ,0
ðə fɪlm pɹɛzənts vɪsɚɹəl ænd deɪndʒɚɹəsli ɑːnɪst ɹɛvɪleɪʃənz ɐbaʊt ðə mɛn ænd məʃiːnz bᵻhaɪnd ðə kɜːtənz ʌv aʊɚ plænɪt ,1
"hændəld kɚɹɛktli , waɪldə ɛs pleɪ ɪz ɐ mæstɚpiːs ʌv ɛlɪɡənt wɪt ænd ɑːɹɾɪfɪs ",1
ðɪs ɪz ðə bɛst stɑːɹ tɹɛk muːvi ɪn ɐ lɔŋ taɪm ,1
ɐ ɹᵻmɑːɹkəbli ɐlʊɹɹɪŋ fɪlm sɛt ɪnðə kənstɹɪktɪv aɪzənhaʊɚɹ iəɹə ɐbaʊt wʌn səbɜːbən wʊmən ɛs jɜːnɪŋ ɪnðə feɪs əvə lɔs ðæt ʃæɾɚz hɜː tʃɪɹi ænd tɹæŋkwɪl səbɜːbən laɪf ,1
"ɪnstɛd ʌv sɪmpli hændlɪŋ kənvɛnʃənəl mətɪɹiəl ɪn ɐ kənvɛnʃənəl weɪ , sɛkɹətɹi teɪks ðə moʊst ʌnɛkspɛktᵻd mətɪɹiəl ænd hændəlz ɪɾ ɪnðə moʊst ʌnɛkspɛktᵻd weɪ ",1
ɐ wɪnɪŋ kɑːmədi wɪð ɪts ɹaɪ ɑːbzɚveɪʃənz ɐbaʊt lɔŋ lɪvd fɹɛndʃɪps ænd ðə weɪz ɪnwɪtʃ wiː ɔːl luːz tɹæk ʌv aʊɚsɛlvz baɪ tɹaɪɪŋ tə pliːz ʌðɚz ,1
"ɹaɪɾɚ dᵻɹɛktɚ ɹændɔːl wɑːlɪs hɐz bɪʔn̩ ɔf moːɹ ðɐn hiː ɔːɹ ɛnɪwʌn ɛls kʊd tʃuː , ænd hɪz muːvi vɪɹz laɪk ɐ dɹʌŋkən dɹaɪvɚ θɹuː hɛvi tɹæfɪk ",0
"laɪk kɪsɪŋ dʒɛsɪkə staɪn , eɪmi ɛs ɔːɹɡæzəm hɐz ɐ kiː stɹɛŋθ ɪn ɪts wɪlɪŋnəs tʊ ɛksploːɹ ɪts pɹɪnsɪpəl kæɹɪktɚz wɪð ɑːnɪsti , ɪnsaɪt ænd hjuːmɚ ",1
ɐn ɛdᵻfaɪɪŋ ɡlɪmps ɪntʊ ðə wɪt ænd ɹɛvəluːʃənɛɹi spɪɹɪt ʌv ðiːz pɚfoːɹmɚz ænd ðɛɹ iəɹə ,1
"stɑːɹts pɹɑːmɪsɪŋli bʌt dɪsɪntᵻɡɹeɪts ɪntʊ ɐ dɹɪɹi , hjuːmɚləs soʊp ɑːpɚɹə ",0
"ðə tʌtʃ ɪz dʒɛnɚɹəli laɪt ɪnʌf ænd ðə pɚfoːɹmənsᵻz , fɚðə moʊst pɑːɹt , kɹɛdɪbəl ",1
"ɪɾ ɪz sɛntɪmɛntəl bʌt fiːlz fɹiː tʊ əfɛnd , ɪz ænɐlɪɾɪkəl ænd ðɛn sɚɹɛndɚz tə ðɪ ɪlɑːdʒɪk ʌv ɪts kæɹɪktɚz , ɪz ɐbaʊt ɡɹiːf ænd jɛt pɜːmɪts læftɚ ",1
eɪt lɛɡɪd fɹiːks woʊ ɛnt dʒɔɪn ðə pænθɪən ʌv ɡɹeɪt mɔnstɚ saɪəns fɪkʃən flɪks ðæt wiː hæv kʌm tə lʌv ,0
"haʊɚd ænd hɪz koʊ stɑːɹz ɔːl ɡɪv kəmɪɾᵻd pɚfoːɹmənsᵻz , bʌt ðeɪ ɹiː ɔfən ʌndʌn baɪ haʊɚd ɛs sɛlf kɑːnʃəs ɐtɛmpts tə faɪnd ɐ lɪɾɚɹɛɹi fɪlmeɪkɪŋ staɪl tə mætʃ hɪz sʌbdʒɛkt ",0
ðɪ æktɚz mʌst ɪndiːd biː ɡʊd tə ɹᵻsaɪt sʌm ʌv ðɪs læfəbəl daɪəlɑːɡ wɪð ɐ stɹeɪt feɪs ,0
"ɪt ɛs bɛɾɚ suːɾᵻd fɚðə hɪstɚɹi ɔːɹ baɪɑːɡɹəfi tʃænəl , bʌt ðɛɹ ɛs noʊ ɑːɹɡjuːɪŋ ðə toʊn ʌvðə muːvi ɪt liːvz ɐ bæd teɪst ɪn jʊɹ maʊθ ænd kwɛstʃənz ɔn jʊɹ maɪnd ",0
ɐ stoːɹi wɪtʃ feɪlz tə ɹaɪz əbʌv ɪts dɪsɡʌstɪŋ soːɹs mətɪɹiəl ,0
"bᵻlɔŋz ɪnðə tuː hɑːt fɔːɹ tiːviː dᵻɹɛkt tə vɪdɪoʊ diːviːdiː kæɾɪɡɚɹi , ænd ðɪs ɪz waɪ aɪ hæv ɡɪvən ɪɾ ɐ wʌn stɑːɹ ɹeɪɾɪŋ ",0
"ɪmædʒɪn ɐ fɪlm ðæt bɪɡɪnz æz ɐ sɛvən ɹɪp ɔf , oʊnli tə swɪtʃ tʊ ɐ mɪks ʌvðə ʃaɪnɪŋ , ðə θɪŋ , ænd ɛni neɪkᵻd tiːneɪdʒɚz hɔɹɚ flɪk fɹʌmðə naɪntiːnhʌndɹɪd eɪɾi z ",0
"wɪðaʊt ɐ fɹɛʃ ɪnfjuːʒən ʌv kɹiːeɪtɪvᵻɾi , foːɹ ɛvɚɹ ɪz niːðɚɹ ɐ pɹɑːmɪs nɔːɹ ɐ θɹɛt soʊ mʌtʃ æz wɪʃfəl θɪŋkɪŋ ",0
"ðɪs hʌmblɪŋ lɪɾəl fɪlm , fjuːəld baɪ ðə laɪt kəmiːdɪk wɜːk ʌv ʒaʊ bɛnʃən ænd ðə dɛlᵻkət weɪz ʌv dɑːŋ dʒaɪ , ɪz dʒʌst ðə sɔːɹt fɔːɹ ðoʊz muːvɪeɪɡoʊɚz huː kəmpleɪn ðæt ðeɪ duː ɛnt meɪk muːvɪz laɪk ðeɪ juːzd tʊ ɛnɪmoːɹ ",1
wʌt dʌz ɛnt ðɪs fɪlm hæv ðæt ɐn ɪmpɹɛʃənəbəl kɪd kʊd ɛnt stænd tə hɪɹ ? ,1
stiːvənz vaɪbɹənt kɹiːeɪɾɪv ɪnstɪŋkts ɑːɹ ðə dɪfɹəns bᵻtwiːn ðɪs ænd kaʊntləs ʌðɚ flɪks ɐbaʊt ɡaɪz ænd dɑːlz ,1
"ɪn ðɪs pʊɹ ɹᵻmeɪk ʌv sʌtʃ ɐ wɛl lʌvd klæsɪk , pɑːɹkɚɹ ɛkspoʊzᵻz ðə lɪmɪteɪʃənz ʌv hɪz skɪl ænd ðə beɪsɪk flɔːz ɪn hɪz vɪʒən ",0
oʊvɚɹɔːl tɑːmfuːlɛɹi laɪk ðɪs ɪz ɐ mæɾɚɹ ʌv teɪst ,0
ɐ soʊp ɑːpɚɹə kwɔlᵻɾi twɪst ɪnðə læst twɛnti mɪnɪts ɔːlmoʊst pʊts ðə kɪbɑːʃ ɔn wʌt ɪz ʌðɚwaɪz ɐ sʌmptʃuːəs wɜːk ʌv biː muːvi ɪmædʒᵻneɪʃən ,0
ðɪ æktɚz tɹaɪ hɑːɹd bʌt kʌm ɔf tuː æmətʃɚɹɪʃ ænd ɔːkwɚd ,0
"əkeɪʒənəli laʊd ænd əfɛnsɪv , bʌt moːɹ ɔfən , ɪt sɪmpli lʌlz juː ɪntʊ ɐ dʒɛntəl weɪkɪŋ koʊmə ",0
"wiː viː siːn ɪɾ ɔːl bᵻfoːɹ ɪn wʌn fɔːɹm ɔːɹ ɐnʌðɚ , bʌt dᵻɹɛktɚ hɑːfmən , wɪð ɡɹeɪt hɛlp fɹʌm kɛvɪn klaɪn , meɪks ʌs kɛɹ ɐbaʊt ðɪs leɪɾɪst ɹiːɪŋkɑːɹneɪʃən ʌvðə wɜːld ɛs ɡɹeɪɾɪst tiːtʃɚ ",1
iːzili ðə moʊst θɔːtfəl fɪkʃənəl ɛɡzæmᵻneɪʃən ʌvðə ɹuːt kɔːzᵻz ʌv æntaɪ sɛmɪtɪzəm ɛvɚ siːn ɔn skɹiːn ,1
"dᵻspaɪt sʌfɚɹɪŋ ɐ sɛns ʌv hjuːmɚ feɪlɪɹ , ðə mæn huː ɹoʊt ɹɑːki dʌznɑːt dɪzɜːv tə ɡoʊ daʊn wɪð ɐ ʃɪp æz liːki æz ðɪs ",0
"ɐbaʊt hæf ʌv ðɛm ɑːɹ fʌni , ɐ fjuː ɑːɹ sɛksi ænd nʌn ɑːɹ juːsfəl ɪn tɛlɪŋ ðə stoːɹi , wɪtʃ ɪz peɪpɚ θɪn ænd dᵻsaɪdɪdli ʌnɚɹɪdʒɪnəl ",0
"ðə fɪlm ɪz fɪld wɪð hjuːmɚɹəs ɑːbzɚveɪʃənz ɐbaʊt ðə dʒɛnɚɹəl ɐbsɜːdᵻɾi ʌv mɑːdɚn laɪf æz siːn θɹuː ðɪ aɪz aʊtsaɪdɚz , bʌt dɛftli mænɪdʒᵻz tʊ ɐvɔɪd mɛnɪəv ðə kɑːndᵻsɛndɪŋ stɛɹɪoʊtaɪps ðæt soʊ ɔfən pleɪɡ fɪlmz diːlɪŋ wɪððə mɛntəli ɪl ",1
"ɪmpɔstɚ kɑː ɛnt θɪŋk əvə θɪŋ tə duː wɪð ðiːz kæɹɪktɚz ɛksɛpt hæv ðɛm ɹʌn θɹuː dɑːɹk tʌnəlz , faɪt ɔf vɛɹiəs ɐnɑːnəməs ɐtækɚz , ænd ɪveɪd ᵻlæbɚɹeɪt sɚveɪləns tɛknɑːlədʒiz ",0
ɐ ɡɹeɪt skɹɪpt bɹɔːt daʊn baɪ laʊsi dᵻɹɛkʃən ,0
nuː weɪz ʌv dᵻskɹaɪbɪŋ bædnəs niːd təbi ɪnvɛntᵻd tə dᵻskɹaɪb ɛɡzæktli haʊ bæd ɪɾ ɪz ,0
ɹʌboʊ ɹʌnz θɹuː ɐ ɹᵻmɑːɹkəbəl ɐmaʊnt ʌv mətɪɹiəl ɪnðə fɪlm ɛs ʃɔːɹt naɪnti mɪnɪts ,1
"waɪl ðɪs fɪlm hɐz æn ɐ lɪst kæst ænd sʌm stɹɔŋ səpoːɹɾɪŋ pleɪɚz , ðə teɪl laɪk ɪts sɛntɹəl fɪɡjɚ , vɪvi ɪz dʒʌst ɐ lɪɾəl bɪt hɑːɹd tə lʌv ",0
zuːm ! ,1
"ɪt ɛs ɐ bæd saɪn wɛn juː ɹiː ɹuːɾɪŋ fɚðə fɪlm tə hɜːɹi ʌp ænd ɡɛt tʊ ɪts sʌbdʒɛkts dɛθs dʒʌst soʊ ðə dɑːkjuːmɛntɚɹi wɪl biː oʊvɚ , bʌt ɪt ɛs ɪndɪkətɪv ʌv haʊ ʌŋkəmpɛlɪŋ ðə muːvi ɪz ʌnlɛs ɪt hæpənz tə kʌvɚ jʊɹ pɚtɪkjʊlɚɹ ɛɹiə ʌv ɪntɹɛst ",0
"ðə kɹiːeɪɾɪv ænɪmeɪʃən wɜːk meɪ nɑːt lʊk æz fʊli ɹɛndɚd æz pɪksɑːɹ ɛs ɪndʌstɹi stændɚd , bʌt ɪt juːzᵻz laɪɾɪŋ ɪfɛkts ænd ɪnəveɪɾɪv bækɡɹaʊndz tʊ ɐn iːkwəli ɪmpɹɛsɪv dᵻɡɹiː ",1
ɛvɹi siːkwəl juː skɪp wɪl biː tuː aʊɚz ɡeɪnd ,0
"ɪt ɛs hɑːɹd tʊ ɪmædʒɪn ɛnɪbɑːdi ɛvɚ biːɪŋ ɪnðə muːd tə vjuː ɐ muːvi æz hæɹoʊɪŋ ænd peɪnfəl æz ðə ɡɹeɪ zoʊn , bʌt ɪt ɛs iːkwəli hɑːɹd tʊ ɪmædʒɪn ɛnɪbɑːdi biːɪŋ eɪbəl tə tɛɹ ðɛɹ aɪz ɐweɪ fɹʌmðə skɹiːn wʌns ɪt ɛs stɑːɹɾᵻd ",1
ɪt ɡɪvz dɛvᵻsteɪɾɪŋ tɛstᵻməni tə boʊθ piːpəl ɛs kəpæsᵻɾi fɔːɹ iːvəl ænd ðɛɹ hɪɹoʊɪk kəpæsᵻɾi fɔːɹ ɡʊd ,1
meɪks wʌn θɪŋ ɐbʌndəntli klɪɹ ,1
"tʃɛɹi ɔːɹtʃɚd ɪz bædli ɛdɪɾᵻd , ɔfən ɔːkwɚdli dᵻɹɛktᵻd ænd sʌfɚz fɹʌmðɪ ɐdɪʃən əvə hoʊli ʌnnɛsᵻsɚɹi pɹiː kɹɛdɪt siːkwəns dɪzaɪnd tə ɡɪv sʌm ʌvðə kæɹɪktɚz ɐ bæk stoːɹi ",0
tuː slɪk ænd mænjuːfæktʃɚd tə kleɪm stɹiːt kɹɛdɪbɪlᵻɾi ,0
ðə fɪlm ɪz fʊl ʌv tʃɑːɹm ,1
ɪt ɛs nɑːt ðə liːst ʌv æfɡæn tɹædʒədiz ðæt ðɪs noʊbəl wɔːɹlɔːɹd wʊd biː kənsaɪnd tə ðə dʌstbɪn ʌv hɪstɚɹi ,0
"ðɛɹɑːɹ noʊ spɛʃəl ɪfɛkts , ænd noʊ hɑːliwʊd ɛndɪŋz ",1
"waɪl hɑːliwʊd ɛndɪŋ hɐz ɪts ʃɛɹ ʌv bɛli læfs ɛlɑːɹbiː ɪŋkluːdɪŋ ɐ nɑːkaʊt əvə kloʊzɪŋ laɪn ɑːɹɹɑːɹbiː , ðə muːvi waɪndz ʌp fiːlɪŋ laɪk ɐ ɡɹeɪt mɪst ɑːpɚtuːnᵻɾi ",0
"wiː ɐdmaɪɚ ðɪs fɪlm fɔːɹ ɪts hɑːɹʃ ɑːbdʒɪktɪvᵻɾi ænd ɹᵻfjuːzəl tə siːk aʊɚ tɪɹz , aʊɚ sɪmpəθiz ",1
ɐ fʌni ænd wɛl kɑːntɹʌktᵻd blæk kɑːmədi wɛɹ ðɪ oʊld ædɪdʒ biː kɛɹfəl wʌt juː wɪʃ fɔːɹ ɪz ɡɪvən ɐ fʊl wɜːkaʊt ,1
"nɑːɾə ʃlɑːki kɹiːtʃɚ fiːtʃɚ bʌt sʌmθɪŋ fɑːɹmoːɹ staɪlɪʃ ænd sɚɹiːbɹəl ænd , hɛns , moːɹ tʃɪlɪŋli ɪfɛktɪv ",1
ðɪs muːvi dʌz ɛnt dɪzɜːv ðɪ ɛnɚdʒi ɪt teɪks tə dᵻskɹaɪb haʊ bæd ɪɾ ɪz ,0
wʌn ʌvðə moʊst ɪmpoːɹtənt ænd ɛɡzɪlɐɹəɾɪŋ fɔːɹmz ʌv ænɪmeɪɾᵻd fɪlmeɪkɪŋ sɪns oʊld wɔlt duːdəld stiːmboʊt wɪli ,1
"æftɚɹ ɐ waɪl , hɑːfmən ɛs kwɜːks ænd mænɚɹɪzəmz , pɚtɪkjʊlɚli hɪz pɛnʃənt fɔːɹ tɛɹɪŋ ʌp ɔn kjuː θɪŋz ðæt siːm soʊ ɹiːəl ɪn smɔːl doʊsᵻz bɪkʌm ɐnɔɪɪŋ ænd ɑːɹɾɪfɪʃəl ",0
"ɪt ɛs nɑːt laɪk hævɪŋ ɐ ɹiːəl fɪlm ʌv nɪdʒɪnski , bʌt æt liːst ɪt ɛs bɛɾɚ ðɐn ðæt ɛpɑːnɪməs naɪntiːnhʌndɹɪd eɪɾi baɪoʊpɪk ðæt juːzd soʊp ɪnðə pleɪsᵻz wɛɹ ðə mɪstɚɹiz lɪŋɡɚd ",1
ðɪ oʊnli sɚpɹaɪz ɪz ðæt hɛviweɪts dʒoʊl sɪlvɚ ænd ɹɑːbɚt zɛmɛkiz ɐɡɹiːd tə pɹəduːs ðɪs aɪ ɐsuːm ðə dᵻɹɛktɚ hɐz pɪktʃɚz ʌv ðɛm kɐvɔːɹɾɪŋ ɪn leɪdiz ʌndɚwɛɹ ,0
ðɪ oʊvɚɹɔːl fiːl ɪz nɑːt ʌnlaɪk wɑːtʃɪŋ ɐ ɡloːɹᵻfaɪd ɛpɪsoʊd ʌv sɛvənθ hɛvən ,0
spɛlbaɪndɪŋ fʌn ænd dᵻlɪʃəsli ɛksplɔɪɾətɪv ,1
wʌt ɛs nɛkst ? ,1
"ɪnðɪ ɛnd , ðɛɹ ɪz ɛnt mʌtʃ tʊ ɪt ",0
"ɐn ælɪɡɚɹi kənsɜːnɪŋ ðə kɹɑːnɪkli mɪkst sɪɡnəlz æfɹɪkən ɐmɛɹɪkən pɹəfɛʃənəlz ɡɛt ɐbaʊt oʊvɚɹɐtʃiːvɪŋ kʊd biː ɪntɹiːɡɪŋ , bʌt ðə suːpɚnætʃɚɹəl tɹæpɪŋz oʊnli əbskjʊɹ ðə mɛsɪdʒ ",0
ɐn ɪŋkɹɛdɪbli ɪɹᵻteɪɾɪŋ kɑːmədi ɐbaʊt θʌɹoʊli vækjuːəs piːpəl mænɪdʒᵻz tʊ ɛmbɑːdi ðə wɜːst ɛksɛsᵻz ʌv nuːvɛl veɪɡ wɪðaʊt ɛni ʌv ɪts sɛns ʌv fʌn ɔːɹ ɛnɚdʒi ,0
"ðə muːvi ɪtsɛlf ɪz fɑːɹ fɹʌm dɪsɐpɔɪntɪŋ , ɔfɚɹɪŋ ɐn ɚɹɪdʒɪnəl teɪk ɔn koːɹtɹuːm muːvɪz , ɐ fjuː nɪfti twɪsts ðæt ɑːɹ soʊ kɹuːʃəl tə ðə ʒɑːnɹə ænd ɐnʌðɚ fɜːst ɹeɪt pɚfoːɹməns baɪ tɑːp bɪld stɑːɹ bɹuːs wɪlɪs ",1
nɔːɹtən ɪz mæɡnɛɾɪk æz ɡɹeɪəm ,1
"ðə jɪɹ ɛs ɡɹeɪɾɪst ɐdvɛntʃɚ , ænd dʒæksən ɛs lɪmɪɾᵻd bʌt ɛnθuːziæstɪk ædæpteɪʃən hɐz meɪd lɪɾɚɹᵻtʃɚ lɪɾɚɹəl wɪðaʊt kɪlɪŋ ɪts soʊl ɐ fiːt ɛni θɪŋkɪŋ pɜːsən ɪz baʊnd tʊ ɐpɹiːʃɪeɪt ",1
"ɐ ɹᵻmɑːɹkəbəl muːvi wɪð ɐn ʌnsæɾɪsfaɪɪŋ ɛndɪŋ , wɪtʃ ɪz dʒʌst ðə pɔɪnt ",1
"mɪstɚ ɡɔɪɚ ɛs luːs , ʌnɐkaʊntəbəl dᵻɹɛkʃən ɪz tɛknɪkli səfɪstᵻkeɪɾᵻd ɪnðə wɜːst weɪ ",0
"ɐ wɪɹd lɪɾəl muːvi ðæt ɛs ɐmjuːzɪŋ ɪnʌf waɪl juː wɑːtʃ ɪt , ɔfɚɹɪŋ faɪn æktɪŋ moʊmənts ænd pʌndʒənt ɪnsaɪts ɪntʊ mɑːdɚn ɛl ɐ ɛs ʃoʊ bɪz ænd miːdiːə sʌbkʌltʃɚz ",1
"ɐ wʌndɚfəl , ɡæstli fɪlm ",1
ðə muːvi weɪz noʊmoːɹ ðænə ɡlæs ʌv flæt ʃæmpeɪn ,0
ðə fɪlm ɪz flæt ,0
"stiːlɪŋ hɑːɹvɚd wɪl dɪp ɪntʊ jʊɹ wɔlɪt , swaɪp naɪnti mɪnɪts ʌv jʊɹ taɪm , ænd ɔfɚ juː pɹɪsaɪsli ðɪs ɪn ɹɛkəmpɛns ɐ fjuː ɜːli læfs skæɾɚd ɚɹaʊnd ɐ plɑːt æz θɪn æzɪtɪz ɹɛpətɪʃəs ",0
"ʃaɪnɚ kæn sɜːʔn̩li ɡoʊ ðə dɪstəns , bʌt ɪz ɛnt wɜːld tʃæmpiənʃɪp mətɪɹiəl ",1
"bʌt wɪndtɔːkɚz dʌz ɛnt biːt ðætwʌn , iːðɚ ",0
"ɛlɑːɹbiː liː ɑːɹɹɑːɹbiː tɹiːts hɪz ɔːdiəns ðə seɪm weɪ ðæt dʒɪm bɹaʊn tɹiːts hɪz wɪmɪn æz dʌm , kɹɛdʒuːləs , ʌnɐsuːmɪŋ , sʌboːɹdᵻnət sʌbdʒɛkts ",0
ðə pɹɑːbləm wɪð æntwʌn fɪʃɚɹ ɪz ðɐɾɪt hɐz ɐ skɹiːnpleɪ ɹɪʔn̩ baɪ æntwʌn fɪʃɚ beɪst ɔnðə bʊk baɪ æntwʌn fɪʃɚ ,0
"wɛnɛvɚ juː θɪŋk juː viː siːn ðɪ ɛnd ʌvðə muːvi , wiː kʌt tʊ ɐ nuː siːn , wɪtʃ ɔːlsoʊ ɐpɪɹz təbi ðɪ ɛnd ",0
ɐ zɪŋɡɚ fɪld kɹaʊd pliːzɚ ðæt oʊpən maɪndᵻd ɛlvɪs fænz ɛlɑːɹbiː bʌt baɪ noʊ miːnz ɔːl ɑːɹɹɑːɹbiː wɪl hæv fʌn wɪð ,1
"koʊ ɹaɪɾɚ dᵻɹɛktɚ dʒɑːnəθən pɑːɹkɚ ɛs ɐtɛmpts tə fæʃən ɐ bɹɐzɪl laɪk , haɪpɚ ɹiːəl sæɾaɪɚ fɔːl dɹɛdfəli ʃɔːɹt ",0
"smɑːɹt ænd fʌn , bʌt fɑːɹmoːɹ wɪɾi ðɐn ɪɾ ɪz waɪz ",1
"oʊ fæntæzmə ɪz boʊldli , kɑːnfɪdəntli ɔːɹkᵻstɹeɪɾᵻd , ɛsθɛɾɪkli ænd sɛkʃuːəli , ænd ɪts ɪmpækt ɪz diːpli ænd ɹaɪtli dɪstɜːbɪŋ ",1
ɐ fɪlm ɐbaʊt fiːmeɪl fɹɛndʃɪp ðæt mɛn kæn ɛmbɹeɪs ænd wɪmɪn wɪl tɔːk ɐbaʊt fɔːɹ aʊɚz ,1
"ɪt lʊks ɡʊd , sʌni , bʌt juː mɪst ðə pɔɪnt ",0
ðɛɹ ɛs nʌθɪŋ ɹᵻmoʊtli tɑːpɪkəl ɔːɹ sɛksi hɪɹ ,0
"fɪntʃɚ teɪks noʊ ɐpæɹənt dʒɔɪ ɪn meɪkɪŋ muːvɪz , ænd hiː ɡɪvz nʌn tə ðɪ ɔːdiəns ",0
iːvən æftɚ naɪnti mɪnɪts ʌv pleɪɪŋ ɑːpəzɪt iːtʃ ʌðɚ bʊlək ænd ɡɹænt stɪl lʊk ɪl æɾ iːz ʃɛɹɪŋ ðə seɪm siːn ,0
blʌd wɜːk ɪz læfəbəl ɪnðə sɑːlɛmnᵻɾi wɪð wɪtʃ ɪt tɹaɪz tə pʌmp laɪf ɪntʊ oʊvɚwɜːkt ɛlɪmənts fɹʌm iːstwʊd ɛs dɜːɾi hæɹi piəɹɪəd ,0
"ðə slæpstɪk ɪz leɪbɚd , ænd ðə bɪɡɚ sɛtpiːsᵻz flæt ",0
ðə puːl dɹaʊnd miː ɪn boːɹdəm ,0
"ɛlɑːɹbiː spoːɹts ɑːɹɹɑːɹbiː ædmᵻɹəbəl ɛnɚdʒi , fʊl bɑːdid kæɹɪktɚɹaɪzeɪʃənz ænd næɹətɪv ɜːdʒənsi ",1
hɪɹ ɪz ɐ viːeɪtʃ wʌn bᵻhaɪnd ðə mjuːzɪk spɛʃəl ðæt hɐz sʌmθɪŋ ɐ lɪɾəl moːɹ spɛʃəl bᵻhaɪnd ɪt mjuːzɪk ðæt dɪd ɛnt sɛl mɛni ɹɛkɚdz bʌt hɛlpt tʃeɪndʒ ɐ neɪʃən ,1
ɪt ɛs nɛvɚ dʌl ænd ɔːlweɪz lʊks ɡʊd ,1
kɑːmpɪtəntli dᵻɹɛktᵻd bʌt tɜːmɪnəli kjuːt dɹɑːmə ,1
"ɐ swiːt , tɛndɚ sɜːmən ɐbaʊt ɐ twɛlv jɪɹ oʊld wɛlʃ bɔɪ moːɹ kjʊɹɹiəs ɐbaʊt ɡɑːd ðɐn ɡɜːlz , huː lɜːnz ðæt bᵻliːvɪŋ ɪn sʌmθɪŋ dʌz mæɾɚ ",1
"luːzᵻz ɪts sɛns ʌv hjuːmɚɹ ɪn ɐ væt ʌv feɪld dʒoʊks , twɪtʃi æktɪŋ , ænd dʒɛnɚɹəl boːɹɪʃnəs ",0
"ɪnðɪ iəɹə ʌvðə səpɹɑːnoʊz , ɪt fiːlz peɪnfəli ɹᵻdʌndənt ænd ɪnɔːθɛntɪk ",0
aɪ wɪl biː ,1
ɪt ɛs tʌf təbi stɑːɹɾəld wɛn juː ɹiː ɔːlmoʊst doʊzɪŋ ,0
ɹɛpɹᵻzɛnts ðə dɛpθs tʊ wɪtʃ ðə ɡɜːlz bᵻheɪvɪŋ bædli fɪlm hɐz fɔːlən ,0
ɐn ɪmpɛnɪtɹəbəl ænd ɪnsʌfɚɹəbəl bɔːl ʌv suːdoʊ fɪləsɑːfɪk twɑːdəl ,0
"ðə fɪlm ɪz ɐn ɜːnɪst tɹaɪ æt biːtʃkoʊmɪŋ vɛɹɪsmoʊ , bʌt ɪt wʊd biː iːvən moːɹ ɪndɪstɪŋkt ðɐn ɪɾ ɪz wɜːɹ ɪt nɑːt fɚðə stɹaɪkɪŋ , kwaɪətli vʌlnɚɹəbəl pɜːsənælᵻɾi ʌv ɛmɛs æmbɹoʊz ",0
"ɪt ɛs ðɪ ɛlɪmənt ʌv kɑːndᵻsɛnʃən , æz ðə fɪlmeɪkɚz lʊk daʊn ɔn ðɛɹ wɜːkɪŋ klæs sʌbdʒɛkts fɹʌm ðɛɹ lɔfti pɜːtʃ , ðæt faɪnəli meɪks sɛks wɪð stɹeɪndʒɚz , wɪtʃ oʊpənz tədeɪ ɪnðə nuː jɔːɹk mɛtɹəpɑːlɪtən ɛɹiə , soʊ dɪsteɪstfəl ",0
ɐ ɹᵻtɜːn tə pjʊɹ dɪzni mædʒɪk ænd ɪz ɛndʒɔɪəbəl fæmɪli fɛɹ ,1
"dɪstənsᵻz juː baɪ θɹoʊɪŋ aʊt soʊ mɛni ɹɛd hɛɹɪŋz , soʊ mɛni fɔls skɛɹz , ðætðə dʒɛnjuːɪn wʌnz bɛɹli ɹɛdʒɪstɚ ",0
ðə fækt ðɐɾɪt ɪz ɛnt vɛɹi ɡʊd ɪz ɔːlmoʊst bᵻsaɪd ðə pɔɪnt ,0
"ɪt teɪks juː sʌmwɛɹ juː ɹiː nɑːt laɪkli tə hæv siːn bᵻfoːɹ , bʌt bᵻniːθ ðɪ ɛɡzɑːɾɪk sɜːfɪs ɛlɑːɹbiː ænd ɛɡzɑːɾɪk dænsɪŋ ɑːɹɹɑːɹbiː ɪt ɛs sɚpɹaɪzɪŋli oʊld fæʃənd ",1
boʊlstɚd baɪ ɛksɛpʃənəl pɚfoːɹmənsᵻz ænd ɐ klɪɹ aɪd teɪk ɔnðɪ iːkənɑːmɪks ʌv diːlɪŋ ænd ðə pæθɑːlədʒi ʌv ɡɛɾoʊ fæbjʊləsnəs ,1
"ɪɾ ɪz ɐ hæpi , hɛdi dʒʌmbəl ʌv θɔːt ænd stɔːɹɪtɛlɪŋ , ɐn ɪnseɪn kɑːmɪk ʌndɚteɪkɪŋ ðæt ʌltᵻmətli koʊhɪɹz ɪntʊ ɐ seɪn ænd bɹɛθteɪkɪŋli kɹiːeɪɾɪv fɪlm ",1
pɚhæps ðə ɡɹoʊsɪst muːvi ɛvɚ meɪd ,0
vaɪvɛkə sɛldɑːl ænd svɛn woʊltɚ wɪl tʌtʃ juː tə ðə koːɹ ɪn ɐ fɪlm juː wɪl nɛvɚ fɚɡɛt ðæt juː ʃʊd nɛvɚ fɚɡɛt ,1
"ɪnstɛd ɡoʊ ɹɛnt ʃeɪks ðə klaʊn , ɐ mʌtʃ fʌnɪɚ fɪlm wɪð ɐ sɪmɪlɚ θiːm ænd ɐn iːkwəli ɡɹeɪt ɹɑːbɪn wɪljəmz pɚfoːɹməns ",0
"ðə dɑːkjuːmɛntɚɹi ɪz mʌtʃ tuː kənvɛnʃənəl lɑːts ʌv boːɹɪŋ tɔːkɪŋ hɛdz , ɛtsɛtɹə tə duː ðə sʌbdʒɛkt mæɾɚ dʒʌstɪs ",0
ɐn ɛŋɡɹoʊsɪŋ ænd ɪnfɛkʃəsli ɛnθuːziæstɪk dɑːkjuːmɛntɚɹi ,1
"nʌθɪŋ stɪks , ɹiəli , ɛksɛpt ɐ lɪŋɡɚɹɪŋ kɹiːpinəs wʌn fiːlz fɹʌm biːɪŋ dɹæɡd θɹuː ɐ sæd , soːɹdɪd juːnɪvɜːs ʌv ɡʌnz , dɹʌɡz , ævɚɹɪs ænd dæmɪdʒd dɹiːmz ",0
"ðə fɪlm ɛs ɡæmbəl tʊ əkeɪʒənəli bɹeɪk ʌp ðə laɪv ækʃən siːnz wɪð ænɪmeɪɾᵻd siːkwənsᵻz peɪz ɔf , æz dʌz ɪts sɛnsᵻtɪv hændlɪŋ ʌv sʌm dɛlᵻkət sʌbdʒɛkt mæɾɚ ",1
ðɪ ɐtɛmpt tə bɪld ʌp ɐ pɹɛʃɚ kʊkɚɹ ʌv hɔːɹɪfaɪd ɔː ɪmɜːdʒᵻz fɹʌmðə sɪmpəl fækt ðætðə muːvi hɐz vɜːtʃuːəli nʌθɪŋ tə ʃoʊ ,0
"wɛz kɹeɪvən ɛs pɹɛzəns ɪz fɛlt nɑːt ðə kɹeɪvən ʌv ɐ naɪtmɛɹ ɔn ɛlm stɹiːt ɔːɹ ðə hɪlz hæv aɪz , bʌt ðə sæd ʃlɑːk mɜːtʃənt ʌv dɛdli fɹɛnd ",0
bʌt tʌŋ ɪn tʃiːk pɹɪpɔstɚɹəsnəs hɐz ɔːlweɪz bɪn pɑːɹt ʌv fɚðə moʊst pɑːɹt waɪldə ɛs dɹoʊl wɪmzi hɛlps biːɪŋ ɜːnɪst oʊvɚkʌm ɪts wiːknəsᵻz ænd pɑːɹkɚ ɛs kɹiːeɪɾɪv ɪntəfɪɹəns ,1
"æz ðə pɹɪnsɛs , soːɹviːnoʊ ɡlaɪdz ɡɹeɪsfəli fɹʌm meɪl pɜːsoʊnə tə fiːmeɪl wɪðaʊt mɪsɪŋ ɐ biːt ",1
ɹʌn fɔːɹ jʊɹ laɪvz ! ,0
"fɔːɹ ɛvɹi tʃiːsi siːn , ðoʊ , ðɛɹ ɪz ɐ ɹiəli kuːl bɪt ðə muːvi ɛs kənsɛpʃən əvə fjuːtʃɚ wɜːld hɑːləɡɹæfɪk laɪbɹɛɹiən ɛlɑːɹbiː ɔːɹlændoʊ dʒoʊnz ɑːɹɹɑːɹbiː huː noʊz ɛvɹɪθɪŋ ænd ænsɚz ɔːl kwɛstʃənz , ɪz vɪʒuːəli smɑːɹt , klɛvɚli ɹɪʔn̩ , ænd naɪsli ɹiːəlaɪzd ",1
ɐn ɪmpɹɛsɪv haɪbɹɪd ,1
ðə ʃæɾoʊ ɪz lɛs kənsɜːnd wɪð kʌltʃɚɹəl ænd pəlɪɾɪkəl ɪʃuːz ðɐn doʊɾɪŋ ɔn ɪts ɛksɛntɹɪk kæɹɪktɚz ,0
haɪli ɹɛkəmɛndᵻd æz ɐn ɛŋɡɹoʊsɪŋ stoːɹi ɐbaʊt ɐ hɔːɹɪfaɪɪŋ hɪstɔːɹɪkəl ᵻvɛnt ænd ðɪ ɛlɪmənts wɪtʃ kəntɹɪbjuːɾᵻd tʊ ɪt ,1
ɛlɑːɹbiː məkdaʊɛl ɑːɹɹɑːɹbiː vɛntʃɚz bᵻjɔnd hɜːɹ ɐbɪləɾiz sɛvɹəl taɪmz hɪɹ ænd ɹᵻviːlz haʊ bæd ɐn æktɹəs ʃiː ɪz ,0
pæp ɪnvɛstᵻd ɪn ʌndɚɡɹædʒuːət dʌblɪŋ sʌbtɛksts ænd ɹɪdɪkjʊləs stæbz æɾ ɛɡzɪstɛnʃɪəlɪzəm ɹᵻmaɪndɪŋ ʌvðə dɪskʌvɚɹi ʌvðə wɪzɚd ʌv ɡɑːd ɪnðə fɪfθ tɹɛk flɪk ,0
ðə dɪsdʒɔɪntᵻd mɛs floʊz æz nætʃɚɹəli æz dʒoʊli ɛs hɪdiəs jɛloʊ duː ,0
hiː dʌz ðɪs soʊ wɛl juː duː ɛnt hæv ðə slaɪɾɪst dɪfɪkʌlti ɐksɛptɪŋ hɪm ɪnðə ɹoʊl ,1
"ʌnlɛs bɑːb kɹeɪn ɪz sʌmwʌn ʌv pɚtɪkjʊlɚɹ ɪntɹɛst tə juː , ðɪs fɪlm ɛs ɪmpɹɛsɪv pɚfoːɹmənsᵻz ænd ɐdɛpt dᵻɹɛkʃən ɑːɹ ɛnt laɪkli tə liːv ɐ læstɪŋ ɪmpɹɛʃən ",0
ɐ sɚpɹaɪzɪŋli fʌni muːvi ,1
"dɹʌɡ ɐbjuːs , ɪnfᵻdɛlᵻɾi ænd dɛθ ɑːɹ ɛnt juːʒuːəli kɑːmədi fɛɹ , bʌt tɜːpɪn ɛs fɪlm ɐlaʊz ʌs tə tʃʌkəl θɹuː ðɪ æŋst ",1
ɐ nɑːt soʊ dᵻvaɪn siːkɹᵻts ʌvðə jɐ jɐ sɪstɚhʊd wɪð ɐ hɛfti hɛlpɪŋ ʌv ɹiː fɹaɪd ɡɹiːn təmeɪɾoʊz ,0
"ɐliːdʒəns tə tʃɛkhɑːv , wɪtʃ dᵻɹɛktɚ maɪkəl kækɔɪæniz dɪspleɪz wɪð sɑːmɚɹ ɜːnɪstnəs ɪnðə nuː ædæpteɪʃən ʌvðə tʃɛɹi ɔːɹtʃɚd , ɪz ɐ pɚtɪkjʊlɚli vɛksɪŋ hændɪkæp ",0
"nɑːt oʊnli ɐ kʌmɪŋ ʌv eɪdʒ stoːɹi ænd kɔːʃənɛɹi pæɹəbəl , bʌt ɔːlsoʊ ɐ pɜːfɛktli ɹɛndɚd piəɹɪəd piːs ",1
"spɑːɹklɪŋ , ɔfən hɪlɛɹiəs ɹoʊmæntɪk dʒɛləsi kɑːmədi ɐtæl lʊks soʊ mʌtʃ laɪk ɐ jʌŋ ɹɑːbɚt dɛniəɹoʊ ðɐɾɪt siːmz ðə fɪlm ʃʊd ɪnstɛd biː kɔːld maɪ hʌsbənd ɪz tɹævɪs bɪkəl ",1
ɐ hæɹoʊɪŋ ɐkaʊnt əvə saɪkəlɑːdʒɪkəl bɹeɪkdaʊn ,1
"ɐ mətʃʊɹ , diːpli fɛlt fæntəsi əvə dᵻɹɛktɚ ɛs tɹævəl θɹuː θɹiːhʌndɹɪd jɪɹz ʌv ɹʌʃən hɪstɚɹi ",1
ðə muːvi ɪz ɐ tɹoʊv ʌv dᵻlaɪts ,1
ðə fɪlmeɪkɚz niːdᵻd moːɹ ɛmfəsɪs ɔnðə stɔːɹɪtɛlɪŋ ænd lɛs ɔnðə ɡlæmɚɹəs məʃiːn ðæt θɹʌsts ðɪ ɔːdiəns ɪntʊ ɐ fjuːtʃɚ ðeɪ woʊ ɛnt mʌtʃ kɛɹ ɐbaʊt ,0
bʌt ɪt dʌz sʌmhaʊ mænɪdʒ tə ɡɛt juː ʌndɚɹ ɪts spɛl ,1
"ɪn hɪz juː ɛs deɪbjuː , mɪstɚ ʃnɪtslɚ pɹuːvz hɪmsɛlf ɐ dɛft peɪs mæstɚ ænd staɪlɪst ",1
jɛt ɐnʌðɚɹ ɑːɹnəld viəkəl ðæt feɪlz tə meɪk ædɪkwət juːs ʌv hɪz pɚtɪkjʊlɚ tælənts ,0
ɪt wɪl ɡæɹəntiː tə hæv juː liːvɪŋ ðə θiəɾɚ wɪð ɐ smaɪl ɔn jʊɹ feɪs ,1
"ɐn ʌŋkʌmftəbəl muːvi , sʌfəkeɪɾɪŋ ænd sʌmtaɪmz ɔːlmoʊst sɛnsləs , ðə ɡɹeɪ zoʊn dʌz hæv ɐ sɛntɚ , ðoʊ ɐ mɔːɹbɪd wʌn ",0
"swiːt dʒɛntəl dʒiːzəs , dɪd ðə skɹiːnɹaɪɾɚz dʒʌst duː ɐ kʌt ænd peɪst ʌv ɛvɹi bæd ækʃən muːvi laɪn ɪn hɪstɚɹi ? ",0
ɛlɑːɹbiː sæm ɛs ɑːɹɹɑːɹbiː sɛlf flædʒɪleɪʃən ɪz moːɹ dᵻpɹɛsɪŋ ðɐn ɛntɚteɪnɪŋ ,0
dɹɑːməz laɪk ðɪs meɪk ɪt hjuːmən ,1
"ɔːlðoʊ ɛstɛlə bɹɑːvoʊ ɛs dɑːkjuːmɛntɚɹi ɪz klɔɪɪŋli hædʒɪəɡɹæfɪk ɪn ɪts poːɹtɹɪt ʌv kjuːbən liːdɚ fᵻdɛl kæstɹoʊ , ɪt ɛs stɪl ɐ ɡɪlti plɛʒɚ tə wɑːtʃ ",1
"bʌt ðə sɪnɪmɐtɑːɡɹəfi ɪz klaʊdi , ðə pɪktʃɚ meɪkɪŋ bᵻkɑːmd ",0
ðɪs ɪz kɹɪsməs fjuːtʃɚ fɚɹə lɑːt ʌv beɪbi buːmɚz ,1
ðɪs bɹeɪsɪŋli tɹuːθfəl æntɪdoʊt tə hɑːliwʊd tiːneɪdʒ muːvɪz ðæt slæðɚ klɪɹæsəl oʊvɚ ðə blɛmɪʃᵻz ʌv juːθ kæptʃɚz ðə kəmbʌstᵻbəl mɪkstʃɚɹ əvə tʃeɪfɪŋ ɪnɚ loʊnlinəs ænd dɛspɚɹət ɡɹændɪɔsᵻɾi ðæt tɛnd tə kæɹɪktɚɹaɪz pjuːbɚɾi ,1
viːvə lə ɹᵻsɪstəns ! ,1
sʌm bɑːdi smæks ʌv ɛksɪbɪʃənɪzəm moːɹ ðɐn ɪt dʌz kæθɑːɹɾɪk tɹuːθ tɛlɪŋ ,0
"plɑːdɪŋ , piːvɪʃ ænd ɡɪmɪki ",0
"ɡɪvən tuː mʌtʃ taɪm tə kənsɪdɚ ðə luːsnəs ʌvðə piːs , ðə pɪktʃɚ bɪɡɪnz tə ɹᵻzɛmbəl ðə ʃeɪpləs , ɡɹæspɪŋ æktɚz wɜːkʃɑːp ðɐɾɪt ɪz ",0
ðɪ ɪndʒᵻnjuːɪɾi ðæt pɑːɹkɚ dɪspleɪz ɪn fɹɛʃənɪŋ ðə pleɪ ɪz ɔːlmoʊst ɪn ɐ klæs wɪð ðæt ʌv waɪldə hɪmsɛlf ,1
"nɪdʒɪnski sɛz , aɪ noʊ haʊ tə sʌfɚ ænd ɪf juː siː ðɪs fɪlm juː ɛlɛl noʊ tuː ",0
fɹiːkwənt flɜːɹiz ʌv kɹiːeɪɾɪv bɛli læfs ænd dʒɛnjuːɪnli ɛnθuːziæstɪk pɚfoːɹmənsᵻz kiːp ðə muːvi slæləmɪŋ θɹuː ɪts hæknid ɛlɪmənts wɪð ɛndʒɔɪəbəl iːz ,1
ɪt wɪl meɪk juː θɪŋk twaɪs ɐbaʊt wʌt maɪt biː ɡoʊɪŋ ɔn ɪnsaɪd iːtʃ tɹeɪlɚ pɑːɹk juː dɹaɪv pæst iːvən ɪf ɪt tʃiːfli ɪnspaɪɚz juː tə dɹaɪv ɐ lɪɾəl fæstɚ ,1
wɪtləs ænd ʌɾɚli pɔɪntləs ,0
fɹɛd ʃɛpɪsi ɛs fɪlm ɪz peɪst æɾə spiːd ðæt ɪz sloʊ tə ðoʊz ʌv ʌs ɪn mɪdəl eɪdʒ ænd dɛθli sloʊ tʊ ɛni tiːn ,0
"meɪ læk ðə pʌndʒənt baɪt ʌv ɪts taɪɾəl , bʌt ɪt ɛs ɐn ɛndʒɔɪəbəl tɹaɪfəl nʌnðəlɛs ",1
"ɐ ɹæðɚ bɹɪliənt lɪɾəl kʌlt aɪɾəm ɐ pæstɪtʃ ʌv tʃɪldɹən ɛs ɛntɚteɪnmənt , suːpɚhiəɹoʊ kɑːmɪks , ænd dʒæpəniːz ænɪmeɪʃən ",1
ðə fɪlm ɪz ɐ fɪɹs dæns ʌv dᵻstɹʌkʃən ,1
ðə mɑːɹk əvɚ ɹᵻspɛktəbəl sʌmɚ blɑːkbʌstɚɹ ɪz wʌn ʌv tuː θɪŋz ʌnɐdʌltɚɹeɪɾᵻd θɹɪlz ɔːɹ dʒɛnjuːɪn læfs ,1
"ɪt ɛs hɑːɹd tə kɛɹ ɐbaʊt ɐ fɪlm ðæt pɹəpoʊzᵻz æz ɛpɪk tɹædʒədi ðə plaɪt əvə kæloʊ ɹɪtʃ bɔɪ huː ɪz foːɹst tə tʃuːz bᵻtwiːn hɪz bjuːɾifəl , sɛlf sæɾɪsfaɪd twɛnti tuː jɪɹ oʊld ɡɜːlfɹɛnd ænd ɐn iːkwəli bjuːɾifəl , sɛlf sæɾɪsfaɪd eɪtiːn jɪɹ oʊld mɪstɹəs ",0
saɪkəlɑːdʒɪkli ɹᵻviːlɪŋ ,1
"ɪf ɐ bɪɡ mjuːzɪkəl nʌmbɚ laɪk pɹeɪz ðə lɔːɹd , hiː ɛs ðə ɡɑːd ʌv sɛkənd tʃænsᵻz dʌz ɛnt pʊt juː ɔf , ðɪs wɪl biː ɐn ɛndʒɔɪəbəl tʃɔɪs fɔːɹ jʌŋɡɚ kɪdz ",1
"bʌt sɪɹiəsli , foʊks , ɪt dʌz ɛnt wɜːk ",0
"aɪ wʌz tɹaɪɪŋ tə dᵻsaɪd wʌt ɐnɔɪd miː moʊst ɐbaʊt ɡɑːd ɪz ɡɹeɪt aɪ ɛm nɑːt , ænd ðɛn aɪ ɹiːəlaɪzd ðæt aɪ dʒʌst dɪd ɛnt kɛɹ ",0
"ænd ðɛɹ ɛs ɐn ɛlɪmənt ʌv hɑːɹtbɹeɪk tə wɑːtʃɪŋ ɪt naʊ , wɪð oʊldɚ ænd waɪzɚɹ aɪz , bɪkʌz wiː noʊ wʌt wɪl hæpən æftɚ ɡɹiːn ɛs stoːɹi ɛndz ",1
"bluːɾoʊ bluːtɑːɹski , wiː mɪs juː ",1
"kɹɔsɹoʊdz fiːlz laɪk ɐ tiːnɪbəpɚɹ ɛd wʊd fɪlm , ɹᵻpliːt wɪððə pjuːbɛsənt skændələs ɪnnjuːɛndoʊ ænd ðə haɪ stɹʌŋ bʌt flæsɪd dɹɑːmə ",0
duː ɛnt seɪ juː wɜːɹ ɛnt wɔːɹnd ,0
"hɑːpkɪnz , skwɛɹli fɪlz ðə skɹiːn ",1
"hæʃɪɡʌtʃi vɪvɪdli kæptʃɚz ðə weɪ jʌŋ dʒæpəniːz laɪv naʊ , tʃeɪfɪŋ ɐɡɛnst ðɛɹ kʌltʃɚ ɛs mænɪk mɪks ʌv mɪlɛnɪəl bɹʌsknəs ænd ʌndaɪɪŋ , tɹɐdɪʃənəl pəlaɪɾəs ",1
"juː liːv ðə seɪm weɪ juː keɪm ɐ fjuː teɪsti mɔːɹsəlz ʌndɚ jʊɹ bɛlt , bʌt noʊ nuː fɹɛndz ",0
"waɪl ɪt kæn biː ɐ bɪt ɹᵻpɛɾᵻtɪv , oʊvɚɹɔːl ɪt ɛs ɐn ɛntɚteɪnɪŋ ænd ɪnfɔːɹmətɪv dɑːkjuːmɛntɚɹi ",1
"wʌt meɪks ðə fɪlm spɛʃəl ɪz ðə ɹᵻfɹɛʃɪŋli ʌnhɪbɪɾᵻd ɛnθuːziæzəm ðætðə piːpəl , ɪn spaɪt ʌv klɪɹli ɛvɪdənt pɑːvɚɾi ænd hɑːɹdʃɪp , bɹɪŋ tə ðɛɹ mjuːzɪk ",1
ðɪs meɪ biː bɜːnz ɛs stɹɔŋɡɪst fɪlm sɪns ðə bɹʌðɚz məkmʌlən ,1
"wɔːɹm ɪn ɪts lʌvɪŋ jɛt ʌnfɚɡɪvɪŋli ɪŋkənsɪstənt dᵻpɪkʃən ʌv ɛvɹɪdeɪ piːpəl , ɹᵻlækst ɪn ɪts pɜːfɛkt kwaɪət peɪs ænd pɹaʊd ɪn ɪts mɛsɪdʒ ",1
ɪts dᵻɹɛktɚ ɛs moʊst səbstænʃəl fiːtʃɚ fɔːɹ sʌm taɪm ,1
"ɐ tʃɪli , ɹᵻmoʊt , ɪmoʊʃənəli dɪstənt piːs soʊ dʌl ðæt ɪts tæɡlaɪn ʃʊd biː ɪn speɪs , noʊwʌn kæn hɪɹ juː snoːɹ ",0
"liːv ɪt tə dʒɑːn seɪlz tə teɪk ɔn dɪvɛləpɚz , ðə tʃeɪmbɚɹ ʌv kɑːmɜːs , tʊɹɹɪzəm , hɪstɔːɹɪkəl pædʒənts , ænd kəmɜːʃəlɪzəm ɔːl ɪnðə seɪm muːvi wɪðaʊt nᵻɡlɛktɪŋ kæɹɪktɚ dɪvɛləpmənt fɔːɹ iːvən wʌn mɪnɪt ",1
ɛkstɹiːm ɑːps ɛksiːdz ɛkspɪkteɪʃənz ,1
ɪt ɛs staɪlɪʃli dᵻɹɛktᵻd wɪð vɜːv ,1
"fænz ʌv kɹɪɾɪks dɑːɹlɪŋ bænd wɪlkoʊ wɪl mɑːɹvəl æt ðə sʌmtaɪmz mɜːki , ɔːlweɪz bɹuːdɪŋ lʊk ʌv aɪ æm tɹaɪɪŋ tə bɹeɪk jʊɹ hɑːɹt ",1
ɪts ɐdʌlt θiːmz ʌv fæmɪlɪəl sɛpɚɹeɪʃən ænd səsaɪəɾəl bᵻtɹeɪəl ɑːɹ hɛd ænd ʃoʊldɚz əbʌv mʌtʃ ʌvðə dᵻɹɛktɚ ɛs pɹiːviəs pɑːpkɔːɹn wɜːk ,1
"tʃɛn fɪlmz ðə ɹɛzəluːtli daʊnbiːt smoʊkɚz oʊnli wɪð ɛvɹi ɪndʌldʒənt , ɪndi tɹɪk ɪnðə bʊk ",0
"ðə wɪɹd θɪŋ ɐbaʊt ðə sæntə klɔːz tuː , pɚpoːɹɾᵻdli ɐ tʃɪldɹən ɛs muːvi , ɪz ðæt ðɛɹ ɪz nʌθɪŋ ɪn ɪt tʊ ɛŋɡeɪdʒ tʃɪldɹən ɪmoʊʃənəli ",0
wʌt ɛlɑːɹbiː fɹeɪ ɑːɹɹɑːɹbiː ɡɪvz ʌs ɪz ɐ mæn huː juːzᵻz ðə dæmɪdʒ ʌv wɔːɹ fɑːɹmoːɹ ɔfən ðɐn ðə wɔːɹfɛɹ ɪtsɛlf tə kɹiːeɪt ðə kaɪnd ʌv ɑːɹt ʃɑːts ðæt fɪl ɡælɚɹi ʃoʊz ,1
ɛlɑːɹbiː hɛl ɪz ɑːɹɹɑːɹbiː lʊkɪŋ daʊn æt jʊɹ wɑːtʃ ænd ɹiːəlaɪzɪŋ sɜːvɪŋ sɛɹə ɪz ɛnt iːvən hæfweɪ θɹuː ,0
"miː noʊ liːkə dɑː æksənts soʊ ɡʊd , bʌt aɪ θʌɹoʊli ɛndʒɔɪd ðə lʌv stoːɹi ",1
"dᵻɹɛktɚ liː hɐz ɐ tɹuː sɪnɪmæɾɪk næk , bʌt ɪt ɛs ɔːlsoʊ naɪs tə siː ɐ muːvi wɪð ɪts hɑːɹt soʊ θʌɹoʊli , ʌnɐbæʃᵻdli ɔn ɪts sliːv ",1
"ɪn ʌðɚ wɜːdz , ɪt ɛs dʒʌst ɐnʌðɚ spoːɹts dɹɑːmə kæɹɪktɚ stʌdi ",0
ðɛɹ ɛs nʌθɪŋ ɪntɹɛstɪŋ ɪn ʌnfeɪθfəl wʌtsoʊɛvɚ ,0
kəmpæʃənətli ɛksploːɹz ðə siːmɪŋli ɪɹɛkənsaɪləbəl sɪtʃuːeɪʃən bᵻtwiːn kənsɜːvətɪv kɹɪstʃən pɛɹənts ænd ðɛɹ ɛstɹeɪndʒd ɡeɪ ænd lɛsbiən tʃɪldɹən ,1
wɜːði ʌvðə ɡɔŋ ,0
"ɐ pɔɪntᵻd , ɔfən tɛndɚ , ɛɡzæmᵻneɪʃən ʌvðə pɹoʊz ænd kɑːnz ʌv ʌŋkəndɪʃənəl lʌv ænd fæmɪlɪəl duːɾiz ",1
moːɹ duːɾifəl ðɐn ɛntʃæntɪŋ tɛɹᵻbli ɛpɪsɑːdɪk ænd lækɪŋ ðə spɑːɹk ʌv ɪmædʒᵻneɪʃən ðæt maɪthɐv meɪd ɪɾ ɐn ɛɡzɪlɐɹəɾɪŋ tɹiːt ,0
"ðə foːɹθ poʊkeɪmɑːn ɪz ɐ daɪvɜːɾɪŋ ɪf pɹɪdɪktəbəl ɐdvɛntʃɚ suːɾəbəl fɚɹə mætəneɪ , wɪð ɐ mɛsɪdʒ ðæt kɔːʃənz tʃɪldɹən ɐbaʊt dɪstɜːbɪŋ ðə wɜːld ɛs dɛlᵻkət ɛkəlɑːdʒɪkəl bæləns ",1
ðə fɪlm ɪz soʊ pækt wɪð sʌbplɑːts ɪnvɑːlvɪŋ ðə vɛɹiəs sɪlbɚstaɪnz ðɐɾɪt fiːlz moːɹ laɪk ðə paɪlət ɛpɪsoʊd əvə tiːviː sɪɹiz ðænə fiːtʃɚ fɪlm ,0
ɪt ɛs boʊθ sɪtkəmɪʃli pɹɪdɪktəbəl ænd klɔɪɪŋ ɪn ɪts ɐtɛmpts təbi pɔɪnjənt ,0
ðə tʃɑːɹmɪŋ ɹɪzʌlt ɪz fɛstɪvəl ɪn kænz ,1
"waɪl ðə fɪlm ɪz nɑːt ɛntaɪɚli səksɛsfəl , ɪt stɪl mænɪdʒᵻz tə stɹɪŋ təɡɛðɚɹ ɪnʌf tʃɑːɹmɪŋ moʊmənts tə wɜːk ",1
"ɪɾ ɪz pæɹɑːkɪəl , æksɛsəbəl tʊ ɐ tʃoʊzən fjuː , stændɔfɪʃ tʊ ɛvɹɪwʌn ɛls , ænd smʌɡli sədʒɛsts ɐ suːpiəɹɪɚ mɔːɹəl toʊn ɪz moːɹ ɪmpoːɹtənt ðɐn fɪlmeɪkɪŋ skɪl ",0
"ðɪs bɹiːzi keɪpɚ muːvi bɪkʌmz ɐ soʊlfəl , ɪnsaɪsɪv mɛdɪteɪʃən ɔnðə weɪ wiː wɜː , ænd ðə weɪ wiː ɑːɹ ",1
ʃiː ɐlaʊz iːtʃ kæɹɪktɚ tə kənfɹʌnt ðɛɹ pɹɑːbləmz oʊpənli ænd ɑːnɪstli ,1
ðə fɪlm ɛs mɔːdlɪn foʊkəs ɔnðə jʌŋ wʊmən ɛs ɪnfɜːmᵻɾi ænd hɜː naɪiːv dɹiːmz pleɪ laɪk ðə wɜːst kaɪnd ʌv hɑːliwʊd hɑːɹt stɹɪŋ plʌkɪŋ ,0
"plʌs , laɪk aɪ ɔːlɹɛdi mɛnʃənd ɪt ɛs ɹɑːbɚt duːvɔːl ! ",1
sɪnɪmæɾɪk poʊɪtɹi ʃoʊkeɪsᵻz ðə sɪɾi ɛs oʊld wɜːld tʃɑːɹm bᵻfoːɹ məʃiːnz tʃeɪndʒ nɪɹli ɛvɹɪθɪŋ ,1
"ɐ sɛnsᵻtɪv , kʌltᵻveɪɾᵻd tɹiːtmənt ʌv ɡɹiːn ɛs wɜːk æz wɛl æz ɐ ɹᵻmɑːɹkəbli feɪθfəl wʌn ",1
ðə ɹɪŋ nɛvɚ lɛts juː ɔf ðə hʊk ,1
læn juː siːmz ɔːltəɡɛðɚ tuː slaɪt təbi kɔːld ɛni kaɪnd ʌv mæstɚpiːs ,0
"feɪlz ɪn meɪkɪŋ ðɪs kæɹɪktɚɹ ʌndɚstændəbəl , ɪn ɡɛɾɪŋ ʌndɚ hɜː skɪn , ɪn ɛksploːɹɪŋ moʊɾɪveɪʃən wɛl bᵻfoːɹ ðɪ ɛnd , ðə fɪlm ɡɹoʊz æz dʌl æz ɪts kæɹɪktɚz , ɐbaʊt huːz feɪt ɪɾ ɪz hɑːɹd tə kɛɹ ",0
"ʌplɪftɪŋ , fʌni ænd waɪz ",1
"ðə fɪlm hɐz ɐ lɔːndɹi lɪst ʌv maɪnɚ ʃɔːɹtkʌmɪŋz , bʌt ðə nuːmɚɹəs siːnz ʌv ɡoːɹi meɪhɛm ɑːɹ wɜːθ ðə pɹaɪs ʌv ɐdmɪʃən ɪf ɡoːɹi meɪhɛm ɪz jʊɹ aɪdiə əvə ɡʊd taɪm ",1
"koʊld , pɹɪtɛnʃəs , θʌɹoʊli dɪslaɪkəbəl stʌdi ɪn soʊsɪɑːpəθi ",0
"aɪ stɑːpt θɪŋkɪŋ ɐbaʊt haʊ ɡʊd ɪɾ ɔːl wʌz , ænd stɑːɹɾᵻd duːɪŋ nʌθɪŋ bʌt ɹɪæktɪŋ tʊ ɪt fiːlɪŋ ɐ pɑːɹt ʌv ɪts ɡɹænd loʊkeɪʃənz , θɪŋkɪŋ ɜːdʒəntli æz ðə pɹoʊɾɐɡənɪsts stɹʌɡəld , fiːlɪŋ æt ðə mɜːsi ʌv ɪts ɪnvɛntɪvnəs , ɡæspɪŋ æɾ ɪts vɪʒuːəl dᵻlaɪts ",1
ðə bjuːɾi ʌvðə piːs ɪz ðɐɾɪt kaʊnts hɑːɹt æz ɪmpoːɹtənt æz hjuːmɚ ,1
ɐ pɪkjuːlɪɹ mɪsfaɪɚ ðæt iːvən tʌni kɑː ɛnt seɪv ,0
"fæst peɪst ænd wʌndɚfəli ɛdɪɾᵻd , ðə fɪlm ɪz ɛkstɹiːmli θʌɹoʊ ",1
"ɪn peɪntɪŋ ɐn ʌnɐbæʃᵻdli ɹoʊmæntɪk pɪktʃɚɹ əvə neɪʃən huːz sɔŋz spɹɪŋ dᵻɹɛktli fɹʌmðə laɪvz ʌvðə piːpəl , ðə muːvi ɛɡzɑːlts ðə mɑːɹksiən dɹiːm ʌv ɑːnɪst wɜːkɪŋ foʊk , wɪð lɪɾəl tə ʃoʊ fɔːɹ ðɛɹ leɪbɚ , lɪvɪŋ hɑːɹmoʊniəsli , dʒɔɪnd ɪn sɔŋ ",1
"wɪtləs , pɔɪntləs , teɪstləs ænd ɪdɪɑːɾɪk ",0
ɐ sɚpɹaɪzɪŋli sɑːlɪd ɐtʃiːvmənt baɪ dᵻɹɛktɚ mælkəm diː liː ænd ɹaɪɾɚ dʒɑːn ɹɪdli ,1
ðə pɹɑːbləm ɪz ðɐɾɪt ɪz wʌn ðæt ɐlaʊz hɪm tə tʃɜːn aʊt wʌn miːdɪoʊkɚ muːvi æftɚɹ ɐnʌðɚ ,0
ðeɪ kɛpt mʌtʃ ʌvðə plɑːt bʌt dʒɛɾɪsənd ðə stʌf ðæt wʊd meɪk ðɪs ɐ muːvɪŋ ɛkspiəɹɪəns fɔːɹ piːpəl huː hæv ɛnt ɹɛd ðə bʊk ,0
"wɪð ɐ taɪɾɚɹ ɛdɪtoːɹɪəl pɹɑːsɛs ænd fɜːmɚ dᵻɹɛkʃən ðɪs mətɪɹiəl kʊd wɜːk , ɪspɛʃəli sɪns ðɪ æktɹəsᵻz ɪnðə liːd ɹoʊlz ɑːɹ ɔːl moːɹ ðɐn kɑːmpɪtənt , bʌt æzɪz , pɜːsənəl vəlɑːsᵻɾi siːmz təbi aɪdlɪŋ ɪn nuːtɹəl ",0
"moːɹ taɪmli ðɐn ɪts dᵻɹɛktɚ kʊd ɛvɚ hæv dɹiːmd , ðɪs kwaɪətli lɪɹɪkəl teɪl pɹoʊbz ðɪ æmbɪɡjuːəs wɛlkʌm ɛkstɛndᵻd baɪ ɪɹæn tə ðɪ æfɡɑːni ɹɛfjuːdʒiːz huː stɹiːmd əkɹɑːs ɪts boːɹdɚz , dɛspɚɹət fɔːɹ wɜːk ænd fuːd ",1
"bɹɪŋz tʊ ɐ spɛktækjʊlɚ kəmpliːʃən wʌn ʌvðə moʊst kɑːmplɛks , dʒɛnɚɹəs ænd səbvɜːsɪv ɑːɹtwɜːks ʌvðə læst dɛkeɪd ",1
"ɐ taɪm məʃiːn , ɐ dʒɜːni bæk tə jʊɹ tʃaɪldhʊd , wɛn kɛɹz mɛltᵻd ɐweɪ ɪnðə dɑːɹk θiəɾɚ , ænd fɪlmz hæd ðɪ ɐbɪləɾi tə mɛsmɚɹaɪz , ɐstɑːnɪʃ ænd ɛntɚteɪn ",1
"ɪt ɡoʊz daʊn iːzi , liːvɪŋ vɜːtʃuːəli noʊ æftɚteɪst ",1
nɑːkɐɹaʊnd ɡaɪz pleɪz laɪk ɐ stuːdənt fɪlm baɪ tuː ɡaɪz huː dɛspɚɹətli wɔnt təbi kwɛntɪn tæɹɐntiːnoʊ wɛn ðeɪ ɡɹoʊ ʌp ,0
"ɐ waɪldli ɛɹæɾɪk dɹɑːmə wɪð siːkwənsᵻz ðæt meɪk juː wɪns ɪn ɛmbæɹəsmənt ænd ʌðɚz , θæŋks tə ðɪ æktɚz , ðæt ɑːɹ kwaɪt tʌtʃɪŋ ",1
ɔfɚz æbsəluːtli nʌθɪŋ aɪ hæd ɛnt ɔːlɹɛdi siːn ,0
ðə muːvi ɪz ɐ lʌmbɚɹɪŋ loʊd ʌv hoʊkəm bʌt ɪt ɛs æt liːst wɑːtʃəbəl ,0
sɜːvɪŋ sɛɹə ɪz lɪɾəl moːɹ ðænə mɔːl muːvi dɪzaɪnd tə kɪl taɪm ,0
ɐ mɔːkɪʃ sɛlf pæɹədi ðæt pleɪz laɪk sʌm wɪɹd mæstɚpiːs θiəɾɚ skɛtʃ wɪð niːðɚɹ ɐ pɔɪnt ʌv vjuː nɔːɹ ɐ kəmpɛlɪŋ ɹiːzən fɔːɹ biːɪŋ ,0
tɹæpt pɹɛzənts ɐ fɹaɪʔn̩ɪŋ ænd kəmpɛlɪŋ wʌt ɪf ? ,1
"ɔːl ɹaɪt , soʊ ɪt ɛs nɑːɾə bɹɪliənt piːs ʌv fɪlmeɪkɪŋ , bʌt ɪɾ ɪz ɐ fʌni ɛlɑːɹbiː sʌmtaɪmz hɪlɛɹiəs ɑːɹɹɑːɹbiː kɑːmədi wɪð ɐ dɛft sɛns ʌv hjuːmɚɹ ɐbaʊt ɪtsɛlf , ɐ pleɪfəl spɪɹɪt ænd ɐ ɡeɪm kæst ",1
"ɐ blænd , ɑːbnɑːkʃəs eɪɾi eɪt mɪnɪt ɪnfoʊmɜːʃəl fɔːɹ juːnɪvɜːsəl stuːdɪoʊz ænd ɪts ænsɪlɚɹi pɹɑːdʌkts ",0
"hɛnɹi biːn ɛs θɔːtfəl skɹiːnpleɪ pɹəvaɪdz noʊ iːzi ænsɚz , bʌt ɔfɚz ɐ kəmpɛlɪŋ ɪnvɛstɪɡeɪʃən ʌv feɪθ vɜːsᵻz ɪntəlɛkt ",1
nɑːt sɪns ɡoʊstbʌstɚz hɐz ɐ fɪlm juːzd mænhæʔn̩ ɛs ɑːɹkɪtɛktʃɚɹ ɪn sʌtʃ ɐ ɡloːɹiəsli ɡuːfi weɪ ,1
ɐ tɹaɪʌmf ʌv ɪmoʊʃənəli ænd næɹətɪvli kɑːmplɛks fɪlmeɪkɪŋ ,1
"ɪt meɪ nɑːt biː ɐ hjuːdʒ kʌt ʌv əbʌv ðə ɹɛst , bʌt aɪ ɛndʒɔɪd bɑːɹbɚʃɑːp ",1
ɡleɪzd wɪð ɐ tɔːdɹi biː muːvi skʌm ,0
"ðə fɪlm əkeɪʒənəli tɹaɪz ðə vjuːɚ ɛs peɪʃəns wɪð sloʊ peɪsɪŋ ænd ɐ meɪn kæɹɪktɚ huː sʌmtaɪmz dᵻfaɪz sɪmpəθi , bʌt ɪɾ ʌltᵻmətli sæɾɪsfaɪz wɪð ɪts muːvɪŋ stoːɹi ",1
"fəmɪlɪɹ ænd pɹɪdɪktəbəl , ænd foːɹ faɪv tiːeɪtʃɛs ʌv ɪt maɪt æz wɛl hæv kʌm fɹʌm ɐ ziəɹɑːks məʃiːn ɹæðɚ ðɐn ɛlɑːɹbiː ɹaɪɾɚ dᵻɹɛktɚɹ ɑːɹɹɑːɹbiː fɹæŋk ",0
"kɔːl ɪt mædʒɪk ɹiːəlɪzəm ɔːɹ sɚɹiːəlɪzəm , bʌt mɪs wɔntən floʊts bᵻjɔnd ɹɪælᵻɾi wɪð ɐ sɜːʔn̩ dᵻɡɹiː ʌv wɪt ænd dɪɡnᵻɾi ",1
"ðɪs ɪz æz læks ænd lɪmp ɐ kɑːmədi æz aɪ viː siːn ɪn ɐ waɪl , ɐ miːændɚ θɹuː woːɹn aʊt mətɪɹiəl ",0
ðə pɚfoːɹmənsᵻz ʌvðə foːɹ meɪn æktɹəsᵻz bɹɪŋ ðɛɹ kæɹɪktɚz tə laɪf ,1
niːtli kənstɹʌktᵻd θɹɪlɚ ,1
"ðɪ ɪmoʊʃən ɪz ɪmpɹɛsɪvli tɹuː fɔːɹ biːɪŋ soʊ hɑːt blʌdᵻd , ænd boʊθ liːdz ɑːɹ ʌp tə ðə tæsk ",1
"ɹaɪf wɪððə ɹuːfəl , ɹaɪ hjuːmɚ spɹɪŋɪŋ aʊɾəv jɪdɪʃ kʌltʃɚ ænd læŋɡwɪdʒ ",1
"ɹɛɹli , ɪndiːd ɔːlmoʊst nɛvɚ , ɪz sʌtʃ haɪ wɑːɾɪdʒ bɹeɪnpaʊɚ kʌpəld wɪð pɪtʃ pɜːfɛkt æktɪŋ ænd ɐn ɛkskwɪsɪt , ʌnfeɪkəbəl sɛns ʌv sɪnəmə ",1
ɐ lʌvəbli oʊld skuːl hɑːliwʊd kənfɛkʃən ,1
"ɪt nɛvɚ kwaɪt meɪks ɪt tə ðə bɔɪlɪŋ pɔɪnt , bʌt mænɪdʒᵻz tə səsteɪn ɐ ɡʊd sɪmɚ fɔːɹ moʊst əv ɪts ɹʌnɪŋ taɪm ",1
"wʌn ʌvðə jɪɹ ɛs bɛst fɪlmz , fiːtʃɚɹɪŋ ɐn ɑːskɚ wɜːði pɚfoːɹməns baɪ dʒuːliən mʊɹ ",1
waɪ wʊd ɛnɪwʌn kæst ðə mæɡnɪfɪsənt dʒæki tʃæn ɪn ɐ muːvi fʊl ʌv stʌnt dʌbəlz ænd spɛʃəl ɪfɛkts ? ,0
ɪt ɛs sɚpɹaɪzɪŋli blænd dᵻspaɪt ðə hɛvi doʊsᵻz ʌv wɪɹd pɚfoːɹmənsᵻz ænd dᵻɹɛkʃən ,0
"ɪf juː ɹiː wɪlɪŋ tə hæv fʌn wɪð ɪt , juː woʊ ɛnt fiːl tʃiːɾᵻd baɪ ðə haɪ ɪnfᵻdɛlᵻɾi ʌv ʌnfeɪθfəl ",1
"ðə skɹɪpt ɪz ɐ dɪzæstɚ , wɪð klɔɪɪŋ mɛsɪdʒᵻz ænd ɜːksʌm kæɹɪktɚz ",0
bʌt ɪɾ ɔːlsoʊ kʌmz wɪððə leɪzinəs ænd æɹəɡəns əvə θɪŋ ðæt ɔːlɹɛdi noʊz ɪt ɛs wʌn ,0
wʌt ɛs ɹiəli soʊ ɐpiːlɪŋ ɐbaʊt ðə kæɹɪktɚz ɪz ðɛɹ ɹᵻzɛmbləns tʊ ɛvɹɪdeɪ tʃɪldɹən ,1
"ðə bɑːɾəm laɪn , æt liːst ɪn maɪ əpɪniən , ɪz ɪmpɔstɚ meɪks ɐ bɛɾɚ ʃɔːɹt stoːɹi ðɐn ɪt dʌz ɐ fɪlm ",0
"wɪlkoʊ fænz wɪl hæv ɐ ɡɹeɪt taɪm , ænd ðə muːvi ʃʊd wɪn ðə bænd ɐ fjuː nuː kənvɜːts , tuː ",1
feɪlz soʊ fʌndəmɛntəli ɔn ɛvɹi kənvɛnʃənəl lɛvəl ðɐɾɪt ɐtʃiːvz sʌm kaɪnd ʌv ɡuːfi ɡɹændʊɹ ,0
"noʊh hɐz meɪd ɐ diːsənt ɪntɹoʊ dɑːkjuːmɛntɚɹi , bʌt hiː fiːlz laɪk ɐ spɛkteɪɾɚ ænd nɑːɾə pɑːɹtɪsɪpənt ",0
"ɔːlðoʊ noʊ peɪstɹi ɪz vaɪəleɪɾᵻd , ðɪs næsti kɑːmədi poʊks fʌn æt ðə seɪm iːzi tɑːɹɡɪts æz ʌðɚ ɹaʊdi ɹɔːntʃ fɛsts fɑːɹts , buːbz , ʌnmɛnʃənəbəlz wɪðaʊt mʌtʃ səksɛs ",0
ðə muːvi ɪz tuː æmətʃɚɹɪʃli skwɛɹ tə meɪk ðə moʊst əv ɪts oʊn aɪɹɑːnɪk ɪmplɪkeɪʃənz ,0
"iːvən æz aɪ væliəntli stɹʌɡəld tə ɹᵻmeɪn ɪntɹɛstᵻd , ɔːɹ æt liːst kɑːnʃəs , aɪ kʊd fiːl maɪ aɪlɪdz ɡɛɾɪŋ vɛɹi hɛvi ",0
"ɐ mɪks ʌv ɡɹɪɾi ɹiːəlɪzəm , kɹɪsp stɔːɹɪtɛlɪŋ ænd ɹeɪdiənt kəmpæʃən ðæt ɛfɚtləsli dɹɔːz juː ɪn ",1
"wɑːtʃɪŋ ðɪs dʒɛntəl , mɛsmɚɹaɪzɪŋ poːɹtɹɪt əvə mæn kʌmɪŋ tə tɜːmz wɪð taɪm , juː bɛɹli ɹiːəlaɪz jʊɹ maɪnd ɪz biːɪŋ bloʊn ",1
hæʃɪɡʌtʃi juːsᵻz ðə sɪtʃuːeɪʃən tʊ ɪvoʊk ɐ dʒəpæn bʌsəlɪŋ ɐtɑːp ɐn ʌndɚkɜːɹənt ʌv loʊnlinəs ænd aɪsəleɪʃən ,1
"dᵻspaɪt ɪts sɪnsɪɹ æktɪŋ , saɪnz ɪz dʒʌst ɐnʌðɚɹ ʌnɚɹɪdʒɪnəl ɹʌn ʌvðə mɪl saɪ faɪ fɪlm wɪð ɐ flɪmzi ɛndɪŋ ænd lɑːts ʌv haɪp ",0
"meɪkɪŋ sʌtʃ ɐ tɹædʒədi ðə bækdɹɑːp tʊ ɐ lʌv stoːɹi ɹɪsks tɹɪvɪəlaɪzɪŋ ɪt , ðoʊ tʃaʊɚɹækwi noʊ daʊt ɪntɛndᵻd ðə fɪlm tʊ ɐfɜːm lʌv ɛs paʊɚ tə hɛlp piːpəl ɛndʊɹ ɔːlmoʊst ʌnɪmædʒɪnəbəl hɔɹɚ ",1
ɪt ɛs ɐ mæstɚpeɪs ,1
ɪŋkoʊhɪɹəns ɹeɪnz ,0
"ðə dɹɑːmə wʌz soʊ ʌnɪnspaɪɚɹɪŋ ðæt iːvən ɐ stoːɹi ɪmɜːst ɪn lʌv , lʌst , ænd sɪn kʊd ɛnt kiːp maɪ ɐtɛnʃən ",0
dɪsɹɛpjuːɾəbəl duːɪŋz ænd ɛkskwɪsɪt tɹæpɪŋz ɑːɹ dæmpənd baɪ ɐ læklʌstɚ skɹɪpt ænd sʌbstændɚd pɚfoːɹmənsᵻz ,0
wɜːks bɪkʌz ɹiːnoʊ dʌz ɛnt bɪkʌm smʌɡ ɔːɹ sæŋktɪmoʊniəs təwɔːɹdz ðɪ ɔːdiəns ,1
"ɪt kʊks kɑːndʌkt ɪn ɐ loʊ , smoʊki ænd ɪnvaɪɾɪŋ sɪzəl ",1
"waʊ , soʊ huː nuː tʃɑːɹlz dɪkənz kʊd biː soʊ laɪt hɑːɹɾᵻd ? ",1
"ɛlɑːɹbiː ɐ ɑːɹɹɑːɹbiː wʌndɚfəli luːpi teɪl ʌv lʌv , lɔŋɪŋ , ænd voʊɾɪŋ ",1
"tɑːɹɹɚ ɹiːd pleɪz ɐ kɑːlɪdʒ dʒɜːnəlɪst , bʌt ʃiː lʊks laɪk ðə sɪks taɪm wɪnɚɹ ʌvðə mɪs həwaɪən tɹɑːpɪk pædʒənt , soʊ aɪ duː ɛnt noʊ wʌt ʃiː ɛs duːɪŋ ɪn hɪɹ ",0
ðɪs fɪlm kæn oʊnli pɔɪnt ðə weɪ bʌt θæŋk ɡʊdnəs fɔːɹ ðɪs saɪnpoʊst ,1
ɐ meɪdʒɚ weɪst dʒənɛɹɪk ,0
siː ɪt ,1
"ɪt ɛs nɑːt dʒʌst ɐ fiːl ɡʊd muːvi , ɪt ɛs ɐ fiːl muːvi ",1
ðə pɹɑːbəlmæɾɪk kæɹɪktɚz ænd oʊvɚli kənviːnɪənt plɑːt twɪsts faʊl ʌp ʃʌm ɛs ɡʊd ɪntɛnʃənz ,0
tɹɛz ɡɹiːk ɹaɪɾɚ ænd stɑːɹ niə vɑːɹdəloʊz hɐz kɹæftᵻd hɪɹ ɐ wɜːldli waɪz ænd vɛɹi fʌni skɹɪpt ,1
"ðɪs ɪz ɐ fɪlm ɐbaʊt ðɪ ɜːksʌm , taɪɚsʌm neɪtʃɚɹ ʌv kəmpleɪsənsi ðæt ɹᵻmeɪnz ʌɾɚli sæɾɪsfaɪd tə ɹᵻmeɪn ðə seɪm θɹuːaʊt ",0
ɐ diːpli fɛlt ænd vɪvɪdli diːteɪld stoːɹi ɐbaʊt nuːkʌmɚz ɪn ɐ stɹeɪndʒ nuː wɜːld ,1
"ɹiəli ɪz ɐ pæn ɐmɛɹɪkən muːvi , wɪð moʊmənts ʌv dʒɛnjuːɪn ɪnsaɪt ɪntʊ ðɪ ɜːbən hɑːɹt ",1
"plɛnti ʌv wɔːɹmθ tə ɡoʊ ɚɹaʊnd , wɪð mjuːzɪk ænd læftɚɹ ænd ðə lʌv ʌv fæmɪli ",1
"ðɪs oʊvɚlɔŋ ɪnfoʊmɜːʃəl , duː aʊt ɔn vɪdɪoʊ bᵻfoːɹ mʌnθ ɛs ɛnd , ɪz tɛpɪd ænd tiːdiəs ",0
bʌt haʊ ɪt wɑːʃt aʊt dᵻspaɪt ɔːl ʌv ðæt ɪz ðə pɹɑːdʒɛkt ɛs pɹaɪm mɪstɚɹi ,0
ðɪ ænɪmeɪɾᵻd siːkwənsᵻz ɑːɹ wɛl dʌn ænd pɜːfɛktli kənstɹʌktᵻd tə kənveɪ ɐ sɛns ʌv tʃaɪldhʊd ɪmædʒᵻneɪʃən ænd kɹiːeɪɾɪŋ ɐdvɛntʃɚɹ aʊɾəv æŋst ,1
"ðɪs sɪnəmə vɛɹaɪt spɛkjʊleɪʃən ɔnðɪ ɐsæsᵻneɪʃən ʌv dʒɑːn ɛf kɛnədi meɪhɐv bɪn ɪnspaɪɚd baɪ blɛɹ wɪtʃ , bʌt ɪt teɪks ɪts tɛkniːks ɪntʊ sʌtʃ fɹɛʃ tɛɹɪtoːɹi ðætðə fɪlm nɛvɚ fiːlz dᵻɹɪvətɪv ",1
"ɛlɑːɹbiː sɪɾi ɑːɹɹɑːɹbiː ɹᵻmaɪndz ʌs haʊ ɹiːəlɪstɪkli nuːɑːnst ɐ ɹɑːbɚt də niəɹoʊ pɚfoːɹməns kæn biː wɛn hiː ɪz nɑːt moːɹ luːkɹətɪvli ɛŋɡeɪdʒd ɪnðə ʃeɪmləs sɛlf kæɹɪkətʃʊɹ ʌv ænɐlaɪz ðɪs ɛlɑːɹbiː naɪntiːnhʌndɹɪd naɪnti naɪn ɑːɹɹɑːɹbiː ænd ænɐlaɪz ðæt , pɹɑːmɪst ɛlɑːɹbiː ɔːɹ θɹɛʔn̩d ɑːɹɹɑːɹbiː fɔːɹ leɪɾɚ ðɪs jɪɹ ",1
"fæst ænd fʌni , ɐn ækʃən kɑːɹtuːn ðæt ɛs səspɛnsfəl ɪnʌf fɔːɹ oʊldɚ kɪdz bʌt nɑːt tuː skɛɹi fɚðə skuːl eɪdʒ kɹaʊd ",1
"ɪt ɛs soʊ tiːdiəs ðɐɾɪt meɪks juː fɚɡɪv ɛvɹi feɪk , dɪsɑːnɪst , ɛntɚteɪnɪŋ ænd , ʌltᵻmətli , moːɹ pɚsɛptɪv moʊmənt ɪn bɹɪdʒɪt dʒoʊnz ɛs daɪɚɹi ",0
"wɑːtʃɪŋ ðiːz tuː æktɚz pleɪ ɐɡɛnst iːtʃ ʌðɚ soʊ ɪntɛnsli , bʌt wɪð ɹᵻstɹeɪnt , ɪz ɐ tɹiːt ",1
ðɪs ɪz wʌn ʌvðə bɪɡɪst dɪsɐpɔɪntmənts ʌvðə jɪɹ ,0
ɹiːəl laɪf stɹɔŋmən æhoʊlə læks ðə kɚɹɪsmə ænd ɐbɪləɾi tə kæɹi ðə fɪlm ɔn hɪz ɐdmɪɾᵻdli bɹɔːd ʃoʊldɚz ,0
ɐ maɪmɛɾɪk ɐpɹɑːksɪmeɪʃən ʌv bɛɾɚ fɪlmz laɪk kəntɛmpt ænd eɪt wʌn tuː ,0
"nɛɾɪlbɛk hɐz kɹæftᵻd ɐn ɛŋɡeɪdʒɪŋ fæntəsi ʌv fleɪvɚz ænd ɪmoʊʃənz , wʌn pɑːɹt ɹoʊmæns nɑːvəl , wʌn pɑːɹt ɹɛsᵻpiː bʊk ",1
ɪt ɛs dʒʌst hɑːɹd tə bᵻliːv ðæɾə laɪf laɪk ðɪs kæn saʊnd soʊ dʌl ,0
"ðɛɹ ɪz ɐ wɛlkʌm læk ʌv pɹɪtɛnʃən ɐbaʊt ðə fɪlm , wɪtʃ vɛɹi sɪmpli sɛts aʊt tʊ ɛntɚteɪn ænd ɛndz ʌp dᵻlɪvɚɹɪŋ ɪn ɡʊd mɛʒɚ ",1
"ðɛɹ ɛs nɑːɾə sɪŋɡəl dʒʌmp ɪn jʊɹ siːt moʊmənt ænd bᵻliːv ɪt ɔːɹ nɑːt , dʒeɪsən æktʃuːəli teɪks ɐ bæksiːt ɪn hɪz oʊn fɪlm tə spɛʃəl ɪfɛkts ",0
"æz ɹᵻleɪʃənʃɪps ʃɪft , dᵻɹɛktɚ ɹɑːbɚt dʒeɪ siːdʒəl ɐlaʊz ðə kæɹɪktɚz tʊ ɪnhæbɪt ðɛɹ wɜːld wɪðaʊt kliːvɪŋ tʊ ɐ næɹətɪv ɑːɹk ",1
"nɪks səsteɪnz ðə lɛvəl ʌv ɛɡzædʒɚɹeɪɾᵻd , staɪlaɪzd hjuːmɚ θɹuːaʊt baɪ teɪkɪŋ jʊɹ ɛkspɪkteɪʃənz ænd twɪstɪŋ ðɛm dʒʌst ɐ bɪt ",1
hɪɹ ðə lʌv siːnz ɔːl ɛnd ɪn sʌmwʌn skɹiːmɪŋ ,0
ɐ lɑːt smɑːɹɾɚ ðɐn jʊɹ ævɹɪdʒ bɑːnd ,1
ɐ soʊl stɜːɹɪŋ dɑːkjuːmɛntɚɹi ɐbaʊt ðɪ ɪzɹeɪli pæləstɪniːən kɑːnflɪkt æz ɹᵻviːld θɹuː ðɪ aɪz ʌv sʌm tʃɪldɹən huː ɹᵻmeɪn kjʊɹɹiəs ɐbaʊt iːtʃ ʌðɚɹ ɐɡɛnst ɔːl ɑːdz ,1
"ɪnoːɹməsli ɛndʒɔɪəbəl , haɪ ɐdɹɛnəlɪn dɑːkjuːmɛntɚɹi ",1
"tuː mɛni sənæɹioʊz ɪnwɪtʃ ðə hiəɹoʊ maɪthɐv ɐn ɑːpɚtuːnᵻɾi tə tɹaɪʌmfəntli sɜːmənaɪz , ænd tuː fjuː ðæt ɐlaʊ ʌs tə wʌndɚ fɔːɹ aʊɚsɛlvz ɪf θɪŋz wɪl tɜːn aʊt oʊkeɪ ",0
kaɪɚɹəstɑːmi hɐz kɹæftᵻd ɐ dᵻsɛptɪvli kæʒuːəl oʊd tə tʃɪldɹən ænd mænɪdʒd tə kənveɪ ɐ taɪni sɛns ʌv hoʊp ,1
"steɪl fɜːst ækt , skɹuːdʒ stoːɹi , bleɪtənt pɹɑːdʌkt pleɪsmənt , sʌm vɛɹi ɡʊd kəmiːdɪk sɔŋz , stɹɔŋ fɪnɪʃ , dʌm fɑːɹt dʒoʊks ",0
"ðæt ɹɛɹ fɪlm huːz ɹiːəl laɪf beɪsɪs ɪz , ɪn fækt , soʊ ɪntɹɛstɪŋ ðæt noʊ ɛmbɛlɪʃmənt ɪz niːdᵻd ",1
"fɔːɹ moːɹ ðɐn tuː dɛkeɪdz mɪstɚ nætʃtwi hɐz tɹævəld tə pleɪsᵻz ɪnðə wɜːld dɛvᵻsteɪɾᵻd baɪ wɔːɹ , fæmɪn ænd pɑːvɚɾi ænd dɑːkjuːməntᵻd ðə kɹuːəlti ænd sʌfɚɹɪŋ hiː hɐz faʊnd wɪð æn dɛvᵻsteɪɾɪŋ , ɛləkwənt klæɹᵻɾi ",1
"ɪn fækt , ɪt dʌz ɛnt iːvən siːm laɪk ʃiː tɹaɪd ",0
suːpɜːb pɹədʌkʃən væljuːz kɹɪstʃən beɪl ɛs kɚɹɪsmə meɪk ʌp fɚɹə dᵻɹɪvətɪv plɑːt ,1
vɪʒuːəli stɹaɪkɪŋ ænd vɪsɚɹəli ɹᵻpɛlənt ,1
"ðoʊ ɪntɹɛpɪd ɪn ɛksploːɹɪŋ ɐn ɐtɹækʃən ðæt kɹɔsᵻz sɛkʃuːəl aɪdɛntᵻɾi , ɑːzptɛk fɔːlz ʃɔːɹt ɪn ʃoʊɪŋ ʌs æntoʊniə ɛs tɹuː ɪmoʊʃənz bʌt æt ðə vɛɹi liːst , hɪz siːkɹᵻt laɪf wɪl liːv juː θɪŋkɪŋ ",1
"stiːlɪŋ hɑːɹvɚd dʌz ɛnt kɛɹ ɐbaʊt klɛvɚnəs , wɪt ɔːɹ ɛni ʌðɚ kaɪnd ʌv ɪntɛlɪdʒənt hjuːmɚ ",0
ɹɛɹli hɐz ɐ fɪlm ɛs taɪɾəl sɜːvd sʌtʃ daɪɚ wɔːɹnɪŋ ,0
dɹɪpɪŋ wɪð kliːʃeɪ ænd baɪpæsɪŋ noʊ ɑːpɚtuːnᵻɾi tə tɹɪvɪəlaɪz ðə mətɪɹiəl ,0
"ɪt ɛs ɐn ɪntɹɛstɪŋ ɛfɚt ɛlɑːɹbiː pɚtɪkjʊlɚli fɔːɹ dʒeɪɛfkeɪ kənspɪɹəsi nʌts ɑːɹɹɑːɹbiː , ænd bæɹi ɛs koʊld fɪʃ ækt meɪks ðɪ ɛkspiəɹɪəns wɜːθwaɪl ",1
ɐn ʌnɛkspɛktᵻdli swiːt stoːɹi ʌv sɪstɚhʊd ,1
dʒʌst bɪkʌz ɐ wɔːk tə ɹᵻmɛmbɚɹ ɪz ʃɹuːd ɪnʌf tʊ æktᵻveɪt ɡɜːlɪʃ tɪɹ dʌkts dʌz ɛnt miːn ɪt ɛs ɡʊd ɪnʌf fɔːɹ aʊɚ ɡɜːlz ,0
"ðɪ ɛksploʊʒən ᵻsɛnʃəli ɹuːɪnd ɔːɹ , ɹæðɚ , oʊvɚpaʊɚd ðə fɪkʃən ʌvðə muːvi fɔːɹ miː ",0
"ðə skɹɪpt ɪz smɑːɹt , nɑːt klɔɪɪŋ ",1
ɪts ɪnɪʃəl ɛksaɪtmənt sɛɾəlz ɪntʊ ɐ wɔːɹmd oʊvɚ pæstɪtʃ ,0
"ɐn ʌŋklʌɾɚd , ɹɛzənənt dʒɛm ðæt ɹiːleɪz ɪts juːnɪvɜːsəl pɔɪnts wɪðaʊt lɛktʃɚz ɔːɹ kɑːnfɹənteɪʃənz ",1
"dᵻpɪkts ðə sɑːɹiɪst ænd moʊst soːɹdɪd ʌv hjuːmən bᵻheɪvjɚɹ ɔnðə skɹiːn , ðɛn læfs æt haʊ klɛvɚɹ ɪt ɛs biːɪŋ ",0
"ɔn ɪts aɪsi feɪs , ðə nuː fɪlm ɪz ɐ sʌbzɪɹoʊ vɜːʒən ʌv mɔnstɚz , ɪŋk , wɪðaʊt ðə læɾɚ ɛs ɪmædʒᵻneɪʃən , vɪʒuːəl tʃɑːɹm ɔːɹ tɛkstʃɚ ",0
"stɑːɹts aʊt miːdɪoʊkɚ , spaɪɚɹəlz daʊnwɚd , ænd θʌdz tə ðə bɑːɾəm ʌvðə puːl wɪð ɐn ʌɾɚli ɪŋkɑːmpɪtənt kəŋkluːʒən ",0
mɪʃɛl ɪz ɐ sʌtʃ ɐ bɹeɪnləs flɪbɚtɪdʒəbbɪt ðɐɾɪt ɛs hɑːɹd tə teɪk hɜː spɪɹɪtʃuːəl kwɛst æɾ ɔːl sɪɹiəsli ,0
"ðə fɪlm fɔːlz ʃɔːɹt ɔn tɛnʃən , ɛləkwəns , spɪɹɪtʃuːəl tʃælɪndʒ θɪŋz ðæt hæv meɪd ðɪ ɚɹɪdʒɪnəl nuː tɛstəmənt stoːɹiz soʊ kəmpɛlɪŋ fɔːɹ twɛnti sɛntʃɚɹiz ",0
"ðɪ aɪdiə ɪz moːɹ ɪntɹɛstɪŋ ðɐn ðə skɹiːnpleɪ , wɪtʃ læɡz bædli ɪnðə mɪdəl ænd lɜːtʃᵻz bᵻtwiːn nɑːt vɛɹi fʌni kɑːmədi , ʌŋkənvɪnsɪŋ dɹəmæɾɪks ænd sʌm læst mɪnɪt ækʃən stɹɔŋli ɹɛmᵻnɪsənt ʌv ɹʌn loʊlɚ ɹʌn ",0
"ɪf juː ɑːɹ wɪlɪŋ tə duː ðɪs , ðɛn juː soʊ kɹeɪzi ! ",0
"ðɛɹ ɛs nʌθɪŋ ɛɡzæktli ɹɔŋ hɪɹ , bʌt ðɛɹ ɛs nɑːt nɪɹli ɪnʌf ðæt ɛs ɹaɪt ",0
kɪm kaɪ diːɑːk siːmz tə hæv ɪn maɪnd ɐn ɛlɑːɹbiː ɪmoʊʃənəli æt liːst ɑːɹɹɑːɹbiː ædəlɛsənt ɔːdiəns dᵻmændɪŋ ɹɛɡjʊlɚ ʃɑːks ænd baʊts ʌv bɛɹli dᵻfɛnsᵻbəl sɛkʃuːəl vaɪələns tə kiːp ɪɾ ɪntɹɛstᵻd ,0
"ɐmɪd ðə nuː pɑːpjʊlɪst kɑːmədiz ðæt ʌndɚskoːɹ ðɪ ɪmpoːɹtəns ʌv fæmɪli tɹɐdɪʃən ænd fæmɪlɪəl kəmjuːnᵻɾi , wʌn wʊd biː hɑːɹd pɹɛst tə faɪnd ɐ muːvi wɪð ɐ bɪɡɚ , fæɾɚ hɑːɹt ðɐn bɑːɹbɚʃɑːp ",1
bɹɔːt tə laɪf ɔnðə bɪɡ skɹiːn ,1
"ɪf ɪt ɛs nɑːt ɛntaɪɚli mɛmɚɹəbəl , ðə muːvi ɪz sɜːʔn̩li iːzi tə wɑːtʃ ",1
noʊz haʊ tə meɪk aʊɚɹ ɪmædʒᵻneɪʃən wʌndɚ ,1
liːks tɹiːkəl fɹʌm ɛvɹi poːɹ ,0
"ðə saɪɡɑːn ʌv naɪntiːnhʌndɹɪd fɪfti tuː ɪz ɐn ʌniːzi mɪks ʌv sɛnʃuːəl dᵻlaɪts ænd sɪmɚɹɪŋ vaɪələns , ænd ðə kwaɪət ɐmɛɹɪkən bɹɪŋz ʌs ɹaɪt ɪntʊ ðə sɛntɚɹ ʌv ðæt wɜːld ",1
ðɪ æktɚz ɑːɹ fæntæstɪk ,1
"ɐ spuːf kɑːmədi ðæt kæɹiz ɪts ʃɛɹ ʌv læfs sʌmtaɪmz ɐ tʃʌkəl , sʌmtaɪmz ɐ ɡʌfɔː ænd , tə maɪ ɡɹeɪt plɛʒɚ , ðɪ əkeɪʒənəl bɛli læf ",1
ɐn ɛndʒɔɪəbli fɹɑːθi deɪt muːvi ,1
"niːðɚ ðə fʌnɪɪst fɪlm ðæt ɛdi mɜːfi nɔːɹ ɹɑːbɚt də niəɹoʊ hɐz ɛvɚ meɪd , ʃoʊtaɪm ɪz nɛvɚðəlɛs ɪfɪʃəntli ɐmjuːzɪŋ fɚɹə ɡʊd waɪl ",1
"ɔːsʌm wɜːk ɪnɛfəbəl , ᵻluːsɪv , jɛt ɪnɛksplɪkəbli paʊɚfəl ",1
"liːpɪŋ fɹʌm wʌn ɚɹɛstɪŋ ɪmɪdʒ tʊ ɐnʌðɚ , sɔŋz fɹʌmðə sɛkənd floːɹ hɐz ɔːl ðɪ ɛndʒɔɪəbəl ɹændəmnəs əvə vɛɹi laɪvli dɹiːm ænd soʊ mænɪdʒᵻz təbi kəmpɛlɪŋ , ɐmjuːzɪŋ ænd ʌnsɛɾəlɪŋ æt ðə seɪm taɪm ",1
"ɪntɛnsli ɹoʊmæntɪk , θɔːt pɹəvoʊkɪŋ ænd iːvən ɐn ɛŋɡeɪdʒɪŋ mɪstɚɹi ",1
"feɪθfəl wɪðaʊt biːɪŋ foːɹsfəl , sæd wɪðaʊt biːɪŋ ʃɹɪl , ɐ wɔːk tə ɹᵻmɛmbɚ səksiːdz θɹuː sɪnsɛɹᵻɾi ",1
ɐ waɪldli ɛntɚteɪnɪŋ skæn ʌv ɛvənz kɚɹɪɹ ,1
dʌz pɔɪnt ðə weɪ fɔːɹ ɐdvɛntʃɚɹəs ɪndiən fɪlmeɪkɚz təwɔːɹd ɐ kɹɔsoʊvɚɹ ɪntʊ nɑːnɛθnɪk mɑːɹkɪts ,1
"ʃiːfɚɹ ɪz ɛnt ɪn ðɪs fɪlm , wɪtʃ meɪ biː waɪ ɪt wɜːks æz wɛl æz ɪt dʌz ",1
"ɪɾ ɪz ɐbaʊt ɪɹæʃənəl , ʌnɛkspleɪnəbəl laɪf ænd ɪt siːmz soʊ ɹiːəl bɪkʌz ɪt dʌznɑːt ɐtɛmpt tə fɪltɚɹ aʊt ðə kəmplɛksᵻɾi ",1
ɛlɑːɹbiː bɹihɛni ɛs ɑːɹɹɑːɹbiː lɛnzɪŋ ʌvðə nuː ziːlənd ænd kʊk aɪlənd loʊkeɪʃənz kæptʃɚz boʊθ ðə bjuːɾi ʌvðə lænd ænd ðə piːpəl ,1
ɛlɑːɹbiː ɐn ɑːɹɹɑːɹbiː ɐbsoːɹbɪŋ dɑːkjuːmɛntɚɹi ,1
ɪf juː oʊpən joːɹsɛlf ʌp tə mɪstɚ ɹɛɡɪoʊ ɛs θiəɹi ʌv ðɪs ɪmɪdʒɹi æz ðə muːvi ɛs sɛt ɪt kæn ɪmpɑːɹt ɐn ɔːlmoʊst vɪsɚɹəl sɛns ʌv dɪsloʊkeɪʃən ænd tʃeɪndʒ ,1
ɑːskɚ kælɪbɚ kæst dʌz ɛnt laɪv ʌp tə mətɪɹiəl ,0
ɪt ɛs hɑːɹd tʊ ɪmædʒɪn ɐnʌðɚ dᵻɹɛktɚɹ ɛvɚ meɪkɪŋ hɪz waɪf lʊk soʊ bæd ɪn ɐ meɪdʒɚ muːvi ,0
hɐz ɪnʌf ɡʌn bæɾəlz ænd θɹoʊəweɪ hjuːmɚ tə kʌvɚɹ ʌp ðə jɔːnɪŋ kæzəm wɛɹ ðə plɑːt ʃʊd biː ,0
pæɹɪs pɚfoːɹməns ɪz kɹɛdɪbəl ænd ɹᵻmɑːɹkəbli mətʃʊɹ ,1
"ðə fɪlm ɛs sɛns ʌv ɪmɪdʒɹi ɡɪvz ɪɾ ɐ tɛɹᵻbəl stɹɛŋθ , bʌt ɪt ɛs pɹəpɛld baɪ ðɪ æktɪŋ ",1
stɑːk ʌp ɔn sɪlvɚ bʊlɪts fɔːɹ dᵻɹɛktɚ niːl mɑːɹʃəl ɛs ɪntɛns fɹeɪt tɹeɪn əvə fɪlm ,1
ðə kæstɪŋ ʌv vɑːn sɪdoʊ ɪz ɪtsɛlf ɪntæktoʊ ɛs lʌkiɪst stɹoʊk ,1
"ɛɡzɪlɐɹəɾɪŋ , fʌni ænd fʌn ",1
biːn dɹɑːps ðə bɔːl tuː mɛni taɪmz hoʊpɪŋ ðə nɪfti pɹɛmɪs wɪl kɹiːeɪt ɪnʌf ɪntɹɛst tə meɪk ʌp fɚɹən ʌnfoʊkəst skɹiːnpleɪ ,0
maɪkəl mʊɹ ɛs leɪɾɪst dɑːkjuːmɛntɚɹi ɐbaʊt ɐmɛɹɪkə ɛs θɜːst fɔːɹ vaɪələns ɪz hɪz bɛst fɪlm jɛt ,1
ðə tʌksiːdoʊ mɪskælkjʊleɪts bædli baɪ foːɹsɪŋ ðə stɑːɹ tə pleɪ sɛkənd fɪdəl tə ðə dʌl ɪfɛkts ðæt ɐlaʊ ðə suːt tə kʌm tə laɪf ,0
"æt ðə wʌn aʊɚ mɑːɹk , hɜːzɑːɡ sɪmpli ɹʌnz aʊɾəv aɪdiəz ænd ðə peɪs tɜːnz pɑːzᵻtɪvli lɛdən æz ðə muːvi spʌɾɚz tʊ ɪts ɪnɛvᵻɾəbəl tɹædʒɪk kəŋkluːʒən ",0
nɪɹli ɛvɹi ɐtɛmpt æt hjuːmɚ hɪɹ ɪz doʊə ,0
ɪt ɛs ɐ ɹoʊd tɹɪp dɹɑːmə wɪð tuː mɛni ɹɔŋ tɜːnz ,0
"ɛvɹɪθɪŋ ɪn meɪd ɪn mænhæʔn̩ ɪz ɛksiːdɪŋli plɛzənt , dɪzaɪnd nɑːt tʊ əfɛnd ",1
"aʊɚsaɪd ðə θiəɾɚ ɹɑːdʒɚ maɪt biː ɪntɑːlɚɹəbəl kʌmpəni , bʌt ɪnsaɪd ɪt hiː ɛs wɛl wɜːθ spɛndɪŋ sʌm taɪm wɪð ",1
"ɛnɪɡmə ɪz wɛl meɪd , bʌt ɪt ɛs dʒʌst tuː dɹaɪ ænd tuː plæsɪd ",0
"nɑːt kwaɪt æz mɪɹækjʊləs æz ɪts dɹiːmwɜːks meɪkɚz wʊdhɐv juː bᵻliːv , bʌt ɪt moːɹ ðɐn ædɪkwətli fɪlz ðɪ aɪz ænd stɜːz ðɪ ɪmoʊʃənz ",1
eɪt lɛɡɪd fɹiːks fɔːlz flæt æz ɐ spuːf ,0
"teɪks juː baɪ ðə feɪs , stɹoʊks jʊɹ tʃiːks ænd kuːz bᵻsiːtʃɪŋli æt juː sloʊ daʊn , ʃeɪk ɔf jʊɹ tɛnʃənz ænd teɪk ðɪs pɪktʃɚɹ æɾ ɪts oʊn bɹiːzi , dɪstɹæktᵻd ɹɪðəmz ",1
"ɪt ɛs ɐ lɔŋ weɪ fɹʌm ɔːɹwɛl ɛs dɑːɹk , ɪntɛlɪdʒənt wɔːɹnɪŋ kɹaɪ ɛlɑːɹbiː naɪntiːnhʌndɹɪd eɪɾi foːɹ ɑːɹɹɑːɹbiː tə ðɪ ɛmpti stʌd nɑːkɐbaʊt ʌv iːkwɪlɪbɹiəm , ænd wʌt wʌns wʌz kənvɪkʃən ɪz naʊ ɐfɪkteɪʃən ",0
"ʃɔːɹt stoːɹi kweɪnt , tʌtʃɪŋli mɛndɪŋ ɐ tʃaɪld ɛs peɪn fɔːɹ hɪz dɛd mʌðɚ vaɪə kəmjuːnɪkeɪʃən wɪð ɐn oʊld wʊmən stɹeɪt aʊɾəv juːdoːɹə wɛlti ",1
"smɑːɹt , fʌni ænd dʒʌst ɑːnɪst ɪnʌf tə pɹəvaɪd ðə plɛʒɚz əvə slaɪtli nɔːɾi , dʒʌst əbʌv ævɹɪdʒ ɔf bɹɔːdweɪ pleɪ ",1
"ɐ foʊɾəɡɹæfɪk mɑːɹvəl ʌv sɔːɹts , ænd ɪt ɛs sɜːʔn̩li ɐn ɪnvæljuːəbəl ɹɛkɚd ʌv ðæt spɛʃəl fɪʃi kəmjuːnᵻɾi ",1
"waɪl ðə hjuːmɚɹ æspɛkts ʌv dʒeɪsən ɛks wɜː fɑːɹmoːɹ ɛntɚteɪnɪŋ ðɐn aɪ hæd ɛkspɛktᵻd , ɛvɹɪθɪŋ ɛls ɐbaʊt ðə fɪlm tæŋks ",0
bʌt nɑːt wɪðaʊt tʃiːsi fʌn fæktɚ ,1
"tsaɪ mɪŋ ljæŋ ɛs wɪɾi , wɪstfəl nuː fɪlm , wʌt taɪm ɪz ɪt ðɛɹ ? ",1
bɪkʌmz ðə læst θɪŋ juː wʊd ɛkspɛkt fɹʌm ɐ fɪlm wɪð ðɪs taɪɾəl ɔːɹ ɪndiːd fɹʌm ɛni plɪmptən fɪlm boːɹɪŋ ,0
hɛvi wɪð flæbi ɹoʊlz ʌv tɪpɪkəl təbæk mækᵻneɪʃənz ,0
"læst ɔːɹdɚz nɜːtʃɚz ðə mʌltaɪ leɪɚz ʌv ɪts kæɹɪktɚz , ɐlaʊɪŋ ʌs tə ɹᵻmɛmbɚ ðæt laɪf ɛs ʌltᵻmətli ɐ ɡæmbəl ænd læst ɔːɹdɚz ɑːɹ təbi ɛmbɹeɪst ",1
ðɪ oʊnli θɪŋ aɪ læft æt wɜː ðə piːpəl huː peɪd tə siː ɪt ,0
"ðə skɹɪpt , ðə ɡæɡz , ðə kæɹɪktɚz ɑːɹ ɔːl dᵻɹɛkt tə vɪdɪoʊ stʌf , ænd ðæt ɛs wɛɹ ðɪs fɪlm ʃʊdəv ɹᵻmeɪnd ",0
"ɔnðɪ ɛvɪdəns bᵻfoːɹ ʌs , ðɪ ænsɚɹ ɪz klɪɹ nɑːt iːzili ænd , ɪnðɪ ɛnd , nɑːt wɛl ɪnʌf ",0
ɐn ɔːkwɚdli kəntɹaɪvd ɛksɚsaɪz ɪn mædʒɪk ɹiːəlɪzəm ,0
iːtʃ siːn ɪmiːdɪətli səkʌmz tə ɡɹævᵻɾi ænd plʌmɪts tʊ ɜːθ ,0
"ɐseɪəz æmbɪʃəs , sʌmtaɪmz bjuːɾifəl ædæpteɪʃən ʌv ʒæk tʃɑːɹdɑːn ɛs nɑːvəl ",1
"nʌθɪŋ bʌt wʌn ɹɪlɛntləsli dᵻpɹɛsɪŋ sɪtʃuːeɪʃən æftɚɹ ɐnʌðɚ fɔːɹ ɪts ɛntaɪɚ ɹʌnɪŋ taɪm , sʌmθɪŋ ðæt juː kʊd iːzili biː diːlɪŋ wɪð ɹaɪt naʊ ɪn jʊɹ laɪvz ",0
"ðə fɪlm dʒʌst maɪt tɜːn ɔn mɛni piːpəl tʊ ɑːpɚɹə , ɪn dʒɛnɚɹəl , ɐn ɑːɹt fɔːɹm ɐtwʌns vɪsɚɹəl ænd spɪɹɪtʃuːəl , wʌndɚfəli vʌlɡɚ ænd sʌblaɪmli lɔfti ænd æz ɪmoʊʃənəli ɡɹænd æz laɪf ",1
ɐ stɹeɪt ʃuːɾɪŋ fæmɪli fɪlm wɪtʃ ɐwɔːɹdz ænɪməlz ðə ɹᵻspɛkt ðeɪ viː ɹɛɹli bɪn ɡɪvən ,1
hoʊki ɑːɹt haʊs pɹɪtɛnʃən ,0
ʌnfɔːɹtʃənətli ðə stoːɹi ænd ðɪ æktɚz ɑːɹ sɜːvd wɪð ɐ hæk skɹɪpt ,0
"ænd ðɛɹ ɛs ðɪ ɪnɪmɪɾəbəl daɪəz , hoʊldɪŋ ɪɾ ɔːl təɡɛðɚ ",1
"toʊld ɪn skæɾɚd fæʃən , ðə muːvi oʊnli ɪntɚmɪtəntli laɪvz ʌp tə ðə stoːɹiz ænd feɪsᵻz ænd mjuːzɪk ʌvðə mɛn huː ɑːɹ ɪts sʌbdʒɛkt ",0
kʌmz əkɹɑːs æz ɐ fɛɹli wiːk ɹᵻtuːlɪŋ ,0
"wʌn ʌvðə bɛst fɪlmz ʌvðə jɪɹ wɪð ɪts ɛkskwɪsɪt æktɪŋ , ɪnvɛntɪv skɹiːnpleɪ , mɛsmɚɹaɪzɪŋ mjuːzɪk , ænd mɛni ɪnɪmɪɾəbəl siːnz ʌv tɛndɚnəs , lɔs , dɪskəntɛnt , ænd jɜːnɪŋ ",1
ðə bɪɡ fɪnɪʃ ɪz ɐ bɪt laɪk ɡɛɾɪŋ ɔːl ɛksaɪɾᵻd ɐbaʊt ɐ tʃɑːklət ɪklɛɹ ænd ðɛn baɪɾɪŋ ɪntʊ ɪt ænd faɪndɪŋ ðə fɪlɪŋ mɪsɪŋ ,0
"æz sækɚɹɪn muːvɪz ɡoʊ , ðɪs ɪz laɪkli tə kɔːz mæsɪv kɑːɹdiæk ɚɹɛst ɪf teɪkən ɪn lɑːɹdʒ doʊsᵻz ",0
ðə fɪlm wʌz ɪmɛnsli ɛndʒɔɪəbəl θæŋks tə ɡɹeɪt pɚfoːɹmənsᵻz baɪ boʊθ stiːv bʌsɛmi ænd ɹoʊzɑːɹɹɪoʊ dɔːsən ,1
ɪt ɛs kwaɪt ɐn ɐtʃiːvmənt tə sɛt ænd ʃuːt ɐ muːvi æt ðə kænz fɪlm fɛstɪvəl ænd jɛt feɪl tə kæptʃɚɹ ɪts vɪʒuːəl ɐpiːl ɔːɹ ɪts ætməsfɪɹ ,0
"ɐpæɹəntli dɪzaɪnd æz ɐ ɹɛvɚɹi ɐbaʊt mɛmɚɹi ænd ɹᵻɡɹɛt , bʌt ðɪ oʊnli θɪŋ juː ɛlɛl ɹᵻɡɹɛt ɪz ɹᵻmɛmbɚɹɪŋ ðɪ ɛkspiəɹɪəns ʌv sɪɾɪŋ θɹuː ɪt ",0
ɪt nɛvɚ ɹaɪzᵻz tʊ ɪts klɛvɚ wʌt ɪf kɑːnsɛpt ,0
"ʃæloʊ , nɔɪzi ænd pɹɪtɛnʃəs ",0
dɛmənstɹeɪts ɐ vɪvɪd ɪmædʒᵻneɪʃən ænd ɐn ɪmpɹɛsɪv staɪl ðæt ɹɪzʌlt ɪn sʌm tɚɹɪfɪk sɛtpiːsᵻz ,1
"nɑːɾə fɪlm fɚðə feɪnt ʌv hɑːɹt ɔːɹ kənsɜːvətɪv ʌv spɪɹɪt , bʌt fɚðə ɹɛst ʌv ʌs ɪspɛʃəli sæn fɹænsɪskoʊ lʌvɚz ɪt ɛs ɐ spɪɹɪɾᵻd fɪlm ænd ɐ mʌst siː ",1
"ɛŋɡeɪdʒᵻz ʌs ɪn kɑːnstənt fɪts ʌv læftɚ , ʌntɪl wiː faɪnd aʊɚsɛlvz sɚpɹaɪzd æt haʊ mʌtʃ wiː kɛɹ ɐbaʊt ðə stoːɹi , ænd ɛnd ʌp wɔːkɪŋ aʊt nɑːt oʊnli sæɾɪsfaɪd bʌt ɔːlsoʊ sʌmwʌt tʌtʃt ",1
ɐ klɛvɚ skɹɪpt ænd skɪld æktɚz bɹɪŋ nuː ɛnɚdʒi tə ðə fəmɪlɪɹ tɑːpɪk ʌv ɑːfɪs pɑːlətɪks ,1
ɪt ɛs pɹɑːbəbli wɜːθ kætʃɪŋ soʊlli ɔn ɪts vɪʒuːəl mɛɹɪts ,1
ɐn ɛndʒɔɪəbəl fiːl ɡʊd fæmɪli kɑːmədi ɹᵻɡɑːɹdləs ʌv ɹeɪs ,1
ɐ hændsʌm bʌt ʌnfʊlfɪlɪŋ səspɛns dɹɑːmə moːɹ suːɾᵻd tʊ ɐ kwaɪət iːvnɪŋ ɔn piːbiːɛs ðænə naɪt aʊt æɾ ɐn æmk ,0
"ɐ faɪn pɹədʌkʃən wɪð splɛndɪd sɪŋɪŋ baɪ ændʒələ ɡɪoːɹɡɪuː , ɹʌɡɛɹoʊ ɹeɪmɑːndi , ænd ɹɑːbɚtoʊ ɐlæɡnə ",1
"ɪt meɪ skɹiːm loʊ bʌdʒɪt , bʌt ðɪs tʃɑːɹmɚ hɐz ɐ spɪɹɪt ðæt kæn nɑːt biː dᵻnaɪd ",1
"staɪl kɹɔs kʌntɹi ɐdvɛntʃɚɹ ɪt hɐz spoːɹædɪk bɜːsts ʌv laɪvlɪnəs , sʌm soʊ soʊ slæpstɪk ænd ɐ fjuː ɪɹ pliːzɪŋ sɔŋz ɔn ɪts saʊndtɹæk ",1
ɐ pɑːlɪʃt ænd væstli ɛntɚteɪnɪŋ keɪpɚ fɪlm ðæt pʊts ðə stɪŋ bæk ɪntʊ ðə kɑːn ,1
duː ɛnt weɪt tə siː ðɪs tɚɹɪfɪk fɪlm wɪð jʊɹ kɪdz ɪf juː duː ɛnt hæv kɪdz bɑːɹoʊ sʌm ,1
kʊd æz iːzili hɐvbɪn kɔːld ʌndɚ siːdʒ θɹiː ɪn ælkɐtɹæz ɐ sɪnɪmæɾɪk kɔːɹps ðæt nɛvɚ spɹɪŋz tə laɪf ,0
siːdɚ sʌmwʌt dᵻfjuːzᵻz ðɪs pɹəvɑːkətɪv θiːm baɪ səbmɜːdʒɪŋ ɪɾ ɪn ɐ hoːɹi lʌv tɹaɪæŋɡəl ,1
ɪz ɪɾ ɐ kɑːmədi ? ,0
"æzɪz ɔfən ðə keɪs wɪð æmbɪʃəs , iːɡɚ fɜːst taɪm fɪlmeɪkɚz , mɪstɚ mɜːɹeɪ , ɐ pɹəlɪfɪk dᵻɹɛktɚɹ ʌv mjuːzɪk vɪdɪoʊz , stʌfs hɪz deɪbjuː wɪð moːɹ plɑːt ðɐn ɪt kæn kʌmftəbli hoʊld ",0
"ɪt dʌz ɛnt meɪk fɔːɹ ɡɹeɪt sɪnəmə , bʌt ɪɾ ɪz ɪntɹɛstɪŋ tə siː wɛɹ wʌn ɛs ɪmædʒᵻneɪʃən wɪl liːd wɛn ɡɪvən ðɪ ɑːpɚtuːnᵻɾi ",0
"ɪts ænd piːsᵻz ʌvðə hɑːt tʃɪk ɑːɹ soʊ hɪlɛɹiəs , ænd ʃneɪdɚ ɛs pɚfoːɹməns ɪz soʊ faɪn , ɪt ɛs ɐ ɹiːəl ʃeɪm ðæt soʊ mʌtʃ ʌvðə muːvi ɐɡɛn , æz ɪnðɪ ænɪməl ɪz ɐ slæpdæʃ mɛs ",0
"ðɪs ɪz sændlɚ ɹʌnɪŋ ɔn ɛmpti , ɹᵻpiːɾɪŋ wʌt hiː ɛs ɔːlɹɛdi dʌn weɪ tuː ɔfən ",0
"boʊθ ɛɡzjuːbɚɹəntli ɹoʊmæntɪk ænd sɚɹiːnli mɛləŋkɑːli , wʌt taɪm ɪz ɪt ðɛɹ ? ",1
ɐ sɪɹiz ʌv teɪlz toʊld wɪððɪ ɪntɹɪkət pɹɪsaɪsnəs ʌvðə bɛst ʃɔːɹt stoːɹi ɹaɪɾɪŋ ,1
"aɪ wɔːkt ɐweɪ nɑːt ɹiəli noʊ huː ðeɪ wɜː , wʌt ðeɪ lʊkt laɪk ",0
"ðə muːvi ɪz dʒiːnɪəl bʌt nɛvɚɹ ɪnspaɪɚd , ænd lɪɾəl ɐbaʊt ɪt wɪl steɪ wɪð juː ",0
wʌt hæpənz wɛn sʌmθɪŋ ɡoʊz bʌmp ɪnðə naɪt ænd noʊbɑːdi kɛɹz ? ,0
lɔŋ ɔn twɪŋkli aɪd kloʊs ʌps ænd ʃɔːɹt ɔn ʃeɪm ,0
fəmɪlɪɹ bʌt ʌɾɚli dᵻlaɪtfəl ,1
ðə tʃɑːklət fæktɚɹi wɪðaʊt tʃɑːɹli ,0
meɪ əfɛnd vjuːɚz nɑːt ɐmjuːzd baɪ ðə sɪk sɛns ʌv hjuːmɚ ,0
stiːvən spiːlbɜːɡ bɹɪŋz ʌs ɐnʌðɚ mæstɚpiːs ,1
"ɪt meɪd miː fiːl ʌŋkliːn , ænd aɪ ɛm ðə ɡaɪ huː laɪkt ðɛɹ ɛs sʌmθɪŋ ɐbaʊt mɛɹi ænd boʊθ ɐmɛɹɪkən paɪ muːvɪz ",0
"kɑːmplɛks , sɪnjuːəsli plɑːɾᵻd ænd , sʌmhaʊ , ɔf pʊɾɪŋli koʊld ",0
"ɐ lɑːt ʌvðə kɹɛdɪt fɚðə fɪlm ɛs wɪnɪŋ toʊn mʌst ɡoʊ tə ɡɹænt , huː hɐz ɛnt lɔst ɐ bɪt ʌvðə dɹaɪ hjuːmɚ ðæt fɜːst meɪd ɔːdiənsᵻz ɔn boʊθ saɪdz ʌvðɪ ɐtlæntɪk lʌv hɪm ",1
ðə ɹɛɹ ɪmæks muːvi ðæt juː ɛlɛl wɪʃ wʌz lɔŋɡɚ ðænən aʊɚ ,1
"ɪf juː ɹiː ɐ kɑːmɪk fæn , juː kɑː ɛnt mɪs ɪt ",1
ɐ mɑːɹvəl ʌv pɹədʌkʃən dɪzaɪn ,1
"fɹʌmðə tʃɑːpi ɛdɪɾɪŋ tə ðɪ ɐnɔɪɪŋ skoːɹ tʊ spɛʃəl ɪfɛkts baɪ weɪ ʌv ɹᵻpleɪsɪŋ ɑːbdʒɛkts ɪn ɐ kæɹɪktɚ ɛs hændz bᵻloʊ ðə kæmɹə laɪn , bᵻsɑːɾᵻd ɪz mɪsbᵻɡɑːʔn̩ ",0
"ɐ wɛlkʌm ɹᵻliːf fɹʌm beɪsbɔːl muːvɪz ðæt tɹaɪ tuː hɑːɹd təbi mɪθɪk , ðɪswʌn ɪz ɐ swiːt ænd mɑːdɪst ænd ʌltᵻmətli wɪnɪŋ stoːɹi ",1
"fɹʌm boʊθ ɐ ɡɹeɪt ænd ɐ tɛɹᵻbəl stoːɹi , mɪstɚ nɛlsən hɐz meɪd ɐ fɪlm ðæt ɪz ɐn ʌndɪnaɪəbli wɜːði ænd dɛvᵻsteɪɾɪŋ ɛkspiəɹɪəns ",1
kənsɪdɚɹ ɪt pɚfɛkʃən ,1
"ɐfɛkʃənətli ɹᵻmaɪndz ʌs ðæt , ɪn ɛni læŋɡwɪdʒ , ðə hjuːdʒ stʌf ɪn laɪf kæn juːʒuːəli biː tɹeɪst bæk tə ðə lɪɾəl θɪŋz ",1
"ɪf ðə mətɪɹiəl ɪz slaɪt ænd ɐdmɪɾᵻdli mənɪpjʊlətɪv , dʒækɑːt pɹɪzɜːvz tɑːskə ɛs ɪntɑːksᵻkeɪɾɪŋ ɑːɹdɚ θɹuː hɪz juːs ʌvðə kæmɹə ",1
"laɪk ðə tʌk fæmɪli ðɛmsɛlvz , ðɪs muːvi dʒʌst ɡoʊz ɔn ænd ɔn ænd ɔn ænd ɔn ",0
"ɪt ʃʊd biː duːɪŋ ɐ lɑːt ʌv θɪŋz , bʌt dʌz ɛnt ",0
"moːɹɾi ɪz ðə ɹɛɹ kɑːmən mæn ɑːɹɾɪst huː ɛs waɪz ɪnʌf tə ɹɛkəɡnaɪz ðæt ðɛɹɑːɹ fjuː θɪŋz ɪn ðɪs wɜːld moːɹ kɑːmplɛks ænd , æz ɪt tɜːnz aʊt , moːɹ fɹædʒəl ðɐn hæpɪnəs ",1
ɪɹᵻteɪɾɪŋ soʊl sɜːtʃɪŋ ɡɑːɹbɪdʒ ,0
ɐ hjuːmɚləs dʒɜːni ɪntʊ ɐ fɪləsɑːfɪkəl vɔɪd ,0
"nʌn ʌv ðɪs saʊndz pɹɑːmɪsɪŋ ænd , ɪndiːd , ðə fɜːst hæf ʌv soːɹɔːɹᵻɾi bɔɪz ɪz æz ɐpɔːlɪŋ æz ɛni kɑːmədi tʊ ɛvɚ spɪl fɹʌm ɐ pɹədʒɛktɚ ɛs lɛnz ",0
"juː kæn dɹaɪv ɹaɪt baɪ ɪt wɪðaʊt noʊɾɪsɪŋ ɛnɪθɪŋ spɛʃəl , seɪv fɚɹə fjuː kɑːmɪk tɜːnz , ɪntɛndᵻd ænd ʌðɚwaɪz ",0
ðə fɪlm ɛs θʌɹoʊli ɹᵻsaɪkəld plɑːt ænd taɪɚsʌm dʒoʊks dɹæɡ ðə muːvi daʊn ,0
"ðə stoːɹi ɡɪvz æmpəl ɑːpɚtuːnᵻɾi fɔːɹ lɑːɹdʒ skeɪl ækʃən ænd səspɛns , wɪtʃ dᵻɹɛktɚ ʃɛkɑːɹ kæpʊɹ səplaɪz wɪð tɹəmɛndəs skɪl ",1
"wɜː dɪlən tɑːməs ɐlaɪv tə wɪtnəs fɜːst taɪm dᵻɹɛktɚɹ iːθən hɔːk ɛs stɹeɪnd tʃɛlsiː wɔːlz , hiː maɪthɐv bɪn tɛmptᵻd tə tʃeɪndʒ hɪz lændmɑːɹk poʊᵻm tuː , duːnɑːt ɡoʊ dʒɛntəl ɪntʊ ðæt ɡʊd θiəɾɚ ",0
ðə fɪlm ʌltᵻmətli ɔfɚz nʌθɪŋ moːɹ ðɐn piːpəl ɪn ɐn ɜːbən dʒʌŋɡəl niːdɪŋ ʌðɚ piːpəl tə sɚvaɪv ,0
"tɹɪpəl ɛks ɪz ɐ dʌbəl eɪdʒənt , ænd hiː ɛs wʌn bæd duːd ",1
"wɔndɚz ɔːl oʊvɚ ðə mæp θiːmæɾɪkli ænd staɪlɪstɪkli , ænd bɑːɹoʊz hɛvili fɹʌm lɪntʃ , dʒjuːnɪt , ænd vɑːn tɹaɪɚ waɪl feɪlɪŋ tə faɪnd ɐ spɑːɹk ʌv ɪts oʊn ",0
"laɪn ɛs leɪɾɪst , ðɪ ɪɹɑːɾɪk θɹɪlɚɹ ʌnfeɪθfəl , fɜːðɚ dɛmənstɹeɪts dʒʌst haʊ fɑːɹ hɪz stɔːɹɪtɛlɪŋ skɪlz hæv ɪɹoʊdᵻd ",0
"ɐ dɪtɜːmɪnd , ɛnuːi hɑːbəld slɑːɡ ðæt ɹiəli dʌz ɛnt hæv mʌtʃ tə seɪ bᵻjɔnd ðə nuːz flæʃ ðæt loʊnlinəs kæn meɪk piːpəl ækt wɪɹd ",0
"feɪlz tə sæɾɪsfæktɚɹəli ɛksplɔɪt ɪts dʒɛndɚ pɑːlətɪks , ʒɑːnɹə θɹɪlz ɔːɹ ɪnhiəɹənt hjuːmɚ ",0
dʒɛfs hɐz kɹiːeɪɾᵻd ɐ bɹɛθteɪkɪŋli əʃʊɹd ænd staɪlɪʃ wɜːk ʌv spɛɹ daɪəlɑːɡ ænd ɐkjuːt ɛkspɹɛsɪvnəs ,1
dɔːɾɚ fɹʌm dænæŋ stɪks wɪð ɪts sʌbdʒɛkts ɐ lɪɾəl lɔŋɡɚ ænd tɛlz ɐ diːpɚ stoːɹi ,1
"ðə muːvi ɛs kæptᵻveɪɾɪŋ diːteɪlz ɑːɹ ɔːl ɪnðə pɚfoːɹmənsᵻz , fɹʌm fɔːɹmən ɛs bɑːɹkɪŋ mæd teɪlɚ tə θjuːliz ɛs smuːðli sɪnɪstɚ fɹɛdi ænd bɛtəni məkdaʊɛl ɛs hɑːɹd aɪd ɡæŋstɚ ",1
"kwaɪt fɹæŋkli , aɪ kɑː ɛnt siː waɪ ɛni æktɚɹ ʌv tælənt wʊd ɛvɚ wɜːk ɪn ɐ məkʌlɑːk pɹədʌkʃən ɐɡɛn ɪf ðeɪ lʊkt æt haʊ ðɪs muːvi tɜːnd aʊt ",0
ɐ lɪɾəl moːɹ ɪntɛnsᵻɾi ænd ɐ lɪɾəl lɛs tʃɑːɹm wʊdhɐv seɪvd ðɪs fɪlm ɐ wɜːld ʌv hɜːt ,0
ɐ ɹiəli ɡʊd pɹɛmɪs ɪz fɹɪɾɚd ɐweɪ ɪn mɪdəl ʌvðə ɹoʊd blændnəs ,0
ɐ bɪt tuː iːɡɚ tə pliːz ,0
seɪd ɐtʃiːvz ðə nɪɹ ɪmpɑːsᵻbəl ɪt tɜːnz ðə mɑːɹrkiː də seɪd ɪntʊ ɐ dʌlɑːɹd ,0
"ɪt siːmz ɪmpɑːsᵻbəl ðæt ɐn ɛpɪk foːɹ aʊɚɹ ɪndiən mjuːzɪkəl ɐbaʊt ɐ kɹɪkɪt ɡeɪm kʊd biː ðɪs ɡʊd , bʌt ɪɾ ɪz ",1
"ɹɛɹli hɐz skɪn lʊkt æz bjuːɾifəl , dɪzaɪɚɹəbəl , iːvən dᵻlɛktəbəl , æz ɪt dʌz ɪn tɹʌbəl ɛvɹi deɪ ",1
"ɐ piːs ʌv maɪldli ɛntɚteɪnɪŋ , ɪnəfɛnsɪv flʌf ðæt dɹɪfts eɪmləsli fɔːɹ naɪnti mɪnɪts bᵻfoːɹ lɑːdʒɪŋ ɪnðə kɹæks ʌv ðæt ɛvɚ ɡɹoʊɪŋ kæɾɪɡɚɹi ʌnɛmbæɹəsɪŋ bʌt ʌnmɛmɚɹəbəl ",0
fʌni ænd ɔːlsoʊ hɑːɹtwɔːɹmɪŋ wɪðaʊt stuːpɪŋ tə ɡuːinəs ,1
ðɪs kɪdi oːɹiəntᵻd stɪŋkɚɹ ɪz soʊ bæd ðæt aɪ iːvən kɔːt ðə ɡʌm stʌk ʌndɚ maɪ siːt tɹaɪɪŋ tə sniːk aʊɾəv ðə θiəɾɚ ,0
"ʃɹiːv ɛs ɡɹeɪsfəl duːəl næɹətɪv ɡɛts klʌŋki ɔnðə skɹiːn , ænd wiː kiːp ɡɛɾɪŋ tɔːɹn ɐweɪ fɹʌmðə kəmpɛlɪŋ hɪstɔːɹɪkəl teɪl tʊ ɐ lɛs kəmpɛlɪŋ soʊp ɑːpɚɹə ",0
"ðə stoːɹi pæsᵻz taɪm ʌntɪl ɪt ɛs taɪm fɚɹən ɐbsɜːd fɪnɑːli ʌv twɪstᵻd mɛɾəl , faɪɚbɔːlz ænd ɹᵻvɛndʒ ",0
ɪmædʒɪn ɐ sənæɹioʊ wɛɹ bɜːɡmən ɐpɹoʊtʃᵻz swiːdɪʃ feɪɾəlɪzəm juːzɪŋ ɡæɹi lɑːɹsən ɛs fɑːɹ saɪd hjuːmɚ ,1
hiː ɛs nɑːt ɡʊd wɪð piːpəl ,0
bɪɡ mɪsteɪk ,0
ɑːn ɑːpɚtuːnᵻɾi weɪstᵻd ,0
"waɪ tuː mæm tæmbaɪ ɛn ɪz hɪlɛɹiəsli , ɡloːɹiəsli ɐlaɪv , ænd kwaɪt ɔfən hɑːɾɚ ðɐn dʒɔːɹdʒə æsfɔlt ",1
ɹʌboʊ ɛs hjuːmɚɹəsli tɛndɛnʃəs ɪntɚvɛnʃən ɪntʊ ðə huː ɹoʊt ʃeɪkspɪɹ kɑːntɹəvɜːsi ,1
ɪɾ ɪz kwaɪt ɐ vɪʒən ,1
"ɐ stuːpɪd , dᵻɹɪvətɪv hɔɹɚ fɪlm ðæt sʌbstɪtuːts ɛkstɹiːm ɡoːɹ fɔːɹ səspɛns ",0
"ðə kʌlɚ sɛns ʌv stuːɚt lɪɾəl tuː ɪz ɪts moʊst ɪmiːdɪət ænd moʊst ɑːbviəs plɛʒɚ , bʌt ɪt wʊd kaʊnt fɔːɹ vɛɹi lɪɾəl ɪf ðə muːvi wɜːɹ ɛnt æz bjuːɾɪfəli ʃeɪpt ænd æz dɛlᵻkətli kælɪbɹeɪɾᵻd ɪn toʊn æzɪtɪz ",1
"daʊnbiːt , piəɹɪəd pɜːfɛkt baɪoʊpɪk hæmɚz hoʊm ɐ hɛvi hændᵻd mɔːɹəlɪstɪk mɛsɪdʒ ",1
lɛs ɐ stʌdi ɪn mædnəs ɔːɹ lʌv ðænə stʌdi ɪn skuːlɡɜːl əbsɛʃən ,0
"ðə pɛɹɪŋ dʌz saʊnd pɹɑːmɪsɪŋ ɪn θiəɹi bʌt ðɛɹ læk ʌv kɛmɪstɹi meɪks ɛdi mɜːfi ænd ɹɑːbɚt dɛniəɹoʊ ɪn ʃoʊtaɪm lʊk laɪk oʊld , fəmɪlɪɹ vɔːdvɪl pɑːɹtnɚz ",0
"juː kʌm ɐweɪ θɪŋkɪŋ nɑːt oʊnli ðæt keɪt ɪz ɛnt vɛɹi bɹaɪt , bʌt ðæt ʃiː hɐz ɛnt bɪn wɜːθ kɛɹɪŋ ɐbaʊt ænd ðæt meɪbiː ʃiː , dʒəniːn ænd mɑːli ɐn ɔːl wʊmən dɪsfʌŋkʃənəl fæmɪli dɪzɜːv wʌn ɐnʌðɚ ",0
"ɪf juː ɹiː lʊkɪŋ fɔːɹ sʌmθɪŋ nuː ænd hoʊpɪŋ fɔːɹ sʌmθɪŋ ɛntɚteɪnɪŋ , juː ɹiː ɪn lʌk ",1
ɐ tɹaɪʌmf ʌv pjʊɹ kɹæft ænd pæʃənət hɑːɹt ,1
kuːl ,1
"ðə fɪlm boʊsts dɹaɪ hjuːmɚ ænd dʒɑːɹɹɪŋ ʃɑːks , plʌs moʊmənts ʌv bɹɛθteɪkɪŋ mɪstɚɹi ",1
"bjuːɾifəl , æŋɡɹi ænd sæd , wɪð ɐ kjʊɹɹiəs sɪk poʊɪtɹi , æz ɪf ðə mɑːɹrkiː də seɪd hæd ɡɔn ɪn fɔːɹ pæstɛl lændskeɪps ",1
"mɔːɹvɚn kælɚ kənfɜːmz lɪn ɹæmseɪ æz ɐn ɪmpoːɹtənt , ɚɹɪdʒɪnəl tælənt ɪn ɪntɚnæʃənəl sɪnəmə ",1
"ɡaɪ ɡɛts ɡɜːl , ɡaɪ luːzᵻz ɡɜːl , ɔːdiəns fɔːlz ɐsliːp ",0
"ðɛɹɑːɹ soʊ fjuː fɪlmz ɐbaʊt ðə plaɪt ʌv ɐmɛɹɪkən ɪndiənz ɪn mɑːdɚn ɐmɛɹɪkə ðæt skɪnz kʌmz æz ɐ wɛlkʌm , ɪf daʊnbiːt , mɪsɪv fɹʌm ɐ fɚɡɑːʔn̩ fɹʌnt ",1
dᵻpɹɛsɪŋli θɪn ænd ɛɡzɔːstɪŋli kəntɹaɪvd ,0
"bluːɚ ðɐn ðɪ ɐtlæntɪk ænd moːɹ baɪəlɑːdʒɪkli diːteɪld ðænən ɔːtɑːpsi , ðə muːvi ɪz , ɔːlsoʊ , fɹiːkwəntli hɪlɛɹiəs ",1
buːkeɪ ɡɪvz ɐ pɚfoːɹməns ðæt ɪz mæstɚli ,1
"ɪt ɛs æz sɑːɹi ɐ mɛs æz ɪts dᵻɹɛktɚ ɛs daɪəbɑːlɪkəl deɪbjuː , mæd kaʊz ",0
ðɛɹ ɛs ɐ lɑːt tə ɹɛkəmɛnd ɹiːd maɪ lɪps ,1
aɪ diː ɹæðɚ wɑːtʃ ɐ ɹᵻɹʌn ʌvðə paʊɚpʌf ɡɜːlz ,0
ðɪs sʌbmɚɹiːn dɹɑːmə ɜːnz ðə ɹaɪt təbi feɪvɚɹəbli kəmpɛɹd tə dæs buːt ,1
ðɪ oʊnli kwɛstʃən ɪz tə dɪtɜːmɪn haʊ wɛl ðə ʃmælts ɪz mænjuːfæktʃɚd tʊ ɐsɛs ðə kwɔlᵻɾi ʌvðə mənɪpjʊlətɪv ɛndʒɪnɪɹɪŋ ,0
ɪt ɛs ɪmpɑːsᵻbəl tʊ iːvən kæɾɪɡɚɹaɪz ðɪs æz ɐ smʌɾi ɡɪlti plɛʒɚ ,0
meɪnteɪnz jʊɹ ɪntɹɛst ʌntɪl ðɪ ɛnd ænd iːvən liːvz juː wɪð ɐ fjuː lɪŋɡɚɹɪŋ ænɪmeɪɾᵻd θɔːts ,1
"ðə muːvi dʌz ɛnt θɪŋk mʌtʃ ʌv ɪts kæɹɪktɚz , ɪts pɹoʊɾɐɡənɪst , ɔːɹ ʌv ʌs ",0
"bɹɪtni spɪɹz foʊninəs ɪz nʌθɪŋ kəmpɛɹd tə ðə muːvi ɛs kəntɹaɪvd , leɪm skɹiːnpleɪ ænd lɪstləs dᵻɹɛkʃən ",0
ðə muːvi ɛs pɹəɡɹɛʃən ɪntʊ ɹæmblɪŋ ɪŋkoʊhɪɹəns ɡɪvz nuː miːnɪŋ tə ðə fɹeɪz feɪɾəl skɹɪpt ɛɹɚ ,0
"dɪvoʊz ænd kæsəl hæv tɹəmɛndəs kɛmɪstɹi ðɛɹ sɛkʃuːəl ænd ɹoʊmæntɪk tɛnʃən , waɪl nɛvɚ ɹiəli voʊkəlaɪzd , ɪz pælpəbəl ",1
ɐbaʊt æz ɛksaɪɾɪŋ tə wɑːtʃ æz tuː læst pleɪs bæskɪtbɔːl tiːmz pleɪɪŋ wʌn ɐnʌðɚɹ ɔnðə faɪnəl deɪ ʌvðə siːzən ,0
"tɚɹɪfɪk æz nɑːdjə , ɐ ɹʌʃən meɪl ɔːɹdɚ bɹaɪd huː kʌmz tʊ ɐmɛɹɪkə spiːkɪŋ nɑːɾə wɜːd ʌv ɪŋɡlɪʃ , ɪt ɛs kɪdmən huː hoʊldz ðə fɪlm təɡɛðɚ wɪð ɐ suːpɹiːmli kɪtɛnɪʃ pɚfoːɹməns ðæt ɡɹædʒuːəli ɐkjuːmjʊleɪts moːɹ leɪɚz ",1
hiː feɪlz ,0
"ðɪs nuː muːvi vɜːʒən ʌvðɪ ælɪɡzændɚ duːməz klæsɪk ɪz ðə stʌf ʌv haɪ ɹoʊmæns , bɹɔːt ɔf wɪð kənsɪdɚɹəbəl wɪt ",1
"nɪkələz keɪdʒ ɪz ɛnt ðə fɜːst æktɚ tə liːd ɐ ɡɹuːp ʌv tæləntᵻd fɹɛndz ɐstɹeɪ , ænd ðɪs muːvi woʊ ɛnt kɹiːeɪt ɐ ɹʌfəl ɪn wʌt ɪz ɔːlɹɛdi ɐn ɛɹæɾɪk kɚɹɪɹ ",0
ɪt ɛs dɑːɹk bʌt hɐz wʌndɚfəli fʌni moʊmənts juː kɛɹ ɐbaʊt ðə kæɹɪktɚz ænd ðɪ ækʃən ænd spɛʃəl ɪfɛkts ɑːɹ fɜːst ɹeɪt ,1
"dʒɪɑːŋ hjɑːŋ liː ɛs fɪlm ɪz dᵻsɛptɪvli sɪmpəl , diːpli sæɾɪsfaɪɪŋ ",1
"ðə bɑːdili fʌŋkʃən dʒoʊks ɑːɹ ɐbaʊt wʌt juː diː ɛkspɛkt , bʌt ðɛɹɑːɹ ɹɪtʃ veɪnz ʌv fʌni stʌf ɪn ðɪs muːvi ",1
"fɚɹə fɪlm ɐbaʊt ækʃən , ʌltᵻmət ɛks ɪz ðə ɡæbɪɪst dʒaɪənt skɹiːn muːvi ɛvɚ , bɑːɡɪŋ daʊn ɪn ɐ bɚɹɑːʒ ʌv haɪp ",0
ɪt ɛs ɐ sɑːlɪd muːvi ɐbaʊt piːpəl huːz laɪvz ɑːɹ ɛnɪθɪŋ bʌt ,1
wʌn kɑː ɛnt ʃeɪk ðə fiːlɪŋ ðæt kɹɔsɹoʊdz ɪz nʌθɪŋ moːɹ ðænən aʊɚ ænd ɐ hæf lɔŋ kəmɜːʃəl fɔːɹ bɹɪtni ɛs leɪɾɪst ælbəm ,0
"vɪʒuːəli ɛŋɡɹoʊsɪŋ , sɛldəm hæmi , ɑːnɚɹəbli mɛksɪkən ænd bɜːnz ɪts kɑːlɚɹiz wɪð kənvɪkʃən ",1
haɪ kɹaɪmz stiːlz soʊ fɹiːli fɹʌm ʌðɚ muːvɪz ænd kəmbaɪnz ɪnʌf dɪspɚɹət taɪps ʌv fɪlmz ðɐɾɪt kɑː ɛnt hɛlp bʌt ɛŋɡeɪdʒ ɐn ɔːdiəns ,1
ɪt meɪks iːvən ᵻlɪzəbəθ hɜːli siːm ɡɹeɪsləs ænd ʌɡli ,0
"ɪf juː kæn ɹiːd ðə sʌbtaɪɾəlz ɛlɑːɹbiː ðɪ ɑːpɚɹə ɪz sʌŋ ɪn ɪtæliən ɑːɹɹɑːɹbiː ænd juː laɪk mæstɚpiːs θiəɾɚ taɪp kɔstuːmz , juː ɛlɛl ɛndʒɔɪ ðɪs muːvi ",1
ɐ tɚɹɪfɪkli ɛntɚteɪnɪŋ spɛsɪmən ʌv spiːlbɚdʒən saɪ faɪ ,1
sɪmpli ɐ ɹiː hæʃ ʌvðɪ ʌðɚ sɛvən fɪlmz ,0
həm maɪt aɪ sədʒɛst ðætðə weɪwɚd wʊdən wʌn ɛnd ɪɾ ɔːl baɪ stʌfɪŋ hɪmsɛlf ɪntʊ ɐn ᵻlɛktɹɪk pɛnsəl ʃɑːɹpənɚ ? ,0
"ɐ pleɪfəl ɪɹeɪniən pæɹəbəl ɐbaʊt oʊpənnəs , pɚtɪkjʊlɚli ðə niːd fɔːɹ piːpəl ʌv daɪvɜːs pəlɪɾɪkəl pɚspɛktɪvz tə ɡɛt ɐlɔŋ dᵻspaɪt ðɛɹ aɪdɪəlɑːdʒɪkəl dɪfɹənsᵻz ",1
dɛθ maɪt biː ɐ ɹᵻliːs ,0
"ðə muːvi ɛs mɛsɪdʒᵻz ɑːɹ kwaɪt ædmᵻɹəbəl , bʌt ðə stoːɹi ɪz dʒʌst tuː klɪx diː ænd tuː ɔfən stɹeɪnz kɹɛdʒuːlᵻɾi ",0
"ɐ laɪv ækʃən kɑːɹtuːn , ɐ fæst muːvɪŋ ænd tʃɪɹfəli sɪmplɪstɪk eɪɾi eɪt mɪnɪts ʌv ɛɡzædʒɚɹeɪɾᵻd ækʃən pʊt təɡɛðɚ wɪððə pɹɪtiːn bɔɪ ɪn maɪnd ",1
"æz ɛks mɚɹiːn wɔltɚ , huː meɪ ɔːɹ meɪ nɑːɾɐv ʃɑːt kɛnədi , æktɚ ɹeɪmənd dʒeɪ bæɹi ɪz pɜːfɛktli kɹiːpi ænd bᵻliːvəbəl ",1
"ðə pɹədʌkʃən dɪzaɪn , skoːɹ ænd koːɹɪɑːɡɹəfi ɑːɹ sɪmpli ɪntɑːksᵻkeɪɾɪŋ ",1
"ðə ɹɪzʌlt pʊts ɐ hjuːmən feɪs ɔn dɛɹɪdə , ænd meɪks wʌn ʌvðə ɡɹeɪt maɪndz ʌv aʊɚ taɪmz ɪntɹɛstɪŋ ænd æksɛsəbəl tə piːpəl huː noːɹməli kʊd ɛnt kɛɹ lɛs ",1
ðə fɪlm ɪz weɪ tuː fʊl ʌv ɪtsɛlf ɪt ɛs stʌfi ænd pɹɪtɛnʃəs ɪn ɐ ɡɪv miː ɐn ɑːskɚ kaɪnd ʌv weɪ ,0
"ɐkoːɹdɪŋ tə ðə skɹɪpt , ɡɹænt ænd bʊlək ɛs kæɹɪktɚz ɑːɹ meɪd fɔːɹ iːtʃ ʌðɚ ",1
"ðə pɪktʃɚ juːsᵻz hjuːmɚ ænd ɐ hɑːɹtfɛlt kənvɪkʃən tə tɛl ɐ stoːɹi ɐbaʊt dɪskʌvɚɹɪŋ jʊɹ dɛstɪneɪʃən ɪn laɪf , bʌt ɔːlsoʊ ɐknɑːlɪdʒɪŋ ðə pleɪsᵻz , ænd ðə piːpəl , fɹʌm wɛns juː keɪm ",1
"ɐ pɜːfɛkt ɛɡzæmpəl ʌv ɹænsɪd , wɛl ɪntɛnʃənd , bʌt ʃeɪmləsli mənɪpjʊlətɪv muːvi meɪkɪŋ ",0
ɐ muːvi vɜːʒən əvə peɪnt baɪ nʌmbɚz pɪktʃɚ ,0
"lʌks , naʊ ɪn hɜːɹ eɪɾiz , dʌz ɐ ɡɹeɪt kɑːmbᵻneɪʃən ækt æz næɹeɪɾɚ , dʒuːɪʃ ɡɹændmʌðɚ ænd sʌbdʒɛkt teɪkɪŋ ʌs θɹuː ɐ fɪlm ðæt ɪz pɑːɹt baɪɑːɡɹəfi , pɑːɹt ɛntɚteɪnmənt ænd pɑːɹt hɪstɚɹi ",1
"ɐ staɪlɪʃ bʌt stɛdi , ænd ʌltᵻmətli vɛɹi sæɾɪsfaɪɪŋ , piːs ʌv kæɹɪktɚ dɹɪvən stɔːɹɪtɛlɪŋ ",1
ðə fiːtʃɚ lɛŋθ stɹɛtʃ stɹeɪnz ðə ʃoʊ ɛs kɑːnsɛpt ,0
"ðə kæɹɪktɚz , kæst ɪn ɪmpɑːsᵻbli kəntɹaɪvd sɪtʃuːeɪʃənz , ɑːɹ toʊɾəli ɛstɹeɪndʒd fɹʌm ɹɪælᵻɾi ",0
ɐ smɔːl ɪndᵻpɛndənt fɪlm sʌfɚɹɪŋ fɹʌm ɐ sᵻvɪɹ keɪs ʌv hɑːliwʊd aɪɾɪs ,0
ɐn ɛksɚsaɪz ɪn sɪnɪsɪzəm ɛvɹi bɪt æz ʌɡli æz ðə ʃæbi dɪdʒɪɾəl fətɑːɡɹəfi ænd mʌdi saʊnd ,0
kɛn ɹʌsəl wʊd lʌv ðɪs ,1
hɐz ɔːl ðə siːnɪk ɐpiːl əvə sɛspuːl ,0
ðeɪ kæn ænd wɪl tɜːn ɔn ɐ daɪm fɹʌm ɑːdli hjuːmɚɹəs tə tiːdiəsli sɛntɪmɛntəl ,1
"klɛɹ ɪz ɐ tɚɹɪfɪk ɹoʊl fɔːɹ sʌmwʌn laɪk dʒʌd , huː ɹiəli ɔːt təbi pleɪɪŋ vɪlənz ",1
"kɪtʃi , flæʃi , oʊvɚlɔŋ soʊp ɑːpɚɹə ",0
"ɪts mɛsɪdʒ hɐz mɛɹɪt ænd , ɪnðə hændz əvə bɹuːɾəli ɑːnɪst ɪndᵻvɪdʒuːəl laɪk pɹɑːfɪt dʒæk , maɪthɐv meɪd ɐ pɔɪnt ɔːɹ tuː ɹᵻɡɑːɹdɪŋ laɪf ",0
sɛks ɪz wʌn ʌv ðoʊz fɪlmz ðæt eɪmz tə kənfjuːz ,0
fɜːst taɪm dᵻɹɛktɚ dʒoʊ oʊ pɛdɹoʊ ɹɑːdɹiːɡɛz ʌnwɪlɪŋnəs tə dᵻfaɪn hɪz hiəɹoʊ ɛs bækɡɹaʊnd ɔːɹ moʊɾɪveɪʃənz bɪkʌmz moːɹ ænd moːɹ fɹʌstɹeɪɾɪŋ æz ðə fɪlm ɡoʊz ɔn ,0
sælmə ɡoʊz neɪɾɪv ænd ʃiː ɛs nɛvɚ bɪn bɛɾɚɹ ɪn ðɪs kʌlɚfəl baɪoʊ pɪk əvə mɛksɪkən aɪkɑːn ,1
"hjuːmən neɪtʃɚɹ ɪz ɐ ɡuːfbɔːl muːvi , ɪnðə weɪ ðæt mælkoʊvɪtʃ wʌz , bʌt ɪt tɹaɪz tuː hɑːɹd ",1
"ðɪ ɐsaɪləm mətɪɹiəl ɪz ɡɹɪpɪŋ , æz ɑːɹ ðə siːnz ʌv dʒiə wɪð hɪz fæmɪli ",1
ɐ lɪɾɚɹɛɹi dɪtɛktɪv stoːɹi ɪz stɪl ɐ dɪtɛktɪv stoːɹi ænd ɐfɪʃənɑːdoʊz ʌvðə huːdʌnɪt woʊ ɛnt biː dɪsɐpɔɪntᵻd ,1
ðə saʊndtɹæk ɐloʊn ɪz wɜːθ ðə pɹaɪs ʌv ɐdmɪʃən ,1
"ɪt saʊndz laɪk ɐnʌðɚ klɛvɚ ɪf pɔɪntləs ɛkskɜːʃən ɪntʊ ðɪ ɐbɪs , ænd ðæt ɛs moːɹ ɔːɹ lɛs haʊ ɪt pleɪz aʊt ",0
"ðə fɪlm hɐz ðə haɪ bʌft ɡlɔs ænd haɪ ɑːkteɪn dʒoʊlts juː ɛkspɛkt ʌv də pɑːmə , bʌt wʌt meɪks ɪt tɹænspoːɹɾɪŋ ɪz ðɐɾɪt ɛs ɔːlsoʊ wʌn ʌvðə smɑːɹɾɪst , moʊst plɛʒɚɹəbəl ɛkspɹɛʃənz ʌv pjʊɹ muːvi lʌv tə kʌm fɹʌm ɐn ɐmɛɹɪkən dᵻɹɛktɚɹ ɪn jɪɹz ",1
"slaɪ , səfɪstᵻkeɪɾᵻd ænd sɚpɹaɪzɪŋ ",1
"ɛlɑːɹbiː klaɪn ɛs ɑːɹɹɑːɹbiː ʌɾɚli kənvɪnsɪŋ ænd diːpli ɐpiːlɪŋ æz ɐ noʊbəl tiːtʃɚ huː ɛmbɹeɪsᵻz ɐ stɹɪkt mɔːɹəl koʊd , ænd æz ɐ flɔːd hjuːmən biːɪŋ huː kɑː ɛnt kwaɪt laɪv ʌp tʊ ɪt ",1
moːɹ tɹaɪfəl ðɐn tɹaɪʌmf ,0
ɪt ɛs hɑːɹd tə bᵻliːv ðiːz dʒoʊkɚz ɑːɹ səpoʊzd tə hæv pʊld ɔf foːɹ sɪmɪlɚ kɪdnæpɪŋz bᵻfoːɹ ,0
mɜːfi ænd wɪlsən æktʃuːəli meɪk ɐ pɹɪɾi ɡʊd tiːm bʌt ðə pɹɑːdʒɛkt sɚɹaʊndɪŋ ðɛm ɪz dɪstɹɛsɪŋli ɹoʊt ,0
"ðə skɹiːnpleɪ , koʊ ɹɪʔn̩ baɪ dᵻɹɛktɚɹ ɪmədʒən kɪməl , læks ðə wɪt nɛsᵻsɚɹi tə fʊli ɛksplɔɪt ðə kɑːmɪk ɛlɪmənts ʌvðə pɹɛmɪs , meɪkɪŋ ðə pɹəsiːdɪŋz moːɹ bᵻzɑːɹ ðɐn æktʃuːəli ɐmjuːzɪŋ ",0
aɪ hoʊp ðə muːvi ɪz waɪdli siːn ænd dᵻbeɪɾᵻd wɪð ɐpɹoʊpɹɪət fəɹɑːsᵻɾi ænd θɔːtfəlnəs ,1
"ʃiː meɪ nɑːt biː ɹiːəl , bʌt ðə læfs ɑːɹ ",1
"klʌmzi , ɑːbviəs , pɹɪpɔstɚɹəs , ðə muːvi wɪl laɪkli sɛt ðə kɔːz ʌv wʊmən wɔːɹɪɚz bæk dɛkeɪdz ",0
"ɐ dᵻpɹɛsɪŋli ɹɛtɹoʊɡɹeɪd , poʊst fɛmɪnɪst ɹoʊmæntɪk kɑːmədi ðæt teɪks ɐn ɐstɑːnɪʃɪŋli kɑːndᵻsɛndɪŋ æɾɪtuːd təwɔːɹd wɪmɪn ",0
ʃɜːfɪɡ ɛs laɪt hɑːɹɾᵻd pɹoʊfaɪl ʌv ɪmoʊʃənəl dɛspɚɹeɪʃən ɪz eɪkɪŋli ɑːnɪst ænd dᵻlaɪtfəli tʃiːki ,1
juː kæn sɪp jʊɹ vɪntɪdʒ waɪnz ænd wɑːtʃ jʊɹ mɜːtʃənt aɪvɚɹi pɹədʌkʃənz aɪ ɛlɛl sɛɾəl fɚɹə naɪs kuːl ɡlæs ʌv aɪst tiː ænd ɐ dʒɛɹi bɹʌkheɪmɚ flɪk ɛni deɪ ʌvðə wiːk ,1
ðɪs ɪz ðə kaɪnd ʌv muːvi wɛɹ ðə bɪɡ siːn ɪz ɐ mæn ʃɑːt aʊɾəv ɐ kænən ɪntʊ ɐ væt ʌv aɪs kɹiːm ,0
"boʊθ ɡɑːɹsiːɐ ænd dʒæɡɚ tɜːn ɪn pɜːfɛktli ɛksᵻkjuːɾᵻd ænd wʌndɚfəli sɪmpəθɛɾɪk kæɹɪktɚz , huː ɑːɹ ɔːltɜːnətli tʌtʃɪŋ ænd fʌni ",1
"mɛni wɛnt tə siː ðɪ ɐtɹækʃən fɚðə soʊl ɹiːzən ðɐɾɪt wʌz hɑːt aʊtsaɪd ænd ðɛɹwʌz ɛɹ kəndɪʃənɪŋ ɪnsaɪd , ænd aɪ duː ɛnt θɪŋk ðæɾə siː wɪl hɛlp ðɪs muːvi wʌn bɪt ",0
juː ɛlɛl tɹʌdʒ aʊɾəv ðə θiəɾɚ fiːlɪŋ æz ðoʊ juː ɹoʊd ðə zɪpɚɹ æftɚɹ iːɾɪŋ ɐ kɔːɹn dɑːɡ ænd ɐn ɛkstɹə lɑːɹdʒ kɑːʔn̩ kændi ,0
"kɹuːdʌp ɛs skɹiːn pɹɛzəns ɪz ðə wʌn θɪŋ ðæt hoʊldz ɪntɹɛst ɪnðə mɪdst əvə mʌʃi , ɛɡzɪstɛnʃəl ɛksploːɹeɪʃən ʌv waɪ mɛn liːv ðɛɹ fæmɪliz ",1
"nɑːt ɛvɹɪwʌn wɪl wɛlkʌm ɔːɹ ɐksɛpt ðə tɹaɪəlz ʌv hɛnɹi kɪsɪŋɚɹ æz feɪθfəl poːɹtɹɪtʃɚ , bʌt fjuː kæn ɑːɹɡjuː ðætðə dᵻbeɪt ɪt dʒɔɪnz ɪz ɐ nɛsᵻsɚɹi ænd taɪmli wʌn ",1
"baɪ sɚɹaʊndɪŋ ʌs wɪð haɪpɚɹ ɑːɹɾɪfɪʃɪælᵻɾi , heɪnz meɪks ʌs siː fəmɪlɪɹ ɪʃuːz , laɪk ɹeɪsɪzəm ænd hɑːməfoʊbiə , ɪn ɐ fɹɛʃ weɪ ",1
sʌmhaʊ mænɪdʒᵻz tʊ ɛskeɪp ðə ʃækəlz ʌv ɪts oʊn klɪx ɛs təbi ðə bɛst ɛspɪənɑːʒ pɪktʃɚ tə kʌm aʊt ɪn wiːks ,1
"ɐ haɪli spɪɹɪɾᵻd , ɪmædʒɪnətɪv kɪd ɛs muːvi ðæt bɹoʊtʃᵻz niːoʊ ɔːɡəstɪniən θɪɑːlədʒi ɪz ɡɑːd stʌk ɪn hɛvən bɪkʌz hiː ɛs ɐfɹeɪd ʌv hɪz bɛst noʊn kɹiːeɪʃən ? ",1
"ɐlæs , ɪt ɛs ðə mæn ðæt meɪks ðə kloʊðz ",1
"wɛn ðə faɪɚ bɜːnz aʊt , wiː viː oʊnli kʌm feɪs tə feɪs wɪð ɐ kʌpəl dɹæɡənz ænd ðæt ɛs wɛɹ ðə fɪlm ʌltᵻmətli feɪlz ",0
ðɪs ɔfən hɪlɛɹiəs fɑːɹs mænɪdʒᵻz tə dʒɛnɚɹeɪt ðə bɛli læfs ʌv loʊbɹaʊ kɑːmədi wɪðaʊt sækɹᵻfaɪsɪŋ ɪts haɪ maɪndᵻd ɐpiːl ,1
ðə piənɪst ɪz pəlænski ɛs bɛst fɪlm ,1
"juː fiːl ɡʊd , juː fiːl sæd , juː fiːl pɪst ɔf , bʌt ɪnðɪ ɛnd , juː fiːl ɐlaɪv wɪtʃ ɪz wʌt ðeɪ dɪd ",1
"klaɪn , tʃɑːɹmɪŋ ɪn kɑːmədiz laɪk ɐmɛɹɪkən paɪ ænd dɛd ɔn ɪn ᵻlɛkʃən , dᵻlɪvɚz wʌn ʌvðə sædɪst ækʃən hiəɹoʊ pɚfoːɹmənsᵻz ɛvɚ wɪtnəst ",0
"fɹʌmðə dʌl , sɚɹiːəl eɪk ʌv mɔːɹɾəl ɐwɛɹnəs ɪmɜːdʒᵻz ɐ ɹeɪdiənt kæɹɪktɚ poːɹtɹɪt ",1
ʌɾɚ mʌʃ kənsiːɾᵻd pæp ,0
"dᵻspaɪt ɪts həwaɪən sɛɾɪŋ , ðə saɪəns fɪkʃən tɹɪmɪŋz ænd sʌm moʊmənts ʌv ɹaʊdi slæpstɪk , ðə beɪsɪk plɑːt ʌv laɪloʊ kʊdɐv bɪn pʊld fɹʌm ɐ tɪɹ steɪnd vɪntɪdʒ ʃɜːli tɛmpəl skɹɪpt ",0
"ɡʊdɪŋ ɪz ðɪ ɛnɚdʒɛɾɪk fɹʌntmən , ænd ɪt ɛs hɑːɹd tə ɹᵻzɪst hɪz ɛnθuːziæzəm , iːvən ɪf ðə fɪlmeɪkɚz kʌm ʌp wɪð nʌθɪŋ ɚɹɪdʒɪnəl ɪnðə weɪ ʌv slæpstɪk siːkwənsᵻz ",1
ðə hoʊl θɪŋ səksiːdᵻd oʊnli ɪn meɪkɪŋ miː ɡɹɑːɡi ,0
"dʒʌst wɛn juː θɪŋk ðæt ɛvɹi pɑːsᵻbəl æŋɡəl hɐzbɪn ɛɡzɔːstᵻd baɪ dɑːkjuːməntɛɹiənz , ɐnʌðɚ nuː fɪlm ɪmɜːdʒᵻz wɪð jɛt ɐnʌðɚ ɹᵻmɑːɹkəbəl jɛt ʃɑːkɪŋli lɪɾəl noʊn pɚspɛktɪv ",1
"θɪŋk ʌv ɪɾ æz ɡɪdʒɪt , oʊnli wɪð mʌsəlz ænd ɐ lɑːt moːɹ smɑːɹts , bʌt dʒʌst æz ɛndɪɹɪŋ ænd iːzi tə wɑːtʃ ",1
"ɡɹænt kæɹiz ðə deɪ wɪð ɪmpɛkəbəl kɑːmɪk taɪmɪŋ , ɹæfɪʃ tʃɑːɹm ænd pɪɹsɪŋ ɪntəlɛkt ",1
"ɐ fɹʌstɹeɪɾɪŋ twiːnɚ tuː slɪk , kəntɹaɪvd ænd ɛksplɔɪɾətɪv fɚðɪ ɑːɹt haʊzᵻz ænd tuː sɪnɪkəl , smɔːl ænd dᵻkædənt fɚðə mɔːlz ",0
pɹɪdɪktəbli soʊlləs tɛknoʊ tɹaɪp ,0
ðə fɪlmeɪkɚz kiːp pʊʃɪŋ ðə dʒoʊks æt ðɪ ɛkspɛns ʌv kæɹɪktɚɹ ʌntɪl θɪŋz fɔːl ɐpɑːɹt ,0
ɪt ɛs ɪŋkɹɛdɪbəl ðə nʌmbɚɹ ʌv stoːɹiz ðə hɑːləkɔːst hɐz dʒɛnɚɹeɪɾᵻd ,1
ðə muːvi kiːps kʌmɪŋ bæk tə ðɪ eɪkɪŋli ʌnfʌni fɑːns ænd hɪz sɛvɹəl sɪli sʌbplɑːts ,0
ðə fɪlm ɛs moʊst ɪmpɹɑːbəbəl fiːt ? ,0
"ðə tʃɑːɹm ʌv ɹɛvəluːʃən oʊɛs ɪz ɹæðɚ ðə weɪ ɪɾ ɪntɹəduːsᵻz juː tə nuː , fɜːvəntli hɛld aɪdiəz ænd fænsifəl θɪŋkɚz ",1
"ðɛɹ ɪz noʊ sʌbstɪtuːt fɔːɹ ɔn skɹiːn kɛmɪstɹi , ænd wɛn fɹiːl pʊlz ðə stɹɪŋz ðæt meɪk wɪljəmz sɪŋk ɪntʊ mɛləŋkoʊliə , ðə ɹɪækʃən ɪn wɪljəmz ɪz æz vɪsɚɹəl æz ɐ ɡʌt pʌntʃ ",1
"ðɛɹɑːɹ sʌm fɛɹli ʌnsɛɾəlɪŋ siːnz , bʌt ðeɪ nɛvɚ səksiːd ɪn ɹiəli ɹæɾəlɪŋ ðə vjuːɚ ",0
pɑːsᵻbli ðə moʊst ɪɹᵻspɑːnsᵻbəl pɪktʃɚɹ ɛvɚ ɹᵻliːst baɪ ɐ meɪdʒɚ fɪlm stuːdɪoʊ ,0
ðə kæɹɪktɚz ɑːɹ peɪpɚ θɪn ænd ðə plɑːt ɪz soʊ kliːʃeɪd ænd kəntɹaɪvd ðɐɾɪt meɪks jʊɹ liːst feɪvɚɹᵻt dʒeɪmz bɑːnd muːvi siːm æz klɛvɚli plɑːɾᵻd æz ðə juːʒuːəl sʌspɛkts ,0
ɐ kɹɪsp saɪkəlɑːdʒɪkəl dɹɑːmə ɛlɑːɹbiː ænd ɑːɹɹɑːɹbiː ɐ fæsᵻneɪɾɪŋ lɪɾəl θɹɪlɚ ðæt wʊdhɐv bɪn pɜːfɛkt fɚɹən oʊld twaɪlaɪt zoʊn ɛpɪsoʊd ,1
ðɛɹ ɪz sɪmpli noʊ daʊt ðæt ðɪs fɪlm æsks ðə ɹaɪt kwɛstʃənz æt ðə ɹaɪt taɪm ɪnðə hɪstɚɹi ʌv aʊɚ kʌntɹi ,1
"taɪm stændz stɪl ɪn moːɹ weɪz ðætwʌn ɪn klɑːkstɑːpɚz , ɐ saɪ faɪ θɹɪlɚɹ æz leɪzi æzɪtɪz ɪntɜːmɪnəbəl ",0
"ɐ dɑːɹk , kwɜːki ɹoʊd muːvi ðæt kɑːnstəntli dᵻfaɪz ɛkspɪkteɪʃən ",1
mɪstɚ spiːlbɜːɡ ænd hɪz kʌmpəni dʒʌst wɔnt juː tʊ ɛndʒɔɪ joːɹsɛlvz wɪðaʊt fiːlɪŋ kɑːnd ,1
"wʌt ðɪ ɔːdiəns fiːlz ɪz ɛɡzɔːstʃən , fɹʌm wɑːtʃɪŋ ɐ muːvi ðæt ɪz dɑːɹk ɛlɑːɹbiː dɑːɹk ɡɹiːn , təbi ɛɡzækt ɑːɹɹɑːɹbiː , saʊɚ , blʌdi ænd miːn ",0
"mɪstɚ pəlænski ɪz ɪn hɪz ɛlɪmənt hɪɹ ɐloʊn , ɐbændənd , bʌt stɪl kənsoʊld baɪ hɪz ɑːɹt , wɪtʃ ɪz moːɹ ðɐn hiː hɐz ɛvɚ ɹᵻviːld bᵻfoːɹ ɐbaʊt ðə soːɹs ʌv hɪz spɪɹɪtʃuːəl sɚvaɪvəl ",1
ɐ dɛvᵻsteɪɾɪŋ ɪndaɪtmənt ʌv ʌnbɹaɪdəld ɡɹiːd ænd mæɾɚɹəlɪzəm ,0
"ɪt fiːlz laɪk vɛɹi laɪt ɛɹɑːl mɔːɹɪs , foʊkəsɪŋ ɔn ɛksəntɹɪsᵻɾi bʌt feɪlɪŋ , ʌltᵻmətli , tə meɪk sʌmθɪŋ bɪɡɚɹ aʊɾəv ɪts skɹæpbʊk ʌv ɑːdbɔːlz ",0
"ɪt ɛs fʊl ʌv tʃiːsi daɪəlɑːɡ , bʌt ɡɹeɪt tɹæʃi fʌn ðæt faɪnəli ɹᵻtɜːnz də pɑːmə tə hɪz pʌlpi θɹɪlɚz ʌvðɪ ɜːli eɪɾi z ",1
dɪɡz ænd læθən ɑːɹ ɐmʌŋ ðə tʃiːf ɹiːzənz bɹaʊn ʃʊɡɚɹ ɪz sʌtʃ ɐ swiːt ænd sɛksi fɪlm ,1
"bʌt ðɪs nuː dʒæŋɡəl ʌv nɔɪz , meɪhɛm ænd stuːpɪdᵻɾi mʌst biː ɐ sɪɹiəs kəntɛndɚ fɚðə taɪɾəl ",0
dɑːɹkli fʌni ænd fɹiːkwəntli ɪnsaɪtfəl ,1
"fɔːɹmjuːliæk , bʌt fʌn ",1
"ðɛɹ ɛs sʌm ɡʊd mətɪɹiəl ɪn ðɛɹ stoːɹi ɐbaʊt ɐ ɹiːteɪl klɜːk wɔntɪŋ moːɹ aʊɾəv laɪf , bʌt ðə muːvi tuː ɔfən spɪnz ɪts wiːlz wɪð fəmɪlɪɹ sɪtʃuːeɪʃənz ænd ɹᵻpɛɾᵻtɪv siːnz ",0
dæmən bɹɪŋz ðə pɹɑːpɚ kənvɪkʃən tə hɪz ɹoʊl æz ɛlɑːɹbiː dʒeɪsən boːɹn ɑːɹɹɑːɹbiː ,1
ðə muːvi dʌz ɛnt dʒɛnɚɹeɪt ɐ lɑːt ʌv ɛnɚdʒi ,0
"ænd jɛt , ɪt stɪl wɜːks ",1
ɪt skwɑːndɚz tʃæn ɛs juːniːknəs ɪt kʊd iːvən biː sɛd tə skwɑːndɚ dʒɛnɪfɚ lʌv hjuːɪt ! ,0
"ɐ laɪt , jɛt ɛŋɡɹoʊsɪŋ piːs ",1
ɹiəli kwaɪt fʌni ,1
"pɹɪɾi mʌtʃ sʌks , bʌt hɐz ɐ fʌni moʊmənt ɔːɹ tuː ",0
ɐ sɪŋɡjʊlɚli ɔf pʊɾɪŋ ɹoʊmæntɪk kɑːmədi ,0
daɪəz wɛɹz aʊt hɜː wɛlkʌm ɪn hɜː moʊst tʃɑːɹmləs pɚfoːɹməns ,0
"ðɪ æktɚz ɪmpɹəvaɪz ænd skɹiːm ðɛɹ weɪ ɚɹaʊnd ðɪs muːvi dᵻɹɛkʃənləs , lækɪŋ ɛni ʌvðə ɹoʊlɪkɪŋ dɑːɹk hjuːmɚ soʊ nɛsᵻsɚɹi tə meɪk ðɪs kaɪnd ʌv aɪdiə wɜːk ɔn skɹiːn ",0
"ðɪ ɔf sɛntɚ hjuːmɚɹ ɪz ɐ kɑːnstənt , ænd ðɪ ɑːnsɑːmbəl ɡɪvz ɪɾ ɐ bɔɪənt dᵻlɪvɚɹi ",1
nɪɹli ɔːl ðə fʌndəmɛntəlz juː teɪk fɔːɹ ɡɹæntᵻd ɪn moʊst fɪlmz ɑːɹ mɪshændəld hɪɹ ,0
"ɐn aɪ bɑːɡlɪŋ blɛnd ʌv saɪkɪdɛlɪk dɪvaɪsᵻz , spɛʃəl ɪfɛkts ænd bækɡɹaʊndz , spaɪ kɪdz tuː ɪz ɐ vɪʒuːəl tɹiːt fɔːɹ ɔːl ɔːdiənsᵻz ",1
"ɐ lɑːt ʌv tælənt ɪz weɪstᵻd ɪn ðɪs kɹæs , loʊ wɑːɾɪdʒ ɛndɛvɚ ",0
"sædəld wɪð ɐn ʌnwiːldi kæst ʌv kæɹɪktɚz ænd æŋɡəlz , bʌt ðə peɪɔf ɪz paʊɚfəl ænd ɹɛvɪlətoːɹi ",1
ɐn ɛŋɡeɪdʒɪŋ kɹɪmɪnəl ɹɑːmp ðæt wɪl hæv vjuːɚz ɡɛsɪŋ dʒʌst huː ɛs biːɪŋ kɑːnd ɹaɪt ʌp tə ðə fɪnɑːli ,1
ɐn ɛŋɡɹoʊsɪŋ poːɹtɹɪt ʌv ʌŋkɑːmpɹəmaɪzɪŋ ɑːɹɾɪsts tɹaɪɪŋ tə kɹiːeɪt sʌmθɪŋ ɚɹɪdʒɪnəl ɐɡɛnst ðə bækdɹɑːp əvə kɔːɹpɚɹət mjuːzɪk ɪndʌstɹi ðæt oʊnli siːmz tə kɛɹ ɐbaʊt ðə bɑːɾəm laɪn ,1
kɔːfmən ɛs skɹɪpt ɪz nɛvɚɹ ɪspɛʃəli klɛvɚ ænd ɔfən ɪz ɹæðɚ pɹɪtɛnʃəs ,0
"ɪt sɛləbɹeɪts ðə ɡɹuːp ɛs pleɪfəl spɑːɹk ʌv nɑːŋkənfoːɹmᵻɾi , ɡlænsɪŋ vɪvɪdli bæk æt wʌt hɪbɪskəs ɡɹændli kɔːld hɪz eɪndʒəlz ʌv laɪt ",1
"laɪk kʌmɪŋ ɪntʊ ɐ lɔŋ ɹʌnɪŋ , wɛl ɹɪʔn̩ tɛlᵻvɪʒən sɪɹiz wɛɹ juː viː mɪst ðə fɜːst hæf dʌzən ɛpɪsoʊdz ænd pɹɑːbəbli woʊ ɛnt siː ðə nɛkst sɪks ",0
"ɪts fleɪm laɪk , ɹɔɪlɪŋ blæk ænd waɪt ɪnspaɪɚz tɹɛmblɪŋ ænd ɡɹæɾɪtuːd ",1
"ɔːlðoʊ ɪɾ ɪŋkluːdz ɐ fɛɹ ʃɛɹ ʌv dʌm dɹʌɡ dʒoʊks ænd pɹɪdɪktəbəl slæpstɪk , ɔɹɪndʒ kaʊnti ɪz fɑːɹ fʌnɪɚ ðɐn ɪt wʊd siːm tə hæv ɛni ɹaɪt tə biː ",1
"ɛlɑːɹbiː ðə fɪlm ɑːɹɹɑːɹbiː tækəlz ðə tɑːpɪk ʌv ɹᵻleɪʃənʃɪps ɪn sʌtʃ ɐ stɹeɪtfɔːɹwɚd , ɪmoʊʃənəli ɑːnɪst mænɚ ðæt baɪ ðɪ ɛnd , ɪt ɛs ɪmpɑːsᵻbəl tʊ æsɚteɪn wɛðɚ ðə fɪlm ɪz , æɾ ɪts koːɹ , diːpli pɛsɪmɪstɪk ɔːɹ kwaɪətli hoʊpfəl ",1
"ðə fɪlm ɪz weɪd daʊn baɪ səpoːɹɾɪŋ kæɹɪktɚz huː ɑːɹ iːðɚ tuː ɡʊdli , waɪz ænd noʊɪŋ ɔːɹ daʊnɹaɪt kɑːmɪkli iːvəl ",0
ɪt ɛs ɐ vɪʒuːəl ɹoːɹʃætʃ tɛst ænd aɪ mʌstɐv feɪld ,0
"ɐn ʌŋkʌmftəbəl ɛkspiəɹɪəns , bʌt wʌn æz bɹeɪv ænd tʃæləndʒɪŋ æz juː kʊd pɑːsᵻbli ɛkspɛkt ðiːz deɪz fɹʌm ɐmɛɹɪkən sɪnəmə ",1
"ðə hʌskiz ɑːɹ bjuːɾifəl , ðə boːɹdɚ kɑːli ɪz fʌni ænd ðɪ oʊvɚɹɔːl fiːlɪŋ ɪz dʒiːnɪəl ænd diːsənt ",1
"tʃɑːɹmɪŋ ænd wɪɾi , ɪt ɛs ɔːlsoʊ sʌmwʌt klʌmzi ",1
æmɚɹi hɐz dɹɛst ʌp ðɪs lɪɾəl pæɹəbəl ɪn ɐ fɛɹli ɪɹᵻzɪstᵻbəl pækɪdʒ fʊl ʌv pɹɪvᵻlɪdʒd moʊmənts ænd mɛmɚɹəbəl pɚfoːɹmənsᵻz ,1
"wɪð məkɑːnɔːi ɪn ɐn ɛntaɪɚli aɪɹəni fɹiː zoʊn ænd beɪl ɹᵻduːst meɪnli tə bæɾɪŋ hɪz sɛnsᵻtɪv aɪlɪdz , ðɛɹ ɛs nɑːt ɪnʌf ɪntɛlɪdʒəns , wɪt ɔːɹ ɪnəveɪʃən ɔnðə skɹiːn tʊ ɐtɹækt ænd səsteɪn ɐn oʊldɚ kɹaʊd ",0
"ɐ vɪvɪd , spaɪsi fʊtnoʊt tə hɪstɚɹi , ænd ɐ muːvi ðæt ɡɹɪps ænd hoʊldz juː ɪn ɹæpt ɐtɛnʃən fɹʌm stɑːɹt tə fɪnɪʃ ",1
"ɐn ɪɹili səspɛnsfəl , diːpli ɐbsoːɹbɪŋ piːs ðæt wɜːks æz ɐ tɹiːɾɪz ɔn spɪɹɪtʃuːælᵻɾi æz wɛl æz ɐ sɑːlɪd saɪ faɪ θɹɪlɚ ",1
"dᵻspaɪt dʒuːlɪɛt stiːvɛnən ɛs ɐtɛmpt tə bɹɪŋ koʊhiːʒən tə pæmələ ɛs ɪmoʊʃənəl ɹoʊlɚ koʊstɚ laɪf , ɪɾ ɪz nɑːt ɪnʌf tə ɡɪv ðə fɪlm ðə sʌbstəns ɪt soʊ dɛspɚɹətli niːdz ",0
"ðɪs fɪlm ɪz ɐn ækt ʌv spɪɹɪtʃuːəl feɪθ ɐn ɛləkwənt , diːpli fɛlt mɛdɪteɪʃən ɔnðə neɪtʃɚɹ ʌv kəmpæʃən ",1
"ɪɾ ɔːl pleɪz aʊt laɪk ɐ haɪ ɛnd dʒɑːn hjuːz kɑːmədi , ɐ kaɪnd ʌv ɛldɚ bjuːəlɚ ɛs taɪm aʊt ",1
"wʌt wɪð ɔːl ðə blæŋkɪt steɪtmənts ænd daɪm stoːɹ ɹuːmᵻneɪʃənz ɔn vænᵻɾi , ðə wʌɹiz ʌvðə ɹɪtʃ ænd sʌdən wɪzdəm , ðə fɪlm bɪkʌmz ɐ sɜːmən fɔːɹ moʊst əv ɪts ɹʌnɪŋ taɪm ",0
waɪldli ɪŋkɑːmpɪtənt bʌt bɹɪliəntli neɪmd hæf pæst dɛd ɔːɹ fɔːɹ siːɡəl pɛsɪmɪsts toʊɾəli pæst hɪz pɹaɪm ,0
ðoʊz ɪtɜːnəli dɪvoʊɾᵻd tə ðɪ ɪnsænᵻɾi ʌv blæk wɪl hæv ɐn ɪntɚmɪtəntli ɡʊd taɪm ,1
ðə pɹɪtɛnʃənz ænd dɪspoʊzəbəl stoːɹi sɪŋk ðə muːvi ,0
"ʃiː nɪɹli ɡloʊz wɪð ɛnθuːziæzəm , sɛnʃuːælᵻɾi ænd ɐ kənaɪvɪŋ wɪt ",1
"ænd fɔːɹ mɛnɪəv ʌs , ðæt ɛs ɡʊd ɪnʌf ",1
meɪdʒz hɐz dʌn hɪz hoʊmwɜːk ænd soʊkt ʌp sʌm dʒæzi nuː ɹᵻvɪʒənɪst θiəɹiz ɐbaʊt ðɪ ɔːɹɪdʒɪnz ʌv nɑːtsi pɑːlətɪks ænd ɛsθɛɾɪks ,1
"poʊɛɾɪk , hɑːɹtbɹeɪkɪŋ ",1
"ɐ mɛmɚɹəbəl ɛkspiəɹɪəns ðæt , laɪk mɛnɪəv hɪz wɜːks , pɹɛzənts weɪɾi ɪʃuːz kʌlɚfəli ɹæpt ʌp ɪn hɪz oʊn ɪdɪɑːsɪŋkɹæɾɪk stɹeɪn ʌv kɪtʃi ɡʊdwɪl ",1
"æz ɐn æktɹəs , mɐdɑːnə ɪz wʌn hɛləvə sɪŋɚ ",1
ðə skɹɪpt baɪ vɪnsənt ɑːɹ nɛbɹɪdə tɹaɪz tə kɹæm tuː mɛni ɪŋɡɹiːdiənts ɪntʊ wʌn smɔːl pɑːt ,0
"dʒʌst æz ðə laʊsi tæɹɐntiːnoʊ ɪmɪteɪʃənz hæv sʌbsaɪdᵻd , hɪɹ kʌmz ðə fɜːst laʊsi ɡaɪ ɹɪtʃi ɪmɪteɪʃən ",0
"ðə dᵻɹɛkʃən hɐz ɐ fluːɪd , noʊ nɑːnsəns ɐθɔːɹɪɾi , ænd ðə pɚfoːɹmənsᵻz baɪ hæɹɪs , faɪfɚɹ ænd kæm ɹɑːn siːl ðə diːl ",1
ɐ fɪlm ðæt wɪl ɛnθɹɔːl ðə hoʊl fæmɪli ,1
ɪt dʒʌst dʌz ɛnt hæv ɛnɪθɪŋ ɹiəli ɪntɹɛstɪŋ tə seɪ ,0
"mʌtʃ ʌvðə leɪdi ænd ðə duːk ɪz ɐbaʊt kwaɪət , dᵻsaɪsɪv moʊmənts bᵻtwiːn mɛmbɚz ʌvðə kʌltʃɚɹəl ɪliːt æz ðeɪ dɪtɜːmɪn haʊ tə pɹəsiːd æz ðə wɜːld ɪmploʊdz ",1
"waɪl juː hæv tʊ ɐdmɪt ɪt ɛs sɛmaɪ ɐmjuːzɪŋ tə wɑːtʃ ɹɑːbɚt dɛniəɹoʊ bɛlt aʊt wɛn juː ɹiː ɐ dʒɛt , juː ɹiː ɐ dʒɛt ɔːl ðə weɪ , ɪt ɛs iːkwəli dɪsteɪstfəl tə wɑːtʃ hɪm sɪŋ ðə lɪɹɪks tʊ tənaɪt ",0
"ɐ kweɪnt , ɹoʊmæntɪsaɪzd ɹɛndɚɹɪŋ ",1
"fɪlmeɪkɚz deɪvɪd waɪsmən ænd bɪl wɛbɚ bɛnɪfɪt ɪnoːɹməsli fɹʌmðə kəkɛts kæmɹə kɹeɪzinəs nɑːt oʊnli dɪd ðeɪ fɪlm pɚfoːɹmənsᵻz , bʌt ðeɪ dɪd ðə seɪm æt hoʊm ",1
"æz tʃɪlɪŋ ænd fæsᵻneɪɾɪŋ æz fᵻliːp mɔːɹə ɛs mɑːdɚn hɪtlɚ stʌdi , snaɪd ænd pɹɛdʒuːdɪs ",1
"ɐ lɪɾəl tuː pɑːndɚɹəs tə wɜːk æz ʃæloʊ ɛntɚteɪnmənt , nɑːt ɹᵻmoʊtli ɪnsaɪsɪv ɪnʌf tə kwɔlᵻfaɪ æz dɹɑːmə , mɔnsuːn wɛdɪŋ sɜːvz moʊstli tə wɛt wʌn ɛs æpɪtaɪt fɚðə bɑːliwʊd fɪlmz ",0
ɐ muːvi ðætðə lɛs tʃæɹɪɾəbəl maɪt dᵻskɹaɪb æz ɐ kæstɹeɪɾᵻd kɹɔs bᵻtwiːn haɪləndɚ ænd ləliːɾə ,0
"siːɡəl , huː lʊks moːɹ laɪk dæni eɪəloʊ ðiːz deɪz , mʌmbəlz hɪz weɪ θɹuː ðə muːvi ",0
"ɐ fʊl ɛkspiəɹɪəns , ɐ lʌv stoːɹi ænd ɐ mɜːdɚ mɪstɚɹi ðæt ɛkspændz ɪntʊ ɐ mɛdɪteɪʃən ɔnðə diːp dᵻsɛpʃənz ʌv ɪnəsəns ",1
haʊ duː juː meɪk ɐ muːvi wɪð dɛpθ ɐbaʊt ɐ mæn huː lækt ɛni ? ,0
fʌdʒᵻz fækt ænd fænsi wɪð sʌtʃ kɑːnfɪdəns ðæt wiː fiːl æz ɪf wiː ɹiː siːɪŋ sʌmθɪŋ pjʊɹɹɚ ðɐn ðə ɹiːəl θɪŋ ,1
ðə kæst ɪz tɑːp nɑːtʃ ænd aɪ pɹɪdɪkt ðɛɹ wɪl biː plɛnti ʌv fiːmeɪl ɔːdiəns mɛmbɚz dɹuːlɪŋ oʊvɚ maɪkəl aɪdmoʊɾoʊ æz maɪkəl ,1
"sændɹə bʊlək ænd hjuː ɡɹænt meɪk ɐ ɡɹeɪt tiːm , bʌt ðɪs pɹɪdɪktəbəl ɹoʊmæntɪk kɑːmədi ʃʊd ɡɛt ɐ pɪŋk slɪp ",0
"ɪt ɛs ɔːl stɪtʃt təɡɛðɚ wɪð ɛnɚdʒi , ɪntɛlɪdʒəns ænd vɜːv , ɛnhænst baɪ ɐ sɜːplʌs ʌv vɪntɪdʒ ɑːɹkaɪv fʊɾɪdʒ ",1
"soʊ mʌdəld , ɹᵻpɛɾᵻtɪv ænd ɹæɡᵻd ðɐɾɪt sɛz fɑːɹ lɛs ɐbaʊt ðə hɔːɹɪfaɪɪŋ hɪstɔːɹɪkəl ɹɪælᵻɾi ðɐn ɐbaʊt ðə fɪlmeɪkɚ ɛs kæɹɪktɚɹɪstɪk staɪl ",0
ɐ fæstɚ peɪst fæmɪli flɪk ,1
"ænɐlaɪz ðæt ɪz wʌn ʌv ðoʊz kɹæs , kəntɹaɪvd siːkwəlz ðæt nɑːt oʊnli feɪlz ɔn ɪts oʊn , bʌt meɪks juː sɛkənd ɡɛs jʊɹ ɐfɛkʃən fɚðɪ ɚɹɪdʒɪnəl ",0
"fɛɹi teɪl fɔːɹmjʊlə , sɜːvz æz ɐ peɪpɚ skɛlᵻtən fɔːɹ sʌm vɛɹi ɡʊd æktɪŋ , daɪəlɑːɡ , kɑːmədi , dᵻɹɛkʃən ænd ɪspɛʃəli tʃɑːɹm ",1
ðə kwɜːki dɹɑːmə tʌtʃᵻz ðə hɑːɹt ænd ðə fʌnɪboʊn θæŋks tə ðɪ ɛnɚdʒɛɾɪk ænd ɔːlweɪz sɚpɹaɪzɪŋ pɚfoːɹməns baɪ ɹeɪtʃəl ɡɹɪfɪθs ,1
"aɪ ɛm ʃʊɹ ðə fɪlmeɪkɚz faʊnd ðɪs ɐ ɹᵻmɑːɹkəbəl ænd nɑːvəl kɑːnsɛpt , bʌt ɛnɪbɑːdi huː hɐz ɛvɚ siːn ɐn ɪndᵻpɛndənt fɪlm kæn ɹᵻpoːɹt ðɐɾɪt ɪz ɪnstɛd ɐ tʃiːp klɪx ",0
"ɪn ɪts ʌndɚstændɪŋ , ɔfən fʌni weɪ , ɪt tɛlz ɐ stoːɹi huːz ɹᵻsteɪtmənt ɪz vælᵻdeɪɾᵻd baɪ ðə tʃeɪndʒɪŋ kɑːmpəzɪʃən ʌvðə neɪʃən ",1
"lɛt ɛs ɪʃuː ɐ mɔːɹɐtoːɹiəm , ɪfɛktɪv ɪmiːdɪətli , ɔn tɹiːkli fɪlmz ɐbaʊt ɪnspɚɹeɪʃənəl pɹɛp skuːl pɹəfɛsɚz ænd ðə tʃɪldɹən ðeɪ soʊ hɑːɹtwɔːɹmɪŋli moʊɾᵻveɪt ",1
taɪɚsʌmli dᵻɹɪvətɪv ænd hæmɪli æktᵻd ,0
aɪ wɔːkt ɐweɪ fɹʌm ðɪs nuː vɜːʒən ʌv iː tiː dʒʌst æz aɪ hoʊpt aɪ wʊd wɪð mɔɪst aɪz ,1
wʌt ʃʊdəv bɪn ɐ kʌɾɪŋ hɑːliwʊd sæɾaɪɚɹ ɪz ɪnstɛd ɐbaʊt æz fɹɛʃ æz læst wiːk ɛs ɪʃuː ʌv vɚɹaɪəɾi ,0
"ðə fɪlm dʌz ɐ sɑːlɪd dʒɑːb ʌv sloʊli , stɛdili bɪldɪŋ ʌp tə ðə klaɪmæktɪk bɜːst ʌv vaɪələns ",1
"ðə hɑːɹt ʌvðə fɪlm ɪz ɐ tʌtʃɪŋ ɹᵻflɛkʃən ɔn eɪdʒɪŋ , sʌfɚɹɪŋ ænd ðə pɹɑːspɛkt ʌv dɛθ ",1
"ðə noʊʃən ʌv dᵻliːɾɪŋ ɪmoʊʃən fɹʌm piːpəl , iːvən ɪn ɐn ɐdvænst pɹɑːzæk neɪʃən , ɪz soʊ ɪnseɪnli dɪsfʌŋkʃənəl ðætðə ɹæmpəntli dɪzaɪnd iːkwɪlɪbɹiəm bɪkʌmz ɐ kɑːnsɛpt duːfəs ",0
pʊts tə ɹɛst ɛni θɔːt ðætðə dʒɜːmən fɪlm ɪndʌstɹi kæn nɑːt meɪk ɐ dᵻlaɪtfəl kɑːmədi sɛntɚɹɪŋ ɔn fuːd ,1
"wɪððə dɑːɡ deɪz ʌv ɔːɡəst əpɑːn ʌs , θɪŋk ʌv ðɪs dɑːɡ əvə muːvi æz ðə sɪnɪmæɾɪk ɪkwɪvələnt ʌv haɪ hjuːmɪdᵻɾi ",0
"noʊ ɐmaʊnt ʌv ɑːɹɾi θiəɹaɪzɪŋ ðə spɛʃəl ɪfɛkts ɑːɹ dʒɜːmən ɛkspɹɛʃənɪst , ɐkoːɹdɪŋ tə ðə pɹɛs noʊts kæn ɹɛndɚɹ ɪɾ ɛnɪθɪŋ bʌt læfəbəl ",0
ɐ wɛl ɛksᵻkjuːɾᵻd spaɪ θɹɪlɚ ,1
"liːsɚ ɹɪnzlɚ ɛs sɪnɪmɐtɑːɡɹəfi meɪ biː lʌvli , bʌt lʌv liːzə ɛs teɪl ɪtsɛlf vɜːtʃuːəli kəlæpsᵻz ɪntʊ ɐn ɪnhælənt blækaʊt , meɪnteɪnɪŋ kɑːnʃəsnəs dʒʌst lɔŋ ɪnʌf tʊ ɐtʃiːv kæloʊ pɹɪtɛnʃən ",0
ðə tɹeɪlɚɹ ɪz ɐ ɹaɪət ,1
"ðɪs klɔɪɪŋ , vɔɪsᵻz fɹʌmðɪ ʌðɚ saɪd stoːɹi ɪz hɛl ",0
"ɐlæs , ɡɛɾɪŋ ðɛɹ ɪz nɑːt iːvən hæf ðɪ ɪntɹɛst ",0
"ɐ tʃɪli , bɹuːdɪŋ bʌt kwaɪətli ɹɛzənənt saɪkəlɑːdʒɪkəl stʌdi ʌv dəmɛstɪk tɛnʃən ænd ʌnhæpɪnəs ",1
"ðə ɹɪzʌlt ɪz sʌmwʌt sæɾɪsfaɪɪŋ ɪt stɪl kʌmz fɹʌm spiːlbɜːɡ , huː hɐz nɛvɚ meɪd ɛnɪθɪŋ ðæt wʌz ɛnt æt liːst wɑːtʃəbəl ",1
aɪ ɛlɛl ɡoʊ aʊt ɔn ɐ lɪm ,1
"diːfleɪɾᵻd ɛndɪŋ ɐsaɪd , ðɛɹ ɛs mʌtʃ tə ɹɛkəmɛnd ðə fɪlm ",1
"ʃɛɹɪdən ɪz peɪnfəli bæd , ɐ foːɹθ ɹeɪt dʒɪm kæɹi huː dʌz ɛnt ʌndɚstænd ðə dɪfɹəns bᵻtwiːn dʌm fʌn ænd dʒʌst pleɪn dʌm ",0
"æz ɪmpɹɑːbəbəl æz ðɪs pɹɛmɪs meɪ siːm , æbæs ɛs ʌndɚsteɪɾᵻd , ʃaɪnɪŋ pɚfoːɹməns ɔfɚz ʌs ðə sɛns ðæt ɔn sʌm ɛlɪmɛntəl lɛvəl , lɪliə diːpli wɔnts tə bɹeɪk fɹiː ʌv hɜːɹ oʊld laɪf ",1
"meɪbiː lɛblæŋk θɔːt , heɪ , ðə muːvi ɐbaʊt ðə beɪsbɔːl pleɪɪŋ mʌŋki wʌz wɜːs ",0
ɡɪvz ɐn ɪntɹiːɡɪŋ twɪst tə ðə fɹɛntʃ kʌmɪŋ ʌv eɪdʒ ʒɑːnɹə ,1
hiː nʌnðəlɛs ɐpɹiːʃɪeɪts ðɪ ɑːɹt ænd ɹᵻviːlz ɐ mjuːzɪk siːn ðæt tɹænsɛndz kʌltʃɚ ænd ɹeɪs ,1
"ɛskeɪps ðə pɹɛʃəs tɹæpɪŋz ʌv moʊst ɹoʊmæntɪk kɑːmədiz , ɪnfjuːzɪŋ ɪntʊ ðə stoːɹi vɛɹi ɹiːəl , kɑːmplᵻkeɪɾᵻd ɪmoʊʃənz ",1
"fʊl ʌv blænd hoʊtɛlz , haɪweɪz , pɑːɹkɪŋ lɑːts , wɪð sʌm ɡlɪmpsᵻz ʌv neɪtʃɚ ænd fæmɪli wɔːɹmθ , taɪm aʊt ɪz ɐ dɪskɹiːt moʊn ʌv dᵻspɛɹ ɐbaʊt ɛntɹæpmənt ɪnðə meɪz ʌv mɑːdɚn laɪf ",0
"ɐ nætʃɚɹəli fʌni fɪlm , hoʊm muːvi meɪks juː kɹeɪv kɹɪs smɪθ ɛs nɛkst muːvi ",1
"dᵻɹɛktɚ hɑːfmən , hɪz ɹaɪɾɚ ænd klaɪn ɛs eɪdʒənt ʃʊd sɜːv dɪtɛnʃən ",0
ðə kwɜːki ænd ɹᵻsɛsɪv tʃɑːɹmz ʌv koʊ stɑːɹz mɑːɹtɪn dɑːnəvæn ænd mɛɹi luːwiːz pɑːɹkɚ hɛlp oʊvɚkʌm ðə pɹɑːbəlmæɾɪk skɹɪpt ,1
ɪt ɛs ɐ maɪndləs ækʃən flɪk wɪð ɐ twɪst fɑːɹ bɛɾɚ suːɾᵻd tə vɪdɪoʊ vjuːɪŋ ðɐn ðə mʌltɪplɛks ,0
"æz ɐn ɛntɚteɪnmənt dɛstɪneɪʃən fɚðə dʒɛnɚɹəl pʌblɪk , kʌŋ paʊ sɛts ɐ nuː bɛntʃmɑːɹk fɔːɹ leɪmnəs ",0
ɡɹeɪst wɪððə kaɪnd ʌv soʊʃəl tɛkstʃɚ ænd ɹiːəlɪzəm ðæt wʊd biː fɔːɹən ɪn ɐmɛɹɪkən tiːn kɑːmədiz ,1
ɛlɑːɹbiː ælən ɑːɹɹɑːɹbiː mænɪdʒᵻz tə bɹiːð laɪf ɪntʊ ðɪs sʌmwʌt taɪɚd pɹɛmɪs ,1
ðə tɹuːθ ɐbaʊt tʃɑːɹli ɪz ðɐɾɪt ɛs ɐ bɹeɪzənli mɪsɡaɪdᵻd pɹɑːdʒɛkt ,0
"wɪð lɪɾəl vɪzᵻbəl tælənt ænd noʊ ɛnɚdʒi , kɑːlɪn hæŋks ɪz ɪn bæd niːd ʌv meɪdʒɚɹ æktɪŋ lɛsənz ænd meɪbiː ɐ lɪɾəl kɔfi ",0
"ðɪs muːvi fiːl moːɹ laɪk ɐ nɑːn stɑːp kɹaɪ fɔːɹ ɐtɛnʃən , ðænən ɐtɛmpt æɾ ɛni kaɪnd ʌv sæɾɪsfaɪɪŋ ɛntɚteɪnmənt ",0
ɛɡzɪlɐɹəɾɪŋ bʌt bleɪtəntli baɪəst ,1
"ɐ moʊstli bᵻliːvəbəl , ɹᵻfɹɛʃɪŋli loʊ kiː ænd kwaɪətli ɪnspɚɹeɪʃənəl lɪɾəl spoːɹts dɹɑːmə ",1
"ɹɛɹli , ɐ muːvi ɪz moːɹ ðænə muːvi ",1
haʊ ðɪswʌn ɛskeɪpt ðə laɪftaɪm nɛtwɜːk aɪ ɛlɛl nɛvɚ noʊ ,0
"tə sʌm aɪz ðɪs wɪl siːm laɪk ɐ ɹᵻsaɪklɪŋ ʌv klɪx ɛs , ɐn ɐsæsɪn ɛs ɡɹeɪɾɪst hɪts ",0
lɛs fʌni ðɐn ɪt ʃʊd biː ænd lɛs fʌni ðɐn ɪt θɪŋks ɪɾ ɪz ,0
"ɐn eɪkɪŋli ɛnθɹɔːlɪŋ pɹɛmɪs , ðə fɪlm ɪz hɪndɚd baɪ ʌniːvən daɪəlɑːɡ ænd plɑːt læpsᵻz ",0
ðɪ ɪnneɪt θiːætɹɪks ðæt pɹəvaɪd ɪts θɹɪlz ænd ɛkstɹiːm ɪmoʊʃənz luːz ðɛɹ lʌstɚ wɛn flæʔn̩d ɑːnskɹiːn ,0
ɐ dʒɛntəl ænd ɛŋɡɹoʊsɪŋ kæɹɪktɚ stʌdi ,1
"slʌɡɪʃ , toʊnəli ʌniːvən ",0
"ʌltᵻmətli , ðə fɪlm ɐmaʊnts tə biːɪŋ lɛktʃɚd tə baɪ tɛk ɡiːks , ɪf juː ɹiː ʌp fɔːɹ ðæt sɔːɹt ʌv θɪŋ ",0
ðə fɪlm ɪz ʌndʌn baɪ ænɐkɹənɪstɪk kwɪk ɛdɪts ænd əkeɪʒənəl dʒɑːɹɹɪŋ ɡlɪmpsᵻz əvə mɑːdɚn θiəɾɚɹ ɔːdiəns wɑːtʃɪŋ ðɪ ᵻvɛnts ʌnfoʊld ,0
"wʌt kʊdɐv iːzili bɪkʌm ɐ koʊld , kælkjʊleɪɾᵻd ɛksɚsaɪz ɪn poʊstmɑːdɚn pæstɪtʃ waɪndz ʌp ɐ paʊɚfəl ænd diːpli muːvɪŋ ɛɡzæmpəl ʌv mɛlədɹɐmæɾɪk muːvɪmeɪkɪŋ ",1
"ɹʌsəl læks ðə vɪʒuːəl pɐnæʃ , ðə kɑːmɪk tʌtʃ , ænd pɚhæps ðə bʌdʒɪt ʌv sɑːmɚz ɛs taɪɾəl baʊt fiːtʃɚz ",0
sʌm ɹᵻmɑːɹkəbəl ɐtʃɪvəl fɪlm ɐbaʊt haʊ ʃæŋhaɪ ɛlɑːɹbiː ʌv ɔːl pleɪsᵻz ɑːɹɹɑːɹbiː sɜːvd dʒuːz huː ɛskeɪpt ðə hɑːləkɔːst ,1
ɪntɚvjuː luːzᵻz ɪts oʊvɚɹɔːl sɛns ʌv mɪstɚɹi ænd bɪkʌmz ɐ tiːviː ɛpɪsoʊd ɹæðɚ ðænə dɑːkjuːmɛntɚɹi ðæt juː æktʃuːəli baɪ ɪntʊ ,0
ɐn oʊld fæʃənd bʌt ɪmoʊʃənəli stɜːɹɪŋ ɐdvɛntʃɚ teɪl ʌvðə kaɪnd ðeɪ ɹɛɹli meɪk ɛnɪmoːɹ ,1
ɪntɛlɪdʒənt ænd muːvɪŋ ,1
ɐ bɑːdɪs ɹɪpɚ fɔːɹ ɪntəlɛktʃuːəlz ,1
"ɪt ɛs fʌn , wɪspi , waɪz ænd sɚpɹaɪzɪŋli ɪnəfɛnsɪv fɚɹə fɪlm ɐbaʊt ɐ tiːn ɪn lʌv wɪð hɪz stɛpmɑːm ",1
"ðə næɹeɪɾɚ ænd ðɪ ʌðɚ kæɹɪktɚz tɹaɪ tə kənvɪns ʌs ðæt æktɪŋ tɹænsfɪɡjɚz ɛstɚ , bʌt ʃiː ɛs nɛvɚ siːn spiːkɪŋ ɔn steɪdʒ wʌn fiːlz tʃiːɾᵻd , ænd ɛstɚ siːmz tə ɹᵻmeɪn ɐn ʌntʃeɪndʒd dʌlɑːɹd ",0
taɪm aʊt ɪz ɛɡzɪstɛnʃəl dɹɑːmə wɪðaʊt ɛni ʌvðə pɹɪtɛnʃən ɐsoʊsɪeɪɾᵻd wɪððə tɜːm ,1
ɡɪlti ʌvðə wɜːst sɪn ʌv ɐtɹɪbjuːɾəbəl tʊ ɐ muːvi laɪk ðɪs ɪt ɛs nɑːt skɛɹi ɪnðə slaɪɾɪst ,0
"pɛpɚɹɪŋ ðɪs ɜːbən stʌdi wɪð ɹɛfɹənsᵻz tə noːɹwiːdʒən foʊkteɪlz , vɪlənuːv kɹiːeɪts ɪn meɪlstɹɑːm ɐ wɜːld wɛɹ ðə bᵻzɑːɹ ɪz kɹɛdɪbəl ænd ðə ɹiːəl tɜːnz mædʒɪkəl ",1
ɛlɪŋ bɪldz ɡɹædʒuːəli ʌntɪl juː fiːl fʊli ɛmbɹeɪst baɪ ðɪs dʒɛntəl kɑːmədi ,1
"kwæn ɪz ɐ mæstɚɹ ʌv ʃædoʊ , kwaɪəɾuːd , ænd ɹuːm nɔɪz , ænd læn juː ɪz ɐ dɪsɑːɹmɪŋli lɪvd ɪn muːvi ",1
"mɛɹɪæm ɪz ɐ smɔːl fɪlm , bʌt ɪɾ ɔfɚz lɑːɹdʒ ɹᵻwɔːɹdz ",1
jɐ jæz ɛvɹɪwɛɹ wɪl fɚɡɪv ðə flɔːz ænd lʌv ðə fɪlm ,1
ɐ staɪlɪstɪk ɹɑːmp ðæt ɛs ɔːlweɪz fʌn tə wɑːtʃ ,1
juː kæn tɛl ɔːlmoʊst ɪmiːdɪətli ðæt wɛlkʌm tə kɑːlᵻnwʊd ɪz ɛnt ɡoʊɪŋ tə dʒɛl ,0
"ɐ ʃɪmɚɹɪŋli lʌvli kʌmɪŋ ʌv eɪdʒ poːɹtɹɪt , ʃɑːt ɪn ɑːɹtfəl , wɔːɾɚɹi toʊnz ʌv bluː , ɡɹiːn ænd bɹaʊn ",1
"ɪts ɪmpɹɛsɪv ɪmɪdʒᵻz ʌv kɹᵻmɐtoːɹiəm tʃɪmni faɪɚz ænd stæks ʌv dɛd bɑːdiz ɑːɹ ʌndɚmaɪnd baɪ ðə muːvi ɛs pɹɛzənteɪʃən , wɪtʃ ɪz weɪ tuː steɪdʒi ",0
"ðɛɹ ɛs ɐ hɛvi stɛntʃ ʌv bɪn ðɛɹ , dʌn ðæt hæŋɪŋ oʊvɚ ðə fɪlm ",0
ɐn ɐfɛkʃənətli ɡuːfi sæɾaɪɚ ðæt ɛs ʌnɐfɹeɪd tə θɹoʊ ɛlboʊz wɛn nɛsᵻsɚɹi ,1
bʌt nɛvɚ maɪnd ɔːl ðætðə buːbz ɑːɹ fæntæsti ,1
"æɾ ɛvɹi ɑːpɚtuːnᵻɾi tə duː sʌmθɪŋ klɛvɚ , ðə fɪlm ɡoʊz ɹaɪt oʊvɚ ðɪ ɛdʒ ænd kɪlz ɛvɹi sɛns ʌv bᵻliːvəbɪlᵻɾi ɔːl juː hæv lɛft ɪz ɐ noʊ sɚpɹaɪz sɪɹiz ʌv ɛksploʊʒənz ænd vaɪələns waɪl bændɚɹəz lʊks laɪk hiː ɛs nɑːt tɹaɪɪŋ tə læf æt haʊ bæd ɪt ",0
stɹɛs dʌm ,0
"kæts ɛs dɑːkjuːmɛntɚɹi dʌz ɛnt hæv mʌtʃ pɐnæʃ , bʌt wɪð mətɪɹiəl ðɪs ɹɪtʃ ɪt dʌz ɛnt niːd ɪt ",1
"dɛdli dʌl , pɔɪntləs mɛdɪteɪʃən ɔn luːzɚz ɪn ɐ ɡɔn tə siːd hoʊtɛl ",0
hʌpɚt ænd dʒɜːɹɑːɹdɑːt ɡɪv pɚfoːɹmənsᵻz ʌv ɛksɛpʃənəl ɑːnɪsti ,1
wɛɹ ɛs ðə muːvi hɪɹ ? ,0
ɐn ʌnsəfɪstᵻkeɪɾᵻd saɪ faɪ dɹɑːmə ðæt teɪks ɪtsɛlf ɔːl tuː sɪɹiəsli ,0
"wɛðɚ ðɪs ɪz ɑːɹt ɪmᵻteɪɾɪŋ laɪf ɔːɹ laɪf ɪmᵻteɪɾɪŋ ɑːɹt , ɪt ɛs ɐn ʌnhæpi sɪtʃuːeɪʃən ɔːl ɚɹaʊnd ",0
"ɪt dʌz ɛnt teɪk ɐ ɹɑːkɪt saɪəntɪst tə fɪɡjɚɹ aʊt ðæt ðɪs ɪz ɐ mɔːɹmən fæmɪli muːvi , ænd ɐ sæpi , pɹiːki wʌn æt ðæt ",0
"ðɪs meɪks maɪnɔːɹᵻɾi ɹᵻpoːɹt nɛsᵻsɚɹi vjuːɪŋ fɔːɹ saɪ faɪ fænz , æz ðə fɪlm hɐz sʌm ʌvðə bɛst spɛʃəl ɪfɛkts ɛvɚ ",1
"ɪf juː ɹiəli wɔnt tʊ ʌndɚstænd wʌt ðɪs stoːɹi ɪz ɹiəli ɔːl ɐbaʊt , juː ɹiː fɑːɹ bɛɾɚ sɜːvd baɪ ðə soːɹs mətɪɹiəl ",0
"swɪmɪŋ ɪz əbʌv ɔːl ɐbaʊt ɐ jʌŋ wʊmən ɛs feɪs , ænd baɪ kæstɪŋ ɐn æktɹəs huːz feɪs pɹɑːdʒɛkts ðæt wʊmən ɛs daʊts ænd jɜːnɪŋz , ɪt səksiːdz ",1
mæɾeɪ ɛs ʌndɚdɪvɛləpt ɛfɚt hɪɹ ɪz nʌθɪŋ bʌt ɐ kənviːnɪənt kənveɪɚ bɛlt ʌv bɹuːdɪŋ pɜːsənælᵻɾiz ðæt pɚɹeɪd ɐbaʊt æz ɪf ðeɪ wɜː kʌmɪŋ bæk fɹʌm stɑːk kæɹɪktɚ kæmp ɐ dɹaʊsi dɹɑːmə ɪnfætʃuːeɪɾᵻd baɪ ɪts oʊn pɹɪtɛnʃəs sɛlf ɛɡzæmᵻneɪʃən ,0
"ðə wɔːɹ ʌvðə ɹoʊzᵻz , tɹeɪlɚ tɹæʃ staɪl ",0
"ðə paʊɚpʌf ɡɜːlz ɚɹaɪv ɔnðə bɪɡ skɹiːn wɪð ðɛɹ suːpɚ paʊɚz , ðɛɹ suːpɚ sɪmpəl ænɪmeɪʃən ænd ðɛɹ suːpɚ duːpɚɹ ɐdoːɹəbɪlᵻɾi ɪntækt ",1
ɚɹɪdʒɪnælᵻɾi ɪz soːɹli lækɪŋ ,0
ɪt tɹʌsts ðə stoːɹi ɪt sɛts aʊt tə tɛl ,1
"ðə fɪlm hɐz ɐ kaɪnd ʌv hɑːɹd , koʊld ɪfɛkt ",0
"stɹɪp ɪɾ ʌv ɔːl ɪts ɛksɛs dəbɹiː , ænd juː diː hæv ɐ naɪnti mɪnɪt , foːɹ stɑːɹ muːvi ",1
"waɪl ðɛɹ ɛs laɪkli vɛɹi lɪɾəl kɹɔsoʊvɚɹ ɐpiːl tə ðoʊz wɪðaʊt mʌtʃ ɪntɹɛst ɪnðɪ ᵻlɪzɐbɛθənz ɛlɑːɹbiː æz wɛl æz ɹæŋk fɹʌstɹeɪʃən fɹʌm ðoʊz ɪnðə noʊ ɐbaʊt ɹʌboʊ ɛs dʌmd daʊn tæktɪks ɑːɹɹɑːɹbiː , mʌtʃ ɐduː ɐbaʊt sʌmθɪŋ ɪz ɐn æmɪkəbəl ɛndɛvɚ ",1
dɪd wiː ɹiəli niːd ɐ ɹᵻmeɪk ʌv ʃɚɹeɪd ? ,0
"stiːvənz hɐz ɐ flɛɹ fɔːɹ daɪəlɑːɡ kɑːmədi , ðə fɪlm ɑːpɚɹeɪts naɪsli ɔf ðɪ ɛlɪmənt ʌv sɚpɹaɪz , ænd ðə lɑːɹdʒ kæst ɪz sɑːlɪd ",1
"ðə mɪstɚɹi ʌv ɛnɪɡmə ɪz haʊ ɐ ɹɪtʃ hɪstɔːɹɪkəl sʌbdʒɛkt , kəmbaɪnd wɪð soʊ mʌtʃ fɜːst ɹeɪt tælənt kʊdɐv jiːldᵻd sʌtʃ ɐ flæt , plɑːdɪŋ pɪktʃɚ ",0
"ɔːl lɛðɚ pænts ɔːɡmɛntᵻd buːbz , hɔːn ɪz hɪlɛɹiəs æz ʃiː tɹaɪz tə ɹᵻsʌsᵻteɪt ðə fʌn lʌvɪŋ lɪbɚtiːn lɔst sʌmwɛɹ ɪnsaɪd ðə kənsɜːvətɪv , hændbæɡ klʌtʃɪŋ sæɹændən ",1
"θɹuːaʊt , mɪstɚɹ ɔːdɪɚd ɛs dᵻɹɛkʃən ɪz fluːɪd ænd kwɪk ",1
ðɪ ɑːbzɚveɪʃənz ʌv ðɪs soʊʃəl iːkənɑːmɪk ɜːbən ɛnvaɪɹənmənt ɑːɹ kæni ænd spaɪst wɪð aɪɹəni ,1
"waɪl ɪnsɑːmniə ɪz ɪn mɛni weɪz ɐ kənvɛnʃənəl , iːvən pɹɪdɪktəbəl ɹᵻmeɪk , nɑːlæn ɛs pɛnɪtɹeɪɾɪŋ ʌndɚkɜːɹənt ʌv sɚɹiːbɹəl ænd sɪnɪmæntɪk flɛɹ lɛndz ɛlɑːɹbiː ɪɾ ɑːɹɹɑːɹbiː stɪmjʊleɪɾɪŋ dɛpθ ",1
ʌndaʊɾᵻdli ðə skɛɹiɪst muːvi ɛvɚ meɪd ɐbaʊt tætuːz ,1
ɪnðə paɪl ʌv juːsləs ækʃənɚz fɹʌm ɛmtiːviː ʃmʌks huː duː ɛnt noʊ haʊ tə tɛl ɐ stoːɹi fɔːɹ moːɹ ðɐn foːɹ mɪnɪts ,0
wɑːtʃɪŋ ɐ bɹaɪən dᵻpɑːmə muːvi ɪz laɪk wɑːtʃɪŋ ɐn ælfɹɪd hɪtʃkɑːk muːvi æftɚ dɹɪŋkɪŋ twɛlv bɪɹz ,0
iːən hoʊm kɑːŋkɚz fɹæns æz ɐn ɜːθi nɐpoʊlɪən ,1
taɪm aʊt ɪz æz sɪɹiəs æz ɐ pɪŋk slɪp ,0
"tɪkwɚ ɛs sɜːfɪs flæʃ ɪz ɛnt dʒʌst ɐ pʊɹ fɪt wɪð kiːsloʊski ɛs lɪɹɪkəl pɛsɪmɪzəm ɪt kəmpliːtli kɑːntɹədɪkts ɛvɹɪθɪŋ kiːsloʊski ɛs wɜːk ɐspaɪɚd tuː , ɪŋkluːdɪŋ ðə kəndɪʃən ʌv ɑːɹt ",0
"ɛlɑːɹbiː kɹiːeɪts ɑːɹɹɑːɹbiː ðə wɜːst kaɪnd ʌv mɪθɑːlədʒaɪzɪŋ , ðə kaɪnd ðæt sækɹᵻfaɪsᵻz ɹiːəl hɛɹoʊɪzəm ænd æbdʒɛkt sʌfɚɹɪŋ fɔːɹ mɛlədɹɑːmə ",0
dᵻɹɛktɚ tɑːm ʃædɪæk ænd stɑːɹ kɛvɪn kɔstnɚ ɡlʌmli mɪshændəl ðə stoːɹi ɛs pɹɑːmɪsɪŋ pɹɛmɪs əvə fɪzɪʃən huː niːdz tə hiːl hɪmsɛlf ,0
ɐ tɹəmɛndəs piːs ʌv wɜːk ,1
"æz ɐn æktɚ ɛs ʃoʊkeɪs , hɑːɹt ɛs wɔːɹ hɐz mʌtʃ tə ɹɛkəmɛnd ɪt , iːvən ɪf ðə tɑːp bɪld wɪlɪs ɪz nɑːt ðə moʊst ɪmpɹɛsɪv pleɪɚ ",1
"ɐ pɹɪɾi fʌni muːvi , wɪð moʊst əv ðə hjuːmɚ kʌmɪŋ , æz bᵻfoːɹ , fɹʌmðɪ ɪŋkɑːŋɡɹuːəs bʌt kɛmɪkli pɜːfɛkt tiːmɪŋ ʌv kɹɪstəl ænd də niəɹoʊ ",1
ðɛɹ ɛs sʌmθɪŋ pɔɪnjənt ɐbaʊt ɐn ɑːɹɾɪst ʌv naɪnti plʌs jɪɹz teɪkɪŋ ðɪ ɛfɚt tə ʃɛɹ hɪz ɪmpɹɛʃənz ʌv laɪf ænd lɔs ænd taɪm ænd ɑːɹt wɪð ʌs ,1
aʊɚ kʌltʃɚɹ ɪz hɛdᵻd daʊn ðə tɔɪlɪt wɪððə fəɹɑːsᵻɾi əvə fɹoʊzən bɜːɹiːɾoʊ æftɚɹ ɐn ɔːl naɪt təkiːlə bɛndɚ ænd aɪ noʊ ðɪs bɪkʌz aɪ viː siːn dʒækæs ðə muːvi ,0
muːnlaɪt maɪl dʌz ɛnt kwaɪt ɡoʊ ðə dɪstəns bʌt ðə kæst ɪz ɪmpɹɛsɪv ænd ðeɪ ɔːl ɡɪv laɪf tə ðiːz bɹoʊkən kæɹɪktɚz huː ɑːɹ tɹaɪɪŋ tə meɪk ðɛɹ weɪ θɹuː ðɪs tɹædʒədi ,1
"ɐmɛɹɪkən ænd jʊɹɹəpiən sɪnəmə hɐz ɐmæst ɐ væst hɑːləkɔːst lɪɾɚɹᵻtʃɚ , bʌt ɪɾ ɪz ɪmpɑːsᵻbəl tə θɪŋk ʌv ɛni fɪlm moːɹ tʃæləndʒɪŋ ɔːɹ dᵻpɹɛsɪŋ ðɐn ðə ɡɹeɪ zoʊn ",0
ðə skɹɪpt ɪz tuː meɪnstɹiːm ænd ðə saɪkɑːlədʒi tuː tɛkstbʊk tʊ ɪntɹiːɡ ,0
ɪf juː ɹɛkəɡnaɪz zuːs ɛlɑːɹbiː ðə dɑːɡ fɹʌm snætʃ ɑːɹɹɑːɹbiː ɪt wɪl meɪk juː wɪʃ juː wɜːɹ æt hoʊm wɑːtʃɪŋ ðæt muːvi ɪnstɛd ʌv ɪnðə θiəɾɚ wɑːtʃɪŋ ðɪswʌn ,0
wɪlkoʊ ɪz ɐ fɪnɑːmɪnəl bænd wɪð sʌtʃ ɐn ɛŋɡɹoʊsɪŋ stoːɹi ðæt wɪl kæptʃɚ ðə maɪndz ænd hɑːɹts ʌv mɛni ,1
"ðoʊ nɪdʒɪnski ɛs wɜːdz ɡɹoʊ ɪŋkɹiːsɪŋli dɪstɜːbd , ðə fɪlm meɪnteɪnz ɐ bᵻɡaɪlɪŋ sɚɹɛnᵻɾi ænd pɔɪz ðæt meɪk ɪɾ æksɛsəbəl fɚɹə nɑːn næɹətɪv fiːtʃɚ ",1
"pɑːɹkɚɹ ʌpdeɪts ðə sɛɾɪŋ ɪn ɐn ɐtɛmpt tə meɪk ðə fɪlm ɹɛlᵻvənt tədeɪ , wɪðaʊt fʊli ʌndɚstændɪŋ wʌt ɪt wʌz ðæt meɪd ðə stoːɹi ɹɛlᵻvənt ɪnðə fɜːst pleɪs ",0
"ðɪs muːvi meɪ nɑːɾɐv ðə haɪɪst pɹədʌkʃən væljuːz juː viː ɛvɚ siːn , bʌt ɪt ɛs ðə wɜːk əvən ɑːɹɾɪst , wʌn huːz vjuː ʌv ɐmɛɹɪkə , hɪstɚɹi ænd ðɪ ɔːkwɚdnəs ʌv hjuːmən laɪf ɪz dʒɛnɚɹəs ænd diːp ",1
"bɹɪŋz təɡɛðɚ sʌm ʌvðə bɪɡɪst neɪmz ɪn dʒæpəniːz ænɪmeɪ , wɪð ɪmpɹɛsɪv ɹɪzʌlts ",1
woʊfəli pɹɪtɛnʃəs ,0
"mæɾeɪ soʊ kəmpliːtli luːzᵻz hɪmsɛlf tə ðə fɪlm ɛs sɜːkjʊlɚ stɹʌktʃɚ tʊ ɛvɚɹ ɔfɚɹ ɛni ɪnsaɪtfəl dɪskoːɹs ɔn , wɛl , lʌv ɪnðə taɪm ʌv mʌni ",0
ɛlɑːɹbiː liː ɑːɹɹɑːɹbiː hɐz ɐ tɹuː tælənt fɔːɹ dɹɔːɪŋ ɹɛntʃɪŋ pɚfoːɹmənsᵻz fɹʌm hɪz æktɚz ɛlɑːɹbiː ɪmpɹəvaɪzd oʊvɚ mɛni mʌnθs ɑːɹɹɑːɹbiː ænd fɔːɹ kənveɪɪŋ ðə weɪ taɪni ækts ʌv kaɪndnəs meɪk ɔːɹdɪnɛɹi laɪf sɚvaɪvəbəl ,1
dᵻɹɛktɚ dʌɡləz məɡɹæθ teɪks ɔn nɪklɛbi wɪð ɔːl ðə hæfhɑːɹɾᵻd ziːl əvən eɪtθ ɡɹeɪd bɔɪ dɛlvɪŋ ɪntʊ ɹᵻkwaɪɚd ɹiːdɪŋ ,0
"ɡɑːdɚd juːsᵻz hɪz kæɹɪktɚz ɪf ðæt ɛs nɑːt tuː ɡloːɹᵻfaɪd ɐ tɜːm æz ɑːɹt θɪŋz , maʊθpiːsᵻz , vɪʒuːəl moʊtiːfs , blæŋks ",0
ðɛɹ ɛs plɛnti tʊ ɛndʒɔɪ ɪn noʊ smɔːl pɑːɹt θæŋks tə laʊ ,1
ɡeɪpɪŋ plɑːt hoʊlz sɪŋk ðɪs sʌb stændɚd θɹɪlɚ ænd dɹæɡ ɔːdiəns ɛnθuːziæzəm tə kɹʌʃ dɛpθ ,0
noʊ sɚpɹaɪzᵻz ,0
ðə fɪlm ɪz soʊ bæd ɪt dʌz ɛnt ɪmpɹuːv əpɑːn ðɪ ɛkspiəɹɪəns ʌv stɛɹɪŋ æɾə blæŋk skɹiːn ,0
ɐ staɪlɪʃ kæst ænd sʌm klɛvɚ skɹɪptɪŋ səluːʃənz hɛlp ʃᵻkɑːɡoʊ meɪk ðə tɹænsɪʃən fɹʌm steɪdʒ tə skɹiːn wɪð kənsɪdɚɹəbəl ɐpiːl ɪntækt ,1
kənfɔːɹmz ɪtsɛlf wɪð kɹiːeɪɾɪŋ ɐ ɡeɪm ʌv huː ɛs huː wɛɹ ðə kæɹɪktɚz muːvz ɑːɹ ɔfən moːɹ pɹɪdɪktəbəl ðɐn ðɛɹ kɑːnsɪkwənsᵻz ,0
ɐn ɪfɛktɪv poːɹtɹɪt əvə laɪf ɪn steɪsɪs ʌvðə paʊɚɹ ʌv ɪnɜːʃə tʊ ɚɹɛst dɪvɛləpmənt ɪn ɐ dɛd ɛnd ɛɡzɪstəns ,1
naɪts fiːlz moːɹ laɪk ɐ kwɪki tiːviː spɛʃəl ðænə fiːtʃɚ fɪlm ɪt ɛs nɑːt iːvən ɐ tiːviː spɛʃəl juː diː bɑːðɚ wɑːtʃɪŋ pæst ðə sɛkənd kəmɜːʃəl bɹeɪk ,0
bluː kɹʌʃ ɪz æz pɹɪdɪktəbəl æz ðə taɪdz ,0
"wiː ɹiː lɛft wɪð ɐ stoːɹi ðæt tɹaɪz tə ɡɹæb ʌs , oʊnli tə kiːp lɛɾɪŋ ɡoʊ æɾ ɔːl ðə ɹɔŋ moʊmənts ",0
"ðə sʌbtaɪɾəld kɔstuːm dɹɑːmə ɪz sɛt ɪn ɐ ɹᵻmoʊt æfɹɪkən ɛmpaɪɚ bᵻfoːɹ sɛl foʊnz , ɡʌnz , ænd ðɪ ɪntɜːnəl kəmbʌstʃən ɛndʒɪn , bʌt ðə pɑːlətɪks ðæt θʌmp θɹuː ɪɾ ɑːɹ æz taɪmli æz təmɑːɹoʊ ",1
"wɪð mɪnɪməl ɪmædʒᵻneɪʃən , juː kʊd ɹᵻsteɪdʒ ðə hoʊl θɪŋ ɪn jʊɹ bæθtʌb ",0
"dʒʌst kənsɪdɚ wʌt nuː bɛst fɹɛnd dʌznɑːt hæv , bɪɡɪnɪŋ wɪððə maɪnɚɹ oʊmɪʃən əvə skɹiːnpleɪ ",0
"ɪnstɛd ʌv kəntɹaɪvɪŋ ɐ klaɪmæktɪk hiəɹoʊ ɛs dɛθ fɚðə bᵻlʌvd meɪdʒɚ kæɹɪktɚ huː ʃæl ɹᵻmeɪn neɪmləs , waɪ nɑːt ɪnvaɪt sʌm dʒɛnjuːɪn spɑːntəneɪᵻɾi ɪntʊ ðə fɪlm baɪ hævɪŋ ðɪ iːvəl eɪliənz leɪzɚ ɡʌnz æktʃuːəli hɪt sʌmθɪŋ fɔːɹ wʌns ? ",0
"bɹaʊn ʃʊɡɚ sɪɡnəlz dᵻɹɛktɚ ɹɪk fæmaɪɪwə ɛs ɪmɜːdʒəns æz ɐn ɑːɹtɪkjʊleɪt , ɡɹoʊn ʌp vɔɪs ɪn æfɹɪkən ɐmɛɹɪkən sɪnəmə ",1
ðɛɹ kəmpjuːɾɚɹ ænɪmeɪɾᵻd feɪsᵻz ɑːɹ vɛɹi ɛkspɹɛsɪv ,1
"nɑːt oʊnli ɪz ɪt hoʊki , mənɪpjʊlətɪv ænd æz blænd æz wʌndɚ bɹɛd dɪpt ɪn mɪlk , bʌt ɪɾ ɔːlsoʊ dʌz ðɪ æbsəluːt læst θɪŋ wiː niːd hɑːliwʊd duːɪŋ tʊ ʌs ɪt pɹiːtʃᵻz ",0
ðɪ æktɪŋ ɪz ɛnt mʌtʃ bɛɾɚ ,0
"ɐ paʊɚfəl ænd tɛlɪŋ stoːɹi ðæt ɛɡzæmɪnz fɚbɪdən lʌv , ɹeɪʃəl tɛnʃən , ænd ʌðɚɹ ɪʃuːz ðæt ɑːɹ æz vælɪd tədeɪ æz ðeɪ wɜːɹ ɪnðə naɪntiːnhʌndɹɪd fɪfti z ",1
ɐnʌðɚ bɛst ʌvðə jɪɹ sᵻlɛkʃən ,1
ðə fɪlm ɹʌnz ɔn ɐ lɪɾəl lɔŋɡɚ ðɐn ɪt niːdz tə muːtʃiːnoʊ iːðɚ dʌz ɛnt noʊɾɪs wɛn hɪz stoːɹi ɛndz ɔːɹ dʒʌst kɑː ɛnt tɪɹ hɪmsɛlf ɐweɪ fɹʌmðə kæɹɪktɚz bʌt ɪt ɛs smuːð ænd pɹəfɛʃənəl ,0
"ɪt ɛs dʒʌst tuː bæd ðə skɹiːnɹaɪɾɚz ᵻvɛntʃuːəli ʃuːt ðɛmsɛlvz ɪnðə fiːt wɪð kɑːp flɪk kliːʃeɪᵻz laɪk ɐn ɔɪli ɑːɹmz diːlɚ , skwɑːd kɑːɹ paɪl ʌps ænd ðə ɹɛkwɪsɪt skɹiːmɪŋ kæptɪn ",0
ɪts wʌn saɪdᵻdnəs flɜːts wɪð pɹɑːpɐɡændə ,0
"ðɪ oʊvɚɹɔːl ɪfɛkt ɪz ɔː ænd ɐfɛkʃən ænd ɐ stɹeɪndʒ ɜːdʒ tə ɡɛt ɔn ɐ boːɹd ænd , ʌ , ʃɹɛd , duːd ",1
"ðɪ ʌndɚwɜːld ɜːbən æŋst ɪz dᵻɹɪvətɪv ʌv mɑːɹtɪn skoːɹsiːz ɛs tæksi dɹaɪvɚ ænd ɡʊdfɛləz , bʌt ðɪs fɪlm spiːks fɔːɹ ɪtsɛlf ",1
"sɪnθɛɾɪk ɪz ðə bɛst dᵻskɹɪpʃən ʌv ðɪs wɛl miːnɪŋ , bjuːɾɪfəli pɹəduːst fɪlm ðæt sækɹᵻfaɪsᵻz ɪts pɹɑːmɪs fɚɹə haɪ paʊɚd stɑːɹ pɛdɪɡɹiː ",0
ðə fɪlm pɹuːvz ʌnɹɪlɛntɪŋli ɡɹɪm ænd iːkwəli ɛŋɡɹoʊsɪŋ ,1
tuː klʌmzi ɪn kiː moʊmənts tə meɪk ɐ bɪɡ splæʃ ,0
"ɐ smɔːl dʒɛm əvə muːvi ðæt dᵻfaɪz klæsɪfɪkeɪʃən ænd ɪz æz θɔːt pɹəvoʊkɪŋ æzɪtɪz fʌni , skɛɹi ænd sæd ",1
"ðə siːeɪtʃ toʊ wʊdhɐv bɪn bɛnɪfɪɾᵻd fɹʌm ɐ ʃɑːɹpɚ , kliːnɚ skɹɪpt bᵻfoːɹ ɪt wɛnt ɪn fɹʌnt ʌvðə kæmɹə ",0
kwaɪt ɡʊd æt pɹəvaɪdɪŋ sʌm ɡʊd oʊld fæʃənd spuːks ,1
"ɑːɹlɪs haʊɚd ɛs æmbɪʃəs , muːvɪŋ , ænd ɐdvɛntʃɚɹəs dᵻɹɪktoːɹɪəl deɪbjuː , bɪɡ bæd lʌv , miːts soʊ mɛni ʌvðə tʃælɪndʒᵻz ɪt poʊzᵻz fɔːɹ ɪtsɛlf ðætwʌn kæn fɚɡɪv ðə fɪlm ɪts flɔːz ",1
ðə siːeɪtʃ toʊ ɪz nɛvɚ kwaɪt eɪbəl tʊ oʊvɚkʌm ðə kʌltʃɚɹəl moʊt sɚɹaʊndɪŋ ɪts luːdɪkɹəs ænd kəntɹaɪvd plɑːt ,0
"ɪn ðæt sɛɾɪŋ , ðɛɹ stɹʌɡəl ɪz sɪmpli tuː luːdɪkɹəs ænd boːɹdɚlaɪn ɪnsʌltɪŋ ",0
"aɪ æm nɑːt dʒɛnɚɹəli ɐ hjuːdʒ fæn ʌv kɑːɹtuːnz dᵻɹaɪvd fɹʌm tiːviː ʃoʊz , bʌt heɪ ɑːɹnəld ! ",1
"lɪɾɚɹɛɹi pjʊɹɹɪsts meɪ nɑːt biː pliːzd , bʌt æz fɑːɹ æz meɪnstɹiːm mætəneɪ staɪl ɛntɚteɪnmənt ɡoʊz , ɪt dʌz ɐ bæŋ ʌp dʒɑːb ʌv pliːzɪŋ ðə kɹaʊdz ",1
ɪt ɛs ɹɛɹ tə siː ɐ muːvi ðæt teɪks sʌtʃ ɐ spiːdi swɑːn daɪv fɹʌm pɹɑːmɪsɪŋ tʊ ɪntɹɛstɪŋ tʊ fəmɪlɪɹ bᵻfoːɹ lændɪŋ skwɛɹli ɔn stuːpɪd ,0
ɐ waɪld ɹaɪd əvə muːvi ðæt kiːps θɹoʊɪŋ fæstbɔːlz ,1
"tʌni , bɹɪmɪŋ wɪð koʊltɪʃ , nʊɹɹɑːɾɪk ɛnɚdʒi , hoʊldz ðə skɹiːn laɪk ɐ tɹuː stɑːɹ ",1
ðɪ æktɹəsᵻz faɪnd ðɛɹ oʊn ɹɪðəm ænd pɹətɛkt iːtʃ ʌðɚ fɹʌmðə skɹɪpt ɛs bæd aɪdiəz ænd ɔːkwɚdnəs ,1
ɹoʊməθɪŋ ɛs ɹiəli ɹɔŋ wɪð ðɪs ɹɪktʃɚ ! ,0
ɐn ʌnɪnspaɪɚd pɹiːki ænd klɪx diː wɔːɹ fɪlm ,0
ɛl kɹaɪmɛn dɛl pɑːdɹeɪ æmæɹoʊ wʊd laɪkli biː moʊst ɪfɛktɪv ɪf juːzd æz ɐ tuːl tə ɹæli æntaɪ kæθlɪk pɹətɛstɚz ,0
ɐ pɹɑːsɛst kɑːmədi tʃɑːp suːi ,0
"ɹuːʒ ɪz lɛs ɐbaʊt ɐ suːpɚfɪʃəl mɪdlaɪf kɹaɪsɪs ðɐn ɪɾ ɪz ɐbaʊt ðə niːd tə steɪ ɪn tʌtʃ wɪð jʊɹ oʊn skɪn , æɾ eɪtiːn ɔːɹ eɪɾi ",1
pɑːɹt ʌvðə tʃɑːɹm ʌv sætɪn ɹuːʒ ɪz ðɐɾɪt ɐvɔɪdz ðɪ ɑːbviəs wɪð hjuːmɚ ænd laɪtnəs ,1
"ɪts stoːɹi ɐbaʊt ɐ jʌŋ tʃaɪniːz wʊmən , ɑː nɑː , huː hɐz kʌm tə nuː jɔːɹk sɪɾi tə ɹᵻpleɪs pæst tɹædʒədi wɪððɪ ɐmɛɹɪkən dɹiːm ɪz wʌn ðæt ɛni ɑːɹt haʊs muːvɪeɪɡoʊɚɹ ɪz laɪkli tə faɪnd kəmpɛlɪŋ ",1
"ɡɹeɪt pɚfoːɹmənsᵻz , staɪlɪʃ sɪnɪmɐtɑːɡɹəfi ænd ɐ ɡɹɪɾi fiːl hɛlp meɪk ɡæŋstɚ noʊ wʌn ɐ wɜːθwaɪl muːvɪeɪɡoʊɪŋ ɛkspiəɹɪəns ",1
bʌt ðæt ðeɪ ɑːɹ duːɪŋ ɪɾ ɪz θɔːt pɹəvoʊkɪŋ ,1
"ðə fɪlm hɐz ɐ nɪɹli tɜːmɪnəl keɪs ʌvðə kjuːts , ænd ɪt ɛs niːðɚɹ æz fʌni nɔːɹ æz tʃɑːɹmɪŋ æz ɪt θɪŋks ɪɾ ɪz ",0
ðə skɹiːnpleɪ flaʊndɚz ʌndɚ ðə weɪt ʌv tuː mɛni stoːɹi laɪnz ,0
ɐn ɪmpɹuːvmənt ɔnðə fiːbəl ɛɡzæmpəlz ʌv bɪɡ skɹiːn poʊk meɪniə ðæt hæv pɹɪsiːdᵻd ɪt ,1
mænɪdʒᵻz tə pliːz ɪts ɪntɛndᵻd ɔːdiəns tʃɪldɹən wɪðaʊt pleɪsɪŋ ðɛɹ pɛɹənts ɪn ɐ koʊmə laɪk steɪt ,1
wʌt stɑːɹts ɔf æz ɐ pɑːsᵻbəl ɑːɹdʒəntaɪn ɐmɛɹɪkən bjuːɾi ɹiːks laɪk ɐ ɹuːm stækt wɪð pʌndʒənt flaʊɚz ,0
sɜːvɪŋ sɛɹə ʃʊd biː sɜːvd ɐn ᵻvɪkʃən noʊɾɪs æɾ ɛvɹi θiəɾɚ stʌk wɪð ɪt ,0
wʌt ɛs hɑːɹd tʊ ʌndɚstænd ɪz waɪ ɛnɪbɑːdi pɪkt ɪɾ ʌp ,0
ɐ wɪnɪŋ ænd waɪldli fæsᵻneɪɾɪŋ wɜːk ,1
bluː kɹʌʃ ɪz soʊ pɹəlɔŋd ænd boːɹɪŋ ɪɾ ɪz ɛnt iːvən kloʊs tə biːɪŋ ðə bɑːɹn bɜːnɪŋli bæd muːvi ɪt pɹɑːmɪst ɪt wʊd biː ,0
"fɔːɹ wʌns , ɐ muːvi dʌznɑːt pɹəkleɪm ðə tɹuːθ ɐbaʊt tuː lʌv stɹʌk sʌmbɑːdiz , bʌt pɜːmɪts ðɛm taɪm ænd speɪs tə kənvɪns ʌs ʌv ðæt ɔːl ɔn ðɛɹ oʊn ",1
ɛlɑːɹbiː fɪntʃɚ ɛs ɑːɹɹɑːɹbiː kæmɹə sɛns ænd əʃʊɹd peɪsɪŋ meɪk ɪɾ ɐn əbʌv ævɹɪdʒ θɹɪlɚ ,1
"bʌt waɪl ðə haɪli pɹɪdɪktəbəl næɹətɪv fɔːlz ʃɔːɹt , tɹɛʒɚ plænɪt ɪz tɹuːli ɡoːɹdʒəs tə bᵻhoʊld ",1
"ðɛɹ mʌst biː ɐn ɔːdiəns ðæt ɛndʒɔɪz ðə fɹaɪdeɪ sɪɹiz , bʌt aɪ wʊd ɛnt biː ɪntɹɛstᵻd ɪn noʊɪŋ ɛni ʌv ðɛm pɜːsənəli ",0
"sʌm faɪn æktɪŋ , bʌt ʌltᵻmətli ɐ muːvi wɪð noʊ ɹiːzən fɔːɹ biːɪŋ ",0
"ænd ɪf juː ɐpɹiːʃɪeɪt ðə wʌn saɪdᵻd θiːm tə lɔːɹəns ɛs oʊvɚɹ ɪndʌldʒənt taɪɹeɪd , ðɛn nɑːk joːɹsɛlf aʊt ænd ɛndʒɔɪ ðə bɪɡ skɹiːn poʊstkɑːɹd ðæt ɪz ɐ sɛlf ɡloːɹᵻfaɪd mɑːɹtɪn lɔːɹəns lʌvfɪst ",0
"ɪt ɛs kənsɪstəntli fʌni , ɪn ɐn ɪɹᵻzɪstᵻbəl dʒuːnjɚ haɪ weɪ , ænd kənsɪstəntli fɹiː ʌv ɛni ɡæɡ ðæt wʊd foːɹs juː tə ɡɪv ɪɾ ɐ mɪlɪsɛkənd ʌv θɔːt ",1
"ɪt ɛs dɛfɪnətli nɑːt meɪd fɔːɹ kɪdz ɔːɹ ðɛɹ pɛɹənts , fɔːɹ ðæt mæɾɚ , ænd aɪ θɪŋk iːvən fænz ʌv sændlɚ ɛs kɑːmɪk teɪst meɪ faɪnd ɪɾ ʌnɪntɚɹəstɪŋ ",0
"θɪŋz ɹiəli ɡɛt wɪɹd , ðoʊ nɑːt pɚtɪkjʊlɚli skɛɹi ðə muːvi ɪz ɔːl poːɹtənt ænd noʊ kɑːntɛnt ",0
ɐ pɹɑːpɚli spuːki fɪlm ɐbaʊt ðə paʊɚɹ ʌv spɪɹɪts tʊ ɪnfluːəns ʌs wɛðɚ wiː bᵻliːv ɪn ðɛm ɔːɹ nɑːt ,1
"dɹɔːɪŋ ɔn ɐn ɪɹᵻzɪstᵻbəl , læŋɡwɪd ɹoʊmæntɪsɪzəm , baɪlɚ ɹᵻviːlz ðə weɪz ɪnwɪtʃ ɐ sʌltɹi iːvnɪŋ ɔːɹ ɐ bɪɹ fjuːəld æftɚnuːn ɪnðə sʌn kæn ɪnspaɪɚɹ iːvən ðə moʊst ɹᵻtaɪɚɹɪŋ hɑːɹt tə vɛntʃɚ fɔːɹθ ",1
"ðɛɹ ɛs æbsəluːtli noʊ ɹiːzən waɪ bluː kɹʌʃ , ɐ leɪt sʌmɚ sɜːfɚ ɡɜːl ɛntɹi , ʃʊd biː æz ɛntɚteɪnɪŋ æzɪtɪz ",1
maɪk liː pɑːpjʊleɪts hɪz muːvi wɪð ɐ wʌndɚfəl ɑːnsɑːmbəl kæst ʌv kæɹɪktɚz ðæt bɹɪŋ ðə ɹuːtiːn deɪ tə deɪ stɹʌɡəlz ʌvðə wɜːkɪŋ klæs tə laɪf ,1
"kənteɪnz ɐ fjuː bɪɡ læfs bʌt mɛni moːɹ ðæt ɡɹeɪz ðə fʌni boʊn ɔːɹ mɪs ɪɾ ɔːltəɡɛðɚ , ɪn pɑːɹt bɪkʌz ðə kɑːnʃəsli dʌmd daʊn ɐpɹoʊtʃ wɛɹz θɪn ",0
tɹænsfɔːɹmz wʌn ʌv ɛlɑːɹbiː ʃeɪkspɪɹ ɛs ɑːɹɹɑːɹbiː diːpɪst tɹædʒədiz ɪntʊ ɐ smɑːɹt nuː kɑːmədi ,1
"səksɛsfəli blɛndᵻd sæɾaɪɚ , haɪ kæmp ænd jɛt ɐnʌðɚ sɛkʃuːəl tæbuː ɪntʊ ɐ ɹiəli fʌni muːvi ",1
ɐ swiːt tɛmpɚd kɑːmədi ðæt fɔːɹɡoʊz ðə niː dʒɜːk mɪsɑːdʒɪni ðæt pæsᵻz fɔːɹ hjuːmɚɹ ɪn soʊ mɛni tiːneɪdʒ kɑːmədiz ,1
ɐn ɛlɪɡənt fɪlm wɪð ɔfən sɚpɹaɪzɪŋ twɪsts ænd ɐn ɪntɚmɪŋɡəlɪŋ ʌv naɪiːvɪt ænd səfɪstɪkeɪʃən ,1
iːvən bɛɾɚ ðɐn ðə fɜːst wʌn ! ,1
aɪ kɑː ɛnt ɹɛkəmɛnd ɪt ,0
pʊɹ bɛn bɹæt kʊd ɛnt faɪnd stɑːɹdəm ɪf mæpkwɛst iːmeɪld hɪm pɔɪnt tə pɔɪnt dɹaɪvɪŋ dᵻɹɛkʃənz ,0
"moːɹ ʌvðə seɪm fɹʌm taɪwəniːz ɔːtʊɹ tsaɪ mɪŋ ljæŋ , wɪtʃ ɪz ɡʊd nuːz tʊ ɛnɪwʌn huː ɛs fɔːlən ʌndɚ ðə swiːt , mɛləŋkɑːli spɛl ʌv ðɪs juːniːk dᵻɹɛktɚ ɛs pɹiːviəs fɪlmz ",1
ælən ʃoʊz hiː kæn aʊtɡæɡ ɛni ʌv ðoʊz jʌŋ wɪpɚsnæpɚz meɪkɪŋ muːvɪŋ pɪktʃɚz tədeɪ ,1
baɪ ðə nʌmbɚz jɑːɹn ,0
"ɔnðə ɡɹeɪndʒɚ muːvi ɡeɪdʒ ʌv wʌn tə tɛn , ðə paʊɚpʌf ɡɜːlz ɪz ɐ fæst , fɹɛnɛɾɪk , fʌni , iːvən pʌni sɪks eɪmd spəsɪfɪkli æɾə ɡɹeɪd skuːl ɔːdiəns ",1
ðoʊz huː tɹɛk tə ðə plɛks pɹiːdɪspoʊzd tə laɪk ɪt pɹɑːbəbli wɪl ɛndʒɔɪ ðɛmsɛlvz ,1
ɐn æmbɪʃəs wʌt ɪf ? ,1
"wɛn ɐ muːvi hɐz stʌk ɚɹaʊnd fɔːɹ ðɪs lɔŋ , juː noʊ ðɛɹ ɛs sʌmθɪŋ ðɛɹ ",1
"nʌθɪŋ ɹɔŋ wɪð pɚfoːɹmənsᵻz hɪɹ , bʌt ðə waɪni kæɹɪktɚz bʌɡd miː ",0
"ɪt ɛs ɐ boːɹɪŋ muːvi ɐbaʊt ɐ boːɹɪŋ mæn , meɪd wɑːtʃəbəl baɪ ɐ bɹɐvjʊɹɹə pɚfoːɹməns fɹʌm ɐ kɑːnsəmeɪt æktɚɹ ɪŋkeɪpəbəl ʌv biːɪŋ boːɹɪŋ ",1
"ɐ fɜːst klæs , θʌɹoʊli ɪnvɑːlvɪŋ biː muːvi ðæt ɪfɛktɪvli kəmbaɪnz tuː ʃʊɹfaɪɚ , bᵻlʌvd ʒɑːnɹəz ðə pɹɪzən flɪk ænd ðə faɪt fɪlm ",1
"ðə leɪdi ænd ðə duːk ɪz ɐ smɑːɹt , ɹoʊmæntɪk dɹɑːmə ðæt dɛɹz tə dᵻpɪkt ðə fɹɛntʃ ɹɛvəluːʃən fɹʌmðɪ ɚɹɪstəkɹæts pɚspɛktɪv ",1
"iːvən ɪf juː viː siːn stɑːmp ɛlɑːɹbiː ðə steɪdʒ ʃoʊ ɑːɹɹɑːɹbiː , juː stɪl hæv tə siː ðɪs ! ",1
"ðɪs fəmɪlɪɹ ɹaɪz ænd fɔːl teɪl ɪz lɔŋ ɔn ɡlæmɚ ænd ʃɔːɹt ɔn lɑːɹdʒɚ mɔːɹəlɪstɪk kɑːnsɪkwənsᵻz , ðoʊ ɪt ɛs toʊld wɪð ʃɑːɹp ɪɹz ænd aɪz fɚðə tɛnɚɹ ʌvðə taɪmz ",1
"ðɪ ɑːnsɑːmbəl kæst tɜːnz ɪn ɐ kəlɛktɪvli stɛlɚ pɚfoːɹməns , ænd ðə ɹaɪɾɪŋ ɪz taɪt ænd tɹuːθfəl , fʊl ʌv fʌni sɪtʃuːeɪʃənz ænd ɑːnɪst ɑːbzɚveɪʃənz ",1
"waɪl nɑːt ɔːl ðæt bæd əvə muːvi , ɪt ɛs noʊwɛɹ nɪɹ æz ɡʊd æz ðɪ ɚɹɪdʒɪnəl ",0
"æz bɹɔːd ænd kɑːɹtuːnɪʃ æz ðə skɹiːnpleɪ ɪz , ðɛɹ ɪz ɐn ækjʊɹəsi ʌv ɑːbzɚveɪʃən ɪnðə wɜːk ʌvðə dᵻɹɛktɚ , fɹæŋk noʊvək , ðæt kiːps ðə fɪlm ɡɹaʊndᵻd ɪn ɐn ʌndɪnaɪəbəl soʊʃəl ɹiːəlɪzəm ",1
"ɪts juːs ʌvðə θɹɪlɚ fɔːɹm tʊ ɛɡzæmɪn ðə læbɚɹɪnθiːn weɪz ɪnwɪtʃ piːpəl ɛs laɪvz kɹɔs ænd tʃeɪndʒ , bʌfɪɾᵻd baɪ ᵻvɛnts siːmɪŋli aʊɾəv ðɛɹ kəntɹoʊl , ɪz ɪntɹiːɡɪŋ , pɹəvɑːkətɪv stʌf ",1
ɐ lɛs ðɐn θɹɪlɪŋ θɹɪlɚ ,0
"wʊd viː bɪn naɪs ɪf ðə skɹiːnɹaɪɾɚz hæd tɹʌstᵻd ɔːdiənsᵻz tʊ ʌndɚstænd ɐ kɑːmplɛks stoːɹi , ænd lɛft ɔf ðə fɪlm ɛs pɹɪdɪktəbəl deɪnuːmɔ̃ ",0
"ðə hɑːɹd tə pɹɪdɪkt ænd æbsəluːtli ᵻsɛnʃəl kɛmɪstɹi bᵻtwiːn ðə daʊn tʊ ɜːθ bʊlək ænd ðə nɑːnʃəlɑːnt ɡɹænt pɹuːvz təbi sɛnseɪʃənəl , ænd ɛvɹɪθɪŋ mɛʃᵻz ɪn ðɪs ɛlɪɡənt ɛntɚteɪnmənt ",1
"sʌm ʌvðə moʊst ɹævɪdʒɪŋ , ɡʌt ɹɛntʃɪŋ , fɹaɪʔn̩ɪŋ wɔːɹ siːnz sɪns seɪvɪŋ pɹaɪvət ɹaɪən hɐvbɪn ɹiːkɹiːeɪɾᵻd baɪ dʒɑːn wuː ɪn ðɪs lɪɾəl noʊn stoːɹi ʌv neɪɾɪv ɐmɛɹɪkənz ænd ðɛɹ ɹoʊl ɪnðə sɛkənd ɡɹeɪt wɔːɹ ",1
mɔːɹtən dɪzɜːvz ɐn ɑːskɚ nɑːmᵻneɪʃən ,1
juː ɛlɛl dʒʌst hæv jʊɹ hɛd ɪn jʊɹ hændz wʌndɚɹɪŋ waɪ liː ɛs kæɹɪktɚ dɪd ɛnt dʒʌst ɡoʊ tʊ ɐ bæŋk mænɪdʒɚ ænd seɪv ɛvɹɪwʌn ðə mɪzɚɹi ,0
"baɪ tɜːnz pɹɪtɛnʃəs , fæsᵻneɪɾɪŋ , luːdɪkɹəs , pɹəvɑːkətɪv ænd veɪŋɡloːɹiəs ",1
ɪt ɛs kaɪnd ʌv sæd ðæt soʊ mɛni piːpəl pʊt soʊ mʌtʃ taɪm ænd ɛnɚdʒi ɪntʊ ðɪs tɜːki ,0
"ɛlɑːɹbiː deɪvɪs ɑːɹɹɑːɹbiː wɔnts tə kɔːz hɪz ɔːdiəns ɐn ᵻpɪfəni , jɛt hiː ɹᵻfjuːzᵻz tə ɡɪv ʌs ɹiːəl sɪtʃuːeɪʃənz ænd kæɹɪktɚz ",0
ɪɾ ɔːl lʊks ænd pleɪz laɪk ɐ foːɹɾi mɪliən vɜːʒən əvə ɡeɪm juː ɹiː moːɹ laɪkli tʊ ɛndʒɔɪ ɔn ɐ kəmpjuːɾɚ ,0
"væn waɪldɚ hɐz ɐ bɪlt ɪn ɔːdiəns , bʌt oʊnli ɐmʌŋ ðoʊz huː ɑːɹ dɹaɪɪŋ aʊt fɹʌm spɹɪŋ bɹeɪk ænd ɑːɹ stɪl ʌŋkənsɜːnd ɐbaʊt wʌt ðeɪ ɪndʒɛst ",0
fɚɡɛt ðə saɪkɑːlədʒi wʌnhʌndɹɪd wʌn stʌdi ʌv ɹoʊmæntɪk əbsɛʃən ænd dʒʌst wɑːtʃ ðə pɹəsɛʃən ʌv kɔstuːmz ɪn kæsəlz ænd ðɪs woʊ ɛnt siːm laɪk sʌtʃ ɐ boːɹ ,0
"ɪt ɛs tuː hɑːɹʃ tə wɜːk æz ɐ piːs ʌv stɔːɹɪtɛlɪŋ , bʌt æz ɐn ɪntəlɛktʃuːəl ɛksɚsaɪz ɐn ʌnplɛzənt dᵻbeɪt ðæt ɛs bɪn ɡɪvən ðə dɹaɪv əvə næɹətɪv ænd ðæt ɛs bɪn æktᵻd aʊt ðə bᵻliːvɚɹ ɪz nʌθɪŋ lɛs ðænə pɹəvɑːkətɪv piːs ʌv wɜːk ",1
"ðɛɹ ɛs noʊ ɛkskjuːs fɔːɹ fɑːloʊɪŋ ʌp ɐ dᵻlaɪtfəl , wɛl kɹæftᵻd fæmɪli fɪlm wɪð ɐ kəmpjuːɾɚ dʒɛnɚɹeɪɾᵻd koʊld fɪʃ ",0
ɐ vɛɹi keɪpəbəl neɪlbɪɾɚ ,1
wʌn siːn æftɚɹ ɐnʌðɚɹ ɪn ðɪs səpoʊzɪdli fʌni muːvi fɔːlz tə ðə floːɹ wɪð ɐ sɪkənɪŋ θʌd ,0
"ɐ wɪɾi , wɪmzɪkəl fiːtʃɚ deɪbjuː ",1
ɛlɑːɹbiː hɑːpkɪnz ɑːɹɹɑːɹbiː dʌz ɛnt soʊ mʌtʃ foʊn ɪn hɪz pɚfoːɹməns æz fæks ɪt ,0
ɐ muːvɪŋ ænd stɑːɹk ɹᵻmaɪndɚ ðætðə kæʒuːəlɾiz ʌv wɔːɹ ɹiːtʃ mʌtʃ fɜːðɚ ðɐn wiː ɪmædʒɪn ,1
"noʊ bɪɡ wuːp , nʌθɪŋ nuː tə siː , ziəɹoʊ θɹɪlz , tuː mɛni flæʃbæks ænd ɐ tʃɑːpi ɛndɪŋ meɪk fɚɹə bæd fɪlm ",0
wɛdɪŋ fiːlz ɐ bɪt ænɐkɹənɪstɪk ,0
"ɪt ɛs laɪk ɹɑːki ænd bʊlwɪŋkəl ɔn spiːd , bʌt ðæt ɛs niːðɚ kəmpliːtli ɛnlaɪʔn̩ɪŋ , nɔːɹ dʌz ɪt kætʃ ðɪ ɪntɛnsᵻɾi ʌvðə muːvi ɛs stɹeɪndʒnəs ",0
"ʃɛpɪsi , eɪdᵻd baɪ ɐ kæst ðæt siːmz tʊ ɪŋkluːd ɛvɹi tɑːp nɑːtʃ bɹɪɾɪʃ æktɚ huː dɪdnɑːt ɐpɪɹ ɪn ɡɑːsfɚd pɑːɹk ɛlɑːɹbiː æz wɛl æz wʌn , ɛmɛs mɜːɹən , huː dɪd ɑːɹɹɑːɹbiː , hɐz səksiːdᵻd bᵻjɔnd ɔːl ɛkspɪkteɪʃən ",1
ðɪs muːvi ɡɑːt miː ɡɹɪnɪŋ ,1
ɐ hɔːntɪŋ teɪl ʌv mɜːdɚ ænd meɪhɛm ,1
"weɪɾᵻd daʊn wɪð sloʊ , ʌnɪnvɑːlvɪŋ stɔːɹɪtɛlɪŋ ænd flæt æktɪŋ ",0
miː wɪðaʊt juː hɐz ɐ bɹeɪsɪŋ tɹuːθ ðæt ɛs ɹᵻfɹɛʃɪŋ æftɚ ðə foʊninəs ʌv fiːmeɪl bɑːndɪŋ pɪktʃɚz laɪk dᵻvaɪn siːkɹᵻts ʌvðə jɐ jɐ sɪstɚhʊd ,1
kɑːnsəmeɪt æktɚ bæɹi hɐz dʌn ɛksələnt wɜːk hɪɹ ,1
ɐ diːsənt ɪnʌf neɪl baɪɾɚ ðæt stændz ɐ ɡʊd tʃæns ʌv biːɪŋ ðə bɪɡ hɪt fɹæŋklɪn niːdz tə steɪ ɐfloʊt ɪn hɑːliwʊd ,1
ðə plɑːt wiːvz ʌs ɪntʊ ɐ kɑːmplɛks wɛb ,1
tuː ɪnfjʊɹɹɪeɪɾɪŋli kwɜːki ænd teɪkən wɪð ɪts oʊn staɪl ,0
"ðə moʊst oʊpeɪk , sɛlf ɪndʌldʒənt ænd dʒʌst pleɪn ɡuːfi ɐn ɛkskjuːs fɚɹə muːvi æz juː kæn ɪmædʒɪn ",0
ðə skoːɹpiən kɪŋ ɪz moːɹ fʌn ðɐn koʊnən ðə bɑːɹbɛɹiən ,1
hiː hɐz ɐ ɡɹeɪt kæst ænd ɐ ɡɹeɪt aɪdiə ,1
"swiːt hoʊm æləbæmə ɪz wʌt ɪɾ ɪz ɐ naɪs , hɑːɹmləs deɪt fɪlm ",1
"iːvən wɛn ðɛɹɑːɹ lʌlz , ðɪ ɪmoʊʃənz siːm ɔːθɛntɪk , ænd ðə pɪktʃɚɹ ɪz soʊ lʌvli təwɔːɹd ðɪ ɛnd juː ɔːlmoʊst duː ɛnt noʊɾɪs ðə wʌnhʌndɹɪd twɛnti naɪn mɪnɪt ɹʌnɪŋ taɪm ",1
"daɪəz , æpəlɡeɪt , blɛɹ ænd poʊsi ɑːɹ suːɾəbli kuːki wɪtʃ ʃʊd ɐpiːl tə wɪmɪn ænd ðeɪ stɹɪp daʊn ɔfən ɪnʌf tə kiːp mɛn ɐlɜːt , ɪf nɑːt ɐmjuːzd ",1
"ʃʊɹ , ɪt ɛs kəntɹaɪvd ænd pɹɪdɪktəbəl , bʌt ɪts pɚfoːɹmənsᵻz ɑːɹ soʊ wɛl tuːnd ðætðə fɪlm kʌmz ɔf wɪnɪŋli , iːvən ðoʊ ɪt ɛs nɛvɚɹ æz sɑːlɪd æz juː wɔnt ɪt tə biː ",1
"sædli , fʊl fɹʌntəl pleɪz laɪk ðə wɜːk əvə daɪltɑːnteɪ ",0
ɹʌnz ɔnðə pjʊɹ ɐdɹɛnɐlɪn ʌv pæsiːnoʊ ɛs pɚfoːɹməns ,1
"ðə tʌksiːdoʊ wʌz ɛnt dʒʌst bæd ɪt wʌz , æz maɪ fɹɛnd deɪvɪd kɹɔs wʊd kɔːl ɪt , hʌŋɡɹi mæn poːɹʃənz ʌv bæd ",0
"ʃaɪɐmælæn teɪks ɐ pətɛnʃəli tɹaɪt ænd oʊvɚjuːzd kɑːnsɛpt ɛlɑːɹbiː eɪliənz kʌm tʊ ɜːθ ɑːɹɹɑːɹbiː ænd ɪnfjuːzᵻz ɪɾ ɪntʊ ɐ ɹʌstɪk , ɹiːəlɪstɪk , ænd ɔːltəɡɛðɚ kɹiːpi teɪl ʌv hɪdən ɪnveɪʒən ",1
"spaɪdɚ mæn ɪz bɛɾɚ ðɐn ɛni sʌmɚ blɑːkbʌstɚ wiː hædtʊ ɛndʊɹ læst sʌmɚ , ænd hoʊpfəli , sɛts ðə toʊn fɚɹə sʌmɚɹ ʌv ɡʊd stʌf ",1
"ðə fɪlm ɪz vɪʒuːəli dæzlɪŋ , ðə dᵻpɪktᵻd ᵻvɛnts dɹəmæɾɪk , fʌni ænd pɔɪnjənt ",1
"ɐ kəmpliːt ʃæmbəlz əvə muːvi soʊ slɑːpi , soʊ ʌniːvən , soʊ dæm ʌnplɛzənt ðæt aɪ kɑː ɛnt bᵻliːv ɛni vjuːɚ , jʌŋ ɔːɹ oʊld , wʊdhɐv ɐ ɡʊd taɪm hɪɹ ",0
"laɪk mɛni wɛstɚn ækʃən fɪlmz , ðɪs θɹɪlɚɹ ɪz tuː laʊd ænd θʌɹoʊli oʊvɚbɛɹɪŋ , bʌt ɪts hɑːɹtfɛlt kənsɜːn ɐbaʊt nɔːɹθ kɚɹiːə ɛs ɹiːsənt pæst ænd saʊθ kɚɹiːə ɛs fjuːtʃɚɹ ædz ɐ mʌtʃ niːdᵻd mɔːɹəl weɪt ",1
ɐ tʃɑːɹmɚ fɹʌm bɛldʒəm ,1
"ɪt ɛs nɑːt oʊnli dʌl bɪkʌz wiː viː siːn ɛlɑːɹbiː ɛdi ɑːɹɹɑːɹbiː mɜːfi duː ðə dʒiːnɪəl ɹoʊɡ ɛseɪtʃtɪk tə dɛθ , bʌt bɪkʌz ðə plɑːt ɪz iːkwəli hæknid ",0
"iːvən dʊɹɹɪŋ ðə klaɪmæktɪk aʊɚlɔŋ kɹɪkɪt mætʃ , boːɹdəm nɛvɚ teɪks hoʊld ",1
ɐ muːvi ðæt sɛndz juː aʊɾəv ðə θiəɾɚ fiːlɪŋ laɪk juː viː æktʃuːəli spɛnt taɪm lɪvɪŋ ɪn ɐnʌðɚ kəmjuːnᵻɾi ,1
paɪp dɹiːm dʌz hæv ɪts tʃɑːɹmz ,1
"ɪf juː ɹiː pɑːɹt ʌv hɜː tɑːɹɡɪɾᵻd ɔːdiəns , juː ɛlɛl tʃɪɹ ",1
kɹʌʃ kʊd biː ðə wɜːst fɪlm ɐ mæn hɐz meɪd ɐbaʊt wɪmɪn sɪns væli ʌvðə dɑːlz ,0
"ɪt ɛs vɛɹi biːvɪs ænd bʌtthɛd , jɛt ɔːlweɪz siːmz tʊ ᵻlɪsᵻt ɐ tʃʌkəl ",1
"soʊlɑːɹɹɪs ɪz ɹɪdʒɪd ænd ɪveɪsɪv ɪn weɪz ðæt soʊdɚbɚɡ ɛs bɛst fɪlmz , ɛɹɪn bɹəkoʊvɪtʃ , aʊɾəv saɪt ænd oʊʃən ɛs ᵻlɛvən , nɛvɚ wɜː ",1
ɐ mɑːdɪstli meɪd bʌt pɹəfaʊndli muːvɪŋ dɑːkjuːmɛntɚɹi ,1
"ɡɹoʊz dᵻsaɪdɪdli flɪmziɚ wɪð ɪts mɛni aʊt saɪzd , aʊɾəv kæɹɪktɚ ænd lɑːdʒɪkli poːɹəs ækʃən sɛt piːsᵻz ",0
"fɛsɛndən kəntɪnjuːz tə duː ɪntɹɛstɪŋ wɜːk , ænd ɪt wʊd biː naɪs tə siː wʌt hiː kʊd meɪk wɪð ɐ diːsənt bʌdʒɪt ",1
"æz ɐ fiːtʃɚ lɛŋθ fɪlm , ɪt wɛɹz aʊt ɪts wɛlkʌm æz tɹaɪɪŋli æz ðə taɪɾəl kæɹɪktɚ ",0
fɹæŋk kæpɹə pleɪd ðɪs stoːɹi stɹeɪt ,1
kəntɹoʊl ɑːlt dᵻliːt sɪmoʊn æz kwɪkli æz pɑːsᵻbəl ,0
"nɛvɚðəlɛs , ɪt stɪl siːmz ɛndləs ",0
"ðɛɹ ɛs ɐ pɚsɪstənt θiːætɹɪkəl sɛntɪmənt ænd ɐ wuːzi kwɔlᵻɾi tə ðə mænɚɹ ʌvðə stɔːɹɪtɛlɪŋ , wɪtʃ ʌndɚkʌts ðə dɛvᵻsteɪɾɪŋli tɛlɪŋ ɪmpækt ʌv ʌɾɚ lɔs pɜːsɑːnᵻfaɪd ɪnðə fɪlm ɛs sɪmpəl taɪɾəl ",0
mɛl ɡɪbsən faɪts ðə ɡʊd faɪt ɪn viːətnɑːm ɪn dᵻɹɛktɚ ɹændɔːl wɑːlɪs ɛs flæɡ weɪvɪŋ wɔːɹ flɪk wɪð ɐ koːɹ ʌv diːsənsi ,1
"fɚɹə fɪlm ðæt ɛs biːɪŋ ædvɚtaɪzd æz ɐ kɑːmədi , swiːt hoʊm æləbæmə ɪz ɛnt æz fʌni æz juː diː hoʊpt ",0
bɑːɹbɚʃɑːp ɪz ɐ ɡʊd hɑːɹɾᵻd ɑːnsɑːmbəl kɑːmədi wɪð ɐ vɚɹaɪəɾi ʌv kwɜːki kæɹɪktɚz ænd ɐn ɛŋɡeɪdʒɪŋ stoːɹi ,1
"ðoʊ læn juː læks ɐ sɛns ʌv dɹəmæɾɪk ɜːdʒənsi , ðə fɪlm meɪks ʌp fɔːɹ ɪt wɪð ɐ pliːzɪŋ vɛɹɪsɪmɪlɪɾuːd ",1
"ðɪs heɪstili maʊntᵻd pɹədʌkʃən ɛɡzɪsts oʊnli tə kæpɪɾəlaɪz ɔn hɑːpkɪnz ɪŋklɪneɪʃən tə pleɪ hænɪbəl lɛktɚɹ ɐɡɛn , iːvən ðoʊ hæɹɪs hɐz noʊ ɪmiːdɪət ɪŋklɪneɪʃən tə pɹəvaɪd ɐ foːɹθ bʊk ",0
"fɔːɹtʃənətli , ɛlɪŋ nɛvɚ ɡɛts tuː klɔɪɪŋ θæŋks tə ðɪ æktɚz pɜːfɛkt kɑːmɪk taɪmɪŋ ænd swiːt , dʒɛnjuːɪn kɛmɪstɹi ",1
"bʌt ɪt hɐz ɐn æmbɪʃən tə seɪ sʌmθɪŋ ɐbaʊt ɪts sʌbdʒɛkts , bʌt nɑːɾə wɪlɪŋnəs ",0
"pliːz , sʌmwʌn , stɑːp ɛɹɪk ʃiːfɚ bᵻfoːɹ hiː meɪks ɐnʌðɚ fɪlm ",0
"ʃɛɹɪdən hæd ɐ wʌndɚfəl ɐkaʊnt tə wɜːk fɹʌm , bʌt , kjʊɹɹiəsli , hiː wɔːɾɚz ɪt daʊn , tɜːnɪŋ ɡɹɪt ænd vʌlnɚɹəbɪlᵻɾi ɪntʊ laɪt ɹiːdɪŋ ",0
"dᵻspaɪt ɪts fɔlts , ɡæŋz ɛksɛlz ɪn spɛktəkəl ænd peɪsɪŋ ",1
"ɐ laʊd , loʊ bʌdʒɪt ænd taɪɚd fɔːɹmjʊlə fɪlm ðæt ɚɹaɪvz kloʊkt ɪnðə juːfəmɪzəm ɜːbən dɹɑːmə ",0
"lʌvɪŋli foʊɾəɡɹæft ɪnðə mænɚɹ əvə ɡoʊldən bʊk spɹʌŋ tə laɪf , stuːɚt lɪɾəl tuː mænɪdʒᵻz swiːtnəs lɑːɹdʒli wɪðaʊt stɪkinəs ",1
pɹəvaɪdz ɐ sæɾɪsfæktɚɹi oʊvɚvjuː ʌvðə bᵻzɑːɹ wɜːld ʌv ɛkstɹiːm æθliːts æz sɛvɹəl dɛɹdɛvəlz ɛkspɹɛs ðɛɹ oʊn vjuːz ,1
"flæt , mɪsɡaɪdᵻd kɑːmədi ",0
ɪt ɛs bɪn dʌn bᵻfoːɹ bʌt nɛvɚ soʊ vɪvɪdli ɔːɹ wɪð soʊ mʌtʃ pæʃən ,1
"bɜːlɪŋɡ ænd biː ɑːɹt kəntɪnjuː tʊ ɪmpɹɛs , ænd ɪseɪbɛl hʌpɚt ɐɡɛn ʃoʊz ʌŋkæni skɪl ɪn ɡɛɾɪŋ ʌndɚ ðə skɪn ʌv hɜː kæɹɪktɚz ",1
sɪɹiəs muːvi ɡoʊɚz ɛmbɑːɹkɪŋ əpɑːn ðɪs dʒɜːni wɪl faɪnd ðætðə ɹoʊd tə pɜːdɪʃən liːdz tʊ ɐ sæɾɪsfaɪɪŋ dɛstɪneɪʃən ,1
ðɪs oʊvɚpɹəduːst piːs ʌv dɹɛk ɪz ʃɑːkɪŋli bæd ænd æbsəluːtli ʌnnɛsᵻsɚɹi ,0
ðɛɹɑːɹ moʊmənts ʌv hɪlæɹᵻɾi təbi hæd ,1
"ɪt ɛs hɑːɹd tʊ ɪmædʒɪn ɛnɪwʌn mænɪdʒɪŋ tə stiːl ɐ muːvi nɑːt oʊnli fɹʌm kæɹɪsmæɾɪk ɹaɪzɪŋ stɑːɹ dʒeɪk dʒɪlənhɑːl bʌt ɔːlsoʊ fɹʌm ɐkɑːmplɪʃt ɑːskɚ wɪnɚz suːzən sæɹændən , dʌstɪn hɑːfmən ænd hɑːli hʌntɚ , jɛt nuːkʌmɚɹ ɛlən pɑːmpɪoʊ pʊlz ɔf ðə fiːt wɪð ɐplɑːm ",1
"aɪ nɛvɚ θɔːt aɪ diː seɪ ðɪs , bʌt aɪ diː mʌtʃ ɹæðɚ wɑːtʃ tiːnz poʊkɪŋ ðɛɹ dʒɛnɪɾəlz ɪntʊ fɹuːt paɪz ! ",0
aɪ sʌspɛkt ðɪs ɪz ðə kaɪnd ʌv pɹədʌkʃən ðæt wʊdhɐv bɪn fʌnɪɚ ɪf ðə dᵻɹɛktɚ hæd ɹᵻliːst ðɪ aʊtteɪks θiːætɹɪkli ænd juːzd ðə fɪlm æz ɐ boʊnəs fiːtʃɚɹ ɔnðə diːviːdiː ,0
ɪɾ ɔfɚz ɐ ɡlɪmps ʌvðə sɑːləmɑːnɪk dᵻsɪʒən feɪsɪŋ dʒuːɪʃ pɛɹənts ɪn ðoʊz tɜːbjʊlənt taɪmz tə seɪv ðɛɹ tʃɪldɹən ænd jɛt tə luːz ðɛm ,1
ðə fɪlm dʒoʊlts ðə læfs fɹʌmðɪ ɔːdiəns æz ɪf baɪ kæɾəl pɹɑːd ,1
"plɑːdɪŋ , pʊɹli ɹɪʔn̩ , mɜːki ænd wiːkli æktᵻd , ðə pɪktʃɚ fiːlz æz ɪf ɛvɹɪwʌn meɪkɪŋ ɪt lɔst ðɛɹ muːvi moʊdʒoʊ ",0
"ɛlɪɡənt , mænɚd ænd tiːzɪŋ ",1
"pleɪz laɪk ɐ bædli ɛdɪɾᵻd , naɪnti wʌn mɪnɪt tɹeɪlɚɹ ɛlɑːɹbiː ænd ɑːɹɹɑːɹbiː ðə dᵻɹɛktɚ kɑː ɛnt siːm tə ɡɛt ɐ koʊhɪɹənt ɹɪðəm ɡoʊɪŋ ",0
"ðɛɹɑːɹ flɔːz , bʌt ɔːlsoʊ stɹɛtʃᵻz ʌv ɪmpækt ænd moʊmənts ʌv ɔː wiː ɹiː ɹæpt ʌp ɪnðə kæɹɪktɚz , haʊ ðeɪ meɪk ðɛɹ tʃɔɪsᵻz , ænd waɪ ",1
"baɪ tɜːnz tʌtʃɪŋ , ɹɔːkəsli ɐmjuːzɪŋ , ʌŋkʌmftəbəl , ænd , jɛs , iːvən sɛksi , nɛvɚɹ ɐɡɛn ɪz ɐ wɛlkʌm ænd hɑːɹtwɔːɹmɪŋ ɐdɪʃən tə ðə ɹoʊmæntɪk kɑːmədi ʒɑːnɹə ",1
"nɑːt ðə ɡɹeɪt ɐmɛɹɪkən kɑːmədi , bʌt ɪf juː laɪkt ðə pɹiːviəs muːvɪz ɪnðə sɪɹiz , juː ɛlɛl hæv ɐ ɡʊd taɪm wɪð ðɪswʌn tuː ",1
kæpʊɹ ɛs kɑːntɹədɪktɚɹi fiːlɪŋz ɐbaʊt hɪz mətɪɹiəl ɹɪzʌlt ɪn ɐ muːvi ðæt wɜːks ɐɡɛnst ɪtsɛlf ,0
bʌt ðeɪ fæsᵻneɪt ɪn ðɛɹ ɹɛkləsnəs ,1
"ɐ hɑːɹtbɹeɪkɪŋli θɔːtfəl maɪnɚ klæsɪk , ðə wɜːk əvə dʒɛnjuːɪn ænd sɪŋɡjʊlɚɹ ɑːɹɾɪst ",1
ðɪs ɪz ɐn ækʃən muːvi wɪð ɐn ækʃən aɪkɑːn huː ɛs bɪn ɔːl bʌt diːkəmɪʃənd ,0
wɜːθ kætʃɪŋ fɔːɹ ɡɹɪfɪθs wɔːɹm ænd wɪnɪŋ sɛntɹəl pɚfoːɹməns ,1
siːkjuː meɪ wʌn deɪ biː fɑːndli ɹᵻmɛmbɚd æz ɹoʊmən kəpoʊlə ɛs bɹiːf pɹɪtɛnʃəs piəɹɪəd bᵻfoːɹ ɡoʊɪŋ ɔn tʊ ʌðɚ fɪlmz ðæt æktʃuːəli tɛl ɐ stoːɹi wɜːθ kɛɹɪŋ ɐbaʊt ,0
huː kɛɹz ? ɑːɹɹɑːɹbiː ,0
niːðɚ ɹɛvɪlətoːɹi nɔːɹ tɹuːli ɛdʒi mɪɹli kɹæsli flæmbɔɪənt ænd kəmiːdɪkli leɪbɚd ,0
"ɐn ʌnflɪntʃɪŋ , kɑːmplɛks poːɹtɹɪt əvə mɑːdɚn ɪzɹiːəl ðæt ɪz ɹɛɹli siːn ɔn skɹiːn ",1
ðə fɜːst kwɛstʃən tʊ æsk ɐbaʊt bæd kʌmpəni ɪz waɪ ænθəni hɑːpkɪnz ɪz ɪn ɪt ,0
ɐn ɪntɛlɪdʒənt ɹoʊmæntɪk θɹɪlɚɹ əvə vɛɹi oʊld skuːl kaɪnd ʌv kwɔlᵻɾi ,1
"ɪt ɛs dɪfɪkəlt tə fiːl ɛnɪθɪŋ mʌtʃ waɪl wɑːtʃɪŋ ðɪs muːvi , bᵻjɔnd maɪld dɪstɜːbəns ɔːɹ dɪtætʃt plɛʒɚɹ æt ðɪ æktɪŋ ",0
"ɐ dɪstɪŋktli mɪkst bæɡ , ðɪ əkeɪʒənəl bɜːsts ʌv ʃɑːɹp ɹaɪɾɪŋ ɔːltɚneɪɾɪŋ wɪð lɑːts ʌv slɑːpɪnəs ænd ðɪ əblɪɡətoːɹi moʊmənts ʌv sɛntɪmɛntəl uːz ",0
"ɐ biː muːvi juː kæn sɪt θɹuː , ɛndʒɔɪ ɔn ɐ sɜːʔn̩ lɛvəl ænd ðɛn fɚɡɛt ",1
"ɐ fæsᵻneɪɾɪŋ , dɑːɹk θɹɪlɚ ðæt kiːps juː hʊkt ɔnðə dᵻlɪʃəs pʌlpinəs ʌv ɪts lʊɹɹɪd fɪkʃən ",1
"ɛndʒɔɪəbli dʌm , swiːt , ænd ɪntɚmɪtəntli hɪlɛɹiəs ɪf juː viː ɐ teɪst fɚðə kwɜːki , stiːl ɐ ɡlɪmps ",1
ðɛɹ ɛs ɐ ɡɹeɪt diːl ʌv kɔːɹni daɪəlɑːɡ ænd pɹɪpɔstɚɹəs moʊmənts ,0
wɪljəmz æbsəluːtli neɪlz sɪ ɛs kwiːzi ɪnfætʃuːeɪʃən ænd oʊvɚɹɔːl stɹeɪndʒnəs ,1
"kjʊɹɹiəsli , suːpɚ tɹuːpɚz sʌfɚz bɪkʌz ɪt dʌz ɛnt hæv ɪnʌf vaɪsᵻz tə mɛɹɪt ɪts wʌnhʌndɹɪd θɹiː mɪnɪt lɛŋθ ",0
"æz ɛksaɪɾɪŋ æz ɔːl ðɪs ɛɡzɑːɾɪsɪzəm maɪt saʊnd tə ðə tɪpɪkəl pæks vjuːɚ , ðə ɹɛst ʌv ʌs wɪl biː lʌld ɪntʊ ɐ koʊmə ",0
wɑːtʃ bɑːɹbɚʃɑːp ɐɡɛn ɪf juː ɹiː ɪn niːd əvə kjuːb fɪks ðɪs ɪz ɛnt wɜːθ sɪɾɪŋ θɹuː ,0
ɐn ɔːkwɚdli ɡɛɹɪʃ ʃoʊkeɪs ðæt daɪvɜːdʒᵻz fɹʌm ɛnɪθɪŋ ɹᵻmoʊtli pɹoʊbɪŋ ɔːɹ pɛnɪtɹeɪɾɪŋ ,0
"sɜːʔn̩ təbi dɪsteɪstfəl tə tʃɪldɹən ænd ɐdʌlts ɐlaɪk , eɪt kɹeɪzi naɪts ɪz ɐ toʊɾəl mɪsfaɪɚ ",0
aɪ hæv ɛnt læft ðæt hɑːɹd ɪn jɪɹz ! ,1
soːɹviːnoʊ ɪz dᵻlaɪtfəl ɪnðə sɛntɹəl ɹoʊl ,1
"ɐ ɡɹeɪʃəs , ɛləkwənt fɪlm ðæt baɪ ɪts ɛnd ɔfɚz ɐ ɹeɪ ʌv hoʊp tə ðə ɹɛfjuːdʒiːz eɪbəl tə lʊk ɐhɛd ænd ɹᵻzɪst lɪvɪŋ ɪn ɐ pæst fɚɹɛvɚ lɔst ",1
wʌt ɐ ɡɹeɪt weɪ tə spɛnd foːɹ juːnɪts ʌv jʊɹ deɪ ,1
ɐ pæʃənətli ɪŋkwɪzᵻtɪv fɪlm dɪtɜːmɪnd tʊ ʌŋkʌvɚ ðə tɹuːθ ænd hoʊpfəli ɪnspaɪɚɹ ækʃən ,1
boʊθ ɐ səksɛsfəl ædæpteɪʃən ænd ɐn ɛndʒɔɪəbəl fɪlm ɪn ɪts oʊn ɹaɪt ,1
ænd vɪn diːzəl ɪz ðə mæn ,1
dʒʌst ɐ kɪs ɪz ɐ dʒʌst ɐ weɪst ,0
mɜːdɚ baɪ nʌmbɚz dʒʌst dʌz ɛnt æd ʌp ,0
"ɔːl θɹiː dᵻskɹɪpʃənz suːt iːvlɪn , ɐ bᵻsɑːɾᵻd ænd ɑːbviəs dɹɑːmə ðæt tɛlz ʌs nʌθɪŋ nuː ",0
"ðɪs ɪz pɑːpkɔːɹn muːvi fʌn wɪð iːkwəl doʊsᵻz ʌv ækʃən , tʃiːz , hæm ænd tʃiːk ɛlɑːɹbiː æz wɛl æz ɐ sɪɹiəs dɛt tə ðə ɹoʊd wɔːɹɪɚɹ ɑːɹɹɑːɹbiː , bʌt ɪt fiːlz laɪk ʌnɹiːəlaɪzd pətɛnʃəl ",1
"ɪn dɛθ tə smuːtʃi , wiː duː ɛnt ɡɛt wɪljəmz juːʒuːəl tɪɹ ænd ɐ smaɪl , dʒʌst snɪɹz ænd baɪl , ænd ðə spɛktəkəl ɪz nʌθɪŋ ʃɔːɹt ʌv ɹᵻfɹɛʃɪŋ ",1
ɐn ʌniːvən mɪks ʌv dɑːɹk sæɾaɪɚ ænd tʃaɪldhʊd ɐweɪkənɪŋ ,0
ðə muːvi ɪz ɐbaʊt æz hjuːmɚɹəs æz wɑːtʃɪŋ jʊɹ feɪvɚɹᵻt pɛt ɡɛt bɛɹid ɐlaɪv ,0
bɛɹz ɪz iːvən wɜːs ðɐn aɪ ɪmædʒɪnd ɐ muːvi ɛvɚ kʊd biː ,0
dɹəmæɾɪkli læklʌstɚ ,0
meɪd ɛdi mɜːfi ɐ muːvi stɑːɹ ænd ðə mæn hɐz ɛnt eɪdʒd ɐ deɪ ,1
ðɪs ɪz ɐn ʌndɪnaɪəbli ɪntɹiːɡɪŋ fɪlm fɹʌm ɐn ɐdvɛntʃɚɹəs jʌŋ tælənt huː faɪndz hɪz ɪnspɚɹeɪʃən ɔnðə fɹɪndʒᵻz ʌvðɪ ɐmɛɹɪkən ʌndɚɡɹaʊnd ,1
"jɛs , mɪbɪaɪ ɪz ɹoʊt wɜːk ænd pɹɪdɪktəbəl , bʌt wɪð ɐ fɪləsɑːfɪkəl vɪʒuːəl kʌmɪŋ ɹaɪt æt ðɪ ɛnd ðæt ɛkstɹævəɡəntli ɹᵻdiːmz ɪt ",1
ðɛɹ kɑːntɹæst ɪz niːðɚ dɹəmæɾɪk nɔːɹ kɑːmɪk ɪt ɛs dʒʌst ɐ wɪɹd fɪzəl ,0
ɔːl ðə kæɹɪktɚz ɑːɹ klɪnɪkli dᵻpɹɛst ænd hæv ɐbændənd ðɛɹ slɪm hoʊps ænd dɹiːmz ,0
"tɑːɹɾɐkɑːvski ɛs tiːm hɐz sʌm fɹiːkɪʃ paʊɚz ʌv vɪʒuːəl tʃɑːɹm , bʌt ðə faɪv ɹaɪɾɚz slɪp ɪntʊ ðə mɑːdɚn ɹʌt ʌv næɹətɪv bænælᵻɾi ",0
"ɐ dʒɛntli fʌni , swiːtli ɐdvɛntʃɚɹəs fɪlm ðæt meɪks juː fiːl dʒɛnjuːɪnli ɡʊd , ðæt ɪz tə seɪ , ɛntaɪɚli ʌŋkɑːnd baɪ fɔls sɛntɪmənt ɔːɹ ʃɑːɹp , oʊvɚmənɪpjʊlətɪv hɑːliwʊd pɹæktɪsᵻz ",1
"tɹaɪz tuː hɑːɹd təbi fʌni ɪn ɐ weɪ ðæt ɛs tuː laʊd , tuː ɡuːfi ænd tuː ʃɔːɹt əvən ɐtɛnʃən spæn ",0
ðɪ ɑːbnɑːkʃəs taɪɾəl kæɹɪktɚ pɹəvaɪdz ðə dɹɑːmə ðæt ɡɪvz ædᵻd klaʊt tə ðɪs dɑːk ,1
"juː ɪmɜːdʒ deɪzd , kənfjuːzd æz tə wɛðɚ juː viː siːn poːɹnɑːɡɹəfi ɔːɹ dɑːkjuːmɛntɚɹi ",0
"luːsi ɛs ɐ dʌl ɡɜːl , ðæt ɛs ɔːl ",0
sɛnsᵻtɪv ɑːnsɑːmbəl pɚfoːɹmənsᵻz ænd ɡʊd piəɹɪəd ɹiːkənstɹʌkʃən æd ʌp tʊ ɐ muːvɪŋ tɹædʒədi wɪð sʌm bɔɪənt hjuːmən moʊmənts ,1
"dᵻɹɛktᵻd wɪðaʊt ðɪ ɛkspɛktᵻd flɛɹ ɔːɹ ɪmædʒᵻneɪʃən baɪ hɑːŋ kɑːŋ mæstɚ dʒɑːn wuː , wɪndtɔːkɚz ɛɹz dʒʌst ɐbaʊt ɛvɹi kliːʃeɪ ɪnðə wɔːɹ muːvi kəmpɛndiəm əkɹɑːs ɪts ɪndʌldʒənt tuː aʊɚ ænd fɪftiːn mɪnɪt lɛŋθ ",0
"ɪt lʊks kloʊsli , ɪnsaɪtfəli æt fɹædʒəl , kɑːmplɛks ɹᵻleɪʃənʃɪps ",1
ðə stoːɹi hɐz sʌm naɪs twɪsts bʌt ðɪ ɛndɪŋ ænd sʌm ʌvðə bæk stoːɹi ɪz ɐ lɪɾəl taɪɚd ,0
ɪz ɐn ɪnɛkspɹɛsᵻbəl ænd dɹæb wɑːnɐbiː lʊkɪŋ fɔːɹ ðæt ɛɡzækt nɪtʃ ,0
"ðə mɑːθmən pɹɑːfəsiz , wɪtʃ ɪz moʊstli ɐ boːɹ , siːmz tʊ ɛɡzɪst oʊnli fɔːɹ ɪts klaɪmæktɪk sɛtpiːs ",0
"spɪɹɪt ɪz ɐ vɪʒuːəl tɹiːt , ænd ɪt teɪks tʃænsᵻz ðæt ɑːɹ boʊld baɪ stuːdɪoʊ stændɚdz , bʌt ɪt læks ɐ stɹɔŋ næɹətɪv ",1
ðɪs ɪz wʌn ʌvðə ɹɛɹɪst kaɪndz ʌv fɪlmz ɐ fæmɪli oːɹiəntᵻd nɑːn dɪzni fɪlm ðæt ɪz æktʃuːəli fʌni wɪðaʊt hɪɾɪŋ bᵻloʊ ðə bɛlt ,1
"fɔːɹ ɔːlmoʊst ðə fɜːst tuː θɜːdz ʌv mɑːɹtɪn skoːɹsiːz ɛs wʌnhʌndɹɪd sɪksti eɪt mɪnɪt ɡæŋz ʌv nuː jɔːɹk , aɪ wʌz ɛntɹænst ",1
"ɐ tʃiːp , luːdɪkɹəs ɐtɛmpt æt sɪɹiəs hɔɹɚ ",0
"ɐn ʌnɹiːmɪɾɪŋli ʌɡli muːvi tə lʊk æt , lɪsən tuː , ænd θɪŋk ɐbaʊt , ɪɾ ɪz kwaɪt pɑːsᵻbli ðə stɜːdiɪst ɛɡzæmpəl jɛt ʌv waɪ ðə diːviː ɹɛvəluːʃən hɐz tʃiːpənd ðɪ ɑːɹɾɪstɹi ʌv meɪkɪŋ ɐ fɪlm ",0
ɛntaɪsɪŋ ænd ɔfən fʌni dɑːkjuːmɛntɚɹi ,1
bʌt wʌn θɪŋ ɛs fɔːɹ ʃʊɹ ɪt nɛvɚ kʌmz kloʊs tə biːɪŋ iːðɚ fʌni ɔːɹ skɛɹi ,0
ðə muːvi ᵻvɛntʃuːəli snæps ʌndɚ ðə stɹeɪn ʌv ɪts plɑːt kəntɹaɪvənsᵻz ænd ɪts niːd tə ɹiːəʃʊɹ ,0
"wɛɹæz ɑːlɪvɚ stoʊn ɛs kənspɪɹəsi θɹɪlɚ dʒeɪɛfkeɪ wʌz lɔŋ , ɪntɹɪkət , stɑːɹ stʌdᵻd ænd vɪʒuːəli flæʃi , ɪntɚvjuː wɪððɪ ɐsæsɪn dɹɔːz ɪts kənsɪdɚɹəbəl paʊɚ fɹʌm sɪmplɪsᵻɾi ",1
ðə koʊmiːdiənt ɪz ɐ teɪl wɜːθ kætʃɪŋ ,1
"ðə hoʊlz ɪn ðɪs fɪlm ɹᵻmeɪn ɐɡeɪp hoʊlz pʌntʃt θɹuː baɪ ɐn ɪŋkənsɪstənt , miːændɚɹɪŋ , ænd sʌmtaɪmz dɹaɪ plɑːt ",0
wɜːθ siːɪŋ dʒʌst fɔːɹ wiːvɚ ænd læpæɡliə ,1
"ɪt fɑːloʊz ðə blɛɹ wɪtʃ fɔːɹmjʊlə fɚɹən aʊɚ , ɪnwɪtʃ wiː ɹiː toʊld sʌmθɪŋ kɹiːpi ænd veɪɡ ɪz ɪnðə wɜːks , ænd ðɛn ɪt ɡoʊz ɚɹaɪ ɪnðə faɪnəl θɜːɾi mɪnɪts ",0
ɐn ɛŋkɜːɹɪdʒɪŋ ɛfɚt fɹʌm məkɹʌdən ,1
"aɪ wʌz ɐmjuːzd ænd ɛntɚteɪnd baɪ ðɪ ʌnfoʊldɪŋ ʌv biːlɪnski ɛs klɛvɚli kənstɹʌktᵻd sənæɹioʊ , ænd ɡɹeɪtli ɪmpɹɛst baɪ ðə skɪl ʌvðɪ æktɚz ɪnvɑːlvd ɪnðɪ ɛntɚpɹaɪz ",1
"sʌtʃ mæstɚ skɹiːnɹaɪɾɪŋ kʌmz kɜːɾəsi ʌv dʒɑːn pɑːɡ , ðə jeɪl ɡɹæd huː pɹiːviəsli ɡeɪv ʌs ðə skʌlz ænd læst jɪɹ ɛs ɹoʊlɚbɔːl ",1
"ɪnɪʃəli ɡɹɪpɪŋ , ᵻvɛntʃuːəli klɔɪɪŋ paʊ dɹɑːmə ",1
ðɪs ɪz nɑːɾə dʒæki tʃæn muːvi ,0
tʃeɪmbɚɹ ʌv siːkɹᵻts wɪl faɪnd mɪliənz ʌv iːɡɚ fænz ,1
læks ðə vɪʒuːəl flɛɹ ænd baʊnsɪŋ bɹævɑːdoʊ ðæt kæɹɪktɚɹaɪzᵻz bɛɾɚ hɪp hɑːp klɪps ænd ɪz kəntɛnt tə ɹᵻsaɪkəl ɪmɪdʒᵻz ænd kæɹɪktɚz ðæt wɜːɹ ɔːlɹɛdi taɪɚd tɛn jɪɹz ɐɡoʊ ,0
"ɐ tɪmɪd , sɑːɡi nɪɹ mɪs ",0
"ɐ sɑːlɪdli kənstɹʌktᵻd , ɛntɚteɪnɪŋ θɹɪlɚ ðæt stɑːps ʃɔːɹt ʌv tɹuː ɪnspɚɹeɪʃən ",1
ɐ kwaɪət fæmɪli dɹɑːmə wɪð ɐ lɪɾəl bɪt ʌv ɹoʊmæns ænd ɐ doʊs ʌv dɑːɹknəs ,1
"smɪθ ɛɡzæmɪnz ðɪ ɪntᵻmət , ʌŋɡɑːɹdᵻd moʊmənts ʌv foʊks huː lɪv ɪn ʌnjuːʒuːəl hoʊmz wɪtʃ pɑːp ʌp ɪn nɪɹli ɛvɹi kɔːɹnɚɹ ʌvðə kʌntɹi ",1
"aɪ ɐdmaɪɚɹ ɪt ænd jɛt kæn nɑːt ɹɛkəmɛnd ɪt , bɪkʌz ɪɾ oʊvɚsteɪz ɪts nætʃɚɹəl ɹʌnɪŋ taɪm ",0
θʌɹoʊli ɛŋɡɹoʊsɪŋ ænd ʌltᵻmətli tɹædʒɪk ,0
aɪ kæn ænɐlaɪz ðɪs muːvi ɪn θɹiː wɜːdz θʌmz fɹɪɡɪn daʊn ,0
"ɪf oʊnli ɪt wɜː , wɛl , fʌnɪɚ ",0
"ɪɾ ɪz mɛsi , ʌŋkuːθ , ɪŋkɑːmpɹihɛnsᵻbəl , vɪʃəs ænd ɐbsɜːd ",0
"fɹʌm ɪts ɪnvaɪɾɪŋli ʌpbiːt oʊvɚtjʊɹ tʊ ɪts peɪθɑːs fɪld bʌt ʌltᵻmətli laɪf ɐfɜːmɪŋ fɪnɑːli , mɑːɹtɪn ɪz ɐ mæstɚfəli kəndʌktᵻd wɜːk ",1
tʃɑːɹli kʌmz ɔf æz ɪmoʊʃənəli mənɪpjʊlətɪv ænd sædli ɪmᵻteɪɾɪv ʌv ɪnuːmɚɹəbəl pæst lʌv stoːɹi dᵻɹɪʒənz ,0
kʌŋ paʊ siːmz laɪk sʌm fjuːɾəl kəŋkɑːkʃən ðæt wʌz dɪvɛləpt heɪstili æftɚɹ iːdɪkɜːk ænd hɪz fɛloʊ muːvɪmeɪkɚz ɡɑːt θɹuː kɹæʃɪŋ ɐ kɑːlɪdʒ kɛɡ pɑːɹɾi ,0
"ɪts pɹɛmɪs ɪz smɑːɹt , bʌt ðɪ ɛksɪkjuːʃən ɪz pɹɪɾi wɪɹi ",0
ɐn ɛŋɡɹoʊsɪŋ ɪɹeɪniən fɪlm ɐbaʊt tuː aɪtɪnɚɹənt tiːtʃɚz ænd sʌm lɔst ænd dɛsələt piːpəl ðeɪ ɛŋkaʊntɚɹ ɪn ɐ pleɪs wɛɹ wɔːɹ hɐz sævɪdʒd ðə laɪvz ænd lɪbɚɾiz ʌvðə pʊɹ ænd ðə dɪspəzɛst ,1
"fɔːɹ ðoʊz fɔːɹ huːm ðə neɪm wʊdi ælən wʌz wʌns ɐ ɡæɹəntiː ʌv sʌmθɪŋ fɹɛʃ , sʌmtaɪmz fʌni , ænd juːʒuːəli dʒɛnjuːɪnli wɜːθwaɪl , hɑːliwʊd ɛndɪŋ ɪz ɐ dᵻpɹɛsɪŋ ɛkspiəɹɪəns ",0
"sʌmwɛɹ ɪnsaɪd ðə mɛs ðæt ɪz wɜːld tɹævəlɚ , ðɛɹ ɪz ɐ miːdɪoʊkɚ muːvi tɹaɪɪŋ tə ɡɛt aʊt ",0
"fɜːst ænd fɔːɹmoʊst ðə ɹiːzən tə ɡoʊ siː bluː kɹʌʃ ɪz ðə fɪnɑːmɪnəl , wɔːɾɚ bɔːɹn sɪnɪmɐtɑːɡɹəfi baɪ deɪvɪd hɛnɪŋz ",1
kɑːnəsʊɹz ʌv tʃaɪniːz fɪlm wɪl biː pliːzd tə dɪskʌvɚ ðæt tjæn ɛs mɛtɪkjʊləs tælənt həznɑːt wɪðɚd dʊɹɹɪŋ hɪz ɛnfoːɹst haɪeɪɾəs ,1
"ɡɔːnt , sɪlvɚ hɛɹd ænd liənaɪn , ɛlɑːɹbiː hæɹɪs ɑːɹɹɑːɹbiː bɹɪŋz ɐ tɹædʒɪk dᵻmɛnʃən ænd sævɪdʒ fʊl bɑːdid wɪt ænd kʌnɪŋ tə ðɪ eɪdʒɪŋ sændᵻmən ",1
"lɛft miː wɪððə vɪsɚɹəl sɛnseɪʃən ʌv lɔŋɪŋ , læstɪŋ tɹeɪsᵻz ʌv ʃɑːɹlət ɛs wɛb ʌv dɪzaɪɚ ænd dɛspɚɹeɪʃən ",1
"ðə pɹɑːbləm wɪððə bɹɛd , maɪ swiːt ɪz ðɐɾɪt ɛs fɑːɹ tuː sɛntɪmɛntəl ",0
kəmbaɪnz ɐ kɑːmɪkli dɪzməl soʊʃəl ɹiːəlɪzəm wɪð ɐ fɑːɹsɪkli bɔːdi fæntəsi ʌv ɹᵻdɛmpʃən ænd ɹiːdʒɛnɚɹeɪʃən ,1
"laʊd , keɪɑːɾɪk ænd lɑːɹdʒli ʌnfʌni ",0
"ðə meɪn kæɹɪktɚz ɑːɹ sɪmpli neɪmd ðə hʌsbənd , ðə waɪf ænd ðə kɪdnæpɚ , ɛmfɐsaɪzɪŋ ðə dɪsɐpɔɪntɪŋli dʒənɛɹɪk neɪtʃɚɹ ʌvðɪ ɛntaɪɚɹ ɛfɚt ",0
ɐ muːvi tə fɚɡɛt ,0
ɹaɪf wɪð nʌɾi kliːʃeɪᵻz ænd fɑːɹ tuː mʌtʃ daɪəlɑːɡ ,0
"stɑːɹts aʊt wɪð tɹəmɛndəs pɹɑːmɪs , ɪntɹəduːsɪŋ ɐn ɪntɹiːɡɪŋ ænd ɐlʊɹɹɪŋ pɹɛmɪs , oʊnli tə fɔːl pɹeɪ tʊ ɐ boʊtloʊd ʌv skɹiːnɹaɪɾɪŋ kliːʃeɪᵻz ðæt sɪŋk ɪt fæstɚ ðænə liːki fɹeɪɾɚ ",0
ɐ ɹɔːntʃi ænd fɹiːkwəntli hɪlɛɹiəs fɑːloʊ ʌp tə ðə ɡɪftᵻd kɚɹiːən ɐmɛɹɪkən stænd ʌp ɛs aɪ ɛm ðə wʌn ðæt aɪ wɔnt ,1
"ɐ kəmpliːtli spuːki piːs ʌv bɪznəs ðæt ɡɛts ʌndɚ jʊɹ skɪn ænd , sʌm plɑːt blɪps ɐsaɪd , steɪz ðɛɹ fɚðə dʊɹɹeɪʃən ",1
ɐn ɑːɹtfəl jɛt dᵻpɹɛsɪŋ fɪlm ðæt meɪks ɐ mɛlədɹɐmæɾɪk maʊntɪn aʊɾəv ðə moʊlhɪl əvə mɪsɪŋ baɪk ,0
"ðə muːvi ɛndz wɪð aʊtteɪks ɪnwɪtʃ moʊst əv ðə kæɹɪktɚz fɚɡɛt ðɛɹ laɪnz ænd dʒʌst ʌɾɚ uː , wɪtʃ ɪz bɛɾɚ ðɐn moʊst əv ðə ɹaɪɾɪŋ ɪnðə muːvi ",0
"ɪf ðæt dʌz ɛnt kluː juː ɪn ðæt sʌmθɪŋ ɛs hɔːɹɪbli ɹɔŋ , nʌθɪŋ wɪl ",0
ðɪs laʊd ænd θʌɹoʊli ɑːbnɑːkʃəs kɑːmədi ɐbaʊt ɐ pɛɹ ʌv skwɑːblɪŋ wɜːkɪŋ klæs spaʊsᵻz ɪz ɐ diːpli ʌnplɛzənt ɛkspiəɹɪəns ,0
ɪt ɛs nɑːt ɐn iːzi wʌn tə ɹᵻvjuː ,0
"ʌltᵻmətli , ɪnðə hɪstɚɹi ʌvðɪ ɐkædəmi , piːpəl meɪ biː wʌndɚɹɪŋ wʌt ɔːl ðæt dʒæz wʌz ɐbaʊt ʃᵻkɑːɡoʊ ɪn tuː θaʊzənd tuː ",0
ðə fɪlm hɐz ɐ tɚɹɪfɪk lʊk ænd sælmə heɪɛk hɐz ɐ fiːl fɚðə kæɹɪktɚɹ æɾ ɔːl steɪdʒᵻz ʌv hɜː laɪf ,1
"wʌt meɪks bɑːɹbɚʃɑːp soʊ laɪkəbəl , wɪð ɔːl ɪts flɔːz , ɪz ðɐɾɪt hɐz nʌn ʌvðə pʊʃinəs ænd dɛsᵻbəl vɑːljuːm ʌv moʊst kəntɛmpɚɹɛɹi kɑːmədiz ",1
"ðɪs ɪz fɚðə moʊst pɑːɹt ɐ juːsləs muːvi , iːvən wɪð ɐ ɡɹeɪt dᵻɹɛktɚɹ æt ðə hɛlm ",0
ɛlɑːɹbiː ɹiːtʃᵻz ɑːɹɹɑːɹbiː hoʊli bᵻliːvəbəl ænd hɑːɹt ɹɛntʃɪŋ dɛpθs ʌv dᵻspɛɹ ,1
"ðə fɪlm fɪɹləsli ɡɛts ʌndɚ ðə skɪn ʌvðə piːpəl ɪnvɑːlvd ðɪs meɪks ɪt nɑːt oʊnli ɐ diːteɪld hɪstɔːɹɪkəl dɑːkjuːmənt , bʌt ɐn ɛŋɡeɪdʒɪŋ ænd muːvɪŋ poːɹtɹɪt əvə sʌbkʌltʃɚ ",1
"fɚɹə muːvi ɐbaʊt ðə paʊɚɹ ʌv poʊɪtɹi ænd pæʃən , ðɛɹ ɪz pɹɛʃəs lɪɾəl ʌv iːðɚ ",0
"ʌnfɔːɹtʃənətli , wiː diː pɹɪfɜːɹ ɐ sɪmpəl mɪsfaɪɚ ",0
ɐ tɹuː dᵻlaɪt ,1
ɐn ɔːfəl snuːz ,0
dʌz ɛnt ɹiəli æd ʌp tə mʌtʃ ,0
"ɐn ɪntɹɛstɪŋ saɪkəlɑːdʒɪkəl ɡeɪm ʌv kæt ænd maʊs , θɹiː dᵻmɛnʃənəl kæɹɪktɚz ænd bᵻliːvəbəl pɚfoːɹmənsᵻz ɔːl æd ʌp tʊ ɐ sæɾɪsfaɪɪŋ kɹaɪm dɹɑːmə ",1
"ɐ nuː fɪlm fɹʌm bɪl plɪmptən , ðɪ ænɪmeɪʃən mæstɚ , ɪz ɔːlweɪz wɛlkʌm ",1
wɑːtʃɪŋ ɛndɪŋ ɪz tuː ɔfən laɪk lʊkɪŋ oʊvɚ ðɪ aʊtdeɪɾᵻd kloʊðz ænd plæstɪk nɪkknæks æt jʊɹ neɪbɚ ɛs ɡɚɹɑːʒ seɪl ,0
"kɑːks ɔfɚz plɛnti ʌv ɡlɪmpsᵻz æɾ ɛɡzɪstɪŋ foʊɾoʊz , bʌt ðɛɹɑːɹ noʊ muːvɪz ʌv nɪdʒɪnski , soʊ ɪnstɛd ðə dᵻɹɛktɚ tɹiːts ʌs tʊ ɐn eɪmləs hɑːdʒpɑːdʒ ",0
"ɪts weɪɾi θiːmz ɑːɹ tuː ɡɹeɪv fɔːɹ jʌŋstɚz , bʌt ðə stoːɹi ɪz tuː stiːpt ɪn fɛɹi teɪlz ænd ʌðɚ tʃaɪldɪʃ θɪŋz tʊ ɐpiːl mʌtʃ tə tiːneɪdʒɚz ",0
"nʌθɪŋ hæpənz , ænd ɪt hæpənz tə flæt kæɹɪktɚz ",0
liːvz ʌs wʌndɚɹɪŋ lɛs ɐbaʊt ɪts aɪdiəz ænd moːɹ ɐbaʊt ɪts kæɹɪktɚɹaɪzeɪʃən ʌv hɪtlɚ ænd ðə kəntɹaɪvd neɪtʃɚɹ ʌv ɪts pɹəvɑːkətɪv kəŋkluːʒən ,0
"waɪt oʊlɪændɚ , ðə muːvi , ɪz ɐkɪn tʊ ɐ ɹiːdɚ ɛs daɪdʒɛst kəndɛnst vɜːʒən ʌvðə soːɹs mətɪɹiəl ",0
"haɪ dɹɑːmə , dɪzni staɪl ɐ wɪŋ ænd ɐ pɹɛɹ ænd ɐ hʌŋki hɐzbɪn pɚsuːɪŋ hɪz kæsəl ɪnðə skaɪ ",1
"ʃniːdɚ baʊnsᵻz ɚɹaʊnd wɪð lɪmp ɹɪsts , wɛɹɪŋ taɪt tʌmi tɑːps ænd hɪp hʌɡɚz , twɜːlɪŋ hɪz hɛɹ ɔn hɪz fɪŋɡɚ ænd ɐsuːmɪŋ ðæt ɛs ɪnʌf tə səsteɪn læfs ",0
ɐ wʌndɚfəli spɛkjʊlətɪv kæɹɪktɚ stʌdi ðæt meɪd ʌp fɔːɹ ɪts ɹæðɚ sloʊ bɪɡɪnɪŋ baɪ dɹɔːɪŋ miː ɪntʊ ðə pɪktʃɚ ,1
"ɪt ɛs ðə kaɪnd ʌv muːvi ðæt , ɐsaɪd fɹʌm ɹɑːbɚt ɔːltmən , spaɪk liː , ðə koʊɛn bɹʌðɚz ænd ɐ fjuː ʌðɚz , aʊɚ muːvɪmeɪkɚz duː ɛnt meɪk ɔfən ɪnʌf ",1
ðɪ ækʃən siːkwənsᵻz ɑːɹ fʌn ænd ɹɛmᵻnɪsənt ʌv kɑːmbæt siːnz fɹʌmðə stɑːɹ wɔːɹz sɪɹiz ,1
"ðə wɜːk əvən ɛɡzɔːstᵻd , dɛsɪkeɪɾᵻd tælənt huː kɑː ɛnt ɡɛt aʊɾəv hɪz oʊn weɪ ",1
ðə pɹɑːbləm ɪz ðæt væn waɪldɚ dʌz lɪɾəl ðæt ɪz æktʃuːəli fʌni wɪððə mətɪɹiəl ,0
noʊ kliːʃeɪ ɛskeɪps ðə pɜːfɚvɪd tɹiːtmənt ʌv ɡæŋ wɔːɹfɛɹ kɔːld siːiːɛs waɪld ,0
kʌmz ɔf laɪk ɐ bæd ɪmɪteɪʃən ʌvðə bɑːɹd ,0
ðə swiːɾɪst θɪŋ liːvz ɐn ɔːfəl saʊɚ teɪst ,0
ɪt ɛs ɐ ɡɹeɪt ɐmɛɹɪkən ɐdvɛntʃɚ ænd ɐ wʌndɚfəl fɪlm tə bɹɪŋ tʊ ɪmæks ,1
ɹᵻzɛmbəlz ɐ sɔft pɔːɹn bɹaɪən də pɑːmə pæstɪtʃ ,0
ɐ juːniːkli sɛnʃuːəl mɛɾəfɔːɹɪkəl dɹæmɐɾᵻzeɪʃən ʌv sɛkʃuːəl əbsɛʃən ðæt spɛndz ɐ bɪt tuː mʌtʃ taɪm ɔn ɪts fɛɹli luːdɪkɹəs plɑːt ,1
ðə sɛntɪmɛntəl kliːʃeɪᵻz mɑːɹ ɐn ʌðɚwaɪz ɛksələnt fɪlm ,1
hɑːliwʊd hɐz teɪkən kwaɪt ɐ noʊzdaɪv fɹʌm ælfɹɪd hɪtʃkɑːk ɛs ɪmædʒɪnətɪv flaɪt tə ʃaɪɐmælæn ɛs sɛlf ɪmpoːɹtənt sʌmɚ flʌf ,0
ðɪs ɪz stændɚd kɹaɪm dɹɑːmə fɛɹ ɪnstəntli fɚɡɛɾəbəl ænd θʌɹoʊli dʌl ,0
aɪɚɹ ɪz ɔn hɪz weɪ tə bᵻkʌmɪŋ ðɪ ɐmɛɹɪkən ɪndiən spaɪk liː ,1
"ɪn kwɛstʃənɪŋ ðɪ ᵻlɛkʃən pɹɑːsɛs , peɪɑːmi ɡɹæfɪkli ɪləstɹeɪts ðə pɹɑːbləmz ʌv flɛdʒlɪŋ dᵻmɑːkɹəsiz , bʌt ɔːlsoʊ ðə stɹɛŋθ ænd sɛns ʌv fɹiːdəm ðɪ ɪɹeɪniən piːpəl ɔːlɹɛdi pəzɛs , wɪð ɔːɹ wɪðaʊt æksɛs tə ðə bælət bɑːks ",1
"ðɛɹ ɛs ɐ saɪəntɪfɪk lɔː təbi dɪsɜːnd hɪɹ ðæt pɹəduːsɚz wʊd biː wɛl tə hiːd miːdɪoʊkɚ muːvɪz stɑːɹt tə dɹæɡ æz suːn æz ðɪ ækʃən spiːdz ʌp wɛn ðɪ ɛksploʊʒənz stɑːɹt , ðeɪ fɔːl tə piːsᵻz ",0
"boːɹstəl bɔɪ ɹɛpɹᵻzɛnts ðə wɜːst kaɪnd ʌv fɪlmeɪkɪŋ , ðə kaɪnd ðæt pɹɪtɛndz təbi pæʃənət ænd tɹuːθfəl bʌt ɪz ɹiəli fɹʌstɹeɪɾɪŋli tɪmɪd ænd sɑːɡi ",0
"soʊ dʒiːnɪəl ɪz ðə kənsiːt , ðɪs ɪz wʌn ʌv ðoʊz ɹɛɹ pɪktʃɚz ðæt juː ɹuːt fɔːɹ θɹuːaʊt , dɪɹli hoʊpɪŋ ðætðə ɹɪtʃ pɹɑːmɪs ʌvðə skɹɪpt wɪl biː ɹiːəlaɪzd ɔnðə skɹiːn ",1
ðɪ oʊnli ɛntɚteɪnmənt juː ɛlɛl dᵻɹaɪv fɹʌm ðɪs tʃɑːpi ænd slɑːpi ɐfɛɹ wɪl biː fɹʌm ʌnɪntɛnʃənəl ɡɪɡəlz sɛvɹəl ʌv ðɛm ,0
ðə ɡʊd ɡɜːl ɪz ɐ fɪlm ɪnwɪtʃ ðə tælənt ɪz ʌndɪnaɪəbəl bʌt ðə ɹɪzʌlts ɑːɹ ʌndɚwɛlmɪŋ ,0
moːɹ ʌvðə seɪm oʊld ɡɑːɹbɪdʒ hɑːliwʊd hɐzbɪn tɹaɪɪŋ tə pæs ɔf æz ɐksɛptəbəl tiːn ɛntɚteɪnmənt fɔːɹ sʌm taɪm naʊ ,0
ɐmeɪzɪŋli doʊpi ,1
ðə kɹaɪst ælɪɡɚɹi dʌz ɛnt wɜːk bɪkʌz ðɛɹ ɪz noʊ faʊndeɪʃən fɔːɹ ɪt ,0
ɹoʊmeɪnək kiːps ædɪŋ flɜːɹɪʃᵻz ɑːɹtsi fæntəsi siːkwənsᵻz ðæt sɪmpli fiːl ɹɔŋ ,0
"kəmbaɪnz ɪmpɹɑːbəbəl mɛlədɹɑːmə ɛlɑːɹbiː ɡoːɹd bʊlfaɪɾɚz , koʊmɐtoʊs bælɚɹiːnəz ɑːɹɹɑːɹbiː wɪð sʌɾəli kɪŋki bɛdsaɪd vɪdʒɪlz ænd sɛnseɪʃənəl dᵻnaʊmənts , ænd jɛt æt ðɪ ɛnd , wiː ɑːɹ ʌndɪnaɪəbli tʌtʃt ",1
"juː duː ɛnt niːd təbi ɐ hɪp hɑːp fæn tʊ ɐpɹiːʃɪeɪt skɹætʃ , ænd ðæt ɛs ðə mɑːɹk əvə dɑːkjuːmɛntɚɹi ðæt wɜːks ",1
"aɪ ɛm nɑːt ʃʊɹ wɪtʃ hæf ʌv dɹæɡənflaɪ ɪz wɜːs ðə pɑːɹt wɛɹ nʌθɪŋ ɛs hæpənɪŋ , ɔːɹ ðə pɑːɹt wɛɹ sʌmθɪŋ ɛs hæpənɪŋ , bʌt ɪt ɛs stuːpɪd ",0
"ɹaɪɾɚ dᵻɹɛktɚ deɪvɪd siːzɚ leɪdəlz ɔnðə loʊkəl fleɪvɚ wɪð ɐ hjuːdʒli ɛndʒɔɪəbəl fɪlm ɐbaʊt tʃeɪndʒɪŋ taɪmz , klæʃɪŋ kʌltʃɚz ænd ðə plɛʒɚz əvə wɛl meɪd piːtsə ",1
"ðə dʒɜːni tə ðə siːkɹᵻt ɛs ᵻvɛntʃuːəl dɪskʌvɚɹi ɪz ɐ sɛpɹət ɐdvɛntʃɚ , ænd θɹɪl ɪnʌf ",1
ɹoʊmən pəlænski dᵻɹɛkts ðə piənɪst laɪk ɐ sɜːdʒən mɛndz ɐ bɹoʊkən hɑːɹt vɛɹi mɛtɪkjʊləsli bʌt wɪðaʊt ɛni pæʃən ,0
"ɪt ɛs soʊlfəl ænd ʌnslɪk , ænd ðæt ɛs ɐpæɹəntli dʒʌst wʌt ɛlɑːɹbiː ænɪstən ɑːɹɹɑːɹbiː hɐz ɔːlweɪz niːdᵻd tə ɡɹoʊ ɪntʊ ɐ muːvi kɚɹɪɹ ",1
"laɪk blɛndᵻd ʃeɪdz ʌv lɪpstɪk , ðiːz kəmpoʊnənts kəmbaɪn ɪntʊ wʌn tɚɹɪfɪk stoːɹi wɪð lɑːts ʌv læfs ",1
dɪvoʊz dᵻlɪvɚz ɐ pɜːfɛkt pɚfoːɹməns ðæt kæptʃɚz ðɪ ɪnəsəns ænd bʌdɪŋ diːmənz wɪðɪn ɐ wɔːlflaʊɚ ,1
hɐz lɔst sʌm ʌvðə dɹəmæɾɪk kənvɪkʃən ðæt ʌndɚlaɪz ðə bɛst ʌv kɑːmədiz ,0
"tɛlz ɐ fæsᵻneɪɾɪŋ , kəmpɛlɪŋ stoːɹi ",1
"laɪk ɐ kəmiːdiən huː stɑːɹts ɔf pɹɑːmɪsɪŋli bʌt ðɛn pɹəsiːdz tə flɑːp , kəmiːdiən ɹʌnz aʊɾəv stiːm æftɚɹ ɐ hæf aʊɚ ",0
"wʌn ʌv ðoʊz fɪlmz wɛɹ ðə kæɹɪktɚz ɪnhæbɪt ðæt spɛʃəl ænɛks ʌv hɛl wɛɹ ɐdʌlts bᵻheɪv laɪk kɪdz , tʃɪldɹən bᵻheɪv laɪk ɐdʌlts ænd ɛvɹɪwʌn skɹiːmz æt ðə tɑːp ʌv ðɛɹ lʌŋz noʊ mæɾɚ wʌt ðə sɪtʃuːeɪʃən ",0
"dɛvoʊtiːz ʌv stɑːɹ tɹɛk ɹoʊmən tuː ðə ɹæθ ʌv kɑːn wɪl fiːl ɐ næɡɪŋ sɛns ʌv deɪʒɑː vuː , ænd ðə ɡɹændʊɹ ʌvðə bɛst nɛkst dʒɛnɚɹeɪʃən ɛpɪsoʊdz ɪz lækɪŋ ",0
bjuːɾɪfəli ɹᵻkleɪmɪŋ ðə stoːɹi ʌv kɑːɹmɛn ænd ɹiːkɹiːeɪɾɪŋ ɪɾ ɐn ɪn ɐn æfɹɪkən ɪdɪəm ,1
"ðə pʌntʃ laɪnz ðæt mɪs , ʌnfɔːɹtʃənətli , aʊtnʌmbɚ ðə hɪts baɪ θɹiː tə wʌn ",0
mɪtʃəl pɪkɑːli ɛs muːvɪŋ pɚfoːɹməns ɪz ðɪs fɪlmz ɹiːzən fɔːɹ biːɪŋ ,1
ɹiːd maɪ lɪps ɪz təbi vjuːd ænd tɹɛʒɚd fɔːɹ ɪts ɛkstɹoːɹdɪnɛɹi ɪntɛlɪdʒəns ænd ɚɹɪdʒɪnælᵻɾi æz wɛl æz ɪts lɪɹɪkəl vɛɹɪeɪʃənz ɔnðə ɡeɪm ʌv lʌv ,1
ðoʊz siːkɪŋ ɐ dᵻfɪnɪtɪv ɐkaʊnt ʌv aɪzənstaɪn ɛs laɪf wʊd duː bɛɾɚɹ ɛlswɛɹ ,0
"jɛs , soːɹ ",1
"æz beɪnəl æz ðə tɛlɪŋ meɪ biː ænd æt taɪmz , ɔːl maɪ lʌvd wʌnz moːɹ ðɐn flɜːts wɪð kɪtʃ ðə teɪl kəmændz ɐtɛnʃən ",1
"ɔːlðoʊ fɹeɪlti fɪts ɪntʊ ɐ klæsɪk ʒɑːnɹə , ɪn ɪts skɹɪpt ænd ɛksɪkjuːʃən ɪɾ ɪz ɐ ɹᵻmɑːɹkəbli ɚɹɪdʒɪnəl wɜːk ",1
neɪpɔːl fænz meɪ biː dɪsɐpɔɪntᵻd ,0
ɐtæl pʊʃᵻz tuː hɑːɹd tə meɪk ðɪs ɐ kɑːmədi ɔːɹ sɪɹiəs dɹɑːmə ,0
"pɔɪnjənt ænd muːvɪŋ , ɐ wɔːk tə ɹᵻmɛmbɚɹ ɪz ɐn ɪnspɚɹeɪʃənəl lʌv stoːɹi , kæptʃɚɹɪŋ ðɪ ɪnəsəns ænd aɪdiəlɪzəm ʌv ðæt fɜːst ɛŋkaʊntɚ ",1
"ɪn ɛni keɪs , aɪ wʊd ɹɛkəmɛnd bɪɡ bæd lʌv oʊnli tə wɪŋɡɚ fænz huː hæv mɪst hɜː sɪns naɪntiːnhʌndɹɪd naɪnti faɪv ɛs fɚɡɛt pæɹɪs ",0
"baɪ ðə taɪm ɪt ɛs dʌn wɪð ʌs , miəɹə nɛɹ ɛs nuː muːvi hɐz ɪts ɔːdiəns ɡɪdi wɪððə dᵻlaɪt ʌv dɪskʌvɚɹi , ʌv hævɪŋ bɪn ɪmɜːst ɪn ɐ fɔːɹən kʌltʃɚɹ oʊnli tə faɪnd ðæt hjuːmən neɪtʃɚɹ ɪz pɹɪɾi mʌtʃ ðə seɪm ɔːl oʊvɚ ",1
"ɪf ðɛɹ ɛs ɐ hɛvən fɔːɹ bæd muːvɪz , djuːsᵻz waɪld ɪz ɔn ɪts weɪ ",0
"ɐ hjuːdʒ bɑːks ɑːfɪs hɪt ɪn kɚɹiːə , ʃiəɹi ɪz ɐ mʌst fɔːɹ ʒɑːnɹə fænz ",1
"klɪnt iːstwʊd ɛs blʌd wɜːk ɪz ɐ lɑːt laɪk ɐ wɛl meɪd piːbiː dʒeɪ sændwɪtʃ fəmɪlɪɹ , fɛɹli ʌnᵻvɛntfəl ænd boʊstɪŋ noʊ ɹiːəl sɚpɹaɪzᵻz bʌt stɪl kwaɪt teɪsti ænd ɪnvaɪɾɪŋ ɔːl ðə seɪm ",1
ðə θɪŋ ɐbaʊt ɡaɪz laɪk ɛvənz ɪz ðɪs juː ɹiː nɛvɚ kwaɪt ʃʊɹ wɛɹ sɛlf pɹəmoʊʃən ɛndz ænd ðə tɹuːθ bɪɡɪnz ,0
aɪ faʊnd maɪsɛlf ɡɹoʊɪŋ moːɹ ænd moːɹ fɹʌstɹeɪɾᵻd ænd dɪtætʃt æz vɪnsənt bɪkeɪm moːɹ ænd moːɹ ɐbhɔɹənt ,0
ɪt ɛs laɪk ɐn ɔːl stɑːɹ səluːt tə dɪzni ɛs tʃiːsi kəmɜːʃəlɪzəm ,0
"laɪk ɐ bæd ɪmpɹəvəzeɪʃən ɛksɚsaɪz , ðə suːpɚfɪʃəli ɹɪʔn̩ kæɹɪktɚz ɹæmbəl ɔn tiːdiəsli ɐbaʊt ðɛɹ laɪvz , lʌvz ænd ðɪ ɑːɹt ðeɪ ɹiː stɹʌɡlɪŋ tə kɹiːeɪt ",0
"ðoʊ hɜː fænz wɪl əʃʊɹɹᵻdli hæv ðɛɹ fʌni boʊnz tɪkəld , ʌðɚz wɪl faɪnd ðɛɹ hjuːmɚ siːkɪŋ dɑːlɚz bɛst spɛnt ɛlswɛɹ ",0
ðə fɜːst feɪɾəl ɐtɹækʃən wʌz vaɪl ɪnʌf ,0
ɐ sɛntɪmɛntəl bʌt ɛntaɪɚli ɪɹᵻzɪstᵻbəl poːɹtɹɪt ʌv θɹiː eɪdʒɪŋ sɪstɚz ,1
"mɛʒɚd ɐɡɛnst pɹæktɪkli ɛni laɪk θiːmd fɪlm ʌðɚ ðɐn ɪts ɑːskɚ swiːpɪŋ fɹæntʃaɪz pɹɛdᵻsɛsɚ ðə saɪləns ʌvðə læmz , ɹɛd dɹæɡən ɹeɪts æz ɐn ɛksɛpʃənəl θɹɪlɚ ",1
"ænd æz wɪð moʊst leɪt naɪt bʊl sɛʃənz , ᵻvɛntʃuːəli ðə kɑːntɛnt ɪz ɛnt nɪɹli æz kæptᵻveɪɾɪŋ æz ðə ɹaʊdi pɑːɹtɪsɪpənts θɪŋk ɪɾ ɪz ",0
ɐ kwaɪətli ɪntɹəspɛktɪv poːɹtɹɪt ʌvðə sɛlf ɛstiːm ʌv ɛmplɔɪmənt ænd ðə ʃeɪm ʌv luːzɪŋ ɐ dʒɑːb ,1
ɡɑːɹsiːɐ ænd ðɪ ʌðɚɹ æktɚz hɛlp meɪk ðə wɑːbli pɹɛmɪs wɜːk ,1
ɪt ɛs dʒʌst pleɪn lʊɹɹɪd wɛn ɪɾ ɪz ɛnt daʊnɹaɪt sɪli ,0
fɹaɪdeɪ æftɚ nɛkst ɪz ðə kaɪnd ʌv fɪlm ðæt kʊd oʊnli biː meɪd baɪ æfɹɪkən ɐmɛɹɪkənz bɪkʌz ʌv ɪts bɹɔːd ɹeɪʃəl ɪnsɛnsɪtɪvᵻɾi təwɔːɹdz æfɹɪkən ɐmɛɹɪkənz ,0
ɪɾ ɪz ɔːlsoʊ bjuːɾɪfəli æktᵻd ,1
ðɪs duːbɪəs pɹɑːdʌkt əvə kɑːlɪdʒ spɔːnd ɛlɑːɹbiː kɑːlɡeɪt juː ɑːɹɹɑːɹbiː kɑːmədi ɑːnsɑːmbəl noʊn æz bɹoʊkən lɪzɚd pleɪz laɪk ɐ mɪks ʌv tʃiːtʃ ænd tʃɑːŋ ænd tʃɪps ,0
"ɔːl θɹiː æktɹəsᵻz ɑːɹ sɪmpli dæzlɪŋ , pɚtɪkjʊlɚli bɔːk , huː ɛs faɪnəli bɪn ɡɪvən ɐ pɑːɹt wɜːði ʌv hɜː kənsɪdɚɹəbəl tælənts ",1
ɐ paʊɚfəl siːkwəl ænd wʌn ʌvðə bɛst fɪlmz ʌvðə jɪɹ ,1
"ɪt ɛs ɐbaʊt ɪndᵻvɪdʒuːəl moʊmənts ʌv muːd , ænd ɐn eɪmləsnəs ðæt ɛs æktʃuːəli sɔːɹt ʌv ɐmeɪzɪŋ ",1
ɐ ɡɪft tʊ ɛnɪwʌn huː lʌvz boʊθ dæns ænd sɪnəmə ,1
"sʌtʃ ɐ waɪldli ʌniːvən hɪt ænd mɪs ɛntɚpɹaɪz , juː kɑː ɛnt hɛlp səspɛktɪŋ ðɐɾɪt wʌz ɪmpɹəvaɪzd ɔn ɐ deɪ tə deɪ beɪsɪs dʊɹɹɪŋ pɹədʌkʃən ",0
ðə nuː fɪlm ʌv æntɑːn tʃɛkhɑːv ɛs ðə tʃɛɹi ɔːɹtʃɚd pʊts ðə aɪk ɪn klæsɪk ,0
"pʊɹ ɛdɪɾɪŋ , bæd bluːskɹiːn , ænd ʌltɹə tʃiːsi daɪəlɑːɡ haɪlaɪt ðə ɹædɪkəl ækʃən ",0
"ɪf wɛlz wʌz ʌnhæpi æt ðə pɹɑːspɛkt ʌvðə hjuːmən ɹeɪs splɪɾɪŋ ɪn tuː , hiː pɹɑːbəbli wʊd ɛnt biː tuː kɹeɪzi wɪð hɪz ɡɹeɪt ɡɹændsʌn ɛs muːvi splɪɾɪŋ ʌp ɪn pɹɪɾi mʌtʃ ðə seɪm weɪ ",0
"pæʃənz , əbsɛʃənz , ænd loʊnliɪst dɑːɹk spɑːts ɑːɹ pʊʃt tə ðɛɹ moʊst vɜːtʃuːəs lɪmɪts , lɛndɪŋ ðə næɹətɪv ɐn ʌnjuːʒuːəli sɚɹiːəl toʊn ",1
"dɛfɪnətli ɐ kɹaʊd pliːzɚ , bʌt ðɛn , soʊ wʌzðə ɹoʊmən kɑːləsiəm ",1
ðɪs stoːɹi əvə dɪtɜːmɪnd wʊmən ɛs kɜːɹɪdʒ tə faɪnd hɜː hʌsbənd ɪn ɐ wɔːɹ zoʊn ɔfɚz wɪnɪŋ pɚfoːɹmənsᵻz ænd sʌm ɪfɛktɪŋ moʊmənts ,1
"wɛl meɪd bʌt ʌnɪnvɑːlvɪŋ , blʌdwɜːk ɪz ɛnt ɐ tɛɹᵻbəl muːvi , dʒʌst ɐ stʌltᵻfaɪɪŋli ɑːbviəs wʌn ɐn ʌnɹᵻwɔːɹdɪŋ kɑːlɚ fɚɹə mɜːdɚ mɪstɚɹi ",0
"ɛkspændz ðə hɚɹaɪzənz ʌv boːɹdəm tə ðə pɔɪnt ʌv kəlæps , tɜːnɪŋ ɪntʊ ɐ blæk hoʊl ʌv dʌlnəs , fɹʌm wɪtʃ noʊ ɪntɹɛstɪŋ kɑːnsɛpt kæn ɛskeɪp ",0
æz stiːmi æz læst wiːk ɛs poːɹk dʌmplɪŋz ,0
"ðə stoːɹi ɪtsɛlf ɪt moʊstli toʊld θɹuː ɔn kæmɹə ɪntɚvjuːz wɪð sɛvɹəl sɚvaɪvɚz , huːz ɹɪvɪɾɪŋ mɛmɚɹiz ɑːɹ ɹɛndɚd wɪð sʌtʃ klæɹᵻɾi ðɐɾɪt ɛs æz ɪf ɪɾ ɔːl hæpənd oʊnli jɛstɚdeɪ ",1
"ðə muːvi ɪz klɛvɚ , ɔfbiːt ænd iːvən ɡɹɪɾi ɪnʌf tʊ oʊvɚkʌm maɪ ɹᵻsɪstəns ",1
"ɐnʌðɚ wiːk , ɐnʌðɚ ɡɹoʊs aʊt kɑːlɪdʒ kɑːmədi ʌɡ ",0
"ɐ læfəbəl ɔːɹ ɹæðɚ , ʌnlæfəbəl ɛkskjuːs fɚɹə fɪlm ",0
tuː sɪli tə teɪk sɪɹiəsli ,0
loʊ kɑːmədi dʌz ɛnt kʌm mʌtʃ loʊɚ ,0
ɪt ɛs ɐ vɛɹi teɪstfəl ɹɑːk ænd ɹoʊl muːvi ,1
"mɛtɪkjʊləsli maʊntᵻd , ɛɡzæspɚɹeɪɾɪŋli wɛl bᵻheɪvd fɪlm , wɪtʃ tɪks ɔf kɑːloʊ ɛs laɪftaɪm maɪlstoʊnz wɪððə duːɾifəl pɹɪsɪʒən əvə tæks ɐkaʊntənt ",1
"deɪvɪs kændɪd , ɑːɹtʃli fʌni ænd diːpli ɔːθɛntɪk teɪk ɔn ɪntᵻmət ɹᵻleɪʃənʃɪps kʌmz tə fɹuːɪʃən ɪn hɜː sɑːfəmoːɹ ɛfɚt ",1
ɐ fæst peɪst ænd səspɛnsfəl ɑːɹdʒəntɪniən θɹɪlɚɹ ɐbaʊt ðə ʃædoʊ saɪd ʌv pleɪ ,1
"ʌltᵻmətli ðə , jɛs , sneɪl laɪk peɪsɪŋ ænd læk ʌv θiːmæɾɪk ɹɛzənəns meɪk ðə fɪlm moːɹ sɪli ðɐn skɛɹi , laɪk sʌm sɔːɹt ʌv mɑːɹθə stuːɚt dɛkɚɹeɪɾɪŋ pɹoʊɡɹæm ɹʌn ɐmɑːk ",0
suːɚ ɹæts kʊd wɑːtʃ ðɪs muːvi ænd biː soʊ skiːvd aʊt ðæt ðeɪ diː niːd ɐ ʃaʊɚ ,0
hɑːɹd tə ɹᵻzɪst ,1
"ðɛɹ ɛs ɐn ɛksələnt naɪnti mɪnɪt fɪlm hɪɹ ʌnfɔːɹtʃənətli , ɪt ɹʌnz fɔːɹ wʌnhʌndɹɪd sɛvənti ",0
"dᵻɹɛktɚ kɑːɹl fɹæŋklɪn , soʊ kɹɪsp ænd iːkənɑːmɪkəl ɪn wʌn fɔls muːv , bɑːɡz daʊn ɪn ʒɑːnɹə kliːʃeɪᵻz hɪɹ ",1
"laɪk ɐ pɹɛʃəs ænd faɪnli kʌt daɪəmənd , mæɡnɪfɪsənt tə bᵻhoʊld ɪn ɪts spɑːɹklɪŋ bjuːɾi jɛt ɪn ɹɪælᵻɾi ɪt ɛs wʌn tʌf ɹɑːk ",1
"noʊ kjuːt fæktɚ hɪɹ nɑːt ðæt aɪ maɪnd ʌɡli ðə pɹɑːbləm ɪz hiː hɐz noʊ kæɹɪktɚ , lʌvəbəl ɔːɹ ʌðɚwaɪz ",0
sʌfɚz fɹʌm ɪts tɪmɪd pɑːɹsɪŋ ʌvðə bɑːɹn saɪd tɑːɹɡɪt ʌv sʌnz tɹaɪɪŋ tə bɹiːtʃ ɡæps ɪn ðɛɹ ɹᵻleɪʃənʃɪps wɪð ðɛɹ fɑːðɚz ,0
ɪt ɛs ɐ fɹæŋkənstaɪn mɔnstɚɹ əvə fɪlm ðæt dʌz ɛnt noʊ wʌt ɪt wɔnts tə biː ,0
ɐn ɪŋkɹɛdɪbli næɹoʊ ɪn dʒoʊk tɑːɹɡɪɾᵻd tə ðə taɪniɪst sɛɡmənt əvən ɔːlɹɛdi əbskjʊɹ dɛməɡɹæfɪk ,0
"ɐ noʊɪŋ lʊk æt fiːmeɪl fɹɛndʃɪp , spaɪkt wɪð ɹɔː ɜːbən hjuːmɚ ",1
bɪɡɪnz ɔn ɐ haɪ noʊt ænd səsteɪnz ɪt bjuːɾɪfəli ,1
"ðɪ oʊvɚɹɔːl ɹɪzʌlt ɪz ɐn ɪntɛlɪdʒənt , ɹiːəlɪstɪk poːɹtɹeɪəl ʌv tɛstɪŋ baʊndɚɹiz ",1
"kweɪd ɪz ʌɾɚli fɪɹləs æz ðə tɔːɹtʃɚd hʌsbənd lɪvɪŋ ɐ peɪnfəl laɪ , ænd mʊɹ wʌndɚfəli ʌndɚpleɪz ðə lɔŋ sʌfɚɹɪŋ hɛɹoʊɪn wɪð ɐn ʌnflæpəbəl fɪfti z dɪɡnᵻɾi sʌmwɛɹ bᵻtwiːn dʒeɪn waɪmən ænd dʒuːn kliːvɚ ",1
"moʊst əv ðə pɹɑːbləmz wɪððə fɪlm duː ɛnt dᵻɹaɪv fɹʌmðə skɹiːnpleɪ , bʌt ɹæðɚ ðə miːdɪoʊkɚ pɚfoːɹmənsᵻz baɪ moʊst əv ðɪ æktɚz ɪnvɑːlvd ",0
ɐ pɔɪnjənt kɑːmədi ðæt ɔfɚz fuːd fɔːɹ θɔːt ,1
"djuːsᵻz waɪld tɹɛdz hɛvili ɪntʊ ɹoʊmɪoʊ ænd dʒuːlɪɛt wɛst saɪd stoːɹi tɛɹɪtoːɹi , wɛɹ ɪt pleɪnli hɐz noʊ bɪznəs ɡoʊɪŋ ",0
"ðɛɹ ɪz noʊ saɪkɑːlədʒi hɪɹ , ænd noʊ ɹiːəl næɹətɪv lɑːdʒɪk dʒʌst ɐ sɪɹiz ʌv kɛɹfəli koːɹɪɑːɡɹæft ɐtɹɑːsᵻɾiz , wɪtʃ bɪkʌm stɹeɪndʒli ɪmpɜːsənəl ænd æbstɹækt ",0
"sɛkɹətɹi mænɪdʒᵻz ɐ niːt tɹɪk , bʌndlɪŋ ðə flaʊɚz ʌv pɚvɜːsᵻɾi , kɑːmədi ænd ɹoʊmæns ɪntʊ ɐ stɹeɪndʒli tɛmptɪŋ buːkeɪ əvə muːvi ",1
ɛvɹɪθɪŋ ɐbaʊt ɪt fɹʌmðə blænd sɔŋz tə ðə kʌlɚfəl bʌt flæt dɹɔːɪŋz ɪz kəmpliːtli sɜːvɪsəbəl ænd kwɪkli fɚɡɛɾəbəl ,0
"ðɪs fæsᵻneɪɾɪŋ ɛkspɛɹɪmənt pleɪz æz moːɹ əvə poʊɛɾɪk ðænə stɹɪkt ɹɪælᵻɾi , kɹiːeɪɾɪŋ ɐn ɪntɹiːɡɪŋ spiːsiːz ʌv ɑːɹɾɪfɪs ðæt ɡɪvz ðə leɪdi ænd ðə duːk sʌmθɪŋ əvə θiːætɹɪkəl ɛɹ ",1
ɐ fjuː piːsᵻz ʌvðə fɪlm bʌz ænd wɜː vɛɹi lɪɾəl ʌv ɪɾ æktʃuːəli klɪks ,0
ɑː nʌld ɛs ækʃən hiəɹoʊ deɪz maɪt biː oʊvɚ ,0
"ðə muːvi hɐz ɐ skɹɪpt ɛlɑːɹbiː baɪ pɔːl pɛndɚɹ ɑːɹɹɑːɹbiː meɪd ʌv wʊd , ænd ɪt ɛs ɹɪlɛntləsli foʊksi , ɐ pɹəsɛʃən ʌv steɪdʒi sɛt piːsᵻz stækt wɪð baɪnɚɹi ɑːpəzɪʃənz ",0
ðə fɪlmeɪkɚz aɪ fɔːɹ diːteɪl ænd ðə haɪ stændɚdz ʌv pɚfoːɹməns kənveɪ ɐ stɹɔŋ sɛns ʌvðə ɡɜːlz ɛnvaɪɹənmənt ,1
ɪɾ ɔːlsoʊ ʃoʊz haʊ diːpli fɛlt ɪmoʊʃənz kæn dɹɔː piːpəl təɡɛðɚɹ əkɹɑːs ðə wɔːlz ðæt maɪt ʌðɚwaɪz sɛpɹət ðɛm ,1
iːvən ɐksɛptɪŋ ðɪs ɪnðə ɹaɪt fɹeɪm ʌv maɪnd kæn oʊnli pɹəvaɪd ɪt wɪð soʊ mʌtʃ liːnɪənsi ,0
"ɪt ɛs ɐtwʌns læfəbəl ænd kəmpʌlsɪvli wɑːtʃəbəl , ɪn ɪts kəmɪɾᵻd dʌmnəs ",1
ðeɪ θɹuː loʊdz ʌv mʌni æɾ ɐn aɪdiə ðæt ʃʊd viː bɪn soʊ mʌtʃ moːɹ iːvən ɪf ɪt wʌz oʊnli meɪd fɔːɹ tiːneɪdʒ bɔɪz ænd ɹɛsəlɪŋ fænz ,0
"wɛst koʊst ɹæp wɔːɹz , ðɪs mɑːdɚn mɑːb mjuːzɪk dɹɑːmə nɛvɚ feɪlz tə fæsᵻneɪt ",1
"æz pɑːɹt ʌv mɪstɚ dɑːŋ ɛs kəntɪnjuːɪŋ ɛksploːɹeɪʃən ʌv hoʊmoʊsɛkʃuːælᵻɾi ɪn ɐmɛɹɪkə , fæmɪli fʌndəmɛntəlz ɪz ɐn ɜːnɪst stʌdi ɪn dᵻspɛɹ ",1
"ɐ muːvi moːɹ təbi pɹɪskɹaɪbd ðɐn ɹɛkəmɛndᵻd æz vɪʒuːəli blænd æz ɐ dɛntɪst ɛs weɪɾɪŋ ɹuːm , kəmpliːt wɪð suːðɪŋ mjuːzæk ænd ɐ kʊʃən ʌv pɹɪdɪktəbəl næɹətɪv ɹɪðəmz ",0
"ɔːl ɪn ɔːl , bɹaʊn ʃʊɡɚɹ ɪz ɐ sæɾɪsfaɪɪŋ wɛl meɪd ɹoʊmæntɪk kɑːmədi ðæt ɛs boʊθ tʃɑːɹmɪŋ ænd wɛl æktᵻd ",1
ɹɛpɹᵻzɛnts ɐ wɜːði dᵻpɑːɹtʃɚ fɹʌmðə kʌltʃɚ klæʃ kɑːmədiz ðæt hæv mɑːɹkt ɐn ɪmɜːdʒɪŋ ɪndiən ɐmɛɹɪkən sɪnəmə ,1
soʊ blænd ænd ʌɾɚli fɚɡɛɾəbəl ðɐɾɪt maɪt æz wɛl hɐvbɪn taɪɾəld dʒənɛɹɪk dʒɛnɪfɚ loʊpɛz ɹoʊmæntɪk kɑːmədi ,0
ɐ kɑːmədi ðæt swɪŋz ænd dʒɑːsəlz tə ðə ɹɪðəmz ʌv laɪf ,1
ɐ staɪlɪʃ θɹɪlɚ ,1
"kɑːnstəntli tʌtʃɪŋ , sɚpɹaɪzɪŋli fʌni , sɛmaɪ sɚɹiːəlɪst ɛksploːɹeɪʃən ʌvðə kɹiːeɪɾɪv ækt ",1
"bɜːθdeɪ ɡɜːl dʌz ɛnt tɹaɪ tə sɚpɹaɪz ʌs wɪð plɑːt twɪsts , bʌt ɹæðɚ siːmz tʊ ɛndʒɔɪ ɪts oʊn tɹænspæɹənsi ",1
ɐ poʊki ænd suːdoʊ sɪɹiəs ɛksɚsaɪz ɪn ʃæm æktɚ wɜːkʃɑːps ænd ɐn ɐfɛktᵻd mæleɪz ,0
"ðæt ɹɛɹ muːvi ðæt wɜːks ɔn ɛni nʌmbɚɹ ʌv lɛvəlz æz ɐ fɪlm ʌv mædʒɪk ænd wɪmzi fɔːɹ tʃɪldɹən , ɐ hɑːɹtfɛlt ɹoʊmæns fɔːɹ tiːneɪdʒɚz ænd ɐ kəmpɛlɪŋ ɑːɹɡjuːmənt ɐbaʊt dɛθ , boʊθ pɹoʊ ænd kɑːn , fɔːɹ ɐdʌlts ",1
ðə juːnɪvɜːsəl θiːm ʌv bᵻkʌmɪŋ ɐ bɛɾɚ pɜːsən θɹuː lʌv hɐz nɛvɚ bɪn fɪlmd moːɹ ɪɹᵻzɪstᵻbli ðɐn ɪn bæɹən ,1
ðɛɹ ɛs ɡɑːt təbi ɐ moːɹ ɡɹeɪsfəl weɪ ʌv poːɹtɹeɪɪŋ ðə dɛvᵻsteɪʃən ʌv ðɪs dɪziːz ,0
"ʌnfoʊldz æz wʌn ʌvðə moʊst pəlɪɾɪkli ɔːdeɪʃəs fɪlmz ʌv ɹiːsənt dɛkeɪdz fɹʌm ɛni kʌntɹi , bʌt ɪspɛʃəli fɹʌm fɹæns ",1
"ðə ɹɑːk ɪz dɛstɪnd təbi ðə twɛnti fɜːst sɛntʃɚɹi ɛs nuː koʊnən ænd ðæt hiː ɛs ɡoʊɪŋ tə meɪk ɐ splæʃ iːvən ɡɹeɪɾɚ ðɐn ɑːɹnəld ʃwɔːɹzənɛɡɚ , dʒiːn klɔːd væn dæm ɔːɹ stiːvən sɛɡəl ",1
"ɐdʌlts , ʌðɚ ðɐn ðə pɛɹənts wɪl biː hɑːɹd pɹɛst tə səkʌm tə ðə kɔːl ʌvðə waɪld ",0
"hɪɹ , ɐlæs , ɪt kəlæpsᵻz laɪk ɐn oʊvɚkʊkt suːfəl ",0
"pleɪz laɪk wʌn lɔŋ , miːændɚɹɪŋ skɛtʃ ɪnspaɪɚd baɪ ðə wɜːks ʌv dʒɑːn wɔːɾɚz ænd tɑːd sɑːlɑːndz , ɹæðɚ ðænə fʊli dɪvɛləpt stoːɹi ",0
snoʊ dɑːɡz faɪndz ɪts hjuːmɚɹ ɪn ɐ blæk mæn ɡɛɾɪŋ hjuːmɪlɪeɪɾᵻd baɪ ɐ pæk ʌv dɑːɡz huː ɑːɹ smɑːɹɾɚ ðɐn hɪm ,0
"bᵻfoːɹ ɪt teɪks ɐ sʌdən tɜːn ænd dɪvɑːlvz ɪntʊ ɐ bᵻzɑːɹ sɔːɹt ʌv ɹoʊmæntɪk kɑːmədi , stiːvən ʃeɪnbɜːɡ ɛs ædæpteɪʃən ʌv mɛɹi ɡeɪtskɪl ɛs hæɹoʊɪŋ ʃɔːɹt stoːɹi ɪz ɐ bɹɪliəntli pleɪd , diːpli ʌnsɛɾəlɪŋ ɛkspiəɹɪəns ",1
"vɛɹi fʌni , vɛɹi ɛndʒɔɪəbəl ",1
ðə hæknid stoːɹi ɐbaʊt ɐn æfluːənt dæmsəl ɪn dɪstɹɛs huː dᵻsaɪdz tə faɪt hɜː bʊli əvə hʌsbənd ɪz sɪmpli tuː oʊvɚdʌn ,0
"wɪððə ɡɪftᵻd pɪɹs ɔn hænd tə kiːp θɪŋz ɔn sɛmaɪ steɪbəl ɡɹaʊnd dɹəmæɾɪkli , ðɪs ɹᵻtuːld məʃiːn ɪz ʌltᵻmətli ɪfɛktɪv ɪnʌf æɾ ɐtʃiːvɪŋ ðə mɑːdɪst , kɹaʊd pliːzɪŋ ɡoʊlz ɪt sɛts fɔːɹ ɪtsɛlf ",1
"mʌtʃ laɪk ɪts iːzili dɪsmɪsɪv teɪk ɔnðɪ ʌpskeɪl laɪfstaɪl , ðɛɹ ɪz ɛnt mʌtʃ ðɛɹ hɪɹ ",0
"læθən ænd dɪɡz kæɹi ðə fɪlm wɪð ðɛɹ kɚɹɪsmə , ænd boʊθ ɛɡzɪbɪt ʃɑːɹp kɑːmɪk taɪmɪŋ ðæt meɪks ðə moːɹ hæknid ɛlɪmənts ʌvðə fɪlm iːziɚ tə daɪdʒɛst ",1
"hiː hɐz ɪmpɹuːvd əpɑːn ðə fɜːst ænd teɪkən ɪɾ ɐ stɛp fɜːðɚ , ɹɪtʃɚɹ ænd diːpɚ ",1
"ɪt ɛs ɐ tɛstəmənt tə də niəɹoʊ ænd dᵻɹɛktɚ maɪkəl kætən dʒoʊnz ðæt baɪ muːvi ɛs ɛnd , wiː ɐksɛpt ðə kæɹɪktɚz ænd ðə fɪlm , flɔːz ænd ɔːl ",1
"ðɪs mɛθəd ɔːlmoʊst nɛvɚ feɪlz hɪm , ænd ɪt wɜːks suːpɜːbli hɪɹ ",1
ɪt ɛs tɛknɪkli sʌmptʃuːəs bʌt ɔːlsoʊ ɔːlmoʊst waɪldli ɐlaɪv ,1
ɐ kæɹɪktɚɹɪstɪkli ɛŋɡoːɹdʒd ænd slɑːpi kʌmɪŋ ʌv eɪdʒ muːvi ,0
"ɔfən laɪkəbəl , bʌt dʒʌst æz ɔfən ɪt ɛs miːændɚɹɪŋ , loʊ ɔn ɛnɚdʒi , ænd tuː iːɡɚ təbi kwɜːki æt moʊmənts wɛn ɐ lɪɾəl oʊld fæʃənd stɔːɹɪtɛlɪŋ wʊd kʌm ɪn hændi ",1
"ɹɑːb ʃneɪdɚ ɛs ɪnfəntaɪl kɹɔs dɹɛsɪŋ ɹuːtiːnz fɪl ðə hɑːt tʃɪk , ðə leɪɾɪst ɡɪmɪk fɹʌm ðɪs ʌnɪmædʒɪnətɪv kəmiːdiən ",0
"ðə teɪl ʌv hɜː pæʃənət , tuːmʌltʃuːəs ɐfɛɹ wɪð mʌsɛt ʌnfoʊldz æz sænd ɛs mæskjʊlɪn pɜːsoʊnə , wɪð ɪts lʌv ʌv laɪf ænd bjuːɾi , teɪks fɔːɹm ",1
ɪt ɛs soʊ dɪvɔɪd ʌv dʒɔɪ ænd ɛnɚdʒi ɪt meɪks iːvən dʒeɪsən ɛks lʊk pɑːzᵻtɪvli ʃeɪkspɚɹiən baɪ kəmpæɹɪsən ,0
"ɐ hɪpnɑːɾɪk poːɹtɹɪt ʌv ðɪs sæd , kəmpʌlsɪv laɪf ",1
"ɐn ʌɡli , pɔɪntləs , stuːpɪd muːvi ",0
"ɐ fæsᵻneɪɾɪŋ , ʌnnɜːvɪŋ ɛɡzæmᵻneɪʃən ʌvðə dᵻluːʒənz ʌv wʌn ʌnsteɪbəl mæn ",1
ɐ smɑːɹt lɪɾəl ɪndi ,1
ɐ bɪɡ miːl ʌv kliːʃeɪᵻz ðætðə tæləntᵻd kæst dʒɛnɚɹəli tʃoʊks ɔn ,0
wʌt ɐ beɪnəl boːɹ ðə pɹiːki sɜːkɪt tɜːnz aʊt tə biː ,0
ɡoʊz ɔn ænd ɔn tə ðə pɔɪnt ʌv nɔːsɪə ,0
aɪ hæv ɐ nuː feɪvɚɹᵻt mjuːzɪkəl ænd aɪ ɛm nɑːt iːvən ɐ fæn ʌvðə ʒɑːnɹə ,1
mæstɚɹ ʌv dɪsɡaɪz ɹʌnz fɔːɹ oʊnli sɛvənti wʌn mɪnɪts ænd fiːlz laɪk θɹiː aʊɚz ,0
juː ɛlɛl fiːl laɪk juː eɪt ɐ ɹiːɛsiːz wɪðaʊt ðə piːnʌt bʌɾɚ ,0
iːzili wʌn ʌvðə bɛst ænd moʊst ɛksaɪɾɪŋ muːvɪz ʌvðə jɪɹ ,1
dᵻspaɪt ðə sɜːfɪs ɐtɹækʃənz kɑːnɹæd ɛl hɔːl ɛs sɪnɪmɐtɑːɡɹəfi wɪl laɪkli biː nɑːmᵻneɪɾᵻd fɚɹən ɑːskɚ nɛkst jɪɹ ðɛɹ ɛs sʌmθɪŋ ɪmpɹɛsɪv ænd jɛt lækɪŋ ɐbaʊt ɛvɹɪθɪŋ ,1
"bɹoʊdɚ ɛs skɹiːnpleɪ ɪz ʃæloʊ , əfɛnsɪv ænd ɹᵻdʌndənt , wɪð pɪɾɪfəli fjuː ɹiːəl læfs ",0
lʊks moːɹ laɪk ɐ tɹævəl eɪdʒənsi vɪdɪoʊ tɑːɹɡɪɾᵻd æt piːpəl huː laɪk tə ɹaɪd baɪks tɑːpləs ænd ɹoʊl ɪnðə mʌd ðænə wɜːθwaɪl ɡlɪmps ʌv ɪndᵻpɛndənt kəmjuːnᵻɾi ɡaɪdɪŋ laɪts ,0
ðæt ɛs waɪ sɛks ænd luːʃə ɪz soʊ ɐlʊɹɹɪŋ ,1
"æftɚɹ ɐn aʊɚ ænd ɐ hæf ʌv wʌndɚɹɪŋ sʌmtaɪmz ɐmjuːzᵻdli , sʌmtaɪmz ɪmpeɪʃəntli dʒʌst wʌt ðɪs stɹɛnjuːəsli ʌŋkənvɛnʃənəl muːvi ɪz səpoʊzd tə biː , juː dɪskʌvɚ ðætðɪ ænsɚɹ ɪz æz kənvɛnʃənəl æz kæn biː ",0
nɛɾɪlbɛk hɐz ɐ pliːzɪŋ weɪ wɪð ɐ mɛɾəfɔːɹ ,1
ɐ pʌzəl huːz piːsᵻz duːnɑːt fɪt ,0
"ɐ bɪt əvə daʊnɚ ænd ɐ lɪɾəl oʊvɚ dɹəmæɾɪk æt taɪmz , bʌt ðɪs ɪz ɐ bjuːɾifəl fɪlm fɔːɹ piːpəl huː laɪk ðɛɹ ɹoʊmænsᵻz tə hæv ðæt fɹɛntʃ ɹiːəlɪzəm ",1
"æftɚ ðə fɜːst tɛn mɪnɪts , wɪtʃ ɪz wɜːθ siːɪŋ , ðə muːvi sɪŋks ɪntʊ ɐn ɐbɪs ʌv klɪx ɛs , dᵻpɹɛʃən ænd bæd ɔːltɜːnətɪv mjuːzɪk ",0
"nɑːt ɛvɹɪθɪŋ ɪn ðɪs æmbɪʃəs kɑːmɪk ɛskɐpeɪd wɜːks , bʌt kəpoʊlə , ɐlɔŋ wɪð hɪz sɪstɚ , soʊfiə , ɪz ɐ ɹiːəl fɪlmeɪkɚ ",1
"ɪt ɛs fʌn , bʌt ɪt ɛs ɐ ɹiːəl haʊlɚ ",1
"iːvən θɹuː ɪts flɔːz , ɹɛvəluːʃən naɪn pɹuːvz təbi ɐ kəmpɛlɪŋ , ɪntɹɪstɪŋli toʊld fɪlm ",1
dʒʌst ðə leɪbɚɹ ɪnvɑːlvd ɪn kɹiːeɪɾɪŋ ðə leɪɚd ɹɪtʃnəs ʌvðɪ ɪmɪdʒɹi ɪn ðɪs tʃaɪɚɹəskjʊɹɹoʊ ʌv mædnəs ænd laɪt ɪz ɐstɑːnɪʃɪŋ ,1
"ðə keɪs ɪz ɐ kənvɪnsɪŋ wʌn , ænd ʃʊd ɡɪv ɛnɪwʌn wɪð ɐ kɑːnʃəns ɹiːzən tə pɔːz ",1
noʊ sʌtʃ θɪŋ bɹeɪks noʊ nuː ɡɹaʊnd ænd tɹɛdz oʊld tɜːf laɪk ɐ hɪpəpɑːɾæməs bælɚɹiːnə ,0
"wɛn twɛntɪsʌmθɪŋ hɑːtsiz meɪk muːvɪz ɐbaʊt ðɛɹ laɪvz , hɑːɹd dɹaɪvɪŋ nɑːɹsɪsɪzəm ɪz ɐ ɡɪvən , bʌt wʌt ɐ wɜːld wiː diː lɪv ɪn ɪf ɑːɹdʒɛntoʊ ɛs hɑːliwʊd kaʊntɚpɑːɹts hæd ðɪs mʌtʃ ɪmædʒᵻneɪʃən ænd nɜːv ",1
"ɔn ɪts oʊn , bɪɡ tɹʌbəl kʊd biː kənsɪdɚd ɐ fʌni lɪɾəl fɪlm ",1
"ɛlɑːɹbiː ɹɛnəldz ɑːɹɹɑːɹbiː teɪks ɐ klæsɪk stoːɹi , kæsts ɐtɹæktɪv ænd tæləntᵻd æktɚz ænd juːsᵻz ɐ mæɡnɪfɪsənt lændskeɪp tə kɹiːeɪt ɐ fiːtʃɚ fɪlm ðæt ɪz wɪkᵻdli fʌn tə wɑːtʃ ",1
"ɪf juː ɹiː kɑːntɛnt wɪð ɐ klɛvɚ suːdoʊ baɪoʊ ðæt mænɪdʒᵻz tə hæv ɐ ɡʊd taɪm æz ɪt doʊlz aʊt piːsᵻz ʌvðə feɪməs dᵻɹɛktɚ ɛs laɪf , aɪzənstaɪn dᵻlɪvɚz ",1
"ðɪs ɪz ðə kaɪnd ʌv sʌbdʒɛkt mæɾɚ ðæt kʊd soʊ iːzili hɐvbɪn fʌmbəld baɪ ɐ lɛsɚ fɪlmeɪkɚ , bʌt ɛɹz meɪks ðə ɹaɪt tʃɔɪsᵻz æɾ ɛvɹi tɜːn ",1
pɹoʊbz ɪn ɐ laɪt hɑːɹɾᵻd weɪ ðə ɹoʊmæntɪk pɹɑːbləmz ʌv ɪndᵻvɪdʒuːəlz fɔːɹ huːm ðə jɜːnɪŋ fɔːɹ pæʃən spɛlz dɪskəntɛnt ,1
ɪt meɪd miː ɹiːəlaɪz ðæt wiː ɹiəli hæv ɛnt hæd ɐ ɡʊd tʃiːsi biː muːvi pleɪɪŋ ɪn θiəɾɚz sɪns wɛl sɪns læst wiːk ɛs ɹeɪn ʌv faɪɚ ,0
ʌltᵻmətli ðɪs ɪz ɐ fɹʌstɹeɪɾɪŋ pætʃwɜːk ɐn ʌniːzi mæɹɪdʒ ʌv luːi bɛɡli ɛs soːɹs nɑːvəl ɛlɑːɹbiː ɐbaʊt ʃmɪt ɑːɹɹɑːɹbiː ænd ɐn oʊld peɪn skɹiːnpleɪ ,0
"wʌns ðə tɹuː ɪmpækt ʌvðə deɪ ʌnfoʊldz , ðə paʊɚɹ ʌv ðɪs muːvi ɪz ʌndɪnaɪəbəl ",1
"ðɪs taɪm , ðə haɪp ɪz kwaɪəɾɚ , ænd waɪl ðə muːvi ɪz slaɪtli lɛs səksɛsfəl ðɐn ðə fɜːst , ɪt ɛs stɪl ɐ ɹoʊlɪkɪŋ ɡʊd taɪm fɚðə moʊst pɑːɹt ",1
nʌθɪŋ moːɹ ðænə staɪflɪŋ mɔːɹælᵻɾi teɪl dɹɛst ʌp ɪn piːkɐbuː kloʊðɪŋ ,0
"ðɪs ɪz ðə sɔːɹt ʌv loʊ ɡɹeɪd dɹɛk ðæt juːʒuːəli ɡoʊz stɹeɪt tə vɪdɪoʊ wɪð ɐ laʊsi skɹɪpt , ɪnɛpt dᵻɹɛkʃən , pɐθɛɾɪk æktɪŋ , pʊɹli dʌbd daɪəlɑːɡ ænd mɜːki sɪnɪmɐtɑːɡɹəfi , kəmpliːt wɪð vɪzᵻbəl buːm maɪks ",0
ɛvɹi dʒoʊk ɪz ɹᵻpiːɾᵻd æt liːst foːɹ taɪmz ,0
"ðə ɡæɡz , ænd ðə skɹɪpt , ɑːɹ ɐ mɪkst bæɡ ",0
ænd ɐdʌlts wɪl æt liːst hæv ɐ dɹiːm ɪmɪdʒ ʌvðə wɛst tə seɪvɚ wɛnɛvɚ ðə fɪlm ɛs leɪmɚɹ ɪnstɪŋkts ɑːɹ ɪnðə sædəl ,0
ðə bɛst fɪlm ʌvðə jɪɹ tuː θaʊzənd tuː ,1
"blɪstɚɹɪŋli ɹuːd , skɛɹili fʌni , sɑːɹoʊfəli sɪmpəθɛɾɪk tə ðə dæmɪdʒ ɪt sɚveɪz , ðə fɪlm hɐz ɪn kiəɹən kʌlkɪn ɐ pɪtʃ pɜːfɛkt hoʊldən ",1
ðə fɜːst ʃɑːkɪŋ θɪŋ ɐbaʊt soːɹɔːɹᵻɾi bɔɪz ɪz ðɐɾɪt ɛs æktʃuːəli wɑːtʃəbəl ,1
"ɐ muːvi aɪ lʌvd ɔn fɜːst saɪt ænd , iːvən moːɹ ɪmpoːɹtənt , lʌv ɪn ɹᵻmɛmbɹəns ",1
"ɐn oʊvɚstaɪlaɪzd , pɜːɹ ɛd ɛm lændʒ ʌv sɛks , saɪkɑːlədʒi , dɹʌɡz ænd fɪlɑːsəfi ",0
"ðɪs ɪz ɐ muːvi fʊl ʌv ɡɹeɪs ænd , ʌltᵻmətli , hoʊp ",1
ɐ dɑːkjuːmɛntɚɹi tə meɪk ðə stoʊnz wiːp æz ʃeɪmfəl æzɪtɪz skɛɹi ,0
"moʊst hɔːntɪŋ ɐbaʊt fɛns ɪz ɪts kəŋkluːʒən , wɛn wiː hɪɹ ðɪ ʌltᵻmət feɪt ʌv ðiːz ɡɜːlz ænd ɹiːəlaɪz , mʌtʃ tʊ aʊɚ dɪsmeɪ , ðæt ðɪs ɹiəli dɪd hæpən ",1
stɑːɹts aʊt bɔːlsi ænd staɪlɪʃ bʌt feɪlz tə kiːp ɪɾ ʌp ænd sɛɾəlz ɪntʊ klɪx ɛs ,0
"ðə fɪlm fiːlz fɔːɹmjʊleɪɪk , ɪts plɑːt ænd peɪsɪŋ tɪpɪkəl hɑːliwʊd wɔːɹ muːvi stʌf , waɪl ðə pɚfoːɹmənsᵻz ᵻlɪsᵻt moːɹ əvə sɛns ʌv deɪʒɑː vuː ðɐn ɔː ",0
"ɛlɑːɹbiː aɪ ɑːɹɹɑːɹbiː tiː ɛs sɜːʔn̩li lɔːdəbəl ðætðə muːvi diːlz wɪð hɑːt bʌʔn̩ ɪʃuːz ɪn ɐ kəmiːdɪk kɑːntɛkst , bʌt bɑːɹbɚʃɑːp ɪz ɛnt æz fʌni æz ɪt ʃʊd biː ",0
bʌt ðə sɛkənd hæf ʌvðə muːvi ɹiəli ɡoʊz daʊnhɪl ,0
ɐ wɛl peɪst ænd sæɾɪsfaɪɪŋ lɪɾəl dɹɑːmə ðæt dɪzɜːvd bɛɾɚ ðænə dᵻɹɛkt tə vɪdɪoʊ ɹᵻliːs ,1
"ðɪs mɪsti aɪd sʌðɚn nəstældʒə piːs , ɪn tɹɛdɪŋ ðə laɪn bᵻtwiːn sæpi ænd sæŋɡwɪn , waɪndz ʌp maɪɚd ɪn tɪɹ dɹɛntʃt kwɪksænd ",0
ðɪ oʊnli fʌn pɑːɹt ʌvðə muːvi ɪz pleɪɪŋ ðɪ ɑːbviəs ɡeɪm ,0
"ɐn ɪŋkɑːnsɪkwɛnʃəl , bɛɹli ðɛɹ bɪt ʌv pɪfəl ",0
"ɔːlðoʊ fɛɹli ɪnvɑːlvɪŋ æz fɑːɹ æz ɪt ɡoʊz , ðə fɪlm dʌz ɛnt ɛnd ʌp hævɪŋ mʌtʃ ðæt ɪz fɹɛʃ tə seɪ ɐbaʊt ɡɹoʊɪŋ ʌp kæθlɪk ɔːɹ , ɹiəli , ɛnɪθɪŋ ",0
"ɐn ɛŋɡɹoʊsɪŋ stoːɹi ðæt kəmbaɪnz saɪkəlɑːdʒɪkəl dɹɑːmə , soʊsɪəlɑːdʒɪkəl ɹᵻflɛkʃən , ænd haɪ ɑːkteɪn θɹɪlɚ ",1
ɐ ɡɹɪpɪŋ dɹɑːmə ,1
"ɪt pɪkt miː ʌp , swʌŋ miː ɚɹaʊnd , ænd dɹɑːpt miː bæk ɪn maɪ siːt wɪð moːɹ ɪmoʊʃənəl foːɹs ðɐn ɛni ʌðɚ ɹiːsənt fɪlm ",1
ðə plɛʒɚz ðɐɾɪt dʌz ɐfoːɹd meɪ biː ɪnʌf tə kiːp mɛni muːvɪeɪɡoʊɚz ɑːkjʊpaɪd ɐmɪdst sʌm ʌvðə moːɹ sɪɹiəs maɪndᵻd kənsɜːnz ʌv ʌðɚ jɪɹ ɛnd muːvɪz ,1
ɪts ɪnɛskeɪpəbəl ɐbsɜːdᵻɾiz ɑːɹ tæntɐmaʊnt tʊ ɪnsʌltɪŋ ðɪ ɪntɛlɪdʒəns ʌv ɛnɪwʌn huː hɐz ɛnt bɪn lɪvɪŋ ʌndɚɹ ɐ ɹɑːk ɛlɑːɹbiː sɪns sɛpt ɪlɛvən ɑːɹɹɑːɹbiː ,0
"ɐ pɹɪɾi diːsənt kɪd pliːzɪŋ , tɑːlɚɹəbəl tʊ ɐdʌlts lɑːɹk əvə muːvi ",1
"æz aɪ sɛɾəld ɪntʊ maɪ wɜːld wɔːɹ ɹoʊmən tuː mɛmɚɹiz , aɪ faʊnd maɪsɛlf stɹeɪndʒli muːvd baɪ iːvən ðə kɔːɹniɪst ænd moʊst hæknid kəntɹaɪvənsᵻz ",1
ðə muːvi dʒɛnɚɹeɪts plɑːt pɔɪnts wɪð ɐ dᵻɡɹiː ʌv ɹændəmnəs juːʒuːəli ɐtʃiːvd oʊnli baɪ lɑːɾɚɹi dɹɔːɪŋ ,0
klæsɪk sɪnəmə sɜːvd ʌp wɪð hɑːɹt ænd hjuːmɚ ,1
"ðɛɹ meɪhɐv bɪn ɐ ɡʊd fɪlm ɪn tɹʌbəl ɛvɹi deɪ , bʌt ɪɾ ɪz nɑːt wʌt ɪz ɔnðə skɹiːn ",0
ðə ɹɪzʌlt ɪz æn ækʃən fɪlm maɪɚd ɪn steɪsɪs ,0
ðæt ɛs bɪkʌz ɹɛlətɪvli nʌθɪŋ hæpənz ,0
"ɐn ɔːθɛntɪkli veɪɡ , bʌt ʌltᵻmətli pɜːpəsləs , stʌdi ɪn toʊɾəl pændɪmoʊniəm ",0
bʌt ðeɪ duː ɛnt fɪt wɛl təɡɛðɚ ænd niːðɚɹ ɪz wɛl toʊld ,0
laɪk moʊst muːvɪz ɐbaʊt ðə pɪtfɔːlz ʌv bæd bᵻheɪvjɚ sɜːkɪt ɡɛts dɹɔːn ɪntʊ ðə pɑːɹɾi ,0
"wɪð dɜːɾi diːdz , deɪvɪd siːzɚ hɐz stɛpt ɪntʊ ðə meɪnstɹiːm ʌv fɪlmeɪkɪŋ wɪð ɐn əʃʊɹɹəns wɜːði ʌv ɪntɚnæʃənəl ɐkleɪm ænd wɪð ɛvɹi sɪnɪmæɾɪk tuːl wɛl ʌndɚ hɪz kəntɹoʊl dɹɪvən baɪ ɐ nætʃɚɹəl sɛns fɔːɹ wʌt wɜːks ɔn skɹiːn ",1
"ɑːdli , ðə fɪlm ɪz ɛnt nɪɹli æz daʊnbiːt æz ɪt saʊndz , bʌt stɹaɪks ɐ toʊn ðæt ɛs ɔːltɜːnətli mɛləŋkɑːlɪk , hoʊpfəl ænd stɹeɪndʒli fʌni ",1
"aɪ viː nɛvɚ siːn ɔːɹ hɜːd ɛnɪθɪŋ kwaɪt laɪk ðɪs fɪlm , ænd aɪ ɹɛkəmɛnd ɪt fɔːɹ ɪts ɚɹɪdʒɪnælᵻɾi ɐloʊn ",1
"wɛn ðə muːvi mɪksᵻz ðə kɔːɹnpoʊn ænd ðə koʊsə nɑːstɹə , ɪt faɪndz ɐ naɪs ɹɪðəm ",1
"ðɛɹ ɛs ɐ tʃɑːpi , sɜːfɪs ɪfɛkt fiːlɪŋ tə ðə hoʊl ɛntɚpɹaɪz ",0
"ɪt ɛs fʌni , tʌtʃɪŋ , dɹəmæɾɪkli foːɹsfəl , ænd bjuːɾɪfəli ʃɑːt ",1
ɐ ɡʊd dɑːkjuːmɛntɚɹi kæn meɪk ɪntɹɛstɪŋ ɐ sʌbdʒɛkt juː θɔːt wʊd liːv juː koʊld ,1
ðɪs ɪz ɐ tʃɪldɹən ɛs fɪlm ɪnðə tɹuːəst sɛns ,1
ɐ vɛɹi fʌni ɹoʊmæntɪk kɑːmədi ɐbaʊt tuː skɪɾɪʃ nuː jɔːɹk mɪdəl eɪdʒɚz huː stʌmbəl ɪntʊ ɐ ɹᵻleɪʃənʃɪp ænd ðɛn stɹʌɡəl fjʊɹɹiəsli wɪð ðɛɹ fɪɹz ænd fɔɪbəlz ,1
ðə muːvi dʌz sʌtʃ ɐn ɛksələnt dʒɑːb ʌv kɹɪtiːkɪŋ ɪtsɛlf æɾ ɛvɹi fɔltɚɹɪŋ hæf stɛp ʌv ɪts dɪvɛləpmənt ðæt kɹɪɾɪsaɪzɪŋ fiːlz moːɹ laɪk kəmɪsɚɹeɪɾɪŋ ,0
"ɐ sɑːlɪd , spuːki ɛntɚteɪnmənt wɜːði ʌvðə pɹaɪs əvə tɪkɪt ",1
"ðɛɹɑːɹ ɛnt mɛni kəŋkluːsɪv ænsɚz ɪnðə fɪlm , bʌt ðɛɹ ɪz ɐn ɪntɹɛstɪŋ stoːɹi ʌv pɔɪntᵻd pɜːsənælᵻɾiz , kɜːɹɪdʒ , tɹædʒədi ænd ðə lɪɾəl ɡaɪz viːɛs ðə bɪɡ ɡaɪz ",1
pleɪz laɪk ɐ sɪɹiz ʌv vɪnjɛts klɪps əvə fɪlm ðæt ɑːɹ stɪl lʊkɪŋ fɚɹə kɑːmən θɹuː laɪn ,0
ɐ fɪlm ðæt bɪɡɪnz wɪððɪ ɛvɹɪdeɪ laɪvz ʌv neɪvəl pɜːsənɛl ɪn sæn dɪeɪɡoʊ ænd ɛndz wɪð siːnz soʊ tɹuː ænd hɑːɹtbɹeɪkɪŋ ðæt tɛɹz wɛld ʌp ɪn maɪ aɪz boʊθ taɪmz aɪ sɔː ðə fɪlm ,1
liː ɪz wʌn ʌvðə ɹɛɹ dᵻɹɛktɚz huː fiːlz æktɪŋ ɪz ðə hɑːɹt ænd soʊl ʌv sɪnəmə ,1
"sɪɾɪŋ ɪnðə θɜːd ɹoʊ ʌvðɪ ɪmæks sɪnəmə æt sɪdni ɛs dɑːɹlɪŋ hɑːɹbɚ , bʌt aɪ sʌmtaɪmz fɛlt æz ðoʊ aɪ wʌz ɪnðə taɪni tuː siːɾɚ pleɪn ðæt kæɹid ðə dʒaɪənt kæmɹə ɚɹaʊnd ɔːstɹeɪliə , swiːpɪŋ ænd ɡlaɪdɪŋ , bæŋkɪŋ ænd hʌvɚɹɪŋ oʊvɚ sʌm ʌvðə moʊst nɑːt ",1
"ɪt ɛs moːɹ ɛndʒɔɪəbəl ðɐn aɪ ɛkspɛktᵻd , ðoʊ , ænd ðæt ɛs bɪkʌz ðə læfs kʌm fɹʌm fɛɹli beɪsɪk kəmiːdɪk kɑːnstɹʌkts ",1
"ɪt ɛs kɹæfti , ɛnɚdʒɛɾɪk ænd smɑːɹt ðə kɪd ɪz sɔːɹt ʌv laɪk ɐ foːɹtiːn jɪɹ oʊld fɛɹɪs bjuːəlɚ ",1
"ðə fɪlm dʌz ɛnt hæv ɪnʌf ɪnəveɪʃən ɔːɹ pɪzæz tʊ ɐtɹækt tiːneɪdʒɚz , ænd ɪt læks ðə nɑːvəl tʃɑːɹm ðæt meɪd spaɪ kɪdz ɐ sɚpɹaɪzɪŋ wɪnɚ wɪð boʊθ ɐdʌlts ænd jʌŋɡɚɹ ɔːdiənsᵻz ",0
ʃiː bɑːksᵻz ðiːz wɪmɪn ɛs soʊlz ɹaɪt oʊpən fɔːɹ ʌs ,1
ɔːl ðə muːvi ɛs næɹətɪv dʒɪmnæstɪks kɑː ɛnt dɪsɡaɪz ðə fækt ðɐɾɪt ɛs ɪnɔːθɛntɪk æɾ ɪts koːɹ ænd ðæt ɪts stoːɹi dʒʌst ɪz ɛnt wɜːθ tɛlɪŋ ,0
"ðɪs ɪz dɪkæpɹɪoʊ ɛs bɛst pɚfoːɹməns ɪn ɛnɪθɪŋ ɛvɚ , ænd iːzili ðə moʊst wɑːtʃəbəl fɪlm ʌvðə jɪɹ ",1
"ðoʊ ɪmpɔstɚ diːviəsli ɐdɑːpts ðə ɡaɪz əvə mɑːdɚn moʊʃən pɪktʃɚ , ɪt tuː ɪz ɐ bɑːm ",0
"dʒoʊli ɡɪvz ɪt ðæt ɛkstɹə lɪɾəl sʌmθɪŋ ðæt meɪks ɪt wɜːθ tʃɛkɪŋ aʊt æt θiəɾɚz , ɪspɛʃəli ɪf juː ɹiː ɪnðə muːd fɔːɹ sʌmθɪŋ moːɹ kʌmftəbəl ðɐn tʃæləndʒɪŋ ",1
wʌn kiː pɹɑːbləm wɪð ðiːz ɑːɹdəntli kɹɪstʃən stoːɹilaɪnz ɪz ðæt ðɛɹ ɪz nɛvɚɹ ɛni kwɛstʃən ʌv haʊ θɪŋz wɪl tɜːn aʊt ,0
"ʌðɚ ðɐn ðə slaɪtli flɔːd ɛlɑːɹbiː ænd fɛɹli ʌnbᵻliːvəbəl ɑːɹɹɑːɹbiː fɪnɑːli , ɛvɹɪθɪŋ ɛls ɪz tɑːp ʃɛlf ",1
"ɐ sʌmɚɹ ɛntɚteɪnmənt ɐdʌlts kæn siː wɪðaʊt fiːlɪŋ ɛmbæɹəst , bʌt ɪt kʊdɐv bɪn moːɹ ",1
"bæd ɪz ðɪ ɑːpɚɹətɪv wɜːd fɔːɹ bæd kʌmpəni , ænd aɪ duː ɛnt miːn ðæt ɪn ɐ ɡʊd weɪ ",0
"sɪɹiəsli , ɹɛnt ðə dɪzni vɜːʒən ",0
ðɪ ɪmɜːsɪv paʊɚz ʌvðə dʒaɪənt skɹiːn ænd ɪts haɪpɚ ɹiːəlɪstɪk ɪmɪdʒᵻz ɑːɹ pʊt tə pɚfɛkt juːs ɪnðə bɹɛθteɪkɪŋli bjuːɾifəl aʊɾɚ speɪs dɑːkjuːmɛntɚɹi speɪs steɪʃən θɹiː diː ,1
"ɪt ɛs dɪfɪkəlt tʊ ɪmædʒɪn ðæɾə moːɹ kənfjuːzd , lɛs ɪntɹɛstɪŋ ænd moːɹ slɑːpɪli meɪd fɪlm kʊd pɑːsᵻbli kʌm daʊn ðə ɹoʊd ɪn tuː θaʊzənd tuː ",0
"æz ðeɪ juːzd tə seɪ ɪnðə naɪntiːnhʌndɹɪd fɪfti z saɪ faɪ muːvɪz , saɪnz ɪz ɐ tɹɪbjuːt tə ʃaɪɐmælæn ɛs ɡɪfts , wɪtʃ ɑːɹ sʌtʃ ðæt wiː ɛlɛl kiːp wɑːtʃɪŋ ðə skaɪz fɔːɹ hɪz nɛkst pɹɑːdʒɛkt ",1
ðɪ oʊnli peɪn juː ɛlɛl fiːl æz ðə kɹɛdɪts ɹoʊl ɪz jʊɹ stʌmək ɡɹʌmblɪŋ fɔːɹ sʌm teɪsti ɡɹʌb ,0
ɪn vɪʒuːəl fɜːtɪlᵻɾi tɹɛʒɚ plænɪt ɹaɪvəlz ðə tɑːp dʒæpəniːz ænɪmeɪʃənz ʌv ɹiːsənt vɪntɪdʒ ,1
"ɪf juː ɡoʊ , pæk jʊɹ nɪɾɪŋ niːdəlz ",0
"kɔːl miː ɐ koʊld hɑːɹɾᵻd kɜːmʌdʒən fɔːɹ nɑːt biːɪŋ eɪbəl tʊ ɛndʒɔɪ ɐ maɪndləs ækʃən muːvi , bʌt aɪ bᵻliːv ɐ muːvi kæn biː maɪndləs wɪðaʊt biːɪŋ ðə piːk ʌv ɔːl θɪŋz ɪnsɪpɪd ",0
"əʃʊɹd , vaɪɾəl ænd wɛl ɹɔːt , ðə fɪlm ɪz , ɑːɹɡjuːəbli , ðə moʊst ɐkɑːmplɪʃt wɜːk tə deɪt fɹʌm hɑːŋ kɑːŋ ɛs vɜːsətaɪl stænli kwæn ",1
"nɑːtwɪðstændɪŋ maɪ pɹɑːbləm wɪððə muːvi ɛs faɪnəl hæf aʊɚ , aɪ ɛm ɡoʊɪŋ tə ɹɛkəmɛnd sɛkɹətɹi , beɪst ɔnðə wʌndɚfəl æktɪŋ klɪnɪk pʊt ɔn baɪ speɪdɚ ænd dʒɪlənhɑːl , ænd ɔːlsoʊ ðə juːniːk weɪ ʃeɪnbɜːɡ ɡoʊz ɐbaʊt tɛlɪŋ wʌt æt hɑːɹt ɪz ɐ swiːt lɪɾəl ɡɜːl ",1
ðə bɪɡ ɛndɪŋ sɚpɹaɪz ɔːlmoʊst seɪvz ðə muːvi ,1
"ɐn ɪl kənsiːvd dʒʌmbəl ðæt ɛs nɑːt skɛɹi , nɑːt smɑːɹt ænd nɑːt ɛŋɡeɪdʒɪŋ ",0
wʌt wiː ɡɛt ɪn fɪɹdətkɑːm ɪz moːɹ laɪk sʌmθɪŋ fɹʌm ɐ bæd klaɪv bɑːɹkɚ muːvi ,0
"tuː mʌtʃ ʌvðə muːvi fiːlz kəntɹaɪvd , æz ɪf ðə fɪlmeɪkɚz wɜː wʌɹid ðə stoːɹi wʊd ɛnt wɜːk wɪðaʊt ɔːl ðoʊz ɡɪmɪks ",0
"ɔːstɪn paʊɚz ɪn ɡoʊldmɛmbɚɹ ɪz ɐ sɪnɪmæɾɪk kɑːɹ ɹɛk , ɐ kæɾəstɹɑːfɪk kəlɪʒən ʌv teɪstləsnəs ænd ɡɔːl ðæt nɛvɚðəlɛs wɪl liːv fænz klæmɚɹɪŋ fɔːɹ ɐnʌðɚ ɹaɪd ",0
"nɛɹ ɛs kæst ɪz soʊ lɑːɹdʒ ɪt ɛs ɔːltmən ɛsk , bʌt ʃiː dɛftli spɪnz ðə mʌltɪpəl stoːɹiz ɪn ɐ vaɪbɹənt ænd ɪntɑːksᵻkeɪɾɪŋ fæʃən ",1
ɛlɑːɹbiː tiː ɑːɹɹɑːɹbiː uː mɛnɪəv ðiːz ɡɹoʊs aʊt siːnz ,0
ɐn ɚɹɪdʒɪnəl ænd haɪli sɚɹiːbɹəl ɛɡzæmᵻneɪʃən ʌvðə saɪkoʊpæθɪk maɪnd ,1
"wɛn ɪt kʌmz aʊt ɔn vɪdɪoʊ , ðɛn ɪt ɛs ðə pɜːfɛkt kjʊɹ fɔːɹ ɪnsɑːmniə ",0
"kɪlɪŋ taɪm , ðæt ɛs ɔːl ðæt ɛs ɡoʊɪŋ ɔn hɪɹ ",0
ɪt ɛs ɐn ɛkspiəɹɪəns ɪn ʌndɚstændɪŋ ɐ juːniːk kʌltʃɚ ðæt ɪz pɹɪzɛntᵻd wɪð juːnɪvɜːsəl ɐpiːl ,1
"ɪf juː laɪk piːs , juː ɛlɛl laɪk pɹɑːmɪsᵻz ",1
ðə daɪəlɑːɡ ɪz vɛɹi tʃɑːpi ænd mɑːnoʊsɪlæbɪk dᵻspaɪt ðə fækt ðɐɾɪt ɪz biːɪŋ dʌbd ,0
ɐ pɜːfɛktli plɛzənt ɪf slaɪtli poʊki kɑːmədi ,1
ðə pɚfoːɹmənsᵻz ɑːɹ juːnɪfɔːɹmli ɡʊd ,1
"ɪt wʊd ɛnt mæɾɚ soʊ mʌtʃ ðæt ðɪs æɹəɡənt ɹɪtʃɚd pɹaɪɚ wɑːnɐbiː ɛs ɹuːtiːn ɪz əfɛnsɪv , pjuːɹəl ænd ʌnɪmædʒɪnətɪvli faʊl maʊðd ɪf ɪt wʌz æt liːst fʌni ",0
"ɪf ðə fɪlm feɪlz tə fʊlfɪl ɪts oʊn æmbɪʃəs ɡoʊlz , ɪt nʌnðəlɛs səsteɪnz ɪntɹɛst dʊɹɹɪŋ ðə lɔŋ bɪld ʌp ʌv ɛkspɑːzɪtoːɹi mətɪɹiəl ",1
"mɜːdɚɹəs meɪdz hɐz ɐ lɑːt ɡoʊɪŋ fɔːɹ ɪt , nɑːt liːst ðə bɹɪliənt pɚfoːɹmənsᵻz baɪ tɛstʌd ænd pɑːɹməntiɚ ",1
"fɔːɹ ɔːl ɪts soʊʃəl ænd pəlɪɾɪkəl pətɛnʃəl , steɪt pɹɑːpɚɾi dʌz ɛnt ɛnd ʌp biːɪŋ vɛɹi ɪnspaɪɚɹɪŋ ɔːɹ ɪnsaɪtfəl ",0
"ðə sɜːtʃ fɔːɹ ɹᵻdɛmpʃən meɪks fɚɹə tʌtʃɪŋ lʌv stoːɹi , meɪnli bɪkʌz blæntʃɪt ænd ɹɪbɪsi kəmpɛlɪŋli tæp ɪntʊ ɐ spɪɹɪtʃuːəl æspɛkt ʌv ðɛɹ kæɹɪktɚz sʌfɚɹɪŋ ",1
ʌnwiːldi kəntɹæpʃən ,0
"baɪ ænd lɑːɹdʒ ðɪs ɪz mɪstɚ kɪlmɜː ɛs muːvi , ænd ɪt ɛs hɪz stɹɔŋɡɪst pɚfoːɹməns sɪns ðə doːɹz ",1
ɐ sʌb fɔːɹmjʊleɪɪk slæp ɪnðə feɪs tə siːzənəl tʃɪɹ ,0
fɛɹəl ænd ʌŋkʌmftəbəl ,0
wʌn ʌv ðoʊz dʒɔɪəs fɪlmz ðæt liːps oʊvɚ næʃənəl baʊndɚɹiz ænd sɛləbɹeɪts juːnɪvɜːsəl hjuːmən neɪtʃɚ ,1
ɛlɑːɹbiː ɐ ɑːɹɹɑːɹbiː kɹʌʃɪŋ dɪsɐpɔɪntmənt ,0
aɪ laɪk maɪ kɹɪsməs muːvɪz wɪð moːɹ ɛlvz ænd snoʊ ænd lɛs pɪmps ænd hoʊ ɛs ,0
siːmz laɪk sʌmwʌn ɡoʊɪŋ θɹuː ðə moʊʃənz ,0
"dᵻspaɪt tɚɹɪfɪk spɛʃəl ɪfɛkts ænd fʌnɪɚ ɡæɡz , hæɹi pɑːɾɚ ænd ðə tʃeɪmbɚɹ ʌv siːkɹᵻts faɪndz ɐ weɪ tə meɪk dʒeɪ keɪ ɹaʊlɪŋ ɛs mɑːɹvələs sɪɹiz ɪntʊ ɐ dɛdli boːɹ ",0
"fænz ʌv plɪmptən ɛs ʃɔːɹts meɪ mɑːɹdʒɪnəli ɛndʒɔɪ ðə fɪlm , bʌt ɪɾ ɪz daʊtfəl ðɪs lɪstləs fiːtʃɚ wɪl wɪn hɪm ɛni nuː vjuːɚz ",0
ɐ θɔːtfəl wʌt ɪf fɚðə hɑːɹt æz wɛl æz ðə maɪnd ,1
"ðɪ ɐtɹækʃən bᵻtwiːn ðiːz tuː mɑːɹdʒɪnəl kæɹɪktɚz ɪz kɑːmplɛks fɹʌmðə stɑːɹt ænd , ɹᵻfɹɛʃɪŋli , steɪz ðæt weɪ ",1
"ðə pɹədʌkʃən hɐzbɪn meɪd wɪð ɐn ɪnoːɹməs ɐmaʊnt ʌv ɐfɛkʃən , soʊ wiː bᵻliːv ðiːz kæɹɪktɚz lʌv iːtʃ ʌðɚ ",1
"ɹæmseɪ səksiːdz pɹaɪmɛɹᵻli wɪð hɜː tɪpɪkəl blɛnd ʌv ʌnsɛɾəlɪŋ ætməsfɛɹɪks , dᵻlɪvɚɹɪŋ ɐ sɪɹiz ʌv ɐbɹeɪsɪv , staɪlaɪzd siːkwənsᵻz ðæt bɜːn ðɛmsɛlvz əpɑːn ðə vjuːɚ ɛs mɛmɚɹi ",1
ðɪs muːvi sʌks ,0
ɐn aɪdiəl lʌv stoːɹi fɔːɹ ðoʊz ɪntɑːlɚɹənt ʌvðə moːɹ kɑːmən sækɚɹɪn ʒɑːnɹə ,1
"ɐ blænd , pɹɪtɛnʃəs mɛs ",0
"ðə fɪlm nɛvɚ ɹaɪzᵻz əbʌv ɐ kənvɛnʃənəl , tuː dᵻmɛnʃən teɪl ",0
ɔːltɜːnətli fɹʌstɹeɪɾɪŋ ænd ɹᵻwɔːɹdɪŋ ,1
"ɪf ɪt hɐdbɪn oʊnli hæf ɐn aʊɚ lɔŋ ɔːɹ ɐ tiːviː spɛʃəl , ðə hjuːmɚ wʊdhɐv bɪn fæst ænd fjʊɹɹiəs æt naɪnti mɪnɪts , ɪt dɹæɡz ",0
"ɐ suːpɜːfluːəs siːkwəl pleɪɡd baɪ ðæt oʊld fəmɪlɪɹ fiːlɪŋ ʌv lɛt ɛs ɡɛt ðɪs θɪŋ oʊvɚ wɪð ɛvɹɪwʌn hɐz ʃoʊn ʌp æt ðɪ ɐpɔɪntᵻd taɪm ænd pleɪs , bʌt vɪzᵻbəl ɛnθuːziæzəm ɪz maɪɾi hɑːɹd tə faɪnd ",0
"sɛts ænɪmeɪʃən bæk θɜːɾi jɪɹz , mjuːzɪkəlz bæk foːɹɾi jɪɹz ænd dʒuːdeɪɪzəm bæk æt liːst fɪfti ",0
ɐ lɪstləs ænd dɛsəltɚɹi ɐfɛɹ ,0
ɐ wɑːnɐbiː kɑːmədi ʌv mænɚz ɐbaʊt ɐ bɹeɪni pɹɛp skuːl kɪd wɪð ɐ mɪsɪz ɹɑːbɪnsən kɑːmplɛks faʊndɚz ɔn ɪts oʊn pɹɛʃəsnəs ænd skwɑːndɚz ɪts bjuːɾifəl wɪmɪn ,0
nʌθɪŋ ɐbaʊt ðɛm ɪz ɐtɹæktɪv ,0
mænɪdʒᵻz təbi boʊθ hjuːdʒli ɛntɚteɪnɪŋ ænd ʌplɪftɪŋ ,1
"viəɹə hɐz kɹiːeɪɾᵻd ɐ pɹəvɑːkətɪv , ɐbsoːɹbɪŋ dɹɑːmə ðæt ɹᵻviːlz ðə kɜːs əvə sɛlf heɪtɹɪd ɪnstɪld baɪ ɹɪdʒɪd soʊʃəl moːɹz ",1
ðə pɚfoːɹmənsᵻz ɑːɹ ɐn æbsəluːt dʒɔɪ ,1
ðɪs sᵻdʌktɪv tiːz əvə θɹɪlɚ ɡɛts ðə dʒɑːb dʌn ,1
"laɪk ɔːl ɡɹeɪt fɪlmz ɐbaʊt ɐ laɪf juː nɛvɚ nuː ɛɡzɪstᵻd , ɪɾ ɔfɚz mʌtʃ tʊ ɐbsoːɹb ænd iːvən moːɹ tə θɪŋk ɐbaʊt æftɚ ðə faɪnəl fɹeɪm ",1
"ɪɾ ɪz ɐ stɹɛŋθ əvə dɑːkjuːmɛntɚɹi tə dɪsɹɪɡɑːɹd ɐveɪləbəl baɪəs , ɪspɛʃəli æz tɛmptɪŋli iːzi æz ɪt wʊdhɐv bɪn wɪð ðɪs pɹɛmɪs ",1
"ɪt ɛs fʌni ænd hjuːmən ænd ɹiəli pɹɪɾi dæmd wʌndɚfəl , ɔːl ɐtwʌns ",1
"ɛlɑːɹbiː swɪmfən ɑːɹɹɑːɹbiː fɔːlz vɪktɪm tə slɑːpi plɑːɾɪŋ , ɐn ɪnsʌltɪŋli ʌnbᵻliːvəbəl faɪnəl ækt ænd ɐ vɪleɪnəs huː ɪz tuː kɹeɪzi təbi ɪntɹɛstɪŋ ",0
"luːsli spiːkɪŋ , wiː ɹiː ɪn ɔːl ʌv miː tɛɹɪtoːɹi ɐɡɛn , ænd , stɹɪktli spiːkɪŋ , ʃneɪdɚɹ ɪz noʊ stiːv mɑːɹtɪn ",0
pɹɪdɪktəbli mɛlədɹɐmæɾɪk ,0
ɹʌʃən ɑːɹk ɪz ɐ nuː tɹɛʒɚɹ ʌvðə hɜːmɪɾɪdʒ ,1
haɪli ɛŋɡeɪdʒɪŋ ,1
"æntwʌn fɪʃɚ sɜːʔn̩li dʌz ðə tɹɪk ʌv meɪkɪŋ ʌs kɛɹ ɐbaʊt ɪts pɹoʊɾɐɡənɪst ænd sɛləbɹeɪt hɪz vɪktɚɹiz bʌt , wɪð fjuː ɛksɛpʃənz , ɪt ɹɛɹli stuːps tə tʃiːp mənɪpjʊleɪʃən ɔːɹ kɔːɹni kənvɛnʃənz tə duː ɪt ",1
ðə hoʊl tɔːkɪŋ ænɪməl θɪŋ ɪz ɡɹɪsli ,0
ðɪ ɛntaɪɚ muːvi ɪz soʊ fɔːɹmjʊleɪɪk ænd fɚɡɛɾəbəl ðɐɾɪt ɛs hɑːɹdli oʊvɚ bᵻfoːɹ ɪt bɪɡɪnz tə feɪd fɹʌm mɛmɚɹi ,0
moːɹ ɐ ɡʌnfɪst ðænɚ ɹɑːk kɑːnsɚt ,0
ɪf juː kæn swɔloʊ ɪts ɐbsɜːdᵻɾiz ænd kɹuːdᵻɾiz læɡɑːn ɹiəli ɪz ɪnoːɹməsli ɡʊd fʌn ,1
hɐz ɪts moʊmənts ænd ɔːlmoʊst æz mɛni sʌbplɑːts ,1
ɐ dᵻɹɪvətɪv kəlɛkʃən ʌv hɔɹɚ ænd saɪ faɪ kliːʃeɪᵻz ,0
wʌt ɛs nɛkst ? ,1
"nɛlsən ɛs ɪntɛnʃənz ɑːɹ ɡʊd , bʌt ðɪ ɛnd ɹɪzʌlt dʌz noʊ dʒʌstɪs tə ðə stoːɹi ɪtsɛlf ",0
"tuːhaɪ ɛs ɐ ɡʊd jɑːɹn spɪnɚ , ænd ʌltᵻmətli ðə stoːɹi kəmpɛlz ",1
"ɐn ɛnθɹɔːlɪŋ ɛsθɛɾɪk ɛkspiəɹɪəns , wʌn ðæt ɛs stiːpt ɪn mɪstɚɹi ænd ɐ ɹævɪʃɪŋ , bɚɹoʊk bjuːɾi ",1
ɐɡɹɛsɪv sɛlf ɡloːɹɪfɪkeɪʃən ænd ɐ mənɪpjʊlətɪv waɪtwɑːʃ ,0
feɪlz tə kənvɪns ðɪ ɔːdiəns ðæt ðiːz bɹæts wɪl ɛvɚ biː ɛnɪθɪŋ moːɹ ðɐn luːzɚz ,0
"hæɾəsi poːɹtɹeɪz jʌŋ bɹɛndən wɪð hɪz juːʒuːəl ɪntɛlɪdʒəns ænd sʌɾəlɾi , nɑːt tə mɛnʃən ɐ kənvɪnsɪŋ bɹoʊɡ ",1
"wɑːʃɪŋtən oʊvɚkʌmz ðə skɹɪpt ɛs flɔːz ænd ɛnvɛləps ðɪ ɔːdiəns ɪn hɪz kæɹɪktɚ ɛs æŋɡwɪʃ , æŋɡɚɹ ænd fɹʌstɹeɪʃən ",1
mæɹaɪə kɛɹi ɡɪvz ʌs ɐnʌðɚ piːk æt sʌm ʌvðə mædʒɪk wiː sɔː ɪn ɡlɪɾɚ hɪɹ ɪn waɪsɡɜːlz ,1
vɛɹi stuːpɪd ænd ɐnɔɪɪŋ ,0
"ɐn ɛmpti ɛksɚsaɪz , ɐ flɔːɹɪd bʌt ʌltᵻmətli væpɪd kɹaɪm mɛlədɹɑːmə wɪð lɑːts ʌv sɜːfɪs flæʃ bʌt lɪɾəl ɪmoʊʃənəl ɹɛzənəns ",0
"ðə skɹɪpt ɪz ɐ taɪɚd wʌn , wɪð fjuː moʊmənts ʌv dʒɔɪ ɹaɪzɪŋ əbʌv ðə steɪl mətɪɹiəl ",0
ɪt ɛs ɐ deɪ æt ðə biːtʃ wɪð ɛɹ kəndɪʃənɪŋ ænd pɑːpkɔːɹn ,1
meɪk laɪk ðə taɪɾəl ænd dɑːdʒ ðɪswʌn ,0
ɔfən ʃɑːkɪŋ bʌt ʌltᵻmətli wɜːθwaɪl ɛksploːɹeɪʃən ʌv mʌðɚhʊd ænd dɛspɚɹət mʌðɚz ,1
ðə laʊsi dʒɑːn kjuː ɔːl bʌt spɪts aʊt dɛnzəl wɑːʃɪŋtən ɛs faɪn pɚfoːɹməns ɪnðə taɪɾəl ɹoʊl ,0
bʌt ɪt ɛs sɚpɹaɪzɪŋli hɑːɹmləs ,1
"əfɪʃəli , ɪɾ ɪz twaɪs æz bɛstjəl bʌt hæf æz fʌni ",0
ɐ fɪlm ðæt sʌfɚz bɪkʌz ʌv ɪts mɛni ɛksɛsᵻz ,0
ɐ kwaɪətli muːvɪŋ lʊk bæk æt wʌt ɪt wʌz təbi ɪɹeɪniən ɐmɛɹɪkən ɪn naɪntiːnhʌndɹɪd sɛvənti naɪn ,1
ðə liːdz wiː ɑːɹ ɡɪvən hɪɹ ɑːɹ sɪmpli tuː blænd təbi ɪntɹɛstɪŋ ,0
stæɡɚz bᵻtwiːn flæsɪd sæɾaɪɚ ænd wʌt ɪz səpoʊzd təbi mædkæp fɑːɹs ,0
"ɐ dɪstɪŋktli maɪnɚɹ ɛfɚt ðæt wɪl biː siːn tə bɛɾɚɹ ɐdvæntɪdʒ ɔn keɪbəl , ɪspɛʃəli kənsɪdɚɹɪŋ ɪts bɛɹli fiːtʃɚ lɛŋθ ɹʌnɪŋ taɪm ʌv wʌn aʊɚ ",0
"ɐ kɑːmpɪtənt , ʌnpɹɪtɛnʃəs ɛntɚteɪnmənt dɛstɪnd tə fɪl ðɪ æftɚ skuːl slɑːt æt ʃɑːpɪŋ mɔːl θiəɾɚz əkɹɑːs ðə kʌntɹi ",1
"fʌŋkʃənz æz boʊθ ɐ ɹᵻviːlɪŋ lʊk æt ðə kəlæbɹətɪv pɹɑːsɛs ænd ɐ taɪmli , tʌŋ ɪn tʃiːk pɹoʊfaɪl ʌvðə kɔːɹpɚɹət sɜːkəs ðæt ɪz ðə ɹᵻkoːɹdɪŋ ɪndʌstɹi ɪnðə kɜːɹənt klaɪmət ʌv mɜːdʒɚz ænd daʊnsaɪzɪŋ ",1
"ɹeɪn ʌv faɪɚɹ ɪz hɑːɹdli ðə moʊst ɚɹɪdʒɪnəl fæntəsi fɪlm ɛvɚ meɪd bᵻjɔnd ɹoʊd wɔːɹɪɚ , ɪɾ oʊz ɪnoːɹməs dɛts tʊ eɪliənz ænd ɛvɹi pɹiːviəs dɹæɡən dɹɑːmə bʌt ðæt bɛɹli meɪks ɪɾ ɛni lɛs ɛntɚteɪnɪŋ ",1
ðə kɑːmədi dɛθ tə smuːtʃi ɪz ɐ ɹæŋkɚɹəs kjʊɹɹɪɔsᵻɾi ɐ muːvi wɪðaʊt ɐn ɐpæɹənt ɔːdiəns ,0
tɜːnz ɐ pətɛnʃəli ɪntɹɛstɪŋ aɪdiə ɪntʊ ɐn ɛkskɹuːʃɪeɪɾɪŋ fɪlm skuːl ɛkspiəɹɪəns ðæt pleɪz bɛɾɚɹ oʊnli fɚðə fɪlm ɛs pʌblɪsɪsts ɔːɹ fɔːɹ piːpəl huː teɪk æz mɛni dɹʌɡz æz ðə fɪlm ɛs kæɹɪktɚz ,0
wʌn ʌv ðoʊz stɹeɪnd keɪpɚ muːvɪz ðæt ɛs hɑːɹdli ɛni fʌn tə wɑːtʃ ænd bɪɡɪnz tə veɪpɚɹaɪz fɹʌm jʊɹ mɛmɚɹi mɪnɪts æftɚɹ ɪɾ ɛndz ,0
ðɛɹ ɛs noʊ dᵻnaɪɪŋ ðæt bɜːnz ɪz ɐ fɪlmeɪkɚ wɪð ɐ bɹaɪt fjuːtʃɚɹ ɐhɛd ʌv hɪm ,1
ɐ fɪlm ðæt luːzᵻz saɪt ʌv ɪts oʊn stoːɹi ,0
"wɛɹ tɑːm ɡɹiːn steɪdʒᵻz hɪz ɡæɡz æz ɐsɔlts ɔn ɐmɛɹɪkə ɛs niː dʒɜːk mɔːɹəl sæŋktɪməni , dʒækæs læks æspɚɹeɪʃənz ʌv soʊʃəl ʌphiːvəl ",0
"ðiːz sɛlf staɪld æθliːts hæv bæŋɡd ðɛɹ bɹeɪnz ɪntʊ ðə ɡɹaʊnd soʊ fɹiːkwəntli ænd fjʊɹɹiəsli , ðɛɹ kəpæsᵻɾi tʊ ɛkspleɪn ðɛmsɛlvz hɐz ɡɔn ðə seɪm weɪ æz ðɛɹ nætʃɚɹəl ɪnstɪŋkt fɔːɹ sɛlf pɹɛzɚveɪʃən ",0
ɐ fæsᵻneɪɾɪŋ dɑːkjuːmɛntɚɹi ɐbaʊt ðə lɔŋ ænd ᵻvɛntfəl spɪɹɪtʃuːəl dʒɜːni ʌvðə ɡjʊɹɹuː huː hɛlpt lɑːntʃ ðə nuː eɪdʒ ,1
ðə fɪlm hɐz ðə kɜːɹɪdʒ ʌv ɪts kənvɪkʃənz ænd ɛksələnt pɚfoːɹmənsᵻz ɔn ɪts saɪd ,1
"ɐ laʊd , ʌɡli , ɪɹᵻteɪɾɪŋ muːvi wɪðaʊt ɛni ʌv ɪts sɐtɪɹɪkəl sælvoʊz hɪɾɪŋ ɐ dɪsɜːnᵻbəl tɑːɹɡɪt ",0
ðɛɹ ɛs plɛnti tʊ ɪmpɹɛs ɐbaʊt iː tiː ,1
"ðə piənɪst ɛlɑːɹbiː ɪz ɑːɹɹɑːɹbiː ɐ suːpɹiːmli hoʊpfəl kɔːʃənɛɹi teɪl ʌv wɔːɹ ɛs mædnəs ɹᵻmɛmbɚd ðæt wiː , tədeɪ , kæn pɹɪvɛnt ɪts tɹædʒɪk weɪst ʌv laɪf ",1
tɑːpɪks ðæt kʊd meɪk ɐ seɪlɚ blʌʃ bʌt lɑːts ʌv læfs ,1
"nɛvɚ dᵻsaɪdz wɛðɚɹ ɪt wɔnts təbi ɐ blæk kɑːmədi , dɹɑːmə , mɛlədɹɑːmə ɔːɹ sʌm kɑːmbᵻneɪʃən ʌvðə θɹiː ",0
hɐz ðə ɹɛɹ keɪpəbɪlᵻɾi tə suːð ænd bɹeɪk jʊɹ hɑːɹt wɪð ɐ sɪŋɡəl stɹoʊk ,1
"ɐ kənvɛnʃənəl , bʌt wɛl kɹæftᵻd fɪlm ɐbaʊt ɐ hɪstɔːɹɪk liːɡəl bæɾəl ɪn aɪɚlənd oʊvɚɹ ɐ mæn ɛs ɹaɪt tə ɹeɪz hɪz oʊn tʃɪldɹən ",1
ðoʊz twɛnti foːɹ ænd ʌndɛɹz lʊkɪŋ fɔːɹ ðɛɹ oʊn kædɪʃæk tʊ ɐdɑːpt æz ɐ dʒɛnɚɹeɪʃənəl saɪnpoʊst meɪhɐv tə kiːp ɔn lʊkɪŋ ,0
"sædli , ɡɑːɹθ hɐz ɛnt pɹəɡɹɛst æz naɪsli æz weɪn ",0
"ðə stoːɹi ʌv tɹʌbəl ɛvɹi deɪ ɪz soʊ skɛtʃi ɪɾ ɐmaʊnts tə lɪɾəl moːɹ ðɐn pɹɪlɪmɪnɛɹi noʊts fɚɹə saɪəns fɪkʃən hɔɹɚ fɪlm , ænd ðə muːvi ɛs fɹæɡmɛntɚɹi næɹətɪv staɪl meɪks piːsɪŋ ðə stoːɹi təɡɛðɚ fɹʌstɹeɪɾɪŋ dɪfɪkəlt ",0
ɛlɑːɹbiː tiː ɑːɹɹɑːɹbiː hiː aɪdiəz ʌv ɹɛvəluːʃən naɪn ɑːɹ moːɹ kəmpɛlɪŋ ðɐn ðɪ ɛksɪkjuːʃən ,0
"moʊst əv ðɪ ɪnfɚmeɪʃən hɐz ɔːlɹɛdi ɐpɪɹd ɪn wʌn foːɹəm ɔːɹ ɐnʌðɚɹ ænd , noʊ mæɾɚ haʊ bɹuːmfiːld dɹɛsᵻz ɪɾ ʌp , ɪt tɛndz tə spɛkjʊleɪʃən , kənspɪɹəsi θiəɹiz ɔːɹ , æt bɛst , sɜːkəmstænʃəl ɛvɪdəns ",0
kənsɪdɚ ðə fɪlm ɐ sɛljuːlɔɪd lɪtməs tɛst fɚðɪ ɪntəlɛktʃuːəl ænd ɪmoʊʃənəl pɛdɪɡɹiː ʌv jʊɹ deɪt ænd ɐ dʒaɪənt stɛp bækwɚd fɚɹə dᵻɹɛktɚɹ aɪ ɐdmaɪɚ ,0
"ɪmædʒɪn ɛlɑːɹbiː ɪf pɑːsᵻbəl ɑːɹɹɑːɹbiː ɐ pæsəliːni fɪlm wɪðaʊt pæʃən ɔːɹ pɑːlətɪks , ɔːɹ ɐn ɔlmədɑːvɑːɹ muːvi wɪðaʊt bjuːɾi ɔːɹ hjuːmɚ , ænd juː hæv sʌm aɪdiə ʌvðə ɡlʌm , nʌm ɛkspiəɹɪəns ʌv wɑːtʃɪŋ oʊ fæntæzmə ",0
dʒʌst pleɪn bæd ,0
"ɔːlðoʊ ɪt tɹaɪz təbi mʌtʃ moːɹ , ɪt ɛs ɹiəli dʒʌst ɐnʌðɚ meɪdʒɚ liːɡ ",0
"wɛn ðə skɹiːnɹaɪɾɚ ɹᵻspɑːnsᵻbəl fɔːɹ wʌn ʌvðə wɜːst muːvɪz ʌv wʌn jɪɹ dᵻɹɛkts ɐn iːkwəli mɪzɹəbəl fɪlm ðə fɑːloʊɪŋ jɪɹ , juː diː hæv ɐ hɑːɹd taɪm bᵻliːvɪŋ ɪt wʌz dʒʌst koʊɪnsɪdəns ",0
ðɪ ɛntaɪɚ muːvi ɪstæblɪʃᵻz ɐ wʌndɚfəli kɹiːpi muːd ,1
"dᵻɹɛktɚɹ ᵻlaɪ tʃaʊɚɹækwi , huː koʊ ɹoʊt ðə skɹɪpt , kætʃᵻz ðə keɪɑːɾɪk hɔɹɚɹ ʌv wɔːɹ , bʌt waɪ bɑːðɚ ɪf juː ɹiː ɡoʊɪŋ tə sʌbdʒuːɡeɪt tɹuːθ tə ðə tɪɹ dʒɜːkɪŋ dᵻmændz ʌv soʊp ɑːpɚɹə ? ",0
ðɪs ɪz ɐ muːvi soʊ ɪnsᵻkjʊɹ ɐbaʊt ɪts kəpæsᵻɾi tʊ ɛksaɪt ðɐɾɪt tʃɜːnz ʌp nɑːt wʌn bʌt tuː fleɪɡɹəntli feɪk θʌndɚstoːɹmz tʊ ʌndɚskoːɹ ðɪ ækʃən ,0
"ɪf aɪ wɔnt mjuːzɪk , aɪ ɛlɛl baɪ ðə saʊndtɹæk ",0
ðɪs muːvi hɐz ðə juːʒuːəl ɪmpɑːsᵻbəl stʌnts bʌt ɪt hɐz dʒʌst æz mɛni siːnz ðæt ɑːɹ liːn ænd tʌf ɪnʌf tə fɪt ɪn ɛni mɑːdɚn ækʃən muːvi ,1
sʌmtaɪmz meɪks lɛs sɛns ðɐn ðə bɹʌkheɪmɚɹɛsk ɐmɛɹɪkən ækʃən flɪks ɪɾ ɛmjʊleɪts ,0
"æz ɐ fɪlm dᵻɹɛktɚ , læbjuːt kəntɪnjuːz tʊ ɪmpɹuːv ",1
ɐ dɑːɹk kɑːmədi ðæt ɡoʊz fɔːɹ sɪk ænd dᵻmɛntᵻd hjuːmɚ sɪmpli tə duː soʊ ,0
leɪzili dᵻɹɛktᵻd baɪ tʃɑːɹlz stoʊn ɹoʊmən θɹiː fɹʌm ɐ lɛdən skɹɪpt baɪ mæθjuː sɜːɹəlnɪk ænd nɑːvɪlɪst θjʊlɑːni deɪvɪs ,0
"ðə daɪəlɑːɡ ɪz kʌmbɚsʌm , ðə sɪmpɚɹɪŋ saʊndtɹæk ænd ɛdɪɾɪŋ moːɹ soʊ ",0
ðɪs ɪz ɐ fɪlm lɪvɪŋ fɑːɹ tuː mʌtʃ ɪn ɪts oʊn hɛd ,0
"pæskeɪl beɪli ɛs ɹɑːm kɑːm pɹəvaɪdz æm laɪ ɛs ɔːdɹi tɔːɾuː wɪð ɐnʌðɚ fæbjʊluː dɛstɪn aɪ iː , ɐ beɪnəl spɪɹɪtʃuːəl kwɛst ",0
piː tiː ændɚsən ʌndɚstændz ðə ɡɹændnəs ʌv ɹoʊmæns ænd haʊ lʌv ɪz ðə ɡɹeɪt iːkwəlaɪzɚ ðæt kæn kɑːm ʌs ʌv aʊɚ deɪli ɪlz ænd bɹɪŋ aʊt dʒɔɪz ɪn aʊɚ laɪvz ðæt wiː nɛvɚ nuː wɜː pɑːsᵻbəl ,1
ɪmædʒɪn oʊ hɛnɹi ɛs ðə ɡɪft ʌvðə meɪdʒaɪ ɹᵻloʊkeɪɾᵻd tə ðə skʌzi ʌndɚbɛli ʌv nɪk ɛs dɹʌɡ siːn ,0
"aɪ duː ɛnt noʊ ɪf fɹeɪlti wɪl tɜːn bɪl pækstən ɪntʊ ɐn ɐ lɪst dᵻɹɛktɚ , bʌt hiː kæn ɹɛst kəntɛntᵻdli wɪððə nɑːlɪdʒ ðæt hiː ɛs meɪd æt liːst wʌn dæm faɪn hɔɹɚ muːvi ",1
"lɑːɹdʒ bʌdʒɪt nɑːtwɪðstændɪŋ , ðə muːvi ɪz sʌtʃ ɐ blɪp ɔnðə jɪɹ ɛs ɹeɪdɑːɹ skɹiːn ðɐɾɪt ɛs tɛmptɪŋ dʒʌst tə ɡoʊ wɪð ɪt fɚðə ɹaɪd ",1
"fɹeɪlti ɔfɚz tʃɪlz mʌtʃ laɪk ðoʊz ðæt juː ɡɛt wɛn sɪɾɪŋ ɚɹaʊnd ɐ kæmpfaɪɚɹ ɚɹaʊnd mɪdnaɪt , tɛlɪŋ kɹiːpi stoːɹiz tə ɡɪv iːtʃ ʌðɚ ðə wɪliz ",1
dᵻspaɪt mɑːdɪst æspɚɹeɪʃənz ɪts əkeɪʒənəl tʃɑːɹmz ɑːɹ nɑːt təbi dɪsmɪst ,1
"ɛni ɹiːzənəbli kɹiːeɪɾɪv eɪtθ ɡɹeɪdɚ kʊdɐv ɹɪʔn̩ ɐ moːɹ kɹɛdɪbəl skɹɪpt , ðoʊ wɪððə seɪm nʌmbɚɹ ʌv kɑːntɪnjuːᵻɾi ɛɹɚz ",0
"ɡoʊ , ɡɜːlz , ɹaɪt daʊn ðə ɹɪælᵻɾi dɹeɪn ",0
stæɡɚɹɪŋli dɹɛdfəl ɹoʊmæns ,0
"ɐ smɑːɹt , kəmpɛlɪŋ dɹɑːmə ",1
"θɔːtləs , ɹændəm , suːpɚfɪʃəl hjuːmɚ ænd ɐ lɑːt ʌv vɛɹi bæd skaʊs æksənts ",0
ðɛɹ ɛs ɪnʌf kuːl fʌn hɪɹ tə wɔːɹm ðə hɑːɹts ʌv ænɪmeɪʃən ɛnθuːziæsts ʌv ɔːl eɪdʒᵻz ,1
dᵻlɪʃəsli sloʊ ,1
"ðə pɹɑːbləm , ɐmeɪzɪŋli ɪnʌf , ɪz ðə skɹiːnpleɪ ",0
ɔfɚz ɐn ɪntɹɛstɪŋ lʊk æt ðə ɹæpɪdli tʃeɪndʒɪŋ feɪs ʌv beɪdʒɪŋ ,1
"sɜːʔn̩li ɐn ɛntɚteɪnɪŋ ɹaɪd , dᵻspaɪt mɛni tɔːki , sloʊ siːnz ",1
ɐn ɛskeɪpɪst kənfɛkʃən ðæt ɛs pjʊɹ ɛntɚteɪnmənt ,1
ɐn ɐmjuːzd ɪndaɪtmənt ʌv dʒæɡləm ɛs oʊn pɹəfɛʃən ,1
soʊ ɐɡɹɛsɪvli tʃɪɹi ðæt pɑːlɪɑːnə wʊd ɹiːtʃ fɚɹə bɑːɹf bæɡ ,0
"ɐ wɜːði aɪdiə , bʌt ðɪ ʌnɪnspaɪɚd skɹɪpts , æktɪŋ ænd dᵻɹɛkʃən nɛvɚ ɹaɪz əbʌv ðə lɛvəl əvən æftɚ skuːl tiːviː spɛʃəl ",0
"bjuːɾɪfəli ʃɑːt , dɛlᵻkətli skoːɹd ænd paʊɚd baɪ ɐ sɛt ʌv hɑːɹtfɛlt pɚfoːɹmənsᵻz , ɪt ɛs ɐ lɪɹɪkəl ɛndɛvɚ ",1
pɑːmpəs ænd ɡɑːɹbəld ,0
ðɛɹ ɛs ɐ hoʊl hiːp ʌv nʌθɪŋ æt ðə koːɹ ʌv ðɪs slaɪt kʌmɪŋ ʌv eɪdʒ kʌmɪŋ aʊt teɪl ,0
fɔːɹ ɔːl ɪts pɹɑːbləmz ðə leɪdi ænd ðə duːk sɚpɹaɪzɪŋli mænɪdʒᵻz nɛvɚ tə ɡɹoʊ boːɹɪŋ wɪtʃ pɹuːvz ðæt ɹoʊmɚ stɪl hɐz ɐ sɛns ʌv hɪz ɔːdiəns ,1
"ðə sɔltən siː hɐz moʊmənts ʌv ɪnspaɪɚd hjuːmɚ , ðoʊ ɛvɹi skɹæp ɪz ʌvðə dɑːɹkɪst vɚɹaɪəɾi ",1
"ɐ tʌtʃɪŋ , səfɪstᵻkeɪɾᵻd fɪlm ðæt ɔːlmoʊst siːmz laɪk ɐ dɑːkjuːmɛntɚɹi ɪnðə weɪ ɪt kæptʃɚz ɐn ɪtæliən ɪmɪɡɹənt fæmɪli ɔnðə bɹɪŋk ʌv meɪdʒɚ tʃeɪndʒᵻz ",1
"ɪɾ ɪz suːpɹiːmli ʌnfʌni ænd ʌnɛntɚteɪnɪŋ tə wɑːtʃ mɪdəl eɪdʒ ænd oʊldɚ mɛn dɹɪŋk tʊ ɛksɛs , pɪs ɔn tɹiːz , biː ɛs wʌn ɐnʌðɚ ænd pʊt ɔn ɐ ʃoʊ ɪn dɹæɡ ",0
ɐ sliːp ɪnduːsɪŋ θɹɪlɚ wɪð ɐ sɪŋɡəl twɪst ðæt ɛvɹɪwʌn ɛksɛpt ðə kæɹɪktɚz ɪn ɪt kæn siː kʌmɪŋ ɐ maɪl ɐweɪ ,0
"kjuːbə ɡʊdɪŋ dʒeɪɑːɹ væliəntli mʌɡz hɪz weɪ θɹuː snoʊ dɑːɡz , bʌt iːvən hɪz bɔɪstɚɹəs ɛnɚdʒi feɪlz tə spɑːɹk ðɪs lɛdən kɑːmədi ",0
"ɐ ʃɑːɹp , ɐmjuːzɪŋ stʌdi ʌvðə kʌlt ʌv səlɛbɹᵻɾi ",1
"ɐ kʌltʃɚ klæʃ kɑːmədi ðæt , ɪn ɐdɪʃən tə biːɪŋ vɛɹi fʌni , kæptʃɚz sʌm ʌvðə dɪskʌmfɚt ænd ɛmbæɹəsmənt ʌv biːɪŋ ɐ bʌmblɪŋ ɐmɛɹɪkən ɪn jʊɹɹəp ",1
kɑːnstəntli slɪps fɹʌmðə ɡɹæsp ʌv ɪts meɪkɚ ,0
"ðə liːpɪŋ stoːɹi laɪn , ʃeɪpt baɪ dᵻɹɛktɚ piːɾɚ kəzmɪnski ɪntʊ ʃɑːɹp slɪvɚz ænd kʌɾɪŋ ɪmpɹɛʃənz , ʃoʊz ɔːl ðə saɪnz ʌv ɹɪtʃ diːteɪl kəndɛnst ɪntʊ ɐ fjuː ɪvɑːkətɪv ɪmɪdʒᵻz ænd stɹaɪkɪŋ kæɹɪktɚ tɹeɪts ",1
ɐn ɪmoʊʃənəli stɹɔŋ ænd pəlɪɾɪkli poʊtənt piːs ʌv sɪnəmə ,1
ðætðə ɹiːəl æntwʌn fɪʃɚ wʌz eɪbəl tʊ oʊvɚkʌm hɪz pɜːsənəl ɑːbstəkəlz ænd bɪkʌm ɐ ɡʊd mæn ɪz ɐ wʌndɚfəl θɪŋ ðæt hiː hɐzbɪn eɪbəl tə ʃɛɹ hɪz stoːɹi soʊ kəmpɛlɪŋli wɪð ʌs ɪz ɐ maɪnɚ mɪɹəkəl ,1
"wʌt ɐ dʌm , fʌn , kjʊɹɹiəsli ædəlɛsənt muːvi ðɪs ɪz ",1
"sɪmplɪstɪk , sɪli ænd tiːdiəs ",0
wiː dʒʌst duː ɛnt ɹiəli kɛɹ tuː mʌtʃ ɐbaʊt ðɪs lʌv stoːɹi ,0
"ɹaɪɾɚ dᵻɹɛktɚ bɜː stɪɹz ɛmfɐsaɪzᵻz ðə kjuː ɪn kwɜːki , wɪð mɪkst ɹɪzʌlts ",1
"ɪt ɛs juːʒuːəli ɐ bæd saɪn wɛn dᵻɹɛktɚz ɐbændən ðɛɹ skɹɪpts ænd ɡoʊ wɛɹ ðə moʊmənt teɪks ðɛm , bʌt əlɪmpiə , wɑːʃ , beɪst fɪlmeɪkɚz æn də mɑːɹkən ænd mæɹəlɪn fɹiːmən dɪd dʒʌst ðæt ænd ɪt ɛs wʌt meɪks ðɛɹ pɹɑːdʒɛkt soʊ ɪntɹɛstɪŋ ",1
naʊ hɪɹ ɛs ɐ sɐdɪstɪk baɪk flɪk ðæt wʊdhɐv meɪd vɪtoːɹɪoʊ də siːkə pɹaʊd ,1
ɔfɚz læfs ænd ɪnsaɪt ɪntʊ wʌn ʌvðə tʌfɪst eɪdʒᵻz ɐ kɪd kæn ɡoʊ θɹuː ,1
"fɚɹə fɪlm ɐbaʊt ɛksploʊʒənz ænd dɛθ ænd spaɪz , bɐlɪstɪk ɛks viːɛs sɛvɚ siːmz æz seɪf æz ɐ tʃɪldɹən ɛs fɪlm ",0
"ɪt ɛs ʌp tʊ ɛlɑːɹbiː wɑːts ɑːɹɹɑːɹbiː tə lɛnd kɹɛdɪbɪlᵻɾi tə ðɪs stɹeɪndʒ sənæɹioʊ , ænd hɜː pɹɛzəns səksiːdz ɪn meɪkɪŋ ʌs bᵻliːv ",1
wʌt meɪks ðɪs fɪlm spɛʃəl ɪz sɛɹi ɛs ɐbɪləɾi tə teɪk wʌt ɪz ᵻsɛnʃəli ɐ kənteɪnd fæmɪli kɑːnflɪkt ænd pʊt ɪɾ ɪntʊ ɐ mʌtʃ lɑːɹdʒɚ hɪstɔːɹɪkəl kɑːntɛkst ,1
"wɛl , ɪn sʌm ʌv ðoʊz , ðə mʌðɚ dɪɹ iːvən daɪz ",0
"ɐ sɑːlɪd , wɛl fɔːɹmd sæɾaɪɚ ",1
"ðə fɪlm ɪz smɔːl ɪn skoʊp , jɛt pɜːfɛktli fɔːɹmd ",1
lɛs ðɐn fɹɛʃ ,0
ðoʊz muːvɪeɪɡoʊɚz huː wʊd ɔːɾəmæɾɪkli baɪpæs ɐ hɪp hɑːp dɑːkjuːmɛntɚɹi ʃʊd ɡɪv skɹætʃ ɐ sɛkənd lʊk ,1
"ɐ sɛvənti faɪv mɪnɪt sæmpəl ʌv pjuːɹəl ɹʌbɪʃ ðæt ɪz lɪstləs , wɪtləs , ænd dɪvɔɪd ʌv ɛnɪθɪŋ ɹᵻzɛmblɪŋ hjuːmɚ ",0
ɪt ɛs maɪɚd ɪn ɐ ʃæbi skɹɪpt ðæt paɪlz leɪɚɹ əpɑːn leɪɚɹ ʌv ækʃən mæn klɪx ɐtɑːp wʊdən daɪəlɑːɡ ænd ɐ ʃɪftɪŋ toʊn ðæt fɔːlz fɑːɹ ʃɔːɹt ʌvðə pɪkjuːlɪɹli mɔːɹəl æməɹælᵻɾi ʌv ɛlɑːɹbiː wuː ɛs ɑːɹɹɑːɹbiː bɛst wɜːk ,0
"juːzɪŋ ɐ stɑːk plɑːt , ɐbaʊt ɐ bɔɪ ɪndʒɛkts dʒʌst ɪnʌf fɹɛʃnəs ɪntʊ ðə pɹəsiːdɪŋz tə pɹəvaɪd ɐn ɛndʒɔɪəbəl wʌnhʌndɹɪd mɪnɪts ɪn ɐ muːvi θiəɾɚ ",1
oʊld fæʃənd bʌt θʌɹoʊli sæɾɪsfaɪɪŋ ɛntɚteɪnmənt ,1
"ðeɪ dʒʌst hæv pɹɑːbləmz , wɪtʃ ɑːɹ niːðɚɹ ɚɹɪdʒɪnəl nɔːɹ ɑːɹ pɹɪzɛntᵻd ɪn kənvɪnsɪŋ weɪ ",0
maɪndləs ænd boːɹɪŋ mɑːɹʃəl ɑːɹts ænd ɡʌnpleɪ wɪð tuː lɪɾəl ɛksaɪtmənt ænd ziəɹoʊ kəmpɛlɪŋ stoːɹilaɪn ,0
ɐn ɪndʒiːniəs ænd ɔfən hæɹoʊɪŋ lʊk æt dæmɪdʒd piːpəl ænd haʊ fæmɪliz kæn ɔfɚɹ iːðɚ dᵻspɛɹ ɔːɹ kɑːnsəleɪʃən ,1
"bᵻloʊ meɪ nɑːt mɑːɹk mɪstɚ tuːhaɪ ɛs ɪmɜːdʒəns ɪntʊ ðə meɪnstɹiːm , bʌt hɪz pɹɑːmɪs ɹᵻmeɪnz ʌndᵻmɪnɪʃt ",1
"aɪ θɪŋk ɪt wʌz plɑːɾoʊ huː sɛd , aɪ θɪŋk , ðɛɹfoːɹ aɪ noʊ bɛɾɚ ðɐn tə ɹʌʃ tə ðə θiəɾɚ fɔːɹ ðɪswʌn ",0
"ðə soʊl sɜːtʃɪŋ dᵻlɪbɚɹətnəs ʌvðə fɪlm , ɔːlðoʊ lɛvənd naɪsli wɪð dɹaɪ ɐbsɜːdɪst wɪt , ᵻvɛntʃuːəli bɪkʌmz tuː hɛvi fɚðə plɑːt ",0
ɪz ɛnt ɪɾ ɐ bɪt ɜːli ɪn hɪz kɚɹɪɹ fɔːɹ dᵻɹɛktɚ bæɹi sɑːnənfɛld tə duː ɐ hɑːmɪdʒ tə hɪmsɛlf ? ,0
ðɪs stʌk pɪɡ əvə muːvi fleɪlz lɪmpli bᵻtwiːn bᵻzɑːɹ kɑːmədi ænd pælɪd hɔɹɚ ,0
tʃaʊɚɹækwi bɹɪŋz dɑːkjuːmɛntɚɹi laɪk kɹɛdɪbɪlᵻɾi tə ðə hɔɹɚz ʌvðə kɪlɪŋ fiːld ænd ðə bɑːɹbɑːɹɹɪzəm ʌv ɛθnɪk klɛnzɪŋ ,1
"ɪt ɛs ɛndləsli ɪnvɛntɪv , kənsɪstəntli ɪntɛlɪdʒənt ænd sɪkənɪŋli sævɪdʒ ",1
"waɪt hɐz ɛnt dɪvɛləpt kæɹɪktɚz soʊ mʌtʃ æz kæɹɪkətʃʊɹz , wʌn dᵻmɛnʃənəl bəfuːnz ðæt ɡɛt hɪm ɐ fjuː læfs bʌt nʌθɪŋ ɛls ",0
"wɜːld tɹævəlɚ maɪt nɑːt ɡoʊ ɛnɪwɛɹ nuː , ɔːɹ ɚɹaɪv ɛnɪpleɪs spɛʃəl , bʌt ɪt ɛs sɜːʔn̩li ɐn ɑːnɪst ɐtɛmpt tə ɡɛt æt sʌmθɪŋ ",1
"ɪɾ ɪz laɪf ɐfɜːmɪŋ ænd hɑːɹtbɹeɪkɪŋ , swiːt wɪðaʊt ðə dᵻkeɪ fæktɚ , fʌni ænd sæd ",1
wɪɾi daɪəlɑːɡ bᵻtwiːn ɹiːəlɪstɪk kæɹɪktɚz ʃoʊɪŋ ɑːnɪst ɪmoʊʃənz ,1
"hɔːk ɛs fɪlm , ɐ boːɹɪŋ , pɹɪtɛnʃəs weɪst ʌv nɪɹli tuː aʊɚz , dʌz ɛnt tɛl juː ɛnɪθɪŋ ɛksɛpt ðætðə tʃɛlsiː hoʊtɛl tədeɪ ɪz pɑːpjʊleɪɾᵻd baɪ waɪni , pɐθɛɾɪk , stɑːɹvɪŋ ænd ʌntæləntᵻd ɑːɹtiːsts ",0
ɡɛts bɑːɡd daʊn baɪ ɐn oʊvɚli sɪlᵻfaɪd plɑːt ænd stɑːp ænd stɑːɹt peɪsɪŋ ,0
ðə laɪvli ɐpiːl ʌvðə læst kɪs laɪz ɪnðɪ iːz wɪð wɪtʃ ɪɾ ɪntᵻɡɹeɪts θɔːtfəlnəs ænd pɑːstə fædʒɪoʊli kɑːmədi ,1
"juːzɪŋ ɐn ɛndɪɹɪŋ kæst , ɹaɪɾɚ dᵻɹɛktɚ doʊvɚ kɑːsɐʃvɪli teɪks ɐ slaɪtli dɑːɹk lʊk æt ɹᵻleɪʃənʃɪps , boʊθ sɛkʃuːəl ænd kɪndɹɪd ",1
"sʌm bɑːdi ɔfən lʊks laɪk ɐn ɛpɪsoʊd ʌvðə tiːviː ʃoʊ blaɪnd deɪt , oʊnli lɛs tɛknɪkli pɹəfɪʃənt ænd wɪðaʊt ðə pɑːp ʌp kɑːmɛnts ",0
"soːɹɔːɹᵻɾi bɔɪz wʌz fʌnɪɚ , ænd ðæt muːvi wʌz pɹɪɾi bæd ",0
toʊz ðə faɪn laɪn bᵻtwiːn tʃiːz ænd ɜːnɪstnəs ɹᵻmɑːɹkəbli wɛl ɛvɹɪθɪŋ ɪz dᵻlɪvɚd wɪð sʌtʃ kənvɪkʃən ðɐɾɪt ɛs hɑːɹd nɑːt təbi kæɹid ɐweɪ ,1
"sɪli stʌf , ɔːl mɪkst ʌp təɡɛðɚ laɪk ɐ tɜːm peɪpɚ fɹʌm ɐ kɪd huː kɑː ɛnt kwaɪt dɪstɪŋɡwɪʃ wʌn saɪ faɪ wɜːk fɹʌm ɐnʌðɚ ",0
ɪt ɛs ðə fɪlmeɪkɚz poʊst kæmp kɑːmpɹihɛnʃən ʌv wʌt meɪd oʊld taɪm biː muːvɪz ɡʊd bæd ðæt meɪks eɪt lɛɡɪd fɹiːks ɐ pɜːfɛktli ɛntɚteɪnɪŋ sʌmɚ daɪvɜːʒən ,1
"ænd , ðɛɹ ɛs noʊ weɪ juː woʊ ɛnt biː tɔːkɪŋ ɐbaʊt ðə fɪlm wʌns juː ɛɡzɪt ðə θiəɾɚ ",1
ðə ɹuːlz ʌv ɐtɹækʃən ɡɛts ʌs tuː dɹʌŋk ɔnðə pɑːɹɾi feɪvɚz tə soʊbɚɹ ʌs ʌp wɪððə tɹænspæɹənt ɐtɛmpts æt mɔːɹəlaɪzɪŋ ,0
hɪz wɜːk wɪð æktɚz ɪz pɚtɪkjʊlɚli ɪmpɹɛsɪv ,1
ʌnfoʊldz ɪn ɐ sɪɹiz ʌv ɐtʃɹɑːnəlɑːdʒɪkəl vɪnjɛts huːz kjuːmjʊlətɪv ɪfɛkt ɪz tʃɪlɪŋ ,1
"wɜːθləs , fɹʌm ɪts suːdoʊ ɹɑːk vɪdɪoʊ oʊpənɪŋ tə ðɪ ɪdɪəsi ʌv ɪts læst fɹeɪmz ",0
wʌn ʌv ðoʊz fɪlmz ðæt stɑːɹɾᵻd wɪð ɐ ɡɹeɪt pɹɛmɪs ænd ðɛn dʒʌst fɛl ɐpɑːɹt ,0
"wɛn juː faɪnd joːɹsɛlf ɹuːɾɪŋ fɚðə mɔnstɚz ɪn ɐ hɔɹɚ muːvi , juː noʊ ðə pɪktʃɚɹ ɪz ɪn tɹʌbəl ",0
"ɐ kəmpɛlɪŋ , ɡʌt klʌtʃɪŋ piːs ʌv ædvəkəsi sɪnəmə ðæt kæɹiz juː ɐlɔŋ ɪn ɐ tɔɹənt ʌv ɪmoʊʃən æz ɪɾ ɛksploːɹz ðɪ ɔːfəl kɑːmplɪkeɪʃənz ʌv wʌn tɛɹᵻfaɪɪŋ deɪ ",1
wɪʃi wɑːʃi ,0
"noʊwʌn kæn daʊt ðə fɪlmeɪkɚz moʊɾɪvz , bʌt ðə ɡaɪz stɪl fiːlz kaʊntɚpɹədʌktɪv ",0
"ɪt dʒʌst ɡoʊz tə ʃoʊ , ɐn ɪntɛlɪdʒənt pɜːsən ɪz ɛnt nɛsɪsɛɹᵻli ɐn ædmᵻɹəbəl stoːɹitɛlɚ ",0
muːvz ɪn sʌtʃ ɑːd plɑːt dᵻɹɛkʃənz ænd dᵻsɛndz ɪntʊ sʌtʃ mɛsɪdʒ mɔndʒɚɹɪŋ mɔːɹəlɪzəm ðæt ɪts ɡʊd kwɔlᵻɾiz ɑːɹ əbskjʊɹd ,0
"fɔːɹ ðoʊz huː laɪk kwɜːki , slaɪtli stɹeɪndʒ fɹɛntʃ fɪlmz , ðɪs ɪz ɐ mʌst ! ",1
"tuː ɔfən , sʌn ʌvðə bɹaɪd bɪkʌmz ɐn ɛksɚsaɪz ɪn tɹaɪɪŋ tə pɹɪdɪkt wɛn ɐ pɹɪoːɹdeɪnd bɪɡ moʊmənt wɪl əkɜː ænd nɑːt ɪf ",0
"ðə muːd , lʊk ænd toʊn ʌvðə fɪlm fɪt ðɪ ɪŋkɹɛdɪbəl stoːɹilaɪn tʊ ɐ tiː ",1
"ɐ mʌdəld lɪmp bɪskɪt əvə muːvi , ɐ væmpaɪɚ soʊp ɑːpɚɹə ðæt dʌz ɛnt meɪk mʌtʃ sɛns iːvən ɔn ɪts oʊn tɜːmz ",0
ɐ sɜːʔn̩ sɛksinəs ʌndɚlaɪnz iːvən ðə dʌlɪst tændʒənts ,1
"waɪ ðeɪ wɜː hɪɹ ænd wʌt ðeɪ wɔntᵻd ænd kwaɪt ɑːnɪstli , aɪ dɪd ɛnt kɛɹ ",0
ʃæloʊ ,0
"ɐ wɜːk ʌv ɛkstɹoːɹdɪnɛɹi dʒɜːnəlɪzəm , bʌt ɪɾ ɪz ɔːlsoʊ ɐ wɜːk ʌv dɛft ænd sʌɾəl poʊɪtɹi ",1
bʌt təbæk ɛs dᵻɹeɪndʒd ɪmiːdɪəsi meɪks ɪt siːm fɹɛʃ ɐɡɛn ,1
ɔːl θɹiː wɪmɪn dᵻlɪvɚ ɹᵻmɑːɹkəbəl pɚfoːɹmənsᵻz ,1
"kuːɹi fɹaɪʔn̩ɪŋli ænd ɑːnɪstli ɛkspoʊzᵻz wʌn tiːneɪdʒɚ ɛs ʌŋkʌmftəbəl klæs ɹᵻzɛntmənt ænd , ɪn tɜːn , hɪz sɛlf ɪnflɪktᵻd ɹᵻtælɪeɪʃən ",1
"ɔf ðə hʊk ɪz oʊvɚlɔŋ ænd nɑːt wɛl æktᵻd , bʌt kɹɛdɪt ɹaɪɾɚ pɹəduːsɚ dᵻɹɛktɚɹ ædəm wɑːtstaɪn wɪð fɪnɪʃɪŋ ɪɾ æɾ ɔːl ",0
"ðɛɹ ɪz ɐ səbvɜːsɪv ɛlɪmənt tə ðɪs dɪzni kɑːɹtuːn , pɹəvaɪdɪŋ ʌnɛkspɛktᵻd fɪzəbɪlᵻɾi ",1
"ɪn ɐn iəɹə wɛɹ bɪɡ stɑːɹz ænd haɪ pɹədʌkʃən væljuːz ɑːɹ stændɚd pɹəsiːdʒɚ , nɑːɹk stɹaɪks ɐ dᵻfaɪəntli ɹɛtɹoʊ kɔːɹd , ænd aʊtpeɪsᵻz ɪts kəntɛmpɚɹɛɹiz wɪð dɛɹɪŋ ænd vɜːv ",1
"fɹiːki fɹaɪdeɪ , ɪt ɛs nɑːt ",0
ɐn ᵻsɛnʃəli ɔːkwɚd vɜːʒən ʌvðə laɪtweɪt fiːmeɪl ɛmpaʊɚmənt pɪktʃɚ wiː viː bɪn wɑːtʃɪŋ fɔːɹ dɛkeɪdz ,0
"boʊlstɚd baɪ ɐn ɐstɑːnɪʃɪŋ vɔɪs kæst ɛlɑːɹbiː ɛksɛptɪŋ lʌv hjuːɪt ɑːɹɹɑːɹbiː , ɐn ɪntɹɛstɪŋ ɹeɪʃəl tɛnʃən , ænd ɐ stoːɹilaɪn ðæt aɪ hæv ɛnt ɛŋkaʊntɚd sɪns æt liːst piːt ɛs dɹæɡən ",1
"waɪl ðə naʊ sɛvənti tuː jɪɹ oʊld ɹɑːbɚt ɛvənz bɪn sloʊd daʊn baɪ ɐ stɹoʊk , hiː hɐz æt liːst wʌn moːɹ stoːɹi tə tɛl hɪz oʊn ",1
ðɪs ɪz wʌn bææɐɐææɐɐæd muːvi ,0
"mæɡi smɪθ æz ðə jɐ jɐ mɛmbɚ wɪððɪ oʊ tuː tæŋk wɪl æbsəluːtli kɹæk juː ʌp wɪð hɜː kɹæs , ðɛn ɡæsp fɔːɹ ɡæs , vɜːbəl dᵻpoːɹtmənt ",1
"bɹɪmz wɪð pæʃən fɔːɹ wɜːdz , fɔːɹ ɪts ɛksɛntɹɪk , æksɪdənt pɹoʊn kæɹɪktɚz , ænd fɚðə kɹeɪzi θɪŋz ðæt kiːp piːpəl ɡoʊɪŋ ɪn ðɪs kɹeɪzi laɪf ",1
bɑːɹoʊz fɹʌm ʌðɚ muːvɪz laɪk ɪɾ ɪnðə moʊst ɔːɹdɪnɛɹi ænd ɑːbviəs fæʃən ,0
"ɐpɹoʊpɹɪətli sɪnɪkəl soʊʃəl kɑːməntɛɹi ɐsaɪd , naɪn nɛvɚ kwaɪt ɪɡnaɪts ",0
ðə stoːɹi ɐloʊn kʊd foːɹs juː tə skɹætʃ ɐ hoʊl ɪn jʊɹ hɛd ,0
ðɪs juː boʊt dʌz ɛnt hæv ɐ kæptɪn ,0
"spɛktækjʊlɚɹ ɪn ɛvɹi sɛns ʌvðə wɜːd , iːvən ɪf juː dɑːn tiː noʊ ɐn ɔːɹk fɹʌm ɐ jʊɹɹʌk haɪ ",1
"ɐ dɪfɹənt ænd ɪmoʊʃənəli ɹɪzɜːvd taɪp ʌv sɚvaɪvəl stoːɹi ɐ fɪlm lɛs ɐbaʊt ɹᵻfɹæktɪŋ ɔːl ʌv wɜːld wɔːɹ ɹoʊmən tuː θɹuː ðə spəsɪfɪk kəndɪʃənz ʌv wʌn mæn , ænd moːɹ ɐbaʊt ðæt mæn lɔst ɪn ɪts mɪdst ",1
juː wɪl laɪkli pɹɪfɜː tə kiːp ɔn wɑːtʃɪŋ ,1
ɐ fɪlm ðæt ɛs flɔːd ænd bɹɪliənt ɪn iːkwəl mɛʒɚ ,1
"ɪt ɛs lɛdən ænd pɹɪdɪktəbəl , ænd læfs ɑːɹ lækɪŋ ",0
ðɪ ɪmpoːɹtəns ʌv biːɪŋ ɜːnɪst muːvi siːmz təbi mɪsɪŋ ɐ ɡɹeɪt diːl ʌvðɪ ɐsɜːbɪk ɹɛpɑːɹteɪ ʌvðə pleɪ ,0
"ɪt ɛs ɐ lʌvli , ɪɹi fɪlm ðæt kæsts ɐn ɑːd , ɹæpt spɛl ",1
wʌn fæntæstɪk ɛlɑːɹbiː ænd ɛdʒuːkeɪʃənəl ɑːɹɹɑːɹbiː dɑːkjuːmɛntɚɹi ,1
"ðə wɜːd ðæt kʌmz tə maɪnd , waɪl wɑːtʃɪŋ ɛɹɪk ɹoʊmɚ ɛs tɹɪbjuːt tʊ ɐ kɜːɹeɪdʒəs skɑːɾɪʃ leɪdi , ɪz peɪntɚli ",1
ɐ fʌni ænd tʌtʃɪŋ fɪlm ðæt ɪz ɡoːɹdʒəsli æktᵻd baɪ ɐ bɹɪɾɪʃ kæst tə ɹaɪvəl ɡɑːsfɚd pɑːɹk ɛs ,1
hiː ɐlaʊz hɪz kæst mɛmbɚz tə meɪk kɹiːeɪɾɪv kɑːntɹɪbjuːʃənz tə ðə stoːɹi ænd daɪəlɑːɡ ,1
ɐn ɪŋkoʊhɪɹənt dʒʌmbəl əvə fɪlm ðæt ɛs ɹɛɹli æz ɛntɚteɪnɪŋ æz ɪt kʊdɐv bɪn ,0
tʃoʊ kəntɪnjuːz hɜːɹ ɛksploːɹeɪʃən ʌvðɪ aʊɾɚ lɪmɪts ʌv ɹɔːntʃ wɪð kənsɪdɚɹəbəl bɹiːoʊ ,1
"ɪnstɛd ʌv pænɚɹæmɪk swiːp , kæpʊɹ ɡɪvz ʌs ɛpɪsɑːdɪk tʃɑːpɪnəs , ʌndɚmaɪnɪŋ ðə stoːɹi ɛs ɪmoʊʃənəl θɹʌst ",0
aɪ lʌv ðə ɹoʊbʌst mɪdəl ʌv ðɪs pɪktʃɚ ,1
"fɔːɹ ðoʊz ʌv ʌs huː ɹᵻspɑːnd moːɹ stɹɔŋli tə stɔːɹɪtɛlɪŋ ðɐn kəmpjuːɾɚ dʒɛnɚɹeɪɾᵻd ɪfɛkts , ðə nuː stɑːɹ wɔːɹz ɪnstɔːlmənt hɐz ɛnt ɛskeɪpt ðə ɹʌt dʌɡ baɪ ðə læst wʌn ",0
ɪt ɛs ɐ daɪvɜːɾɪŋ ɪnʌf aʊɚ ænd ɐ hæf fɚðə fæmɪli ɔːdiəns ,1
ɪntɹiːɡɪŋ ænd daʊnɹaɪt ɪntɑːksᵻkeɪɾɪŋ ,1
ɐ ʃɑːɹp sæɾaɪɚɹ ʌv dɛspɚɹeɪʃən ænd sɪnɪmæɾɪk dᵻsɛpʃən ,1
"aɪ stɪl laɪk muːnlaɪt maɪl , bɛɾɚ dʒʌdʒmənt biː dæmd ",1
"ɐ ʃoʊkeɪs fɔːɹ boʊθ ðə siːnɪk splɛndɚɹ ʌvðə maʊntɪnz ænd fɔːɹ lɛdʒəndɚɹi æktɚ mɪtʃəl sɛɹɔlt , ðə fɪlm ɪz lɛs səksɛsfəl ɔn ʌðɚ lɛvəlz ",1
"wɪð ɐn ɛkspɹɛsɪv feɪs ɹɛmᵻnɪsənt ʌv ɡɔŋ laɪ ænd ɐ vɪvɪd pɜːsənælᵻɾi laɪk ʒæŋ zɪji ɛs , dɑːŋ steɪks aʊt ðɪ ɪmoʊʃənəl hɑːɹt ʌv hæpi ",1
"stiːv iːdɪkɜːk ɪz , ɐlæs , noʊ wʊdi ælən ",0
dʒɔːɹdʒ luːkəz ɹᵻtɜːnz æz ɐ vɪʒənɛɹi wɪð ɐ teɪl fʊl ʌv nuːɑːns ænd kæɹɪktɚ dᵻmɛnʃən ,1
pʊɾɪŋ ðə pɹɪmᵻtɪv mɜːdɚɹɚɹ ɪnsaɪd ɐ haɪ tɛk speɪs steɪʃən ʌnliːʃᵻz ɐ pændoːɹə ɛs bɑːks ʌv spɛʃəl ɪfɛkts ðæt ɹʌn ðə ɡæmʌt fɹʌm tʃiːsi tə tʃiːsiɚ tə tʃiːsiɪst ,0
"wɪððə tʃiːsiɪst mɔnstɚz ðɪs saɪd əvə hɔɹɚ spuːf , wɪtʃ ðeɪ ɪz ɛnt , ɪɾ ɪz moːɹ laɪkli tʊ ɪnduːs sliːp ðɐn fɹaɪt ",0
"ðoʊ tɑːm ʃædɪæk ɛs fɪlm kɪks ɔf spuːkili ɪnʌf , ɚɹaʊnd ðə hæfweɪ mɑːɹk ɪt teɪks ɐn ɐbɹʌpt tɜːn ɪntʊ ɡluːkoʊs sɛntɪmɛntælᵻɾi ænd læfəbəl kəntɹaɪvəns ",0
ɔːɾoʊ foʊkəs wɜːks æz ɐn ʌnjuːʒuːəl baɪoʊpɪk ænd dɑːkjuːmənt ʌv meɪl swɪŋɡɚz ɪnðə pleɪbɔɪ iəɹə ,1
"wɪð dʒʌmp kʌts , fæst ɛdɪɾɪŋ ænd lɑːts ʌv paɪɹoʊtɛknɪks , juː klɪɹli hoʊps tə kæməflɑːʒ haʊ bæd hɪz muːvi ɪz ",0
wʌn ʌvðə moʊst dᵻpɹɛsɪŋ muːvi ɡoʊɪŋ ɛkspiəɹɪənsᵻz aɪ kæn θɪŋk ʌv ɪz tə sɪt θɹuː ɐbaʊt naɪnti mɪnɪts əvə soʊ kɔːld kɑːmədi ænd nɑːt læf wʌns ,0
"ɛksɛpt ɪt ɛs mʌtʃ , mʌtʃ bɛɾɚ ",1
"ɡʊd fʌn , ɡʊd ækʃən , ɡʊd æktɪŋ , ɡʊd daɪəlɑːɡ , ɡʊd peɪs , ɡʊd sɪnɪmɐtɑːɡɹəfi ",1
ɪt ɛs ɐ ʃɑːɹp muːvi ɐbaʊt ʌðɚwaɪz dʌl sʌbdʒɛkts ,1
ɪz ðɐɾɪt ɛs ɐ kɹaɪm muːvi meɪd baɪ sʌmwʌn huː ɑːbviəsli noʊz nʌθɪŋ ɐbaʊt kɹaɪm ,0
dʒeɪsən pætɹɪk ænd ɹeɪ lɪɑːɾə meɪk fɔːɹ wʌn splɛndɪdli kæst pɛɹ ,1
"ɪts kəmpɛlɪŋ mɪks ʌv tɹaɪəl muːvi , ɛskeɪp muːvi ænd ʌnɛkspɛktᵻd feɪbəl ɛnʃʊɹz ðə fɪlm nɛvɚ fiːlz dɹæɡi ",1
"ɪnsaɪtfəli ɹɪʔn̩ , dɛlᵻkətli pɚfɔːɹmd ",1
ʃaɪɐmælæn ʃʊd stɑːp tɹaɪɪŋ tə pliːz hɪz mɑːm ,0
"kʌŋ paʊ ɪz iːdɪkɜːk ɛs ɹiːəlᵻzeɪʃən ʌv hɪz tʃaɪldhʊd dɹiːm təbi ɪn ɐ mɑːɹʃəl ɑːɹts flɪk , ænd pɹuːvz ðæt sʌmtaɪmz ðə dɹiːmz ʌv juːθ ʃʊd ɹᵻmeɪn dʒʌst ðæt ",0
"wɪmps aʊt baɪ ɡoʊɪŋ fɔːɹ ðæt piːdʒiː θɜːtiːn ɹeɪɾɪŋ , soʊ ðə moːɹ ɡɹæfɪk vaɪələns ɪz moʊstli ɔf skɹiːn ænd ðə sɛkʃuːælᵻɾi ɪz mjuːɾᵻd ",0
"ðə dᵻɹɛktɪŋ ænd stoːɹi ɑːɹ dɪsdʒɔɪntᵻd , flɔːz ðæt hæv təbi leɪd skwɛɹli ɔn teɪlɚ ɛs doːɹstɛp ",0
ðə muːvi ɛs θiːsɪs ɛlɪɡənt tɛknɑːlədʒi fɚðə mæsᵻz ɪz sɚpɹaɪzɪŋli ɹᵻfɹɛʃɪŋ ,1
ɪt ɛs noʊ laɪ bɪɡ fæt laɪɚɹ ɪz ɐ ɹiːəl tʃɑːɹmɚ ,1
"ɐ ɡoːɹdʒəsli stɹeɪndʒ muːvi , hɛvən ɪz diːpli kənsɜːnd wɪð mɔːɹælᵻɾi , bʌt ɪt ɹᵻfjuːzᵻz tə spɛl θɪŋz aʊt fɔːɹ vjuːɚz ",1
juː ɛlɛl kɹaɪ fɔːɹ jʊɹ mʌni bæk ,0
ðə pækɪdʒ ɪnwɪtʃ ðɪs fæsᵻneɪɾɪŋ ænd taɪmli kɑːntɛnt kʌmz ɹæpt ɪz dɪsɐpɔɪntɪŋli dʒənɛɹɪk ,0
"ɐ sʌɾəl , hjuːmɚɹəs , ɪluːmᵻneɪɾɪŋ stʌdi ʌv pɑːlətɪks , paʊɚɹ ænd soʊʃəl moʊbɪlᵻɾi ",1
aɪ lʌvd ðə lʊk ʌv ðɪs fɪlm ,1
"ðɪs lɪɾəl fɪlm ɪz soʊ slʌvənli dʌn , soʊ pɹɪmᵻtɪv ɪn tɛkniːk , ðɐɾɪt kɑː ɛnt ɹiəli biː kɔːld ænɪmeɪʃən ",0
ɐnʌðɚ boːɹɪʃ muːvi fɹʌmðɪ aɪ hɜːd ɐ dʒoʊk æɾə fɹæt pɑːɹɾi skuːl ʌv skɹiːnɹaɪɾɪŋ ,0
"ɪt hɐz ɪts fɔlts , bʌt ɪɾ ɪz ɐ kaɪnd , ʌnɐpɑːlədʒɛɾɪk , swiːthɑːɹt əvə muːvi , ænd mændi mʊɹ liːvz ɐ pɑːzᵻtɪv ɪmpɹɛʃən ",1
ɐ bæflɪŋ mɪkst plæɾɚɹ ʌv ɡɹɪɾi ɹiːəlɪzəm ænd mædʒɪk ɹiːəlɪzəm wɪð ɐ hɑːɹd tə swɔloʊ pɹɛmɪs ,0
ðə koʊd tɔːkɚz dɪzɜːvd bɛɾɚ ðænə hɑːloʊ tɹɪbjuːt ,0
"fɔːɹ pɹuːf ʌv ðæt ɔnðə sɪnɪmæɾɪk fɹʌnt , lʊk noʊ fɜːðɚ ðɐn ðɪs twɛntiəθ ænɪvɜːsɚɹi ᵻdɪʃən ʌvðə fɪlm ðæt spiːlbɜːɡ kɔːlz , ɹɛtɹoʊspɛktɪvli , hɪz moʊst pɜːsənəl wɜːk jɛt ",1
"ɐ slæm bæŋ ɛkstɹævəɡænzə ðæt ɪz ɔːl ɐbaʊt ɐ waɪld ænd wʊli , wɔːl tə wɔːl ɡʊd taɪm ",1
wʌt juː ɛkspɛkt ɪz dʒʌst wʌt juː ɡɛt ɐsuːmɪŋ ðə bɑːɹ ʌv ɛkspɪkteɪʃənz hɐz ɛnt bɪn ɹeɪzd əbʌv sɪksθ ɡɹeɪd haɪt ,0
ðə kæmpi ɹɪzʌlts meɪk mɛl bɹʊks boːɹʃt bɛlt ʃtɪk lʊk səfɪstᵻkeɪɾᵻd ,1
ɐn ɛntɚteɪnmənt soʊ ɪn lʌv wɪð ɪts oʊvɚɹɪnfleɪɾᵻd mɪθɑːlədʒi ðɐɾɪt noʊ lɑːŋɡɚ ɹɛkəɡnaɪzᵻz ðə niːdz ʌv muːvɪeɪɡoʊɚz fɔːɹ ɹiːəl kæɹɪktɚz ænd kəmpɛlɪŋ plɑːts ,0
tuː bædli ɪntɚlɑːkt stoːɹiz dɹaʊnd baɪ ɔːl tuː klɛvɚ kəmplɛksᵻɾi ,0
"ɐluːf ænd læks ɛni ɹiːəl ɹɔː ɪmoʊʃən , wɪtʃ ɪz feɪɾəl fɚɹə fɪlm ðæt ɹᵻlaɪz ɔn pɜːsənəl ɹᵻleɪʃənʃɪps ",0
"waɪl pɑːɹkɚ ænd koʊ ɹaɪɾɚ kæθɹɪn di næpɑːli ɑːɹ feɪθfəl tə mɛlvɪl ɛs plɑːtlaɪn , ðeɪ ænd ɐ fʊli ɛŋɡeɪdʒd səpoːɹɾɪŋ kæst hæv meɪd ðɪ oʊld bɔɪ ɛs kæɹɪktɚz moːɹ kwɪk wɪɾᵻd ðɐn ɛni ɪŋɡlɪʃ lɪt meɪdʒɚ wʊdhɐv θɔːt pɑːsᵻbəl ",1
"ðɪ eɪeɪeɪ ʌv ækʃən , ɛksɛksɛks ɪz ɐ blæst ʌv ɐdɹɛnɐlɪn , ɹeɪɾᵻd iː fɔːɹ ɛksaɪtmənt ",1
ɪt ɛs ɔːl sɜːfɪs saɪkoʊdɹɐmæɾɪks ,0
"kəmiːdiən , laɪk ɪts sʌbdʒɛkts , dᵻlɪvɚz ðə ɡʊdz ænd ɔːdiənsᵻz wɪl hæv ɐ fʌn , noʊ fɹɪlz ɹaɪd ",1
ɪt wʌz oʊnli ɐ mæɾɚɹ ʌv taɪm bᵻfoːɹ sʌm sævi pɹəduːsɚ sɔː ðə pətɛnʃəl səksɛs ɪnhiəɹənt ɪnðə mɪkstʃɚɹ ʌv bʊlək bʌbəl ænd hjuː ɡuː ,1
ɪt ɛs vɜːtʃuːəli ɪmpɑːsᵻbəl tə laɪk ɛni ʌv ðiːz dᵻspɪkəbəl kæɹɪktɚz ,0
"ɪt ɛs ɐ swiːt , læf ɐ mɪnɪt kɹaʊd pliːzɚ ðæt lɪfts jʊɹ spɪɹɪts æz wɛl æz ðə kɔːɹnɚz ʌv jʊɹ maʊθ ",1
skɑːt dᵻlɪvɚz ɐ tɚɹɪfɪk pɚfoːɹməns ɪn ðɪs fæsᵻneɪɾɪŋ poːɹtɹɪt əvə mɑːdɚn ləθæɹɪoʊ ,1
"ɹᵻpleɪsɪŋ dʒɑːn kɑːɹpəntɚ ɛs staɪlɪʃ tɹækɪŋ ʃɑːts ɪz dᵻɡɹeɪdᵻd , hændhɛld blɛɹ wɪtʃ vɪdɪoʊ kæm fʊɾɪdʒ ",0
"ðə fɪlm dᵻlɪvɚz wʌt ɪt pɹɑːmɪsᵻz ɐ lʊk æt ðə waɪld ɹaɪd ðæt ɛnsuːz wɛn bɹæʃ jʌŋ mɛn sɛt aʊt tə kɑːŋkɚ ðɪ ɑːnlaɪn wɜːld wɪð læptɑːps , sɛl foʊnz ænd skɛtʃi bɪznəs plænz ",1
ɪt θæŋkfəli ɡoʊz iːzi ɔnðə ɹiːl ɹiːəl wɜːld daɪkɑːɾəmi ðæt ɛlɑːɹbiː dʒæɡləm ɑːɹɹɑːɹbiː pɚsuːd wɪð sʌtʃ ɛnɚveɪɾɪŋ dɪtɜːmᵻneɪʃən ɪn vɛnɪs vɛnɪs ,1
ɐ feɪk stɹiːt dɹɑːmə ðæt kiːps tɛlɪŋ juː θɪŋz ɪnstɛd ʌv ʃoʊɪŋ ðɛm ,0
"laɪk ʃoʊɡɜːlz ænd ɡlɪɾɚ , ðə moʊst ɛntɚteɪnɪŋ moʊmənts hɪɹ ɑːɹ ʌnɪntɛnʃənəl ",0
"ðə stoːɹi ɪz pɹɪdɪktəbəl , ðə dʒoʊks ɑːɹ tɪpɪkəl sændlɚ fɛɹ , ænd ðə ɹoʊmæns wɪð ɹaɪdɚɹ ɪz pʌzlɪŋ ",0
mɑːɹk pɛlɪŋtən ɛs leɪɾɪst pɑːp θɹɪlɚɹ ɪz æz kuːki ænd oʊvɚɹiːɡɚɹ æzɪtɪz spuːki ænd sʌɾəli ɪn lʌv wɪð mɪθ ,1
"noʊ ɐmaʊnt ʌv bɜːnɪŋ , blæstɪŋ , stæbɪŋ , ænd ʃuːɾɪŋ kæn haɪd ɐ wiːk skɹɪpt ",0
pɹɪpɛɹ tə mɑːɹvəl ɐɡɛn ,1
fæmɪli təɡɛðɚnəs teɪks ɐ bæk siːt tʊ ɪntɜː fæmɪli ɹaɪvəlɹi ænd wɜːkpleɪs æmbɪʃən hoʊl sʌbplɑːts hæv noʊ ɛksplɐneɪʃən ɔːɹ iːvən plɑːt ɹɛlᵻvəns ,0
stɪf ænd ʃmæltsi ænd klʌmzili dᵻɹɛktᵻd ,0
tɹʌblɪŋ ænd paʊɚfəl ,1
"kæsɐviːts θɪŋks hiː ɛs meɪkɪŋ dɑːɡ deɪ æftɚnuːn wɪð ɐ kɔːz , bʌt ɔːl hiː ɛs dʌn ɪz tə ɹᵻduːs ɛvɹɪθɪŋ hiː tʌtʃᵻz tʊ ɐ ʃɹɪl , dɪdæktɪk kɑːɹtuːn ",0
"dɹæɡənflaɪ dwɛlz ɔn kɹɔsɪŋ oʊvɚ mʌmboʊ dʒʌmboʊ , mənɪpjʊlətɪv sɛntɪmɛntælᵻɾi , ænd sæpi daɪəlɑːɡ ",0
ɐ dʒɛnjuːɪnli muːvɪŋ ænd waɪzli ʌnsɛntɪmɛntəl dɹɑːmə ,1
"eɪmi ænd mæθjuː hæv ɐ bɪt əvə foʊni ɹᵻleɪʃənʃɪp , bʌt ðə fɪlm wɜːks ɪn spaɪt ʌv ɪt ",1
"meɪbiː ɪɾ ɪz fɔːɹmjʊlə fɪlmeɪkɪŋ , bʌt ðɛɹ ɛs nʌθɪŋ ɹɔŋ wɪð ðæt ɪf ðə fɪlm ɪz wɛl kɹæftᵻd ænd ðɪswʌn ɪz ",1
"noʊh ɛs dɑːkjuːmɛntɚɹi ɐbaʊt ðɪ ᵻvɛnt ɪz sɪmpəθɛɾɪk wɪðaʊt biːɪŋ ɡʌlᵻbəl hiː ɪz ɛnt blaɪnd tə ðə sɪlinəs , bʌt ɔːlsoʊ kæptʃɚz moʊmənts ʌv spɑːnteɪniəs kɹiːeɪtɪvᵻɾi ænd ɔːθɛntɪk koʊ ɑːpɚɹətɪv ɪntɚɹækʃən ",1
ɹɑːk ɛs stænd ʌp mædʒɪk weɪnz ,0
"ɐ dᵻlaɪtfəl , ɪf maɪnɚ , peɪstɹi əvə muːvi ",1
"ɐ sɛksi , sɚpɹaɪzɪŋ ɹoʊmæns aɪdmoʊɾoʊ ænd kɪm meɪk ɐ ɡoːɹdʒəs pɛɹ ðɛɹ siːnz bɹɪm wɪð sɛkʃuːəl pɑːsəbɪlᵻɾi ænd ɪmoʊʃənəl deɪndʒɚ ",1
"ðɛɹɑːɹ ɛnt tuː mɛni fɪlmz ðæt kæn biː æz saɪməlteɪniəsli fʌni , ɔfbiːt ænd hɑːɹtwɔːɹmɪŋ ɛlɑːɹbiː wɪðaʊt ɐ θɪk ɛseɪtʃmɪɹ ʌvðə ɡuː , æt liːst ɑːɹɹɑːɹbiː , bʌt ɛlɪŋ mænɪdʒᵻz tə duː ɔːl θɹiː kwaɪt wɛl , meɪkɪŋ ɪt wʌn ʌvðə jɪɹ ɛs moʊst ɛndʒɔɪəbəl ɹᵻliːsᵻz ",1
pleɪz laɪk sʌm kɔːɹni tɛlᵻvɪʒən pɹədʌkʃən fɹʌm ɐ baɪɡɑːn iəɹə ,0
"æz ɐ ɡɜːl miːts ɡɜːl ɹoʊmæntɪk kɑːmədi , kɪsɪŋ dʒɛsɪkə staɪniz kwɜːki , tʃɑːɹmɪŋ ænd ɔfən hɪlɛɹiəs ",1
ɪt ɛs laɪk ɐ dɹaɪv baɪ ,0
ɪt ɛs swiːt ,1
wʌn ʌvðə wɜːst muːvɪz ʌvðə jɪɹ ,0
"laɪk bɹɑːsnən ɛs pɚfoːɹməns , iːvlɪn kʌmz fɹʌmðə hɑːɹt ",1
"ðoʊ ðə fɪlm ɪz wɛl ɪntɛnʃənd , wʌn kʊd ɹɛnt ðɪ ɚɹɪdʒɪnəl ænd ɡɛt ðə seɪm lʌv stoːɹi ænd pæɹəbəl ",1
ɛlɑːɹbiː wuː ɛs ɑːɹɹɑːɹbiː moʊst ɹɛzənənt fɪlm sɪns ðə kɪlɚ ,1
ɪt ɛs ɹɛɹ ðæɾə muːvi kæn biː æz ɪntɛlɪdʒənt æz ðɪswʌn ɪz ɪn ɛvɹi ɹᵻɡɑːɹd ɛksɛpt ɪts stoːɹilaɪn ɛvɹɪθɪŋ ðæt ɛs ɡʊd ɪz ʌltᵻmətli skʌɾəld baɪ ɐ plɑːt ðæt ɛs dʒʌst tuː boːɹɪŋ ænd ɑːbviəs ,0
ðɪs mɪsteɪkən aɪdɛntᵻɾi pɪktʃɚɹ ɪz soʊ fɪlm kʌltʃɚ ɹɛfɚɹɛnʃəl ðætðə faɪnəl pɹɑːdʌkt ɪz ɐ ɡoʊst ,0
stɹeɪndʒ ænd bjuːɾifəl fɪlm ,1
"ðə hɪstɹɪɑːnɪk mjuːz stɪl ᵻluːdz mɐdɑːnə ænd , pleɪɪŋ ɐ tʃɑːɹmləs wɪtʃ , ʃiː ɪz mɪɹli ɐ tʃɑːɹmləs wɪtʃ ",0
"ðə ɹɪzʌlt , haʊɛvɚ wɛl ɪntɛnʃənd , ɪz aɪɹɑːnɪkli dʒʌst ðə sɔːɹt ʌv dɪspoʊzəbəl , kɪtʃən sɪŋk hɑːmɪdʒ ðæt ɪləstɹeɪts waɪ ðə hoʊl ɪz soʊ ɔfən lɛs ðɐn ðə sʌm ʌv ɪts pɑːɹts ɪn tədeɪ ɛs hɑːliwʊd ",0
ðə kætʃ ɪz ðæt ðeɪ ɹiː stʌk wɪð ɐ skɹɪpt ðæt pɹɪvɛnts ðɛm fɹʌm faɪɚɹɪŋ ɔn ɔːl sɪlɪndɚz ,0
wʌn ʌv ðoʊz soʊ soʊ fɪlmz ðæt kʊdɐv bɪn mʌtʃ bɛɾɚ ,0
hɐz ɔːl ðə kəmplɛksᵻɾi ænd ɹiːəlɪstɪk hjuːmən bᵻheɪvjɚɹ əvən ɛpɪsoʊd ʌv dʒɛnɚɹəl hɑːspɪɾəl ,0
æz ɚɹɪdʒɪnəl ænd ɪnsaɪtfəl æz læst wiːk ɛs ɛpɪsoʊd ʌv bᵻhaɪnd ðə mjuːzɪk ,0
mɑːɹvələsli ɛntɚteɪnɪŋ ænd dᵻlɪɹiəsli dʒɔɪəs dɑːkjuːmɛntɚɹi ,1
"ðɪs stoːɹi ɡɛts sɪliɚ , nɑːt skɛɹiɚ , æz ɪt ɡoʊz ɐlɔŋ ",0
moʊst vjuːɚz wɪl wɪʃ ðɛɹ hɐdbɪn moːɹ ʌvðə kwiːn ænd lɛs ʌvðə dæmd ,0
ɹᵻviːlz haʊ ɪmpoːɹtənt aʊɚ spɛʃəl tælənts kæn biː wɛn pʊt ɪn sɜːvɪs ʌv ʌv ʌðɚz ,1
"æz ɐ viəkəl tə seɪvɚ bᵻnɑːtʃ ɛs skɪl , ðə fɪlm ɪz wɛl wɜːθwaɪl ",1
wʌt seɪvz ðɪs diːpli ɐfɛktɪŋ fɪlm fɹʌm biːɪŋ mɪɹli ɐ kəlɛkʃən ʌv ɹɛntʃɪŋ keɪsᵻz ɪz kɔːɹkjuːɹə ɛs ɐtɛnʃən tə diːteɪl ,1
"stɪɹz , ɪn hɪz fiːtʃɚ fɪlm deɪbjuː , hɐz kɹiːeɪɾᵻd ɐ bɹɪliənt moʊʃən pɪktʃɚ ",1
"ɪt hɐz ɐ weɪ ʌv siːpɪŋ ɪntʊ jʊɹ kɑːnʃəsnəs , wɪð lɪŋɡɚɹɪŋ kwɛstʃənz ɐbaʊt wʌt ðə fɪlm ɪz ɹiəli ɡɛɾɪŋ æt ",1
ðə tʃɑːɹmz ʌvðə liːd pɚfoːɹmənsᵻz ɐlaʊ ʌs tə fɚɡɛt moʊst əv ðə fɪlm ɛs pɹɑːbləmz ,1
ðə plɛʒɚɹ ʌv ɹiːd maɪ lɪps ɪz laɪk siːɪŋ ɐ sɪɹiz ʌv pɜːfɛkt blæk pɜːlz klɪkɪŋ təɡɛðɚ tə fɔːɹm ɐ stɹɪŋ ,1
"ɪnsɑːmniə luːzᵻz pɔɪnts wɛn ɪt sɚɹɛndɚz tʊ ɐ fɔːɹmjʊleɪɪk bæŋ bæŋ , ʃuːt ɛm ʌp siːn æt ðə kəŋkluːʒən ",0
"ðɪs wʊd biː dʒeɪmz bɑːnd fɚðɪ ɛkstɹiːm dʒɛnɚɹeɪʃən pɪk ɪz wʌn bɪɡ , dʌm ækʃən muːvi ",0
"wɛn ɪt kʌmz tə ðə bæɾəl ʌv hɑːliwʊd viːɛs wuː , ɪt lʊks laɪk wuː ɛs ɐ piː oʊ dʌbəljuː ",0
"iːvlɪn meɪ biː beɪst ɔn ɐ tɹuː ænd hɪstɔːɹɪkli sɪɡnɪfɪkənt stoːɹi , bʌt ðə fɪlmeɪkɚz hæv meɪd ɛvɹi ɛfɚt tə dɪsɡaɪz ɪɾ æz ɐn ʌnɪmædʒɪnətɪv skɹiːnɹaɪɾɚ ɛs ɪnvɛnʃən ",0
kæɹɪktɚɹaɪzeɪʃən hɐzbɪn sækɹᵻfaɪst fɚðə seɪk ʌv spɛktəkəl ,0
ɪt tɜːnz aʊt təbi smɑːɹɾɚ ænd moːɹ daɪəbɑːlɪkəl ðɐn juː kʊdɐv ɡɛst æt ðə bɪɡɪnɪŋ ,1
ɪz sɪɡnɪfɪkəntli lɛs tʃɑːɹmɪŋ ðɐn lɪsənɪŋ tʊ ɐ foːɹ jɪɹ oʊld wɪð ɐ teɪst fɔːɹ ɛɡzædʒɚɹeɪʃən ɹᵻkaʊnt hɪz hæloʊiːn tɹɪp tə ðə hɔːntᵻd haʊs ,0
"ɐn ɛɡzæmpəl ʌv kwaɪət , kɑːnfɪdənt kɹæftsmənʃɪp ðæt tɛlz ɐ swiːt , tʃɑːɹmɪŋ teɪl ʌv ɪntɚɡɐlæktɪk fɹɛndʃɪp ",1
"tʃiːp , vʌlɡɚ daɪəlɑːɡ ænd ɐ plɑːt ðæt kɹɔːlz ɐlɔŋ æɾə sneɪl ɛs peɪs ",0
bɪn ðɛɹ dʌn ðæt ,0
sʌmθɪŋ hɐzbɪn lɔst ɪnðə tɹænsleɪʃən ɐnʌðɚ ɹuːtiːn hɑːliwʊd fɹaɪtfɪst ɪnwɪtʃ ðə slæk ɛksɪkjuːʃən ɪɾɐlɪsaɪzᵻz ðɪ ɐbsɜːdᵻɾi ʌvðə pɹɛmɪs ,0
"tɛns , tɚɹɪfɪk , swɛɾi pɑːmd fʌn ",1
"dᵻspaɪt sʌm tʃɑːɹm ænd hɑːɹt , ðɪs kwɜːki sɑːkɚɹ ɪmpoːɹt ɪz fɚɡɛɾəbəl ",0
"kjuːæɹən ɹᵻpiːɾᵻdli , pɚvɜːsli ʌndɚkʌts ðə ʒwɑː də viːvɹə iːvən æz hiː kɹiːeɪts ɪt , ɡɪvɪŋ ðə muːvi ɐ moːɹnfəl ʌndɚkɜːɹənt ðæt pleɪsᵻz ðə ɡʊd taɪm ʃᵻnænɪɡənz ɪn wɛlkʌm pɚspɛktɪv ",1
"fɔːɹ ɔːl ɪts bɹuːdɪŋ kwɔlᵻɾi , æʃ wɛnzdeɪ ɪz səspɛnsfəl ænd ʌltᵻmətli ʌnpɹɪdɪktəbəl , wɪð ɐ stɜːlɪŋ ɑːnsɑːmbəl kæst ",1
"dᵻlɪvɚz ðə sɛksi ɹæzəl dæzəl ðæt ɛvɹɪwʌn , ɪspɛʃəli muːvi mjuːzɪkəl fænz , hɐzbɪn hoʊpɪŋ fɔːɹ ",1
ðætðə tɹuː stoːɹi baɪ wɪtʃ ɔːl ðə kwiːn ɛs mɛn ɪz ɐlɛdʒᵻdli ɪnspaɪɚd wʌzɐ lɑːt fʌnɪɚ ænd moːɹ dɛftli ɛnæktᵻd ðɐn wʌt ɛs bɪn kɑːbəld təɡɛðɚɹ ɑːnskɹiːn ,0
juː kʊd heɪt ɪt fɚðə seɪm ɹiːzən ,0
ɐ stoːɹi ɐbaʊt ɪntɛlɪdʒənt haɪ skuːl stuːdənts ðæt diːlz wɪð fɜːst lʌv swiːtli bʌt ɔːlsoʊ sɪɹiəsli ,1
"weɪdaʊntaʊn meɪ nɑːt biː ɐn ɪmpoːɹtənt muːvi , ɔːɹ iːvən ɐ ɡʊd wʌn , bʌt ɪt pɹəvaɪdz ɐ naɪs tʃeɪndʒ ʌv maɪndləs peɪs ɪn kəlɪʒən wɪððə hɑːt ɑːskɚ siːzən kɜːɹəntli ʌndɚweɪ ",1
"fɹeɪlti stɑːɹts aʊt laɪk ɐ tɪpɪkəl baɪbəl kɪlɚ stoːɹi , bʌt ɪt tɜːnz aʊt təbi sɪɡnɪfɪkəntli dɪfɹənt ɛlɑːɹbiː ænd bɛɾɚɹ ɑːɹɹɑːɹbiː ðɐn moʊst fɪlmz wɪð ðɪs θiːm ",1
"θæŋks tə ðə siːeɪtʃ toʊ ɛs bæləns ʌv wɪmzɪkælᵻɾi , næɹətɪv dɪsɪplɪn ænd sɪɹiəs ɪmpɹəvəzeɪʃən , ɔːlmoʊst ɛvɹi ɹᵻleɪʃənʃɪp ænd pɜːsənælᵻɾi ɪnðə fɪlm jiːldz sɚpɹaɪzᵻz ",1
"ɡæɡən kæptʃɚz ðə hæf lɪt , sʌmtaɪmz kɹiːpi ɪntɪməsi ʌv kɑːlɪdʒ dɔːɹm ɹuːmz , ɐ sʌɾəlɾi ðæt meɪks ðə sɪli , oʊvɚ ðə tɑːp koʊdə ɪspɛʃəli dɪsɐpɔɪntɪŋ ",0
"dʒuːli deɪvɪs ɪz ðə kæθi liː dʒɪfɚd ʌv fɪlm dᵻɹɛktɚz , sædli pɹuːvɪŋ wʌns ɐɡɛn iːɡoʊ dʌz ɛnt ɔːlweɪz ɡoʊ hænd ɪn hænd wɪð tælənt ",0
"ɪnðɪ æfəbəl meɪd ɪn mænhæʔn̩ , dʒɛnɪfɚ loʊpɛz ɛs moʊst ɐɡɹɛsɪv ænd moʊst sɪnsɪɹ ɐtɛmpt tə teɪk muːvɪz baɪ stoːɹm , ðə diːvə ʃɹuːdli sɚɹaʊndz hɜːsɛlf wɪð ɐ kʌmpəni ʌv stɹɪktli ɐ lɪst pleɪɚz ",1
"ɛlɪɡəntli pɹəduːst ænd ɛkspɹɛsɪvli pɚfɔːɹmd , ðə sɪks mjuːzɪkəl nʌmbɚz kɹɪstəlaɪz kiː plɑːt moʊmənts ɪntʊ maɪnjuːtli diːteɪld wʌndɚz ʌv dɹiːmlaɪk ɛkstəsi ",1
"dɑːɹk ænd ʌnɹᵻpɛntənt , ðɪs ɛkskɜːʃən ɪntʊ ðɪ ɛpɪsɛntɚɹ ʌv pɜːkəleɪɾɪŋ mɛntəl ɪnstəbɪlᵻɾi ɪz nɑːt iːzili dɪsmɪst ɔːɹ fɚɡɑːʔn̩ ",1
"sɑːlɑːndz meɪ biː kənvɪnst ðæt hiː hɐz sʌmθɪŋ sɪɡnɪfɪkənt tə seɪ , bʌt hiː ɪz ɛnt tɔːkɪŋ ɐ tɔːk ðæt ɐpiːlz tə miː ",0
ɐ bjuːɾɪfəli ʃɑːt bʌt dʌl ænd æŋkəl diːp ɛpɪk ,0
"steɪl , fjuːɾəl sənæɹioʊ ",0
ɐ fɪlm ɪn ɐ klæs wɪð spaɪk liː ɛs mæstɚfəl duː ðə ɹaɪt θɪŋ ,1
"ɪn ɐdɪʃən tə spoːɹɾɪŋ wʌn ʌvðə wɜːst taɪɾəlz ɪn ɹiːsənt sɪnɪmæɾɪk hɪstɚɹi , bɐlɪstɪk ɛks viːɛs sɛvɚɹ ɔːlsoʊ fiːtʃɚz tɛɹᵻbəl , beɪnəl daɪəlɑːɡ kənviːnɪənt , hoʊl ɹɪdən plɑːɾɪŋ suːpɚfɪʃəl kæɹɪktɚz ænd ɐ ɹæðɚ dʌl , ʌnɪmædʒɪnətɪv kɑːɹ tʃeɪs ",0
fʊl ʌvðə kaɪnd ʌv ɑːbnɑːkʃəs tʃɪtʃæt ðæt oʊnli sɛlf ɐwɛɹ nʊɹɹɑːɾɪks ɛŋɡeɪdʒ ɪn ,0
"ɐ sɪmplɚ , liːnɚ tɹiːtmənt wʊdhɐv bɪn pɹɪfɜːɹəbəl æftɚɹ ɔːl , biːɪŋ ɐbaʊt nʌθɪŋ ɪz sʌmtaɪmz fʌnɪɚ ðɐn biːɪŋ ɐbaʊt sʌmθɪŋ ",0
"ɐ dᵻlaɪtfəl stɪmjʊləs fɚðɪ ɑːptɪk nɜːvz , soʊ mʌtʃ ðɐɾɪt ɛs fɚɡɪvəbəl ðætðə plɑːt fiːlz laɪk ɛvɹi ʌðɚ teɪl əvə toʊtælᵻtɛɹiən təmɑːɹoʊ ",1
nʌθɪŋ bʌt ɐn ɛpɪsoʊd ʌv smækdaʊn ! ,0
"fɔːɹ ɔːl ðə tʃɑːɹm ʌv kɛvɪn klaɪn ænd ɐ stoːɹi ðæt pʊts oʊld fæʃənd væljuːz ʌndɚ ðə maɪkɹəskoʊp , ðɛɹ ɛs sʌmθɪŋ kɹiːpi ɐbaʊt ðɪs muːvi ",1
kɜːʃnɚɹ ænd mɔnɹoʊ siːm təbi ɪn ɐ kɑːntɛst tə siː huː kæn aʊt bæd ækt ðɪ ʌðɚ ,0
ðɪ oʊnli ɹiːzən juː ʃʊd siː ðɪs muːvi ɪz ɪf juː hæv ɐ keɪs ʌv mæsəkɪzəm ænd ɐn aʊɚ ænd ɐ hæf tə bloʊ ,0
ɪt ɛs pɹɪtɛnʃəs ɪn ɐ weɪ ðæt vɜːdʒᵻz ɔnðɪ æmətʃɚɹɪʃ ,0
ɐ plɑːdɪŋ tiːn ɹᵻmeɪk ðæt ɛs soʊ mᵻkænɪkəl juː kæn smɛl ðə ɡɹiːs ɔnðə plɑːt twɪsts ,0
ɪt ɛs dɹæb ,0
"ɐ dᵻlaɪtfəli ʌnpɹɪdɪktəbəl , hɪlɛɹiəs kɑːmədi wɪð wʌndɚfəl pɚfoːɹmənsᵻz ðæt tʌɡ æt jʊɹ hɑːɹt ɪn weɪz ðæt ʌɾɚli tɹænsɛnd dʒɛndɚ leɪbəlz ",1
wʌt ɛs soʊ stɹaɪkɪŋ ɐbaʊt dʒoʊli ɛs pɚfoːɹməns ɪz ðæt ʃiː nɛvɚ lɛts hɜː kæɹɪktɚ bɪkʌm ɐ kæɹɪkətʃʊɹ nɑːt iːvən wɪð ðæt ɹeɪdɪoʊæktɪv hɛɹ ,1
"ɪn maɪ oʊn vɛɹi hʌmbəl əpɪniən , ɪn pɹeɪz ʌv lʌv læks iːvən ðə moʊst fɹæɡmɛntɪd tʃɑːɹmz aɪ hæv faʊnd ɪn ɔːlmoʊst ɔːl ʌv hɪz pɹiːviəs wɜːks ",0
"aɪ viː nɛvɚ bɔːt fɹʌm tɛlᵻmɑːɹkiːɾɚz , bʌt aɪ bɔːt ðɪs muːvi ",1
"woʊvən təɡɛðɚ hændsʌmli , ɹᵻkɔːlɪŋ sɪkstiz ɹɑːkjuːmɛntɚɹi maɪlstoʊnz fɹʌm loʊnli bɔɪ tə duː ɛnt lʊk bæk ",1
hɔːɹɪd lɪɾəl pɹɑːpɐɡændə fɪlm wɪð fæsᵻneɪɾɪŋ kənɛkʃənz nɑːt oʊnli tə ðə sɜːbz ðɛmsɛlvz bʌt ɔːlsoʊ tʊ ɐ nɛtwɜːk ʌv ɐmɛɹɪkən ɹaɪt wɪŋ ɛkstɹiːmɪsts ,1
"ɐ sʌn dɹɛntʃt mæstɚpiːs , pɑːɹt pɑːɹlɚ ɡeɪm , pɑːɹt saɪkəlɑːdʒɪkəl keɪs stʌdi , pɑːɹt dɹoʊl soʊʃəl sæɾaɪɚ ",1
ɐ θɹɪlɚ wɪðaʊt θɹɪlz ænd ɐ mɪstɚɹi dɪvɔɪd ʌv ɜːdʒənt kwɛstʃənz ,0
tɛn mɪnɪts ɪntʊ ðə fɪlm juː ɛlɛl biː waɪt nʌkəld ænd ʌneɪbəl tə lʊk ɐweɪ ,1
ɐn ɛndʒɔɪəbəl əbʌv ævɹɪdʒ sʌmɚ daɪvɜːʒən ,1
"wɑːtʃɪŋ ðɪs fɪlm , wʌt wiː fiːl ɪz ɛnt meɪnli səspɛns ɔːɹ ɛksaɪtmənt ",0
"ɪt ɛs nɑːt ɡoʊɪŋ təbi ɛvɹɪwʌn ɛs bæɡ ʌv pɑːpkɔːɹn , bʌt ɪt dɛfɪnətli ɡɪvz juː sʌmθɪŋ tə tʃuː ɔn ",1
"vaɪələnt , vʌlɡɚɹ ænd fɚɡɛɾəbli ɛntɚteɪnɪŋ ",0
"laɪk mɛni sʌtʃ baɪəɡɹæfɪkəl mɛlədɹɑːməz , ɪt sʌfɚz fɹʌmðɪ ɔːkwɚdnəs ðæt ɹɪzʌlts fɹʌm ædhɪɹɪŋ tə ðə mɛsɪnəs ʌv tɹuː stoːɹiz ",0
"æz ɐ stoːɹi ʌv dɹəmæɾɪk ɛnlaɪʔn̩mənt , ðə skɹiːnpleɪ baɪ bɪli ɹeɪ ænd tɛɹi dʒɔːɹdʒ liːvz sʌmθɪŋ təbi dɪzaɪɚd ",0
"sʌmtaɪmz tʃɑːɹmɪŋ , sʌmtaɪmz ɪnfjʊɹɹɪeɪɾɪŋ , ðɪs ɑːɹdʒəntɪniən dɹeɪmdi səksiːdz meɪnli ɔnðə ʃoʊldɚz ʌv ɪts æktɚz ",1
θɜːtiːn kɑːnvɚseɪʃənz ɐbaʊt wʌn θɪŋ ɪz ɐn ɪntɛlɪdʒənt flɪk ðæt ɛɡzæmɪnz mɛni dɪfɹənt aɪdiəz fɹʌm hæpɪnəs tə ɡɪlt ɪn ɐn ɪntɹiːɡɪŋ bɪt ʌv stɔːɹɪtɛlɪŋ ,1
ɐ noʊ hoʊldz bɑːɹd sɪnɪmæɾɪk tɹiːt ,1
plɑːtləs kəlɛkʃən ʌv mɔːɹɑːnɪk stʌnts ɪz baɪ fɑːɹ ðə wɜːst muːvi ʌvðə jɪɹ ,0
"ɔːl ɪn ɔːl , ɹoʊd tə pɜːdɪʃən ɪz moːɹ ɪn lʌv wɪð stɹeɪndʒnəs ðɐn ɛksələns ",1
"wɪð ɔːl ðə sɪmpəθi , ɛmpəθi ænd pɪɾi fɑːɡɪŋ ʌp ðə skɹiːn hɪz siːkɹᵻt laɪf ɛntɚz ðə lænd ʌv ʌnɪntɛnʃənəl mɛlədɹɑːmə ænd taɪɚsʌm lʌv tɹaɪæŋɡəlz ",0
"laɪk ɐ fɪʃ ðæt ɛs lɪvd tuː lɔŋ , ɔːstɪn paʊɚz ɪn ɡoʊldmɛmbɚ hɐz sʌm ʌnnɛsᵻsɚɹi pɑːɹts ænd ɪz kaɪndɚ ɹɔŋ ɪn pleɪsᵻz ",0
ædæpteɪʃən ɛs səksɛs ɪn ɛŋɡeɪdʒɪŋ ðɪ ɔːdiəns ɪnðə tɹɐveɪlz ʌv kɹiːeɪɾɪŋ ɐ skɹiːnpleɪ ɪz ɛkstɹoːɹdɪnɛɹi ,1
kɐneɪdiən fɪlmeɪkɚ ɡæɹi bɜːnz ɪnvɛntɪv ænd mɔːɹdəntli hjuːmɚɹəs teɪk ɔnðə soʊlləsnəs ʌv wɜːk ɪnðə sɪɾi ,1
"ʌltᵻmətli , mɪb ɹoʊmən tuː səksiːdz duː tʊ ɪts ɹæpɪd faɪɚ dᵻlɪvɚɹi ænd ɪnʌf ɪnspaɪɚd lɛvᵻɾi ðɐɾɪt kɑː ɛnt biː dɪsmɪst æz maɪndləs ",1
"laɪk ðɪ ɚɹɪdʒɪnəl , ðɪs vɜːʒən ɪz ɹeɪzd ɐ fjuː nɑːtʃᵻz əbʌv kɪdi fæntəsi pæbləm baɪ ælən ɛs ɐstɹɪndʒənt wɪt ",1
tɹaɪz soʊ hɑːɹd təbi kwɜːki ænd fʌni ðætðə stɹeɪn ɪz ɔːl tuː ɛvɪdənt ,0
"ðə sɛlf sɪɹiəs iːkwɪlɪbɹiəm meɪks ɪts pɔɪnt tuː wɛl ɐ muːvi , laɪk laɪf , ɪz ɛnt mʌtʃ fʌn wɪðaʊt ðə haɪz ænd loʊz ",0
"ɐ fæmɪli fɪlm ðæt kənteɪnz sʌm hɛfti θiːmæɾɪk mətɪɹiəl ɔn taɪm , dɛθ , ɪtɜːnᵻɾi , ænd wʌt ɪz niːdᵻd tə lɪv ɐ ɹɪtʃ ænd fʊl laɪf ",1
"ɐ ɹɪvɪɾɪŋ pɹoʊfaɪl ʌv lɔː ɛnfoːɹsmənt , ænd ɐ vɪsɚɹəl , næsti dʒɜːni ɪntʊ ɐn ɜːbən heɪdiːz ",1
"baɪ noʊ miːnz ɐ ɡɹeɪt muːvi , bʌt ɪɾ ɪz ɐ ɹᵻfɹɛʃɪŋli fɔːɹθɹaɪt wʌn ",1
ɹᵻwɔːɹdɪŋ ,1
ɔfən hɪlɛɹiəs ,1
"ʃɑːt lɑːɹdʒli ɪn smɔːl ɹuːmz , ðə fɪlm hɐz ɐ dʒɛntəl , ʌnfoːɹst ɪntɪməsi ðæt nɛvɚ bɪkʌmz klɔːstɹəfoʊbɪk ",1
"aɪ laɪk ɔːl foːɹ ʌvðə liːd æktɚz ɐ lɑːt ænd ðeɪ mænɪdʒ tə skwiːz ɐ fjuː læfs aʊɾəv ðə mətɪɹiəl , bʌt ðeɪ ɹiː tɹɛdɪŋ wɔːɾɚɹ æt bɛst ɪn ðɪs fɚɡɛɾəbəl ɛfɚt ",1
"ðɪ ɐdvɛntʃɚ dʌz ɛnt kənteɪn hæf ðɪ ɛksaɪtmənt ʌv bɔltoʊ , ɔːɹ kwɔːɹɾɚ ðə fʌn ʌv tɔɪ stoːɹi tuː ",0
ɐ vɛɹi tʃɑːɹmɪŋ ænd fʌni muːvi ,1
"nɛɹ ɛs ɐtɛnʃən tə diːteɪl kɹiːeɪts ɐn ɪmpɛkəbəl sɛns ʌv pleɪs , waɪl θɜːmən ænd luːɪs ɡɪv wʌt kæn iːzili biː kənsɪdɚd kɚɹɪɹ bɛst pɚfoːɹmənsᵻz ",1
ðə mɔːdlɪn weɪ ɪts stoːɹi ʌnfoʊldz sədʒɛsts ɐ dᵻɹɛktɚ faɪɾɪŋ ɐɡɛnst ðɪ ɜːdʒ tə sɛnseɪʃənəlaɪz hɪz mətɪɹiəl ,0
bᵻwɛɹ ðə kwɜːki bɹɪt kɑːm ,0
"ɐ sɛns ʌv ɹiːəl mædʒɪk , pɚhæps ",1
"ɪn θiəɹi , ɐ mɪdəl eɪdʒd ɹoʊmæns pɛɹɪŋ kleɪbɜːɡ ænd tæmbɚ saʊndz pɹɑːmɪsɪŋ , bʌt ɪn pɹæktɪs ɪt ɛs sʌmθɪŋ ɛls ɔːltəɡɛðɚ klaʊnɪʃ ænd əfɛnsɪv ænd nʌθɪŋ æɾ ɔːl laɪk ɹiːəl laɪf ",0
ɐ tʊɹ də foːɹs ʌv mɑːdɚn sɪnəmə ,1
eɪbəl tə pɹəvaɪd ɪnsaɪt ɪntʊ ɐ fæsᵻneɪɾɪŋ pɑːɹt ʌv θiəɾɚ hɪstɚɹi ,1
ɪt stɪl fiːlz laɪk ɐ pɹɪzən stɹɛtʃ ,0
"ædəmz , wɪð foːɹ skɹɪptɹaɪɾɚz , teɪks kɛɹ wɪððə kæɹɪktɚz , huː ɑːɹ soʊ bᵻliːvəbəl ðæt juː fiːl wʌt ðeɪ fiːl ",1
hiː meɪks juː ɹiːəlaɪz ðæt diːp ɪnsaɪd ɹaɪtʃəsnəs kæn biː faʊnd ɐ tʌf bjuːɾi ,1
"ðɪs ɪz hɪstɔːɹɪkəl fɪlmeɪkɪŋ wɪðaʊt ðə bɑːm ʌv ɹaɪt θɪŋkɪŋ aɪdɪɑːlədʒi , iːðɚ lɪbɚɹəl ɔːɹ kənsɜːvətɪv ",1
"ðə dᵻɹɛkʃən , baɪ dʒɔːɹdʒ hɪkənluːpɚ , hɐz noʊ snæp tʊ ɪt , noʊ waɪsækɚ kɹækəl ɔːɹ hɑːɹd bɪʔn̩ sɪnɪsɪzəm ",0
ɛlɑːɹbiː ɐ ɑːɹɹɑːɹbiː smɑːɹɾɚ ænd mʌtʃ fʌnɪɚ vɜːʒən ʌvðɪ oʊld pəliːs ɐkædəmi flɪks ,1
"hɜː fænz wɔːkt aʊt mʌɾɚɹɪŋ wɜːdz laɪk hɔːɹɪbəl ænd tɛɹᵻbəl , bʌt hæd soʊ mʌtʃ fʌn dɪsɪŋ ðə fɪlm ðæt ðeɪ dɪd ɛnt maɪnd ðə tɪkɪt kɔst ",0
ɐ suːpɚnætʃɚɹəl mɪstɚɹi ðæt dʌz ɛnt noʊ wɛðɚɹ ɪt wɔnts təbi ɐ səspɛnsfəl hɔɹɚ muːvi ɔːɹ ɐ wiːpi mɛlədɹɑːmə ,0
ɐn ɪmpɛkəbəl stʌdi ɪn pɚvɜːsᵻɾi ,1
"wʌt sɛts ɪɾ ɐpɑːɹt ɪz ðə vɪʒən ðæt teɪmɚ , ðɪ ævənt ɡɑːɹd dᵻɹɛktɚɹ ʌv bɹɔːdweɪ ɛs ðə laɪən kɪŋ ænd ðə fɪlm taɪɾəs , bɹɪŋz ",1
ɔfɚz ðə flæʃ ʌv ɹɑːk vɪdɪoʊz fjuːzd wɪð sɑːlɪd pɚfoːɹmənsᵻz ænd ɪɹi ætməsfɪɹ ,1
bʌt ðə fɪlm ɪtsɛlf ɪz ʌltᵻmətli kwaɪt ʌnɛŋɡeɪdʒɪŋ ,0
"ɐ sliːp ɪnduːsɪŋli sloʊ peɪst kɹaɪm dɹɑːmə wɪð klʌmzi daɪəlɑːɡ , hɛvi hændᵻd foʊni fiːlɪŋ sɛntɪmənt , ænd ɐn oʊvɚli fəmɪlɪɹ sɛt ʌv plɑːt dɪvaɪsᵻz ",0
ɐn ɔːfəl muːvi ðæt wɪl oʊnli sæɾɪsfaɪ ðə moʊst ɪmoʊʃənəli mæləbəl ʌv fɪlmɡoʊɚz ,0
"aɪ ɡɛs ɪt dʒʌst ɡoʊz tə ʃoʊ ðæt ɪf juː ɡɪv ɐ fɪlmeɪkɚɹ ɐn ʌnlɪmɪɾᵻd ɐmaʊnt ʌv foʊni blʌd , nʌθɪŋ ɡʊd kæn hæpən ",0
taɪm ʌv feɪvɚ kʊdɐv ɡɪvən ɔːdiənsᵻz ðə taɪm ʌv deɪ baɪ kɑːnsəntɹeɪɾɪŋ ɔnðɪ ɛlɪmənts əvɚ ɹᵻviːlɪŋ eɪliəneɪʃən ɐmʌŋ ɐ kʌltʃɚɹ ʌv piːpəl huː sædli ɑːɹ æt hɑːstəl ɑːdz wɪð wʌn ɐnʌðɚ θɹuː ɹɛkləsnəs ænd ɹᵻtælɪeɪʃən ,0
ɐ weɪst ʌv fɪɹləs pjʊɹɹᵻɾi ɪnðɪ æktɪŋ kɹæft ,0
"twɛnti jɪɹz æftɚɹ ɪts fɜːst ɹᵻliːs , iː tiː ɹᵻmeɪnz ðə moʊst wʌndɹəs ʌv ɔːl hɑːliwʊd fæntəsiz ænd ðɪ eɪpɛks ʌv stiːvən spiːlbɜːɡ ɛs mɪsʌndɚstʊd kɚɹɪɹ ",1
sʌfɚz fɹʌm ʌnlaɪkəbəl kæɹɪktɚz ænd ɐ sɛlf kɑːnʃəs sɛns ʌv ɪts oʊn kwɜːki hɪpnəs ,0
"tɔːki , ɑːɹɾɪfɪʃəl ænd oʊpeɪk ɐn ɪntɹɛstɪŋ tɛknɪkəl ɛksɚsaɪz , bʌt ɐ tiːdiəs pɪktʃɚ ",0
"fɪld wɪð loʊ bɹaʊ hjuːmɚ , ɡɹætuːɪɾəs vaɪələns ænd ɐ dɪstɜːbɪŋ dɪsɹɪɡɑːɹd fɔːɹ laɪf ",0
"ðə ɡɹeɪt pɪɾi ɪz ðæt ðoʊz ɹᵻspɑːnsᵻbəl dɪd ɛnt kʌt ðɛɹ lɔsᵻz ænd aʊɚz ænd ɹɛɾaɪɾəl ɪt ðɪ ɐdvɛntʃɚz ʌv dᵻɹɛkt tə vɪdɪoʊ næʃ , ænd sɛnd ɪt tʊ ɪts pɹɑːpɚ hoʊm ",0
"bᵻniːθ ðɪ ʌŋkæni , ɪnɛvᵻɾəbəl ænd siːmɪŋli ʃɹuːd fəsɑːd ʌv muːvi bɪz fɑːɹs laɪz ɐ plɑːt kɑːbəld təɡɛðɚ fɹʌm lɑːɹdʒli flæt ænd ʌŋkɹiːeɪɾɪv moʊmənts ",0
moːɹ taɪɚɹɪŋ ðɐn ɛnɪθɪŋ ,0
"lækɑːnɪk ænd vɛɹi stɪltᵻd ɪn ɪts daɪəlɑːɡ , ðɪs ɪndi flɪk nɛvɚ faʊnd ɪts ɔːdiəns , pɹɑːbəbli bɪkʌz ɪt ɛs ɛkstɹiːmli hɑːɹd tə ɹᵻleɪt tʊ ɛni ʌvðə kæɹɪktɚz ",0
juːzjuːmæki ɛs ɪntɹɛstɪŋ soʊʃəl pæɹəlɛl ænd dᵻfaɪənt ɛsθɛɾɪk siːmz ɐ pɹɑːstɪtuːɾᵻd mjuːz ,0
"ɐ pɚsɛptɪv , ɡʊd neɪtʃɚd muːvi ",1
"meɪlstɹɑːm ɪz stɹeɪndʒ ænd kəmpɛlɪŋ , ɛŋɡɹoʊsɪŋ ænd dɪfɹənt , ɐ mɔːɹəl teɪl wɪð ɐ twɪstᵻd sɛns ʌv hjuːmɚ ",1
"ɪf juː ɹiː lʊkɪŋ fɚɹə stoːɹi , duː ɛnt bɑːðɚ ",0
"ɹeɪn ʌv faɪɚ nɛvɚ kʌmz kloʊs tə ɹᵻkʌvɚɹɪŋ fɹʌm ɪts dᵻmɛntᵻd pɹɛmɪs , bʌt ɪt dʌz səsteɪn ɐn ɛndʒɔɪəbəl lɛvəl ʌv ɹɪdɪkjʊləsnəs ",0
"ɪf juː ɛvɚ wʌndɚd wʌt ɪt wʊd biː laɪk təbi smæk ɪnðə mɪdəl əvə wɔːɹ zoʊn ɑːɹmd wɪð nʌθɪŋ bʌt ɐ kæmɹə , ðɪs ɑːskɚ nɑːmᵻneɪɾᵻd dɑːkjuːmɛntɚɹi teɪks juː ðɛɹ ",1
"ʌðɚ ðænə maɪldli ɛŋɡeɪdʒɪŋ sɛntɹəl ɹoʊmæns , hɑːspɪɾəl ɪz sɪkli ɛntɚteɪnmənt æt bɛst ænd maɪnd dᵻstɹɔɪɪŋ sɪnɪmæɾɪk pəluːʃən æt wɜːst ",0
ðə muːvi ɪz laɪk skoːɹsiːz ɛs miːn stɹiːts ɹiːdʌn baɪ sʌmwʌn huː ɪɡnoːɹd ɪɾ ɪn feɪvɚɹ ʌv oʊld dʒuːvənaɪl dᵻlɪŋkwənt peɪpɚbæks wɪð taɪɾəlz laɪk lɛðɚ wɔːɹɪɚz ænd swɪtʃbleɪd sɛkspɑːt ,0
laɪk ðə tʃɪld bɹɛθ ʌv oːɹəl stɔːɹɪtɛlɪŋ fɹoʊzən ɑːntʊ fɪlm ,1
"kæptᵻveɪts æz ɪt ʃoʊz ɛksɛs ɪn bɪznəs ænd plɛʒɚ , ɐlaʊɪŋ ʌs tə faɪnd ðə smɔːl , hjuːmən moʊmənts , ænd liːvɪŋ ɔf wɪð ɐ ɡɹænd wɪmpɚ ",1
"ɡeɪ ɔːɹ stɹeɪt , kɪsɪŋ dʒɛsɪkə staɪn ɪz wʌn ʌvðə ɡɹeɪɾɪst deɪt muːvɪz ɪn jɪɹz ",1
"hiː dɹæɡz ɪt bæk , sɪŋɡəl hændᵻd ",1
tɹænsleɪɾɪŋ kɑːmplɛks kæɹɪktɚz fɹʌm nɑːvəlz tə ðə bɪɡ skɹiːn ɪz ɐn ɪmpɑːsᵻbəl tæsk bʌt ðeɪ ɑːɹ tɹuː tə ðɪ ɛsəns ʌv wʌt ɪɾ ɪz təbi jɐ jɐ ,1
ðɛɹ ɪz nʌθɪŋ fʌni ɪn ðɪs ɛvɹi dʒoʊk hɐzbɪn toʊld ɐ θaʊzənd taɪmz bᵻfoːɹ muːvi ,0
"ɐ θɔːtfəl ænd sɚpɹaɪzɪŋli ɐfɛktɪŋ poːɹtɹɪt əvə skɹuːd ʌp mæn huː dɛɹd tə mɛs wɪð sʌm paʊɚfəl piːpəl , siːn θɹuː ðɪ aɪz ʌvðɪ aɪdiəlɪstɪk kɪd huː tʃuːzᵻz tə tʃæmpiən hɪz ʌltᵻmətli luːzɪŋ kɔːz ",1
ɹɛɡɪoʊ ænd ɡlæs pʊt ɔn ɐn ɪntɑːksᵻkeɪɾɪŋ ʃoʊ ,1
ɐ ɹɛɹ ænd laɪtli ɛntɚteɪnɪŋ lʊk bᵻhaɪnd ðə kɜːtən ðæt sɛpɚɹeɪts kɑːmɪks fɹʌmðə piːpəl læfɪŋ ɪnðə kɹaʊd ,1
"biː pɹɪpɛɹd tə klɪŋ tə ðɪ ɛdʒ ʌv jʊɹ siːt , tɛns wɪð səspɛns ",1
ðə mæntɹə bᵻhaɪnd ðə pɹɑːdʒɛkt siːmz tə hɐvbɪn ɪt ɛs dʒʌst ɐ kɪdz flɪk ,0
"boʊθ hɑːɹtbɹeɪkɪŋ ænd hɑːɹtwɔːɹmɪŋ dʒʌst ɐ sɪmpəl feɪbəl dʌn ɪn ɐn ɑːɹtləs sɪɾəl , bʌt ɪt ɛs tɹəmɛndəsli muːvɪŋ ",1
"ðə sɪɹiz mɛsɪdʒ ɐbaʊt meɪkɪŋ ðə ɹaɪt tʃɔɪs ɪnðə feɪs ʌv tɛmptɪŋ ɔːltɜːnətɪvz ɹᵻmeɪnz pɹɑːmɪnənt , æz duː ðə ɡɜːlz ɐmjuːzɪŋ pɜːsənælᵻɾiz ",1
ðə sæntə klɔːz tuː ɛs plɑːt meɪ saʊnd laɪk ɪt wʌz koʊ ɹɪʔn̩ baɪ mæɾəl ɛɡzɛkjuːtɪvz ænd lɑːbɪɪsts fɚðə tɪnsəl ɪndʌstɹi ,0
"ɪt ɛs sɚpɹaɪzɪŋli diːsənt , pɚtɪkjʊlɚli fɚɹə tɛnθ ɪnstɔːlmənt ɪn ɐ sɪɹiz ",1
"tɹuː tʊ ɪts ænɪmɐtɹɑːnɪk ɹuːts æz stɪf , pɑːndɚɹəs ænd tʃɑːɹmləs æz ɐ mᵻkænɪkəl æpɚɹæɾəs ðə kʌntɹi bɛɹz ʃʊd nɛvɚ hɐvbɪn bɹɔːt aʊɾəv haɪbɚneɪʃən ",0
ðə piænoʊ tiːtʃɚɹ ɪz nɑːt ɐn iːzi fɪlm ,0
dᵻdʒɛnɚɹeɪts ɪntʊ hɑːɡwɑːʃ ,0
ɐbsɜːdᵻɾiz ænd klɪx ɛs ɐkjuːmjʊleɪt laɪk lɪnt ɪn ɐ fæt mæn ɛs neɪvəl ,0
"ðoʊz huː ɑːɹ nɑːt ɐkweɪntᵻd wɪððɪ ɔːθɚ ɛs wɜːk , ɔnðɪ ʌðɚ hænd , meɪ fɔːl fæst ɐsliːp ",0
sɛks wɪð stɹeɪndʒɚz ɪz fæsᵻneɪɾɪŋ ,1
"ʌnlaɪk tɹeɪ pɑːɹkɚ , sændlɚ dʌz ɛnt ʌndɚstænd ðætðɪ aɪdiə ʌv ɛksplɔɪɾɪŋ məlɪsteɪʃən fɔːɹ læfs ɪz fʌni , nɑːt æktʃuːəli ɛksplɔɪɾɪŋ ɪt joːɹsɛlf ",0
baɪlɚɹ ɪz tuː sævi ɐ fɪlmeɪkɚ tə lɛt ðɪs mɔːɹf ɪntʊ ɐ tɪpɪkəl ɹoʊmæntɪk tɹaɪæŋɡəl ,1
"ɡɹiːn ɹuːɪnz ɛvɹi sɪŋɡəl siːn hiː ɛs ɪn , ænd ðə fɪlm , waɪl ɪt ɛs nɑːt kəmpliːtli ɹiːkt , ɪz sɪɹiəsli kɑːmpɹəmaɪzd baɪ ðæt ",0
ɐ maɪnɚ fɪlm wɪð meɪdʒɚ plɛʒɚz fɹʌm poːɹtʃəɡiːz mæstɚ mænoʊl də ɑːlɪviɛɹə ,1
stiːlɪŋ hɑːɹvɚd kɑː ɛnt iːvən duː ðæt mʌtʃ ,0
lɛɡwɪzəmoʊ ænd dʒoʊnz ɑːɹ boʊθ ɛksələnt ænd ðə ɹɛst ʌvðə kæst ɪz juːnɪfɔːɹmli suːpɜːb ,1
"ɪf ðə pɹɪdɪktəbɪlᵻɾi ʌv blænd kʌmfɚt fuːd ɐpiːlz tə juː , ðɛn ðə fɪlm ɪz ɐ plɛzənt ɪnʌf dɪʃ ",0
"ðə stoːɹi sʌfɚz ɐ sᵻvɪɹ keɪs ʌv oʊvɚsɪmplɪfɪkeɪʃən , suːpɚfɪʃɪælᵻɾi ænd sɪlinəs ",0
ɐ tɛknɪkəl tɹaɪʌmf ænd ɐn ɛkstɹoːɹdɪnɛɹi boːɹ ,0
"ðə kæɹɪktɚz ɑːɹ peɪpɚ θɪn , ænd ðɛɹ pɜːsənælᵻɾiz ʌndɚɡoʊ ɹædɪkəl tʃeɪndʒᵻz wɛn ɪt suːts ðə skɹɪpt ",0
"niːðɚ kwaɪt ɐ kɑːmədi nɔːɹ ɐ ɹoʊmæns , moːɹ əvən ɪmpɪʃ daɪvɜːɾɪsmənt ʌv θiːmz ðæt ɪntɹɛst ɐtæl ænd ɡeɪnsbɜːɡ ðeɪ lɪv təɡɛðɚ ðə fɪlm hɐz ɐ lɑːt ʌv tʃɑːɹm ",1
laɪkli tə hæv dɛkeɪdz ʌv laɪf æz ɐ klæsɪk muːvi fɹæntʃaɪz ? ,1
wʌt ðeɪ siː ɪn iːtʃ ʌðɚɹ ɔːlsoʊ ɪz dɪfɪkəlt tə fæðəm ,0
ðɪs ɪz ɐ fæsᵻneɪɾɪŋ fɪlm bɪkʌz ðɛɹ ɪz noʊ klɪɹ kʌt hiəɹoʊ ænd noʊ ɔːl aʊt vɪlən ,1
ɐnʌðɚ tɹʌmpɪt blæst ðæt ðɛɹ meɪ biː ɐ nuː mɛksɪkən sɪnəmə ɐ boːɹnɪn ,1
"wʌt maɪthɐv bɪn ɹɛdili dɪsmɪst æz ðə taɪɚsʌm ɹænt əvən eɪdʒɪŋ fɪlmeɪkɚ stɪl θʌmɪŋ hɪz noʊz æt kənvɛnʃən teɪks ɐ sɚpɹaɪzɪŋ , sʌɾəl tɜːn æt ðə mɪdweɪ pɔɪnt ",0
"ɛkspændz ðə lɪmɪts ʌv wʌt ɐ fɪlm kæn biː , teɪkɪŋ ʌs ɪntʊ ðə laɪvz ʌv wɪmɪn tə huːm wiː maɪt nɑːt ɡɪv ɐ sɛkənd lʊk ɪf wiː pæst ðɛm ɔnðə stɹiːt ",1
dʌznɑːt ɡoʊ fɑːɹ ɪnʌf ɪn ɪts hjuːmɚ ɔːɹ stɑːk aɪdiəz tə stænd aʊt æz pɚtɪkjʊlɚli mɛmɚɹəbəl ɔːɹ iːvən ɔːl ðæt fʌni ,0
"dᵻspaɪt ðə fɪlm ɛs ʃɔːɹtkʌmɪŋz , ðə stoːɹiz ɑːɹ kwaɪətli muːvɪŋ ",1
fɹʌm blʌʃɪŋ tə ɡʌʃɪŋ ɪmɐmjʊɹɹə skwɜːts ðə skɹiːn ɪn wɔːɹm wɔːɾɚɹ ʌndɚɹ ɐ ɹɛd bɹɪdʒ ,1
dᵻlaɪt jʊɹ sɛnsᵻz ænd kɹæʃ ðɪs wɛdɪŋ ! ,1
ðə bɛst θɪŋ aɪ kæn seɪ ɐbaʊt ðɪs fɪlm ɪz ðæt aɪ kɑː ɛnt weɪt tə siː wʌt ðə dᵻɹɛktɚ dʌz nɛkst ,1
"wɑːlɪs ɪz smɑːɹt tə vɛɹi ðə pɪtʃ ʌv hɪz muːvi , bælənsɪŋ dɛfənɪŋ bæɾəl siːnz wɪð kwaɪəɾɚ dəmɛstɪk siːnz ʌv wɪmɪn bæk hoʊm ɹᵻsiːvɪŋ wɔːɹ dᵻpɑːɹtmənt tɛlᵻɡɹæmz ",1
ɐ tɹuː bluː dᵻlaɪt ,1
"ɐbaʊt æz ɛndʒɔɪəbəl , aɪ wʊd ɪmædʒɪn , æz sɜːtʃɪŋ fɚɹə kwɔːɹɾɚɹ ɪn ɐ dʒaɪənt paɪl ʌv ɛlɪfənt fiːsᵻz pɑːzᵻtɪvli dɹɛdfəl ",0
ɪt liːvz lɪɾəl daʊt ðæt kɪdmən hɐz bɪkʌm wʌn ʌv aʊɚ bɛst æktɚz ,1
"wʌt ɛnsuːz ɑːɹ mʌtʃ blʌd splæɾɚɹɪŋ , mæs dɹʌɡ ɪnduːst baʊəl ɪvækjuːeɪʃənz , ænd nʌn tuː fʌni kɑːməntɛɹi ɔnðə kʌltʃɚɹəl dɪstɪŋkʃənz bᵻtwiːn ɐmɛɹɪkənz ænd bɹɪts ",0
ɐn ɛndʒɔɪəbəl ɛkspiəɹɪəns ,1
ænd ðeɪ səksiːd mɛɹili æt ðɛɹ noʊbəl ɛndɛvɚ ,1
"vɛɹi mʌtʃ ɐ hoʊm vɪdɪoʊ , ænd soʊ dɪvɔɪd ʌv ɑːɹɾɪfɪs ænd pɜːpəs ðɐɾɪt ɐpɪɹz nɑːt tə hɐvbɪn ɛdɪɾᵻd æɾ ɔːl ",0
"noʊ , iːvən ðæt ɛs tuː kəmɪɾᵻd ",0
ðɪ ɛntaɪɚ muːvi ɪz ɪn niːd əvə sɛntᵻd bæθ ,0
aɪ spaɪd wɪð maɪ lɪɾəl aɪ ɐ miːdɪoʊkɚ kəlɛkʃən ʌv kʊki kʌɾɚɹ ækʃən siːnz ænd əkeɪʒənəli ɪnspaɪɚd daɪəlɑːɡ bɪts ,0
"ðɪ aʊɚz , ɐ dɛlᵻkətli kɹæftᵻd fɪlm , ɪz ɐn ɪmpɹɛsɪv ɐtʃiːvmənt ɪn spaɪt əvɚ ɹɪvɚɹ ʌv sædnəs ðæt poːɹz ɪntʊ ɛvɹi fɹeɪm ",1
"ɑːɹ wiː diːlɪŋ wɪð dɹiːmz , vɪʒənz ɔːɹ biːɪŋ toʊld wʌt æktʃuːəli hæpənd æz ɪf ɪt wɜː ðə θɜːd ɛndɪŋ ʌv kluː ? ",0
"ðɪs muːvi ɪz soʊ bæd , ðɐɾɪt ɛs ɔːlmoʊst wɜːθ siːɪŋ bɪkʌz ɪt ɛs soʊ bæd ",0
"noʊ bɛɾɚ ɔːɹ wɜːs ðɐn tɹuːθ ɔːɹ kɑːnsɪkwənsᵻz , ɛn ɛm ɔːɹ ɛni ʌðɚɹ ɪntɚtʃeɪndʒəbəl ækʃənɚ wɪð ɪmbɪsɪlɪk mæfiə tuːlbæɡz bɑːtʃɪŋ ɐ ɹuːtiːn ɐsaɪnmənt ɪn ɐ wɛstɚn bækwɔːɾɚ ",0
"wɛl , ðɪs muːvi pɹuːvz juː ɹɔŋ ɔn boʊθ kaʊnts ",0
"mʌtʃ ʌv ɪɾ ɪz fʌni , bʌt ðɛɹɑːɹ ɔːlsoʊ sʌm stɑːɹɾəlɪŋ , sɚɹiːəlɪstɪk moʊmənts ",1
"ðoʊz huː ɑːɹ oʊnli maɪldli kjʊɹɹiəs , aɪ fɪɹ , wɪl biː pʊt tə sliːp ɔːɹ bᵻwɪldɚd baɪ ðɪ ɑːɹtsi ænd ɔfən pɔɪntləs vɪʒuːəlz ",0
ɪts ɛŋɡeɪdʒɪŋ sɪmplɪsᵻɾi ɪz dɹɪvən baɪ ɐpiːlɪŋ liːdz ,1
"θiːəlɑːdʒɪkəl mæɾɚz ɐsaɪd , ðə muːvi ɪz soʊ klʌmzili sɛntɪmɛntəl ænd ɪnɛptli dᵻɹɛktᵻd ɪt meɪ liːv juː spiːkɪŋ ɪn tʌŋz ",0
ðɪs naɪnti mɪnɪt poʊstmɑːdɚn vɔɪɪdʒ wʌz moːɹ daɪvɜːɾɪŋ ænd θɔːt pɹəvoʊkɪŋ ðɐn aɪ diː ɛkspɛktᵻd ɪt tə biː ,1
"ɪɡnoːɹɪŋ ðæt , hiː meɪd swɪmfən ɛnɪweɪ ",0
"wiː nɛvɚ tɹuːli kʌm tə kɛɹ ɐbaʊt ðə meɪn kæɹɪktɚz ænd wɛðɚɹ ɔːɹ nɑːt ðeɪ ɛlɛl waɪnd ʌp təɡɛðɚ , ænd mɪʃɛl ɛs spɪɹɪtʃuːəl kwɛst ɪz niːðɚɹ ɐmjuːzɪŋ nɔːɹ dɹəmæɾɪk ɪnʌf tə səsteɪn ɪntɹɛst ",0
"laɪk skaɪndlɚ ɛs lɪst , ðə ɡɹeɪ zoʊn ɐtɛmpts təbi ɡɹændɪlɑːkwənt , bʌt ɛndz ʌp mɪɹli pɹɪtɛnʃəs ɪn ɐ ɡɹɪsli sɔːɹt ʌv weɪ ",0
ɐ tʌtʃɪŋ dɹɑːmə ɐbaʊt oʊld eɪdʒ ænd ɡɹiːf wɪð ɐ tʊɹ də foːɹs pɚfoːɹməns baɪ mɪtʃəl pɪkɑːli ,1
vɪdɪoʊ ɡeɪmz ɑːɹ moːɹ ɪnvɑːlvɪŋ ðɐn ðɪs mɛs ,0
"ɐn ɑːbviəs kɑːpi ʌv wʌn ʌvðə bɛst fɪlmz ɛvɚ meɪd , haʊ kʊd ɪt nɑːt biː ? ",0
ðə plæn tə meɪk ɪnʌf ɪntʊ ɐn ɪnspaɪɚɹɪŋ teɪl ʌv sɚvaɪvəl ɹæpt ɪnðə hɑːɹt paʊndɪŋ səspɛns əvə staɪlɪʃ saɪkəlɑːdʒɪkəl θɹɪlɚ hɐz flɑːpt æz ʃʊɹli æz ɐ suːfəl ɡɔn ɹɔŋ ,0
"dɑːɡ soʊldʒɚz dʌz ɛnt tɹænsɛnd ʒɑːnɹə ɪɾ ɛmbɹeɪsᵻz ɪt , ɛnɚdʒaɪzᵻz ɪt ænd teɪks bɪɡ blʌdi tʃɑːmps aʊɾəv ɪt ",1
"θɜːd taɪm ɛs ðə tʃɑːɹm jɛh , beɪbi ! ",1
weɪɾi ænd pɑːndɚɹəs bʌt ɛvɹi bɪt æz fɪlɪŋ æz ðə tɹiːt ʌvðə taɪɾəl ,1
"meɪks ðə keɪs fɚɹə stɹɔŋ ɛdʒuːkeɪʃən ænd ɡʊd tiːtʃɚz biːɪŋ moːɹ væljuːəbəl ɪnðə weɪ ðeɪ hɛlp ɪŋkɹiːs ɐn ævɹɪdʒ stuːdənt ɛs sɛlf ɛstiːm , ænd nɑːt stɹɪktli ɪnðə nɑːlɪdʒ ɪmpɑːɹɾᵻd ",1
ɐ ɡɪdi ænd pɹəvɑːkətɪv sɛkʃuːəl ɹɑːmp ðæt hɐz sʌmθɪŋ tə seɪ ,1
"wʌt ɛs nɑːt tə laɪk ɐbaʊt ɐ muːvi wɪð ɐ tʃɪldɹən ɛs sɔŋ ðæt ɪŋkluːdz ðə laɪn maɪ stɛpdæd ɛs nɑːt miːn , hiː ɛs dʒʌst ɐdʒʌstɪŋ ? ",1
"iːkwɪlɪbɹiəm ðə muːvi , æz əpoʊzd tə ðə mænɪfɛstoʊ , ɪz ɹiəli , ɹiəli stuːpɪd ",0
sʌfɚz fɹʌm oʊvɚ fəmɪliæɹᵻɾi sɪns hɪt hʌŋɡɹi bɹɪɾɪʃ fɪlmeɪkɚz hæv stɹɪp maɪnd ðə mɔnti fɔːɹmjʊlə mɜːsiləsli sɪns naɪntiːnhʌndɹɪd naɪnti sɛvən ,0
"ᵻvɛntʃuːəli ɚɹaɪvz æɾ ɪts hɑːɹt , æz sɪmpəl sɛlf ɹᵻflɛkʃən mɛdɪteɪʃən ",1
"ɪn ɐ sʌmɚɹ oʊvɚɹʌn wɪð muːvɪz dɑːmᵻneɪɾᵻd baɪ siːdʒiːaɪ eɪliənz ænd suːpɚ hiəɹoʊz , ɪt ɹᵻvɪɡɚɹeɪts ðə maɪnd tə siː ɐ fiːtʃɚ ðæt kɑːnsəntɹeɪts ɔn piːpəl , ɐ pɹɑːdʒɛkt ɪnwɪtʃ ðə skɹɪpt ænd kæɹɪktɚz hoʊld sweɪ ",1
"fɔːɹ moʊst muːvɪz , eɪɾi foːɹ mɪnɪts ɪz ʃɔːɹt , bʌt ðɪswʌn fiːlz laɪk ɐ laɪf sɛntəns ",0
wʌt bɪɡɪnz æz ɐ kənvɛnʃənəl θɹɪlɚɹ ɪvɑːlvz ɪntʊ ɐ ɡoːɹdʒəsli ætməsfɛɹɪk mɛdɪteɪʃən ɔn laɪf tʃeɪndʒɪŋ tʃæns ɛŋkaʊntɚz ,1
ɪt ɛs ɹɛɹ fɔːɹ ɛni muːvi təbi æz sʌɾəl ænd tʌtʃɪŋ æz ðə sʌn ɛs ɹuːm ,1
"nɑːt æz wɛl ɹɪʔn̩ æz sɛksi biːst , nɑːt æz ɡloːɹiəsli flɪpənt æz lɑːk , stɑːk ænd tuː smoʊkɪŋ bæɹəlz , bʌt staɪlɪʃ ænd muːdi ænd ɛksɛpʃənəli wɛl æktᵻd ",1
spiːlbɜːɡ ɛs ɹiːəlᵻzeɪʃən əvə nɪɹ fjuːtʃɚɹ ɐmɛɹɪkə ɪz mæstɚfəl ,1
"ɐmɪdst ðɪ ækʃən , ðə skɹɪpt kæɹiz ɑːɹnəld ɛlɑːɹbiː ænd ðə vjuːɚz ɑːɹɹɑːɹbiː ɪntʊ ðə fɚbɪdən zoʊn ʌv sɪmpəθaɪzɪŋ wɪð tɛɹɚɹɪst moʊɾɪveɪʃənz baɪ pɹɪzɛntɪŋ ðə ʌðɚ saɪd ʌvðə stoːɹi ",1
"æz ɡoːɹi æz ðə siːnz ʌv tɔːɹtʃɚ ænd sɛlf mjuːɾɪleɪʃən meɪ biː , ðeɪ ɑːɹ pɪɾᵻd ɐɡɛnst ʃɪmɚɹɪŋ sɪnɪmɐtɑːɡɹəfi ðæt lɛndz ðə sɛɾɪŋ ðɪ iːθiəɹɪəl bjuːɾi əvən eɪʒən lændskeɪp peɪntɪŋ ",1
dʒoʊnz hɐz dᵻlɪvɚd ɐ sɑːlɪdli ɛntɚteɪnɪŋ ænd muːvɪŋ fæmɪli dɹɑːmə ,1
"ɛlɑːɹbiː eɪtʃ ɑːɹɹɑːɹbiː æd aɪ sʌfɚd ænd blɛd ɔnðə hɑːɹd ɡɹaʊnd ʌv aɪə dɹæŋ , aɪ diː wɔnt sʌmθɪŋ ɐ bɪt moːɹ kɑːmplɛks ðɐn wiː wɜː soʊldʒɚz təbi ɹᵻmɛmbɚd baɪ ",0
"ɪt ɛs sɔːɹt ʌv ɪn bᵻtwiːn , ænd ɪt wɜːks ",1
hiː ɛs ðə skɛɹiɪst ɡaɪ juː ɛlɛl siː ɔːl sʌmɚ ,1
"ʌnfʌni kɑːmədi wɪð ɐ lɑːt ʌv stæɾɪk sɛt ʌps , nɑːt mʌtʃ kæmɹə muːvmənt , ænd moʊst əv ðə siːnz teɪk pleɪs ɪndoːɹz ɪn fɔːɹməl sɛɾɪŋz wɪð moʊʃənləs kæɹɪktɚz ",0
ɐ muːvi ɪnwɪtʃ tuː nɑːt vɛɹi ɐbsoːɹbɪŋ kæɹɪktɚz ɑːɹ ɛŋɡeɪdʒd ɪn ɐ ɹoʊmæns juː kɑː ɛnt weɪt tə siː ɛnd ,0
"ɐ kʌltʃɚɹəl waɪldkɑːɹd ɛkspiəɹɪəns wæki , dɪfɹənt , ʌnjuːʒuːəl , iːvən nʌɾi ",1
miːdɪoʊkɚ feɪbəl fɹʌm bɜːkiːnə fɑːsoʊ ,0
ɐ hɔːlmɑːɹk fɪlm ɪn ɐn ɪŋkɹiːsɪŋli ɪmpoːɹtənt fɪlm ɪndʌstɹi ænd wɜːθ ðə lʊk ,1
ðə wɜːst fɪlm ʌvðə jɪɹ ,0
"ɐ fʌni , tɹaɪʌmfənt , ænd muːvɪŋ dɑːkjuːmɛntɚɹi ",1
"fɚðə moʊst pɑːɹt , ðə fɪlm dʌz hoʊld ʌp pɹɪɾi wɛl ",1
ɪt ɛs ɐbaʊt ɪʃuːz moʊst ɐdʌlts hæv tə feɪs ɪn mæɹɪdʒ ænd aɪ θɪŋk ðæt ɛs wʌt aɪ laɪkt ɐbaʊt ɪt ðə ɹiːəl ɪʃuːz tʌkt bᵻtwiːn ðə sɪli ænd kɹuːd stoːɹilaɪn ,1
"ðɛɹ ɛs ɐ spɑːntəneɪᵻɾi tə ðə ʃæɾoʊ , ɐ sɛns ʌv laɪt hɑːɹɾᵻdnəs , ðæt meɪks ɪɾ ɐtɹæktɪv θɹuːaʊt ",1
"ɪn fækt , ɪt ɛs kwaɪt fʌn ɪn pleɪsᵻz ",1
ɪt ɛs ɐ bɛɹli tɑːlɚɹəbəl slɑːɡ oʊvɚ wɛl tɹɑːd ɡɹaʊnd ,0
"mənɪpjʊlətɪv klæptɹæp , ɐ piəɹɪəd piːs muːvi ʌvðə wiːk , pleɪn oʊld blɑːɹni teɪk jʊɹ pɪk ",0
"nɑːt ðæt ɛni ʌv ʌs ʃʊd biː kəmpleɪnɪŋ wɛn ɐ fɪlm klɑːks ɪn ɚɹaʊnd naɪnti mɪnɪts ðiːz deɪz , bʌt ðə plɑːɾɪŋ hɪɹ liːvz ɐ lɑːt təbi dɪzaɪɚd ",0
ɪt ɛs kɹæp ɔn ɐ liːʃ fɑːɹ tuː pəlaɪt tə skeɪl ðə luːnətɪk haɪts ʌv dʒoʊ dɑːnteɪ ɛs sɪmɪlɚli staɪld ɡɹɛmlɪnz ,0
"hɑːliwʊd ɛndɪŋ ɪz nɑːt ʃoʊ stɑːpɪŋli hɪlɛɹiəs , bʌt skeɪðɪŋli wɪɾi nʌnðəlɛs ",1
"ɪt ɛs ɐn ɛɡzɪlɐɹəɾɪŋ pleɪs tə vɪzɪt , ðɪs læbɹətɔːɹi ʌv læftɚ ",1
dʒɛnjuːɪnli ʌnnɜːvɪŋ ,1
ɛnɹɪtʃt baɪ ɐ stɹɔŋ ænd ʌnfoːɹst səpoːɹɾɪŋ kæst ,1
wɪðaʊt ɛni ɹᵻdiːmɪŋ væljuː wʌtsoʊɛvɚ ,0
ɐn ɪntɑːksᵻkeɪɾɪŋ ɛkspiəɹɪəns ,1
"ɹɑːk sɑːlɪd fæmɪli fʌn aʊɾəv ðə ɡeɪts , ɛkstɹiːmli ɪmædʒɪnətɪv θɹuː aʊt , bʌt weɪnz ɪnðə mɪdəl ",1
ðeɪ tʃiːpən ðɪ oʊvɚɹɔːl ɪfɛkt ,0
wʌt ɹɪzʌlts ɪz ðə bɛst pɚfoːɹməns fɹʌm iːðɚɹ ɪn jɪɹz ,1
"ɛs wʌn ɛm ziəɹoʊ niː ɛs sæɾaɪɚɹ ɪz nɑːt sʌɾəl , bʌt ɪɾ ɪz ɪfɛktɪv ",1
ɐn ɔːlɹɛdi θɪn stoːɹi bɔɪlz daʊn tə sɚvaɪvɪŋ ɪnveɪdɚz siːkɪŋ ɐn ɛɡzɪstənt æntaɪ vaɪɹəs ,0
"ɐ kɑːnfluːəns ʌv kɪdi ɛntɚteɪnmənt , səfɪstᵻkeɪɾᵻd wɪt ænd sɪmbɑːlɪk ɡɹæfɪk dɪzaɪn ",1
ɐ piəɹɪəd stoːɹi ɐbaʊt ɐ kæθlɪk bɔɪ huː tɹaɪz tə hɛlp ɐ dʒuːɪʃ fɹɛnd ɡɛt ɪntʊ hɛvən baɪ sɛndɪŋ ðɪ ɔːdiəns stɹeɪt tə hɛl ,0
ɐ fɪlm ðæt ʃʊd biː ɹɛlᵻɡeɪɾᵻd tʊ ɐ dɑːɹk vɪdɪoʊ stoːɹ kɔːɹnɚɹ ɪz sʌmhaʊ meɪkɪŋ ɪts weɪ ɪnstɛd tə θiəɾɚz ,0
dᵻlɪbɚɹətli ænd skɪlfəli juːsᵻz æmbɪɡjuːɪɾi tə sədʒɛst pɑːsəbɪlᵻɾiz wɪtʃ ɪmbjuː ðə θiːm wɪð ædᵻd dɛpθ ænd ɹɛzənəns ,1
"ænd moːɹ ðɐn ðæt , ɪt ɛs ɐn əbzɜːvənt , ʌnfʌsɪli poʊɛɾɪk mɛdɪteɪʃən ɐbaʊt aɪdɛntᵻɾi ænd eɪliəneɪʃən ",1
"ɛksplɔɪts ɛlɑːɹbiː hɛdbæŋɡɚɹ ɑːɹɹɑːɹbiː stɛɹɪoʊtaɪps ɪn ɡʊd fʌn , waɪl ædɪŋ ɐ bɪt ʌv hɑːɹt ænd ʌnsɛɾəlɪŋ sʌbdʒɛkt mæɾɚ ",1
ɹᵻsɚɹɛkʃən hɐz ðə duːbɪəs dɪstɪŋkʃən ʌv biːɪŋ ɐ ɹiəli bæd ɪmɪteɪʃən ʌvðə ɹiəli bæd blɛɹ wɪtʃ pɹɑːdʒɛkt ,0
flʌfi ænd dɪspɑːzᵻbəl ,0
"ɪn ɪts tɹiːtmənt ʌvðə diːhjuːmənaɪzɪŋ ænd iːɡoʊ dᵻstɹɔɪɪŋ pɹɑːsɛs ʌv ʌnɛmplɔɪmənt , taɪm aʊt ɔfɚz ɐn ɛksploːɹeɪʃən ðæt ɪz moːɹ ækjʊɹət ðɐn ɛnɪθɪŋ aɪ hæv siːn ɪn ɐn ɐmɛɹɪkən fɪlm ",1
ɑːd ænd wɪɹd ,0
ðə bjuːɾi ʌv ælɪɡzændɚ peɪn ɛs oʊd tə ðɪ ɛvɹɪmən ɪz ɪnðə diːteɪlz ,1
"noʊ mæɾɚ haʊ mʌtʃ hiː ɹʌnz ɚɹaʊnd ænd ækts laɪk ɐ duːfəs , ɐksɛptɪŋ ɐ fɪfti jɪɹ oʊld ɪnðə ɹoʊl ɪz kɹiːpi ɪn ɐ maɪkəl dʒæksən sɔːɹt ʌv weɪ ",0
meɪdʒz pɹəvɑːkətɪv fɪlm maɪt biː kɔːld ɐn ɛɡzæmpəl ʌvðə hæphæzɚdnəs ʌv iːvəl ,1
kæn aɪ ɐdmɪt ɛksɛksɛks ɪz æz diːp æz ɐ pɛtɹi dɪʃ ænd æz wɛl kæɹɪktɚɹaɪzd æz ɐ tɛlᵻfoʊn bʊk bʌt stɪl seɪ ɪt wʌzɐ ɡɪlti plɛʒɚ ? ,0
"ɐ hjuːdʒli ɹᵻwɔːɹdɪŋ ɛkspiəɹɪəns ðæt ɛs ɛvɹi bɪt æz ɛnlaɪʔn̩ɪŋ , ɪnsaɪtfəl ænd ɛntɚteɪnɪŋ æz ɡɹænt ɛs tuː bɛst fɪlmz foːɹ wɛdɪŋz ænd ɐ fjuːnɚɹəl ænd bɹɪdʒɪt dʒoʊnz ɛs daɪɚɹi ",1
"ɪntɚvjuː wɪððɪ ɐsæsɪn ɪz stɹʌktʃɚd lɛs æz ɐ dɑːkjuːmɛntɚɹi ænd moːɹ æz ɐ faʊnd ɹɛlɪk , ænd æz sʌtʃ ðə fɪlm hɐz ɐ dɪfɪkəlt taɪm ʃeɪkɪŋ ɪts blɛɹ wɪtʃ pɹɑːdʒɛkt ɹiːəl taɪm ɹuːts ",0
"ɪt ɛs maɪldli ɪntɹɛstɪŋ tə pɑːndɚ ðə pɪkjuːlɪɹ ɐmɛɹɪkən staɪl ʌv dʒʌstɪs ðæt pleɪz aʊt hɪɹ , bʌt ɪt ɛs soʊ mʌdəld ænd dᵻɹɪvətɪv ðæt fjuː wɪl bɑːðɚ θɪŋkɪŋ ɪɾ ɔːl θɹuː ",0
ɪɾ ɐpɪɹz tə hɐvbɪn mɑːdəld ɔnðə wɜːst ɹᵻvɛndʒ ʌvðə nɜːdz klɪx ɛs ðə fɪlmeɪkɚz kʊd dɹɛdʒ ʌp ,0
ɹeɪn ʌv faɪɚ hɐz ðə dɪsɐdvæntɪdʒ ʌv ɔːlsoʊ lʊkɪŋ tʃiːp ,0
"tə kɔːl ðɪswʌn ɐn ᵻvɛntʃuːəl kʌlt klæsɪk wʊd biː ɐn ʌndɚsteɪtmənt , ænd woʊ ɪz ðə hɔɹɚ fæn huː ɑːpts tʊ oʊvɚlʊk ðɪs ɡuːfili ɛndɪɹɪŋ ænd wɛl lɛnzd ɡoːɹfɪst ",1
"ɐ dɪstɪŋɡwɪʃt ænd θɔːtfəl fɪlm , mɑːɹkt baɪ ɐkjuːt ɹaɪɾɪŋ ænd ɐ hoʊst ʌv splɛndɪd pɚfoːɹmənsᵻz ",1
ɡɹænt ɪz ɛnt kɛɹi ænd bʊlək ɪz ɛnt kæθɹɪn ,0
ɐ tɛɹᵻbəl ædæpteɪʃən əvə pleɪ ðæt oʊnli ɛvɚ wɔːkt ðə dɛlᵻkət taɪtɹoʊp bᵻtwiːn fɑːɹsɪkəl ænd loʊθsʌm ,0
nɑːt dʒʌst ʌnlaɪkəbəl ,0
"ɐ fɹɛʃ feɪsd , bɪɡ hɑːɹɾᵻd ænd fɹiːkwəntli fʌni θɹɪl ɹaɪd fɚðə kɪdɪz , wɪð ɪnʌf aɪ kændi ænd tʃiːki wɪt tə kiːp pɛɹənts ɐweɪ fɹʌmðə kənsɛʃən stænd ",1
"pɹɪɡɪʃ , lɛθɑːɹdʒɪkli peɪst pæɹəbəl ʌv ɹᵻnjuːəl ",0
dɪsɡʌstɪŋ ,0
ɛkskɹuːʃɪeɪɾɪŋli ʌnfʌni ænd pɪɾɪfəli ʌnɹoʊmæntɪk ,0
"fɪlmz ɐbaʊt lɔs , ɡɹiːf ænd ɹᵻkʌvɚɹi ɑːɹ pɹɪɾi væljuːəbəl ðiːz deɪz ",1
ɛlɑːɹbiː ɪt ɛs ɑːɹɹɑːɹbiː ɐ klɛvɚ θɹɪlɚ wɪð ɪnʌf ʌnɛkspɛktᵻd twɪsts tə kiːp aʊɚɹ ɪntɹɛst ,1
"æz ɪf dɹɑːp dɛd ɡoːɹdʒəs wʌz ɛnt ɪnʌf , ðɪs iːkwəli dᵻɹaɪsɪv klʌŋkɚɹ ɪz fɪkseɪɾᵻd ɔnðə spɛktəkəl ʌv smɔːl taʊn kɑːmpətɪʃən ",0
"bʌt bᵻliːv ɪt ɔːɹ nɑːt , ɪt ɛs wʌn ʌvðə moʊst bjuːɾifəl , ɪvɑːkətɪv wɜːks aɪ viː siːn ",1
ɹiːəl wɪmɪn hæv kɜːvz wɛɹz ɪts ɛmpaʊɚmənt ɔn ɪts sliːv bʌt iːvən ɪts wɜːst hɚɹæŋz ɑːɹ iːzi tə swɔloʊ θæŋks tə ɹᵻmɑːɹkəbəl pɚfoːɹmənsᵻz baɪ fɛɹɚɹə ænd ɑːntɪvɛɹoʊz ,1
"ðə fɪlm ɛs plɑːt meɪ biː ʃæloʊ , bʌt juː viː nɛvɚ siːn ðə diːp laɪk juː siː ɪɾ ɪn ðiːz hæɹoʊɪŋ sɜːf ʃɑːts ",1
"ðə tuː liːdz , nɪɹli pɜːfɛkt ɪn ðɛɹ ɹoʊlz , bɹɪŋ ɐ hɑːɹt ænd ɹɪælᵻɾi ðæt bɔɪ ðə fɪlm , ænd æt taɪmz , ɛlɪveɪt ɪt tʊ ɐ suːpiəɹɪɚ kɹaɪm muːvi ",1
"mæstɚɹɪŋ ɪts fɔːɹmɪdəbəl ɚɹɪθmətɪk ʌv kæmɹəz ænd soʊlz , ɡɹuːp ɑːɹtɪkjʊleɪts ɐ flʌd ʌv ɪmoʊʃən ",1
"ɐ ɡɹeɪt , pɑːɹtɪsɪpətoːɹi spɛkteɪɾɚ spoːɹt ",1
ɹiəli hɔːɹɪbəl dɹɛk ,0
wæŋɡ zaɪəɑːʃjuːaɪ dᵻɹɛkts ðɪs ɪntɹɪkətli stɹʌktʃɚd ænd wɛl ɹiːəlaɪzd dɹɑːmə ðæt pɹɪzɛnts ɐ fæsᵻneɪɾɪŋ ɡlɪmps ʌv ɜːbən laɪf ænd ðə klæs wɔːɹfɛɹ ðæt ɛmbɹɔɪlz tuː jʌŋ mɛn ,1
ðə pɹɑːbləm ɪz ðætðə muːvi hɐz noʊ aɪdiə ʌv ɪɾ ɪz sɪɹiəs ɔːɹ nɑːt ,0
"ɐ mʌst fɔːɹ fænz ʌv bɹɪɾɪʃ sɪnəmə , ɪf oʊnli bɪkʌz soʊ mɛni taɪtənz ʌvðɪ ɪndʌstɹi ɑːɹ ɐlɔŋ fɚðə ɹaɪd ",1
bʌt ɪt ɛs hɑːɹd tʊ ɪmædʒɪn ɐ moːɹ dʒənɛɹɪk ɛfɚt ɪnðə ʒɑːnɹə ,0
wʌt meɪks ɪt wɜːθ wɑːtʃɪŋ ɪz kweɪd ɛs pɚfoːɹməns ,1
"snuːts wɪl noʊ daʊt ɹæli tʊ ɪts kɔːz , tɹɑːɾɪŋ aʊt θɹɛdbɛɹ stændbaɪz laɪk mæstɚpiːs ænd tɹaɪʌmf ænd ɔːl ðæt mælɑːɹki , bʌt ɹɛɹli dʌz ɐn ɪstæblɪʃt fɪlmeɪkɚ soʊ ɑːɹdəntli weɪst vjuːɚz taɪm wɪð ɐ ɡɑːblɚ laɪk ðɪs ",0
steɪl ænd ʌnɪnspaɪɚd ,0
"heɪ , hæpi ! ",1
"pɜːfɛktli pɪtʃt bᵻtwiːn kɑːmədi ænd tɹædʒədi , hoʊp ænd dᵻspɛɹ , ɐbaʊt ʃmɪt ɪnstɛd kʌmz fɑːɹ kloʊsɚ ðɐn mɛni muːvɪz tʊ ɛkspɹɛsɪŋ ðə weɪ mɛnɪəv ʌs laɪv sʌmpleɪs bᵻtwiːn kənsuːmɪŋ sɛlf ɐbsoːɹpʃən ænd ɪnsɪstəntli dᵻmændɪŋ ʌðɚnəs ",1
ɪt ɹiːɐfɜːmz laɪf æz ɪt lʊks ɪnðə feɪs ʌv dɛθ ,1
ɪt ɛs ðə hjuːmənaɪzɪŋ stʌf ðæt wɪl pɹɑːbəbli sɪŋk ðə fɪlm fɔːɹ ɛnɪwʌn huː dʌz ɛnt θɪŋk ɐbaʊt pɚsɛntɪdʒᵻz ɔːl deɪ lɔŋ ,0
"ɪf ðə fʊl mɔnti wʌzɐ fɹɛʃmən fluːk , lʌki bɹeɪk ɪz ɛlɑːɹbiː kæteɪnɪoʊ ɑːɹɹɑːɹbiː sɑːfəmoːɹ slʌmp ",0
ɹɛɹli dʌz ɐ fɪlm soʊ ɡɹeɪsləs ænd dɪvɔɪd ʌv mɛɹɪt æz ðɪswʌn kʌm ɐlɔŋ ,0
ðɪs kɑːmɪk dʒɛm ɪz æz dᵻlaɪtfəl æzɪtɪz dᵻɹɪvətɪv ,1
"fɔːɹ ɔːl ɪts bɹɪliənt tʌtʃᵻz , dɹæɡən luːzᵻz ɪts faɪɚ mɪdweɪ , nɪɹli flɪkɚɹɪŋ aʊt baɪ ɪts pɚfʌŋktɚɹi kəŋkluːʒən ",0
"noʊ , aɪ lʌv ɪt hɛl , aɪ dʌnoʊ ",1
"dʌl , ɐ ɹoʊd tɹɪp muːvi ðæt ɛs sɚpɹaɪzɪŋli ʃɔːɹt ʌv boʊθ ɐdvɛntʃɚ ænd sɔŋ ",0
"bæɹən ɪz ʃɑːkɪŋli dɪvɔɪd ʌv jʊɹ tɪpɪkəl mædʒɪd mædʒɪdi ʃuː lʌvɪŋ , kɹɪpəld tʃɪldɹən ",0
"kaʊɚɹi mænɪdʒᵻz , wɪð tɚɹɪfɪk flɛɹ , tə kiːp ðɪ ɛkstɹiːmz ʌv skɹuːbɔːl fɑːɹs ænd blʌd kɜːdlɪŋ fæmɪli ɪntɛnsᵻɾi ɔn wʌn kəntɪnjuːəm ",1
"æz ðə muːvi dɹæɡd ɔn , aɪ θɔːt aɪ hɜːd ɐ mɪstɪɹiəs vɔɪs , ænd fɛlt maɪsɛlf paʊɚfəli dɹɔːn təwɔːɹd ðə laɪt ðə laɪt ʌvðɪ ɛɡzɪt saɪn ",0
ðæt ɛs ɪts fɜːst saɪn ʌv tɹʌbəl ,0
ðə muːvi ɪz ɪndʒiːniəs fʌn ,1
"ɑː , jɛs , ðæt wʊd biː miː faɪɾɪŋ ɔf ðɪ ɜːdʒ tə doʊz ",0
ɐ vɪʒuːəli flæʃi bʌt næɹətɪvli oʊpeɪk ænd ɪmoʊʃənəli væpɪd ɛksɚsaɪz ɪn staɪl ænd mɪstɪfɪkeɪʃən ,0
"ʌntɪl ɪt ɡoʊz ɔf ðə ɹeɪlz ɪn ɪts faɪnəl tɛn ɔːɹ fɪftiːn mɪnɪts , wɛndɪɡoʊ , læɹi fɛsɛndən ɛs spuːki nuː θɹɪlɚ , ɪz ɐ ɹᵻfɹɛʃɪŋli smɑːɹt ænd nuːfæŋɡəld vɛɹɪeɪʃən ɔn sɛvɹəl θiːmz dᵻɹaɪvd fɹʌm fɑːɹ lɛs səfɪstᵻkeɪɾᵻd ænd noʊɪŋ hɔɹɚ fɪlmz ",1
juː wɔːk aʊɾəv ðə ɡʊd ɡɜːl wɪð mɪkst ɪmoʊʃənz dɪsɐpɹuːvəl ʌv dʒʌstiːn kəmbaɪnd wɪð ɐ tɪndʒ ʌv ʌndɚstændɪŋ fɔːɹ hɜːɹ ækʃənz ,1
hɑːɹd koːɹ slæʃɚɹ ɐfɪʃənɑːdoʊz wɪl faɪnd θɪŋz tə laɪk bʌt oʊvɚɹɔːl ðə hæloʊiːn sɪɹiz hɐz lɔst ɪts ɛdʒ ,0
"ɪt ɛs ðə pɜːfɛkt stɑːɹ viəkəl fɔːɹ ɡɹænt , ɐlaʊɪŋ hɪm tə faɪnəli muːv ɐweɪ fɹʌm hɪz juːʒuːəl bʌmblɪŋ , tʌŋ taɪd skɹiːn pɜːsoʊnə ",1
ɪt ɡɹæbz juː ɪnðə dɑːɹk ænd ʃeɪks juː vɪɡɚɹəsli fɔːɹ ɪts dʊɹɹeɪʃən ,1
"meɪks ðə seɪm mɪsteɪk æz ðə mjuːzɪk ɪndʌstɹi ɪt kɹɪɾɪsaɪzᵻz , bᵻkʌmɪŋ soʊ slɪk ænd wɔːɾɚd daʊn ɪɾ ɔːlmoʊst luːzᵻz wʌt meɪd juː lʌv ɪɾ ɪnðə fɜːst pleɪs ",0
tiːdiəs noːɹwiːdʒən ɔfɚɹɪŋ wɪtʃ sʌmhaʊ snæɡd ɐn ɑːskɚ nɑːmᵻneɪʃən ,0
ðə plɑːt twɪsts ɡɪv aɪ æm tɹaɪɪŋ tə bɹeɪk jʊɹ hɑːɹt ɐn ɐtɹækʃən ɪt dɛspɚɹətli niːdᵻd ,1
bɹiːn ɛs skɹɪpt ɪz skɛtʃi wɪð æktoːɹɪʃ noʊteɪʃənz ɔnðə mɑːɹdʒɪn ʌv æktɪŋ ,0
ðə fɪlm kæn dᵻpɹɛs juː ɐbaʊt laɪf ɪtsɛlf ,0
ðə slæm bæŋ suːpɚhɪɹoʊɪks ɑːɹ kᵻnɛɾɪk ɪnʌf tʊ ɛŋɡɹoʊs iːvən ðə moʊst æntsi jʌŋstɚz ,1
"ðɛn juː ɡɛt ɐnʌðɚ foʊn kɔːl wɔːɹnɪŋ juː ðæt ɪf ðə vɪdɪoʊ ɪz ɛnt bæk æt blɑːkbʌstɚ bᵻfoːɹ mɪdnaɪt , juː ɹiː ɡoʊɪŋ tə feɪs fɹaɪʔn̩ɪŋ leɪt fiːz ",0
"ɪts kæst fʊl ʌv kæfɪneɪɾᵻd kɑːmədi pɚfoːɹmənsᵻz moːɹ ðɐn meɪk ʌp fɔːɹ ɪts lɑːdʒɪkəl luːphoʊlz , wɪtʃ flaɪ baɪ soʊ fæst ðɛɹ ɛs noʊ taɪm tə θɪŋk ɐbaʊt ðɛm ɛnɪweɪ ",1
sʌmθɪŋ fɔːɹ ɛvɹɪwʌn ,1
"ðə stoːɹi ɪz fɚɡɪv miː ɐ lɪɾəl θɪn , ænd ðə fɪlmeɪkɪŋ klʌmzi ænd ɹʌʃt ",0
"ɡɹæfɪk sɛks meɪ biː wʌt ɛs ɐtɹæktɪŋ ɔːdiənsᵻz tʊ ʌnfeɪθfəl , bʌt ɡɹɪpɪŋ pɚfoːɹmənsᵻz baɪ leɪn ænd dʒɪɹ ɑːɹ wʌt wɪl kiːp ðɛm ɐweɪk ",1
"fiːlz ʃɹɪl , sɪmpəl ænd soʊpi ",0
"blʌdi sʌndeɪ hɐz ðə ɡɹeɪs tə kɔːl fɔːɹ pɹɪvɛnʃən ɹæðɚ ðɐn tə pleɪs bleɪm , meɪkɪŋ ɪt wʌn ʌvðə bɛst wɔːɹ muːvɪz ɛvɚ meɪd ",1
ɪt sʌkt ,0
wɪl ɡɪv mɛni mɪnɪstɚz ænd baɪbəl stʌdi ɡɹuːps aʊɚz ʌv mətɪɹiəl tə dɪskʌs ,1
"ɐ laɪt , ɛŋɡeɪdʒɪŋ kɑːmədi ðæt fʌmbəlz ɐweɪ ɔːlmoʊst ɔːl ʌv ɪts ɐkjuːmjʊleɪɾᵻd ɛndʒɔɪmənt wɪð ɐ kɹuːʃəl θɜːd ækt mɪskælkjʊleɪʃən ",0
"ɐ soʊ soʊ , meɪd fɔːɹ tiːviː sʌmθɪŋ poʊzɪŋ æz ɐ ɹiːəl muːvi ",0
"wʌtɛvɚ hɑːɹtwɔːɹmɪŋ siːn ðɪ ɪmpɹɛsɪvli dɪskɹiːt fɪlmeɪkɚz meɪhɐv ɛkspɛktᵻd tə ɹᵻkoːɹd wɪð ðɛɹ mɪni diːviː , ðeɪ ʃoʊ ɐ ɹᵻmɑːɹkəbəl ɐbɪləɾi tə dɑːkjuːmənt boʊθ saɪdz ʌv ðɪs ɪmoʊʃənəl kɑːɹ ɹɛk ",1
"skɪnz hɐz ɐ dɛsələt ɛɹ , bʌt aɪɚ , ɐ neɪɾɪv ɐmɛɹɪkən ɹeɪzd baɪ waɪt pɛɹənts , mænɪdʒᵻz tʊ ɪnfjuːz ðə ɹɑːki pæθ tə sɪblɪŋ ɹɛkənsɪlɪeɪʃən wɪð flæʃᵻz ʌv wɔːɹmθ ænd dʒɛntəl hjuːmɚ ",1
"ɐn ʌnɛŋkɜːɹɪdʒɪŋ θɹiːfoʊld ɛkspænʃən ɔnðə fɔːɹmɚɹ ɛmtiːviː sɪɹiz , ɐkʌmpəniɪŋ ðə stʌnt hʌŋɡɹi dɪmwɪts ɪn ɐ ɹændəm sɪɹiz ʌv kəlɛktᵻd ɡæɡz , pɹæŋks , pɹætfɔːlz , dɛɹz , ɪndʒɚɹiz , ɛtsɛtɹə ",0
"ɐ dʒʌmbəld fæntəsi kɑːmədi ðæt dɪdnɑːt fɪɡjɚɹ aʊt ɐ koʊhɪɹənt ɡeɪm plæn æt skɹɪptɪŋ , ʃuːɾɪŋ ɔːɹ poʊst pɹədʌkʃən steɪdʒᵻz ",0
"ðə fɪlm bɹɪliəntli ʃaɪnz ɔn ɔːl ðə kæɹɪktɚz , æz ðə dᵻɹɛkʃən ɪz ɪntɛlɪdʒəntli ɐkɑːmplɪʃt ",1
ðɪs θɪŋ ɪz vɜːtʃuːəli ʌnwɑːtʃəbəl ,0
"ðɛɹ ɪz ɐ bjuːɾifəl , eɪkɪŋ sædnəs tʊ ɪɾ ɔːl ",1
ðɪs ɪz ðə kaɪnd ʌv muːvi wɛɹ piːpəl huː hæv nɛvɚ pɪkt ɐ lɑːk duː soʊ iːzili æftɚɹ ɐ fjuː tɹaɪz ænd bɪkʌm ɛkspɜːt faɪɾɚz æftɚɹ ɐ fjuː wiːks ,0
hændsʌm ænd səfɪstᵻkeɪɾᵻd ɐpɹoʊtʃ tə ðə wɜːkpleɪs ɹoʊmæntɪk kɑːmədi ,1
ʃiːfɚ ɛs dɪtɜːmᵻneɪʃən tʊ ɪndʒɛkt fɑːɹsɪkəl ɹɔːntʃ dɹaʊnz aʊt ðə pɹɑːmɪs ʌvðə ɹoʊmæntɪk æŋɡəl ,0
"hʌpɚt ɛs ʃoʊ tə stiːl ænd ʃiː meɪks ɐ miːl ʌv ɪt , tʃænəlɪŋ kæθi beɪkɚ ɛs kɹiːpi tɜːn æz ðə ɹᵻpɹɛst mʌðɚɹ ɔn bɔstən pʌblɪk dʒʌst æz mʌtʃ æz eɪt wɪmɪn ɛs ɔːɡəstiːn ",1
jɛt waɪ ɪt feɪlz ɪz ɐ ɹɪdəl ɹæpt ɪn ɐ mɪstɚɹi ɪnsaɪd ɐn ɛnɪɡmə ,0
meɪ kɔːz juː tə baɪt jʊɹ tʌŋ tə kiːp fɹʌm læfɪŋ æt ðə ɹɪdɪkjʊləs daɪəlɑːɡ ɔːɹ ðɪ oʊ soʊ kənviːnɪənt plɑːt twɪsts ,0
"tɛɹi ɪz ɐ sɔːɹt ʌv dʒɛɹɪætɹɪk dɜːɾi hæɹi , wɪtʃ wɪl pliːz iːstwʊd ɛs lɔɪəl fænz ænd suːts ðə stoːɹi , wɛɹɪn aʊɚ hiəɹoʊ mʌst ɹaɪd ɹʌfʃɑːd oʊvɚɹ ɪŋkɑːmpɪtənt kɑːps tə ɡɛt hɪz mæn ",1
"kɔstnɚ ɛs wɔːɹm mɪlk pɜːsoʊnə ɪz dʒʌst æz ɪl fɪɾɪŋ æz ʃædɪæk ɛs pɚfʌŋktɚɹi dᵻɹɛktɪŋ tʃɑːps , ænd sʌm ʌvðə moːɹ oʊvɜːtli sɪli daɪəlɑːɡ wʊd sɪŋk lɔːɹəns ɑːlɪviɚ ",0
"ðə muːvi ɪz bɹɪliənt , ɹiəli ",1
"ɐn ɑːdᵻɾi , təbi ʃʊɹ , bʌt wʌn ðæt juː maɪt waɪnd ʌp ɹᵻmɛmbɚɹɪŋ wɪð ɐ dᵻɡɹiː ʌv ɐfɛkʃən ɹæðɚ ðɐn ɹᵻvʌlʃən ",1
"ðə pɪktʃɚ siːmz ʌnsɜːʔn̩ wɛðɚɹ ɪt wɔnts təbi ɐn ɐsɪdɪk ɔːl meɪl ɔːl ɐbaʊt iːv ɔːɹ ɐ lʌʃ , swuːnɪŋ mɛlədɹɑːmə ɪnðɪ ɪntɚmɛzoʊ stɹeɪn ",0
ðɛɹ ɪz tɹuːθ hɪɹ ,1
kɪdz huː ɑːɹ ɪntʊ ðɪs θoːɹnbɛɹi stʌf wɪl pɹɑːbəbli biː ɪn wɛdʒi hɛvən ,1
ɪt ɛs iːzi tə lʌv ɹɑːbɪn tʌni ʃiː ɛs pɹɪɾi ænd ʃiː kæn ækt bʌt ɪt ɡɛts hɑːɹdɚ ænd hɑːɹdɚ tʊ ʌndɚstænd hɜː tʃɔɪsᵻz ,0
ɪt ɛs dʒʌst nɑːt vɛɹi smɑːɹt ,0
miːændɚɹɪŋ ænd kənfjuːzɪŋ ,0
ðɛɹɑːɹ dʒʌst tuː mɛni kæɹɪktɚz seɪɪŋ tuː mɛni klɛvɚ θɪŋz ænd ɡɛɾɪŋ ɪntʊ tuː mɛni pɔɪntləs sɪtʃuːeɪʃənz ,0
"ðə fɪlm fiːlz ʌŋkʌmftəbli ɹiːəl , ɪts læŋɡwɪdʒ ænd loʊkeɪʃənz bɛɹɪŋ ðɪ ʌnmɪsteɪkəbəl stæmp ʌv ɐθɔːɹɪɾi ",1
"aɪ ɛm ʃʊɹ ðə fɪlmeɪkɚ wʊd dɪsɐɡɹiː , bʌt , ɑːnɪstli , aɪ duː ɛnt siː ðə pɔɪnt ",0
"wɪðaʊt ɛlɑːɹbiː də niəɹoʊ ɑːɹɹɑːɹbiː , sɪɾi baɪ ðə siː wʊd slɪp ʌndɚ ðə weɪvz ",0
ɡɹeɪt oʊvɚ ðə tɑːp muːvɪmeɪkɪŋ ɪf juː ɹiː ɪn ɐ slæp hæpi muːd ,1
mɪstɚ soʊdɚbɚɡ ɛs dᵻɹɛkʃən ænd vɪʒuːəl staɪl stɹʌk miː æz ʌnjuːʒuːəli ænd ʌnɪmpɹɛsɪvli fʌsi ænd pɹɪtɛnʃəs ,0
"ɪf wiː sʌmtaɪmz niːd kʌmfɚɾɪŋ fæntəsiz ɐbaʊt mɛntəl ɪlnəs , wiː ɔːlsoʊ niːd muːvɪz laɪk tɪm məkæn ɛs ɹɛvəluːʃən noʊ naɪn ",1
"ɪt ɛs sʌmθɪŋ ʌvðɪ ʌltᵻmət skoːɹsiːz fɪlm , wɪð ɔːl ðə stʌmək tɜːnɪŋ vaɪələns , kʌlɚfəl nuː jɔːɹk ɡæŋ loːɹ ænd ʌðɚ hɔːlmɑːɹks ʌv hɪz pɜːsənəl sɪnəmə peɪntᵻd ɔn ðɛɹ lɑːɹdʒɪst ɛvɚ hɪstɔːɹɪkəl kænvəs ",1
"tuː sloʊ fɚɹə jʌŋɡɚ kɹaʊd , tuː ʃæloʊ fɚɹən oʊldɚ wʌn ",0
ɪnstɛd ʌv bɪldɪŋ tʊ ɐ læf ɹaɪət wiː ɑːɹ lɛft wɪð ɐ hændfəl ʌv dɪspɚɹət fʌni moʊmənts ʌv noʊ ɹiːəl kɑːnsɪkwəns ,0
dʒʌst ɐnʌðɚ dʒənɛɹɪk dɹɑːmə ðæt hɐz nʌθɪŋ ɡoʊɪŋ fɔːɹ ɪɾ ʌðɚ ðɐn ɪts ɛksplɔɪɾɪv ɚɹeɪ ʌv əblɪɡətoːɹi tʃiːp θɹɪlz ,0
"wɪljəmz kɹiːeɪts ɐ stʌnɪŋ , tæksi dɹaɪvɚɹ ɛsk poːɹtɹeɪəl əvə mæn tiːɾɚɹɪŋ ɔnðɪ ɛdʒ ʌv sænᵻɾi ",1
"dɛm ɡɛts ɐ lɑːt ʌv fleɪvɚ ænd spaɪs ɪntʊ hɪz ʃɚɹeɪd ɹᵻmeɪk , bʌt hiː kɑː ɛnt dɪsɡaɪz ðæt hiː ɛs spɪfɪŋ ʌp lɛftoʊvɚz ðæt ɑːɹ ɛnt soʊ səbstænʃəl ɔːɹ fɹɛʃ ",0
"bʌt ʌnlɛs juː ɹiː ɐn æbsəluːt ɹeɪvɪŋ stɑːɹ wɔːɹz dʒʌŋki , ɪɾ ɪz ɛnt mʌtʃ fʌn ",0
pɹɑːmɪsᵻz ɪz wʌn fɪlm ðæt ɛs tɹuːli dɪzɜːvɪŋ ʌv ɪts ɑːskɚ nɑːmᵻneɪʃən ,1
"ɪmpɑːsᵻbəl æz ɪt meɪ saʊnd , ðɪs fɪlm ɛs hɑːɹt ɪz iːvən moːɹ ɛmbɹeɪsɪŋ ðɐn mɔnti , ɪf oʊnli bɪkʌz ɪɾ ɐksɛpts næsti bᵻheɪvjɚ ænd sᵻvɪɹ flɔːz æz pɑːɹt ʌvðə hjuːmən kəndɪʃən ",1
ɪt ɛs ðə bɹɪliənt sɜːfɪŋ fətɑːɡɹəfi bɹɪŋɪŋ juː ɹaɪt ɪnsaɪd ðə mæsɪv weɪvz ðæt lɪfts bluː kɹʌʃ ɪntʊ wʌn ʌvðə sʌmɚ ɛs moʊst plɛʒɚɹəbəl muːvɪz ,1
"ɐ paʊɚfəl , ɪnflæmətoːɹi fɪlm ɐbaʊt ɹᵻlɪdʒən ðæt dɛɹz tə kwɛstʃən ɐn eɪntʃənt feɪθ , ænd ɐbaʊt heɪtɹɪd ðæt ɔfɚz noʊ iːzi , kʌmftəbəl ɹɛzəluːʃən ",1
"fɛsɛndən hɐz nɜːtʃɚd hɪz mɛɾəfɔːɹz æt ðɪ ɛkspɛns ʌv hɪz næɹətɪv , bʌt hiː dʌz dɪspleɪ ɐn ɚɹɪdʒɪnəl tælənt ",1
"tʊ ɑːnɪstli ɐdɹɛs ðə flɔːz ɪnhiəɹənt ɪn haʊ mɛdɪkəl eɪd ɪz meɪd ɐveɪləbəl tʊ ɐmɛɹɪkən wɜːkɚz , ɐ moːɹ bælənst ɔːɹ fɛɹ poːɹtɹeɪəl ʌv boʊθ saɪdz wɪl biː niːdᵻd ",0
"hæfweɪ θɹuː , haʊɛvɚ , hævɪŋ sʌkt dɹaɪ ðɪ ʌndɛd ækʃən flɪk fɔːɹmjʊlə , bleɪd ɹoʊmən tuː mjuːteɪts ɪntʊ ɐ ɡɹoʊs aʊt mɔnstɚ muːvi wɪð ɪfɛkts ðæt ɑːɹ moːɹ sɪli ðɐn skɛɹi ",0
"ðɪ ʌðɚwaɪz ɡʊd neɪtʃɚdnəs ʌv mɪstɚ diːdz , wɪð ɪts ɛmbɹeɪs ʌv ʃɪɹ ɡuːfinəs ænd kæmɪoʊz ʌv lɛs ðɐn laɪkli nuː jɔːɹk səlɛbɹᵻɾiz sɜːʔn̩li ɹeɪzᵻz ðə fɪlm əbʌv ɛnɪθɪŋ sændlɚ ɛs bɪn ɐtætʃt tə bᵻfoːɹ ",1
"ɔːl ðə piːsᵻz fɔːl təɡɛðɚ wɪðaʊt mʌtʃ sɚpɹaɪz , bʌt lɪɾəl moʊmənts ɡɪv ɪɾ ɐ buːst ",1
tə ɡɛt æt ðə ɹuːt saɪkɑːlədʒi ʌv ðɪs fɪlm wʊd ɹᵻkwaɪɚ mɛni sɛʃənz ɔnðə kaʊtʃ ʌv dɑːktɚ fɹɔɪd ,0
ɐ ɹᵻmɑːɹkəbəl fɪlm baɪ bɜːnɑːɹd ɹoʊz ,1
oʊvɚli lɔŋ ænd wɜːʃɪpfəl baɪoʊ dɑːk ,0
ɪt ɛs ðə swiːt sɪndɪɹɛlə stoːɹi ðæt pɹɪɾi wʊmən wɔntᵻd tə biː ,1
"ɐ dᵻlɪʃəs , kwɜːki muːvi wɪð ɐ tɚɹɪfɪk skɹiːnpleɪ ænd fænsifəl dᵻɹɛkʃən baɪ maɪkəl ɡɑːndɹi ",1
ɪɾ ɐpɪɹz tə hɐvbɪn meɪd baɪ piːpəl tə huːm ðɪ aɪdiə ʌv næɹətɪv lɑːdʒɪk ɔːɹ koʊhiːʒən ɪz ɐn ɛntaɪɚli fɔːɹən kɑːnsɛpt ,0
"ɐ toʊn ʌv ɹuːfəl kəmpæʃən ɹᵻvɜːbɚɹeɪts θɹuːaʊt ðɪs fɪlm , huːz miːnɪŋ ænd ɪmpækt ɪz sædli haɪʔn̩d baɪ kɜːɹənt wɜːld ᵻvɛnts ",1
ɐ mᵻkænɪkəl ækʃən kɑːmədi huːz siːmɪŋ pɜːpəs ɪz tə mɑːɹkɪt ðə kæɹɪsmæɾɪk dʒæki tʃæn tʊ iːvən jʌŋɡɚɹ ɔːdiənsᵻz ,0
"ɪt dɛspɚɹətli wɔnts təbi ɐ wæki , skɹuːbɔːl kɑːmədi , bʌt ðə moʊst skɹuːi θɪŋ hɪɹ ɪz haʊ soʊ mɛni tæləntᵻd piːpəl wɜː kənvɪnst tə weɪst ðɛɹ taɪm ",0
"boʊθ ɡɹænt ænd hoʊlt kæɹi ðə muːvi bɪkʌz ðeɪ ɑːɹ bᵻliːvəbəl æz piːpəl flɔːd , əʃʊɹd ʌvðə ɹɔŋ θɪŋz , ænd skɛɹd tʊ ɐdmɪt haʊ mʌtʃ ðeɪ meɪ ɹiəli niːd ðə kʌmpəni ʌv ʌðɚz ",1
"aɪ laɪkt ðə muːvi , bʌt aɪ noʊ aɪ wʊdhɐv laɪkt ɪt moːɹ ɪf ɪt hæd dʒʌst ɡɔn ðætwʌn stɛp fɜːðɚ ",1
wʌndɚɹ ʌv wʌndɚz ɐ tiːn muːvi wɪð ɐ hjuːmɐnɪstɪk mɛsɪdʒ ,1
ðə θɹɛt ɪmplaɪd ɪnðə taɪɾəl pɑːk mɑːn foːɹ ɛvɚɹ ɪz tɛɹᵻfaɪɪŋ laɪk loʊkʌsts ɪn ɐ hoːɹd ðiːz θɪŋz wɪl kiːp kʌmɪŋ ,0
"flæʃi ɡædʒɪts ænd wɜːlɪŋ faɪt siːkwənsᵻz meɪ lʊk kuːl , bʌt ðeɪ kɑː ɛnt dɪstɹækt fɹʌmðə flɔːd səpoːɹt stɹʌktʃɚ hoʊldɪŋ iːkwɪlɪbɹiəm ʌp ",0
"mɪstɚ woʊltɚ ænd ɛmɛs sɛldhəl ɡɪv stɹɔŋ ænd kənvɪnsɪŋ pɚfoːɹmənsᵻz , bʌt niːðɚ ɹiːtʃᵻz ɪntʊ ðə diːpɪst ɹiːsɛsᵻz ʌvðə kæɹɪktɚ tʊ ʌnɜːθ ðə kweɪkɪŋ ɛsəns ʌv pæʃən , ɡɹiːf ænd fɪɹ ",0
ɐ muːvɪŋ stoːɹi ʌv dɪtɜːmᵻneɪʃən ænd ðə hjuːmən spɪɹɪt ,1
ðɛɹ ɪz ɡɹeɪtnəs hɪɹ ,1
"lʌvli ænd ɐmeɪzɪŋ ɪz hɑːləfsənɚ ɛs diːp , ʌŋkɑːmpɹəmaɪzɪŋ kɜːtsi tə wɪmɪn ʃiː noʊz , ænd vɛɹi laɪkli ɪz ",1
aɪ laɪkt ðɪs fɪlm ɐ lɑːt ,1
"dɛmənstɹeɪts ðɪ ʌnjuːʒuːəl paʊɚɹ ʌv θɔːtfəl , sʌbdʒɛktɪv fɪlmeɪkɪŋ ",1
"ɔːlðoʊ ðə siːkwəl hɐz ɔːl ðɪ aʊtwɚd ɛlɪmənts ʌvðɪ ɚɹɪdʒɪnəl , ðə fɜːst fɪlm ɛs lʌvli fleɪkinəs ɪz ɡɔn , ɹᵻpleɪst baɪ ðə foːɹst fʌnɪnəs faʊnd ɪnðə dʌlɪst kɪdi flɪks ",0
bʌt ðeɪ læk ðɛɹ aɪdəl ɛs ɛnɚdʒi ænd pæʃən fɔːɹ diːteɪl ,0
ɐ skɹiːnpleɪ moːɹ ɪndʒiːniəsli kənstɹʌktᵻd ðɐn məmɛntoʊ ,1
ðoʊz wɪð ɐ mɑːdɪkəm ʌv peɪʃəns wɪl faɪnd ɪn ðiːz kæɹɪktɚz fɔɪbəlz ɐ taɪmləs ænd juːniːk pɚspɛktɪv ,1
"ɔn ðæt skoːɹ , ðə fɪlm sɜːʔn̩li dʌz ɛnt dɪsɐpɔɪnt ",1
ðə muːvi ɛs vɪʒən əvə waɪt ɐmɛɹɪkən zɛləsli spɹɛdɪŋ ɐ pjʊɹɹɪtænɪkəl bɹænd ʌv kɹɪstɪænᵻɾi tə saʊθ siːz aɪləndɚz ɪz wʌn oʊnli ɐ tɹuː bᵻliːvɚ kʊd ɹɛlɪʃ ,0
ɪɾ æsks nʌθɪŋ ʌvðɪ ɔːdiəns ʌðɚ ðɐn tə sɪt bæk ænd ɛndʒɔɪ ɐ kʌpəl ʌv ɡɹeɪt æktɚz hæmɪŋ ɪɾ ʌp ,1
"juː kæn ɔːlmoʊst siː mɛndz ænd kʌmpəni ɡɛɾɪŋ təɡɛðɚ bᵻfoːɹ ɐ sɪŋɡəl fɹeɪm hɐdbɪn ʃɑːt ænd kəlɛktɪvli vaʊɪŋ , ðɪs ɪz ɡoʊɪŋ təbi sʌmθɪŋ ɹiəli ɡʊd ",1
ɐ nɛɡlɪdʒəbəl bɹɪɾɪʃ kɑːmədi ,0
ɡɹeɪt fʌn boʊθ fɔːɹ spoːɹts ɐfɪʃənɑːdoʊz ænd fɔːɹ ɔːɹdɪnɛɹi laʊts huːz aɪdiə ʌv ɛksɚsaɪz ɪz klaɪmɪŋ ðə stɛps əvə steɪdiəm siːt mɛɡəplɛks ,1
bjuːɾɪfəli kɹæftᵻd ænd kuːli ʌnsɛɾəlɪŋ ɹiːkɹiːeɪts ðɪ ætməsfɪɹ ʌvðə kɹaɪm ɛkspɜːtli ,1
", ɪz ɐ tɛmpɚɹəl ɪŋkwɚɹi ðæt ʃoʊldɚz ɪts fɪləsɑːfɪkəl bɜːdən laɪtli",1
ðɛɹ hɐzbɪn ɐ stɹɪŋ ʌv ɑːnsɑːmbəl kæst ɹoʊmænsᵻz ɹiːsəntli bʌt piːɾɚ mæɾeɪ ɛs lʌv ɪnðə taɪm ʌv mʌni sɛts ɪtsɛlf ɐpɑːɹt baɪ fɔːɹmɪŋ ɐ tʃeɪn ʌv ɹᵻleɪʃənʃɪps ðæt kʌm fʊl sɜːkəl tʊ ɛnd ɔn ɐ pɑːzᵻtɪv ɛlɑːɹbiː ɪf tɹædʒɪk ɑːɹɹɑːɹbiː noʊt ,1
tʃɪldɹən ænd ɐdʌlts ɪnæmɚd ʌv ɔːl θɪŋz poʊkeɪmɑːn woʊ ɛnt biː dɪsɐpɔɪntᵻd ,1
juː ɛlɛl faɪnd joːɹsɛlf wɪʃɪŋ ðæt juː ænd ðeɪ wɜːɹ ɪn ɐnʌðɚ muːvi ,0
"lɪɾəl moːɹ ðænə staɪlɪʃ ɛksɚsaɪz ɪn ɹᵻvɪʒənɪzəm huːz pɔɪnt ɪz noʊ daʊt tɹuː , bʌt sɜːvz æz ɐ ɹæðɚ θɪn mɔːɹəl tə sʌtʃ ɐ noʊɪŋ feɪbəl ",0
"laɪk ɛdwɚd nɔːɹtən ɪn ɐmɛɹɪkən hɪstɚɹi ɛks , ɹaɪən ɡɑːslɪŋ ɛlɑːɹbiː mɜːdɚ baɪ nʌmbɚz ɑːɹɹɑːɹbiː dᵻlɪvɚz ɐ mæɡnɛɾɪk pɚfoːɹməns ",1
"dᵻspaɪt bɛɹɪŋ ðə pæɹəmaʊnt ɪmpɹɪnt , ɪt ɛs ɐ bɑːɹɡɪn beɪsmənt jʊɹɹəpiən pɪkʌp ",0
"baɪ ðə taɪm juː ɹiːtʃ ðə fɪnɑːli , juː ɹiː laɪkli wʌndɚɹɪŋ waɪ juː viː bɪn wɑːtʃɪŋ ɔːl ðɪs stɹʌɾɪŋ ænd pɔstʃɚɹɪŋ ",0
"ɐ pɹɪdɪktəbəl , mənɪpjʊlətɪv stɪŋkɚ ",0
"poʊst sɛptɛmbɚɹ ɪlɛvən , ðə sʌm ʌv ɔːl fɪɹz siːmz moːɹ tæki ænd ɹᵻpɹihɛnsᵻbəl , mənɪpjʊleɪɾɪŋ aʊɚ kəlɛktɪv fɪɹ wɪðaʊt bᵻstoʊɪŋ ðə sʌbdʒɛkt wɪððɪ ɪntɛlɪdʒəns ɔːɹ sɪnsɛɹᵻɾi ɪɾ ʌnᵻkwɪvəkəli dɪzɜːvz ",0
"ɐ sɑːlɪd , saɪkəlɑːdʒɪkəl ækʃən fɪlm fɹʌm hɑːŋ kɑːŋ ",1
ɐ ɹᵻtɹɛd ʌv mətɪɹiəl ɔːlɹɛdi θʌɹoʊli plʌmd baɪ mɑːɹtɪn skoːɹsiːz ,0
ɪt ɛs ɐ pɜːfɛkt ʃoʊ ʌv ɹᵻspɛkt tə dʒʌst wʌn ʌv ðoʊz ʌndɚɹeɪɾᵻd pɹəfɛʃənəlz huː dɪzɜːv bʌt ɹɛɹli ɹᵻsiːv ɪt ,1
ɐ bæd muːvi ðæt hæpənd tə ɡʊd æktɚz ,0
pleɪz laɪk dʒɑːn lə kɑːɹ wɪð ɐ kʌpəl ʌv bɜːnt aʊt sɪlɪndɚz ,0
ɐ ɹæðɚ blænd ɐfɛɹ ,0
spiːlbɜːɡ hɐz mænɪdʒd tə mæɹi saɪəns fɪkʃən wɪð fɪlm nwɑːɹ ænd ækʃən flɪks wɪð fɪləsɑːfɪkəl ɪŋkwɚɹi ,1
"baɪ ðə stændɚdz ʌv nʌkəlhɛd swɪl , ðə hɑːt tʃɪk ɪz pɹɪɾi dæmd fʌni ",1
"dᵻspaɪt ɛŋɡeɪdʒɪŋ ɔfbiːt tʌtʃᵻz , nɑːkɐɹaʊnd ɡaɪz ɹɛɹli siːmz ɪntɹɛstᵻd ɪn kɪkɪŋ ɚɹaʊnd ɐ ɹeɪsən dɛtɹə ðæt ɛs æz fɹɛʃ feɪsd æz ɪts jʌŋ ɡʌnz kæst ",0
"æz ækʃən ɐdvɛntʃɚ , ðɪs speɪs beɪst hɑːmɪdʒ tə ɹɑːbɚt luːi stiːvɛnsən ɛs tɹɛʒɚɹ aɪlənd faɪɚz ɔn ɔːl plæzmə kɑːnduːɪts ",1
ɪt ɛs fʌni ,1
wʌt ɐn ɛmbæɹəsmənt ,0
aɪ heɪt ðə fiːlɪŋ ʌv hævɪŋ bɪn slaɪmd ɪnðə neɪm ʌv haɪ ɑːɹt ,0
wʌt meɪks ɛstɚ kɑːn soʊ dᵻmændɪŋ ɪz ðɐɾɪt pɹəɡɹɛsᵻz ɪn sʌtʃ ɐ loʊ kiː mænɚ ðɐɾɪt ɹɪsks mənɑːtəni ,0
ðæt oʊld ædɪdʒ ɐbaʊt wɪmɪn biːɪŋ ʌnnoʊəbəl ɡɛts ɐn ɛɡzɪlɐɹəɾɪŋ nuː ɪntɜːpɹɪteɪʃən ɪn mɔːɹvɚn kælɚ ,1
"wɪðaʊt ɹᵻzɔːɹɾɪŋ tə kæmp ɔːɹ pæɹədi , heɪnz ɛlɑːɹbiː laɪk sɜːk , bʌt dɪfɹəntli ɑːɹɹɑːɹbiː hɐz tɹænsfɔːɹmd ðə ɹɛɾɚɹɪk ʌv hɑːliwʊd mɛlədɹɑːmə ɪntʊ sʌmθɪŋ pɹəvɑːkətɪv , ɹɪtʃ , ænd stɹeɪndʒ ",1
"ɐ θʌɹoʊli ɛndʒɔɪəbəl , hɑːɹtfɛlt kʌmɪŋ ʌv eɪdʒ kɑːmədi ",1
ðɪs ɪz ɐ fɪlm teɪlɚ meɪd fɔːɹ ðoʊz huː wɛn ðeɪ wɜːɹ ɪn haɪ skuːl wʊd tʃuːz ðə klɪf noʊts oʊvɚ ɹiːdɪŋ ɐ fʊl lɛŋθ klæsɪk ,0
"dʒɐkoʊbi , ðə moʊst fluːənt ʌv æktɚz , ɪz ɡɪvən ɹɛlətɪvli dɹaɪ mətɪɹiəl fɹʌm nɪdʒɪnski ɛs ɹaɪɾɪŋz tə pɚfɔːɹm , ænd ðə vɪʒuːəlz , iːvən ɪɹɑːɾɪkli fɹæŋk wʌnz , bɪkʌm dʌlɪŋli ɹᵻpɛɾᵻtɪv ",0
ɪt dʒʌst dɪd ɛnt miːn mʌtʃ tə miː ænd pleɪd tuː skjuːd tʊ ɛvɚ ɡɛt ɐ hoʊld ɔn ɛlɑːɹbiː ɔːɹ biː ɛntɚteɪnd baɪ ɑːɹɹɑːɹbiː ,0
"ɔːlðoʊ lɑːɹdʒli ɐ hɛvi hændᵻd ɪndaɪtmənt ʌv pɚɹɛntəl feɪlɪŋz ænd ðɪ ɪndɪfɹəns ʌv spænɪʃ soʊʃəl wɜːkɚz ænd liːɡəl sɪstəm təwɔːɹdz tʃaɪld ɐbjuːs , ðə fɪlm ɹᵻteɪnz æmbɪɡjuːɪɾiz ðæt meɪk ɪt wɛl wɜːθ wɑːtʃɪŋ ",1
swiːt hoʊm æləbæmə sɜːʔn̩li woʊ ɛnt biː ɹᵻmɛmbɚd æz wʌn ʌv ɛlɑːɹbiː wɪðɚspuːn ɛs ɑːɹɹɑːɹbiː bɛɾɚ fɪlmz ,0
"ðə fɪlm ɪz ɔːl oʊvɚ ðə pleɪs , ɹiəli ",0
"hɐz ɔːl ðə væljuːz əvə stɹeɪt tə vɪdɪoʊ muːvi , bʌt bɪkʌz ɪt hɐz ɐ bɪɡɚ neɪm kæst , ɪt ɡɛts ɐ fʊl θiːætɹɪkəl ɹᵻliːs ",0
ðɪs ɪz ɛnt iːvən ɐ muːvi wiː kæn ɛndʒɔɪ æz maɪld ɛskeɪpɪzəm ɪɾ ɪz wʌn ɪnwɪtʃ fɪɹ ænd fɹʌstɹeɪʃən ɑːɹ pɹəvoʊkt tʊ ɪntɑːlɚɹəbəl lɛvəlz ,0
duː ɛnt iːvən bɑːðɚ tə ɹɛnt ðɪs ɔn vɪdɪoʊ ,0
ɪf oʊnli mɜːtʃənt peɪd moːɹ ɐtɛnʃən ðə stoːɹi ,0
ɪt ɛs ɐ ɡloːɹiəs spɛktəkəl laɪk ðoʊz diː dʌbəljuː ɡɹɪfɪθ meɪd ɪnðɪ ɜːli deɪz ʌv saɪlənt fɪlm ,1
ðə kʌlɚfəl mæsʊɹ weɪsts ɪts taɪm ɔn muːd ɹæðɚ ðɐn ɹaɪdɪŋ wɪððɪ ɪnhiəɹənt ɐbsɜːdᵻɾi ʌv ɡeɪnəʃ ɛs ɹaɪz ʌp ðə soʊʃəl lædɚ ,0
ɛlɑːɹbiː ɐ ɑːɹɹɑːɹbiː peɪnfəli flæt ɡɹoʊs aʊt kɑːmədi ,0
ɹɪtʃli ɛntɚteɪnɪŋ ænd sədʒɛstɪv ʌv ɛni nʌmbɚɹ ʌv mɛɾəfɔːɹɪkəl ɹiːdɪŋz ,1
"ʃʌndʒi ɪwaɪ ɛs ɔːl ɐbaʊt lɪli tʃuː tʃuː ɪz ɐ bjuːɾɪfəli ʃɑːt , bʌt ʌltᵻmətli flɔːd fɪlm ɐbaʊt ɡɹoʊɪŋ ʌp ɪn dʒəpæn ",0
ɪɾ ɪz nɑːt ðə fɜːst taɪm ðæt dᵻɹɛktɚ sɛɹə ʃʊɡɚmən stuːps tə hævɪŋ kæɹɪktɚz dɹɑːp ðɛɹ pænts fɔːɹ læfs ænd nɑːt ðə læst taɪm ʃiː feɪlz tə pɹəvoʊk ðɛm ,0
"meɪbiː nɑːɾə klæsɪk , bʌt ɐ muːvi ðə kɪdz wɪl wɔnt tə siː oʊvɚ ænd oʊvɚɹ ɐɡɛn ",1
"hjuːdʒli ɛntɚteɪnɪŋ fɹʌm stɑːɹt tə fɪnɪʃ , fiːtʃɚɹɪŋ ɐ fɔːl fɹʌm ɡɹeɪs ðæt stɪl liːvz ʃɑːkweɪvz , ɪt wɪl ɡɹæɾᵻfaɪ ɛnɪwʌn huː hɐz ɛvɚ səspɛktᵻd hɑːliwʊd ʌv biːɪŋ oʊvɚɹʌn baɪ kɚɹʌpt ænd hɛdənɪstɪk wiːzəlz ",1
"fɹæŋkoʊ ɪz ɐn ɛksələnt tʃɔɪs fɚðə wɔːld ɔf bʌt kəmbʌstᵻbəl hʌslɚ , bʌt hiː dʌznɑːt ɡɪv ðə tɹænsɛndənt pɚfoːɹməns sʌni niːdz tʊ oʊvɚkʌm ɡæps ɪn kæɹɪktɚ dɪvɛləpmənt ænd stoːɹi lɑːdʒɪk ",0
"iːvən ðoʊ ðə fɪlm dʌz ɛnt mænɪdʒ tə hɪt ɔːl ʌv ɪts mɑːɹks , ɪt ɛs stɪl ɛntɚteɪnɪŋ tə wɑːtʃ ðə tɑːɹɡɪt pɹæktɪs ",1
fænz ʌvðə mɑːdɚn deɪ hɑːŋ kɑːŋ ækʃən fɪlm faɪnəli hæv ðə wɜːði səksɛsɚ tʊ ɐ bɛɾɚ təmɑːɹoʊ ænd ðə kɪlɚ wɪtʃ ðeɪ hɐvbɪn peɪʃəntli weɪɾɪŋ fɔːɹ ,1
ðɪs ɪz nɑːt ɐn iːzi fɪlm ,0
ɐ spuːki jɑːɹn ʌv diːmɑːnɪk duːɪŋz ɔnðə haɪ siːz ðæt wɜːks bɛɾɚ ðə lɛs ðə bɹeɪn ɪz ɛŋɡeɪdʒd ,0
"sʌm ɹaɪɾɚ duːd , aɪ θɪŋk hɪz neɪm wʌz , ʌ , maɪkəl zeɪdən , wʌz səpoʊzd tə hæv laɪk ɹɪʔn̩ ðə skɹiːnpleɪ ɔːɹ sʌmθɪŋ , bʌt , duːd , ðɪ oʊnli θɪŋ ðæt aɪ ɛvɚ sɔː ðæt wʌz ɹɪʔn̩ daʊn wɜː ðə ziəɹoʊz ɔn maɪ peɪtʃɛk ",0
"ɪt tʃælɪndʒᵻz , ðɪs nɜːvi ɑːdᵻɾi , laɪk mɑːdɚn ɑːɹt ʃʊd ",1
"waɪl ɑːbviəsli eɪmd æt kɪdz , ðə kʌntɹi bɛɹz ʃʊd kiːp pɛɹənts ɐmjuːzd wɪð ɪts loʊ ɡɹoʊn tə ɡʌfɔː ɹeɪʃɪoʊ ",1
"ðə fɑːloʊɪŋ θɪŋz ɑːɹ nɑːt æɾ ɔːl ɛntɚteɪnɪŋ ðə bæd saʊnd , ðə læk ʌv klaɪmæks ænd , wɜːst ʌv ɔːl , wɑːtʃɪŋ seɪnfɛld ɛlɑːɹbiː huː ɪz ɔːlsoʊ wʌn ʌvðə fɪlm ɛs pɹəduːsɚz ɑːɹɹɑːɹbiː duː ɛvɹɪθɪŋ hiː kæn tə lʊk laɪk ɐ ɡʊd ɡaɪ ",0
"ɪn ɪts tʃɪkɪn hɑːɹt , kɹʌʃ ɡoʊz tʊ ɐbsɜːd lɛŋθs tə dʌk ðə vɛɹi ɪʃuːz ɪt ɹeɪzᵻz ",0
"ɐ hɛdi , baɪɾɪŋ , biː bɑːp ɹaɪd θɹuː naɪttaɪm mænhæʔn̩ , ɐ ləkweɪʃəs vɪdɪoʊlɑːɡ ʌvðə mɑːdɚn meɪl ænd ðə lɛŋθs tʊ wɪtʃ hiː ɛlɛl ɡoʊ tə wiːv ɐ pɹətɛktɪv kəkuːn ɚɹaʊnd hɪz oʊn iːɡoʊ ",1
"skwɑːndɚɹɪŋ hɪz ɑːpɚtuːnᵻɾi tə meɪk ɐbsɜːdɪst ɑːbzɚveɪʃənz , bɜːnz ɡɛts kɔːt ʌp ɪnðə ɹʌʃ ʌv slæpstɪk θʌɹoʊfɛɹ ",0
"skɪn ʌv mæn ɡɛts ɐ fjuː tʃiːp ʃɑːks fɹʌm ɪts kɪdz ɪn pɛɹəl θiːætɹɪks , bʌt ɪɾ ɔːlsoʊ tæps ɪntʊ ðə pɹaɪməl fɪɹz ʌv jʌŋ piːpəl tɹaɪɪŋ tə koʊp wɪððə mɪstɪɹiəs ænd bɹuːɾəl neɪtʃɚɹ ʌv ɐdʌlts ",1
"æz sæɾɪsfaɪɪŋli ɑːd ænd ɪntɹiːɡɪŋ ɐ teɪl æz ɪt wʌzɐ sɛntʃɚɹi ænd ɐ hæf ɐɡoʊ hɐz ɐ dᵻlaɪtfəli daʊɚ , dɛdpæn toʊn ænd staɪlɪstɪk kənsɪstənsi ",1
ɛlviəɹə fænz kʊd hɑːɹdli æsk fɔːɹ moːɹ ,1
"ɪts sɪmplɪsᵻɾi pʊts ɐn ɛksklɐmeɪʃən pɔɪnt ɔnðə fækt ðæt ðɪs ɪz ɛnt sʌmθɪŋ təbi teɪkən sɪɹiəsli , bʌt ɪɾ ɔːlsoʊ ɹɛks ɛni tʃæns ʌvðə muːvi ɹaɪzɪŋ əbʌv sɪmɪlɚ fɛɹ ",0
ɐ kʌmɪŋ ʌv eɪdʒ fɪlm ðæt ɐvɔɪdz ðə kɑːɹtuːnɪʃ klɪx ɛs ænd snɪɹɪŋ hjuːmɚɹ ʌvðə ʒɑːnɹə æz ɪt pɹəvaɪdz ɐ fɹɛʃ vjuː əvən oʊld taɪp ðɪ ʌnsɜːʔn̩ ɡɜːl ɔnðə bɹɪŋk ʌv wʊmənhʊd ,1
"æt taɪmz , ɪɾ æktʃuːəli hɜːts tə wɑːtʃ ",0
meɪd miː ʌnɪntɛnʃənəli feɪməs æz ðə kwiːzi stʌməkt kɹɪɾɪk huː stæɡɚd fɹʌmðə θiəɾɚ ænd blækt aʊt ɪnðə lɑːbi ,0
"ɛlɑːɹbiː teɪmɚɹ ɑːɹɹɑːɹbiː juːɾɪlaɪzᵻz ðɪ aɪdiə ʌv meɪkɪŋ kɑːloʊ ɛs ɑːɹt ɐ lɪvɪŋ , bɹiːðɪŋ pɑːɹt ʌvðə muːvi , ɔfən kæɾɐpʌltɪŋ ðɪ ɑːɹɾɪst ɪntʊ hɜːɹ oʊn wɜːk ",1
"wʌn ʌv ðoʊz ɹɛɹ fɪlmz ðæt kʌm baɪ wʌns ɪn ɐ waɪl wɪð flɔːləs ɐmaʊnts ʌv æktɪŋ , dᵻɹɛkʃən , stoːɹi ænd peɪs ",1
fɚɡɛt ɐbaʊt wʌn ɑːskɚ nɑːmᵻneɪʃən fɔːɹ dʒuːliən mʊɹ ðɪs jɪɹ ʃiː ʃʊd ɡɛt ɔːl faɪv ,1
aɪ laɪk ɪt ,1
"fɪləsɑːfɪkli , ɪntəlɛktʃuːəli ænd lədʒɪstɪkli ɐ mɛs ",0
"waɪl ðə hjuːmɚɹ ɪz ɹɛkəɡnaɪzəbli plɪmptən , hiː hɐz æktʃuːəli bɑːðɚd tə kənstɹʌkt ɐ ɹiːəl stoːɹi ðɪs taɪm ",1
"ɔːlðoʊ sʌm vjuːɚz wɪl nɑːt biː eɪbəl tə stʌmək soʊ mʌtʃ tʌŋ ɪn tʃiːk wɪɹdnəs , ðoʊz huː duː wɪl hæv faʊnd ɐ kʌlt feɪvɚɹᵻt tʊ ɛndʒɔɪ fɚɹə laɪftaɪm ",1
ɐ wɛl kɹæftᵻd lɛtdaʊn ,0
duːvɔːl ɪz stɹɔŋ æz ɔːlweɪz ,1
təwɔːɹd ðɪ ɛnd sʌm ʌv ɔːl fɪɹz mɔːɹfz ɪntʊ ɐ mʌndeɪn sɛvənti z dɪzæstɚ flɪk ,0
"tɚɹɪfɪk pɚfoːɹmənsᵻz , ɡɹeɪt tə lʊk æt , ænd fʌni ",1
vɛɹi wɛl ɹɪʔn̩ ænd vɛɹi wɛl æktᵻd ,1
"ðɛɹ ɛs ɐ lɪɾəl vaɪələns ænd lɑːts ʌv sɛks ɪn ɐ bɪd tə hoʊld aʊɚɹ ɐtɛnʃən , bʌt ɪt ɡɹoʊz mənɑːtənəs æftɚɹ ɐ waɪl , æz duː dʒoʊn ænd fɪlɪp ɛs ɹᵻpɛɾᵻtɪv ɑːɹɡjuːmənts , skiːmz ænd tɹɛtʃɚɹi ",0
"ɡɜːlfɹɛndz ɑːɹ bæd , waɪvz ɑːɹ wɜːs ænd beɪbiz ɑːɹ ðə kɪs ʌv dɛθ ɪn ðɪs bɪɾɚɹ ɪtæliən kɑːmədi ",0
"ɐdɹɪft , bɛntli ænd hʌdsən stɛɹ ænd snɪfəl , ɹᵻspɛktɪvli , æz lɛdʒɚɹ ɐtɛmpts , ɪn veɪn , tə pɹuːv ðæt muːvi stɑːɹ ɪntɛnsᵻɾi kæn oʊvɚkʌm bæd hɛɹ dɪzaɪn ",0
"mʌdəld , sɪmplɪstɪk ænd moːɹ ðænə lɪɾəl pɹɪtɛnʃəs ",0
"mɔːɹɪsɛt hɐz pɚfɔːɹmd ɐ dɪfɪkəlt tæsk ɪndiːd hiː ɛs teɪkən wʌn ʌvðə wɜːld ɛs moʊst fæsᵻneɪɾɪŋ stoːɹiz ænd meɪd ɪt dʌl , laɪfləs , ænd ɪɹᵻteɪɾɪŋ ",0
"kæɹiɪŋ ðɪs weɪfɚ θɪn muːvi ɔn hɪz nɪmbəl ʃoʊldɚz , tʃæn weɪdz θɹuː pjuːtɹɪd ɹaɪɾɪŋ , dᵻɹɛkʃən ænd taɪmɪŋ wɪð ɐ smaɪl ðæt sɛz , ɪf aɪ steɪ pɑːzᵻtɪv , meɪbiː aɪ kæn tʃænəl wʌn ʌv maɪ ɡɹeɪɾɪst pɪktʃɚz , dɹʌŋkən mæstɚ ",0
nʌθɪŋ ʃɔːɹt əvə mæstɚpiːs ænd ɐ tʃæləndʒɪŋ wʌn ,1
"ðɪs leɪɾɪst ɪnstɔːlmənt ʌvðə hɔɹɚ fɪlm fɹæntʃaɪz ðæt ɪz ɐpæɹəntli æz ɪnvʌlnɚɹəbəl æz ɪts tɹeɪdmɑːɹk vɪlən hɐz ɚɹaɪvd fɚɹən ɪŋkɑːŋɡɹuːəs sʌmɚ pleɪɔf , dɛmənstɹeɪɾɪŋ jɛt ɐɡɛn ðætðɪ iəɹə ʌvðɪ ɪntɛlɪdʒənt , wɛl meɪd biː muːvi ɪz lɔŋ ɡɔn ",0
ænd ðæt meɪks ɔːl ðə dɪfɹəns ,1
ɹɑːbɚt hɑːɹmən ɛs lɛs ɪz moːɹ ɐpɹoʊtʃ dᵻlɪvɚz ɹiːəl bʌmp ɪnðə naɪt tʃɪlz hɪz ɡɹeɪɾɪst tɹaɪʌmf ɪz kiːpɪŋ ðə kɹiːpi kɹɔːliz hɪdən ɪnðə fɪlm ɛs θɪk ʃædoʊz ,1
ɐ saʊɚ lɪɾəl muːvi æɾ ɪts koːɹ ɐn ɛksploːɹeɪʃən ʌvðɪ ɛmptinəs ðæt ʌndɚleɪ ðə ɹɪlɛntləs ɡeɪəɾi ʌvðə naɪntiːnhʌndɹɪd twɛnti ɛs ðə fɪlm ɛs ɛndɪŋ hɐz ɐ wʌt wʌz ɪɾ ɔːl fɔːɹ ? ,0
ɪt ɛs ɡʊd tə siː maɪkəl keɪn wɪpɪŋ aʊt ðə dɜːɾi wɜːdz ænd pʌntʃɪŋ piːpəl ɪnðə stʌmək ɐɡɛn ,1
"slæk ænd ʌnɪnspaɪɚd , ænd piːpəld meɪnli baɪ kæɹɪktɚz soʊ ʌnsɪmpəθɛɾɪk ðæt juː ɹiː lɛft wɪð ɐ saʊɚ teɪst ɪn jʊɹ maʊθ ",0
"fɚɡɛɾəbəl , ɪf ɡʊd hɑːɹɾᵻd , muːvi ",0
ɐ ɹɪvɪɾɪŋ stoːɹi wɛl toʊld ,1
"fɔːɹ ɛvɹi ɑːɹtɪkjʊleɪt pleɪɚ , sʌtʃ ɐz skeɪtboːɹdɚ toʊni hɔːk ɔːɹ biːɛmɛks ɹaɪdɚ mæt hɑːfmən , ɑːɹ ɐbaʊt ɐ hæf dʌzən jʌŋ tɜːks æŋɡəlɪŋ tə siː haʊ mɛni taɪmz ðeɪ kæn wɜːk ðə wɜːdz ɹædɪkəl ɔːɹ sʌk ɪntʊ ɐ sɛntəns ",0
ɐ kʌltʃɚ klæʃ kɑːmədi oʊnli hæf æz klɛvɚɹ æz ɪt θɪŋks ɪɾ ɪz ,0
"ðɪs ɪz ɐ θɜːd pɜːsən stoːɹi naʊ , toʊld baɪ hɑːliwʊd , ænd mʌtʃ moːɹ ɔːɹdɪnɛɹi fɔːɹ ɪt ",0
"æt naɪnti mɪnɪts ðɪs muːvi ɪz ʃɔːɹt , bʌt ɪt fiːlz mʌtʃ lɔŋɡɚ ",0
"məkeɪ siːmz ɛmbæɹəst baɪ hɪz oʊn ɪnvɛnʃən ænd tɹaɪz tə ɹʌʃ θɹuː ðɪ ɪntɚmiːdiːɚɹi pæsɪdʒᵻz , ɐpæɹəntli hoʊpɪŋ ðætðɪ ɔːdiəns wɪl nɑːt noʊɾɪs ðə ɡlɛɹɪŋ tɹaɪtnəs ʌvðə plɑːt dɪvaɪs hiː hɐz pʊt ɪn sɜːvɪs ",0
ðə bɪɡ skɹiːn skuːbi meɪks ðə sɪli ɚɹɪdʒɪnəl kɑːɹtuːn siːm smɑːɹt ænd wɛl kɹæftᵻd ɪn kəmpæɹɪsən ,0
"ðə fækt ɪz ðætðə skɹiːn ɪz moʊst ɐlaɪv wɛn ɪt siːmz moʊst laɪkli ðæt bɹuːmfiːld ɛs ɪntɚvjuːiːz , ɔːɹ iːvən hɪmsɛlf , wɪl nɑːt biː fɔːɹ mʌtʃ lɔŋɡɚ ",1
ðə skɹɪpt ? ,0
"nɪkoʊl hɑːləfsənɚ ɛs lʌvli ænd ɐmeɪzɪŋ , fɹʌm hɜːɹ oʊn skɹiːnpleɪ , dʒʌmps tə ðə hɛd ʌvðə klæs ʌv wɪmɪn ɛs fɪlmz ðæt mænɪdʒ tʊ ɐvɔɪd ðə ɡɛɾoʊ ʌv sɛntɪmɛntəl tʃɪk flɪks baɪ tɹiːɾɪŋ fiːmeɪl fɑːliz wɪð ɐ sɐtɪɹɪkəl staɪl ",1
"laɪkəbəl θæŋks tʊ ɪts kæst , ɪts kwᵻziːn ænd ɪts kwɜːki tuːnz ",1
"bɑːɹoʊz ɐ bɪt fɹʌmðə klæsɪks weɪt ʌntɪl dɑːɹk ænd ɛkstɹɛmᵻɾiz bʌt ɪn tɜːmz ʌv ɪts staɪl , ðə muːvi ɪz ɪn ɐ klæs baɪ ɪtsɛlf ",1
ɐ plɛzənt piːs ʌv ɛskeɪpɪst ɛntɚteɪnmənt ,1
swiːt ænd mɛmɚɹəbəl fɪlm ,1
ðɪs ɪz ɐ muːvi juː kæn tɹʌst ,1
hoʊl stɹɛtʃᵻz ʌvðə fɪlm meɪ biː ɪŋkɑːmpɹihɛnsᵻbəl tə muːvɪeɪɡoʊɚz nɑːt ɔːlɹɛdi klæd ɪn beɪsɪk blæk ,0
"ɪmpɹɛsᵻz æz ɐ skɪlfəli ɐsɛmbəld , haɪli pɑːlɪʃt ænd pɹəfɛʃənəl ædæpteɪʃən dʒʌst ɐbaʊt æz tʃɪlɪŋ ænd ʌnsɛɾəlɪŋ æz mænhʌntɚ wʌz ",1
ðiːz ɡaɪz siːm ɡɹeɪt tə nɑːk bæk ɐ bɪɹ wɪð bʌt ðeɪ ɹiː sɪmpli nɑːt fʌni pɚfoːɹmɚz ,0
"ðɛɹɑːɹ ɐ kʌpəl ʌv θɪŋz ðæt ɛlɪveɪt ɡloːɹi əbʌv moʊst əv ɪts ɪlk , moʊst noʊɾəbli ðə mɪɹ pɹɛzəns ʌv duːvɔːl ",1
ɪɾ ɪz ɔːlsoʊ ɐ tɛstəmənt tə ðɪ ɪntɛɡɹᵻɾi ænd vɪʒən ʌvðə bænd ,1
"deɪli stɹʌɡəlz ænd sɪmpəl plɛʒɚz juːzɜːp ðə pɹiːtʃɪŋ mɛsɪdʒ soʊ ðæt , baɪ ðə taɪm ðə kɹɛdɪts ɹoʊl əkɹɑːs ðə pæt ɛndɪŋ , ɐ wɔːɹm , fʌzi fiːlɪŋ pɹɪveɪlz ",1
mɛni ɐ pɛɹənt ænd ðɛɹ tiːn ɛlɑːɹbiː ɔːɹ pɹɪtiːn ɑːɹɹɑːɹbiː kɪd kʊd bɑːnd waɪl wɑːtʃɪŋ ɐ wɔːk tə ɹᵻmɛmbɚ ,1
ðə tɹaɪəlz ʌv hɛnɹi kɪsɪŋɚɹ ɪz ɐ ɹᵻmɑːɹkəbəl piːs ʌv fɪlmeɪkɪŋ bɪkʌz juː ɡɛt ɪt ,1
"ðoʊ ðə fɪlm ɪz stæɾɪk , ɪts ɹaɪɾɚ dᵻɹɛktɚ ɛs hɑːɹt ɪz ɪnðə ɹaɪt pleɪs , hɪz pliː fɔːɹ dᵻmɑːkɹəsi ænd sɪvɪk ækʃən lɔːdəbəl ",1
"iːvlɪn ɛs stɹɔŋ kæst ænd ʃʊɹhændᵻd dᵻɹɛkʃən meɪk fɚɹə wɪnɪŋ , hɑːɹtwɔːɹmɪŋ jɑːɹn ",1
bɪbɪdi bəbɪdi blænd ,0
"wʌn θɪŋ ɛs fɔːɹ ʃʊɹ ɪf dʒɔːɹdʒ ɹɑːmɛɹoʊ hæd dᵻɹɛktᵻd ðɪs muːvi , ɪt wʊd ɛnt hæv teɪkən ðə pɹoʊɾɐɡənɪsts ɐ fʊl aʊɚ tə dɪtɜːmɪn ðæt ɪn ɔːɹdɚ tə kɪl ɐ zɑːmbi juː mʌst ʃuːt ɪɾ ɪnðə hɛd ",0
ænd hiː ɐlaʊz ɐ ɡɔːki æktɚ laɪk spɔːl huː kʊd tuː iːzili bɪkʌm kɑːmɪk ɹᵻliːf ɪn ɛni ʌðɚ fɪlm tə ɹᵻviːl hɪz ɪmpɹɛsɪvli dɛlᵻkət ɹeɪndʒ ,1
ɛps hɐz niːðɚ ðə kɚɹɪsmə nɔːɹ ðə nætʃɚɹəl æfəbɪlᵻɾi ðæt hɐz meɪd tʌkɚɹ ɐ stɑːɹ ,0
"ɪt ɛs ɹɛɹ tə faɪnd ɐ fɪlm tʊ wɪtʃ ðɪ ædʒɪktɪv dʒɛntəl ɐplaɪz , bʌt ðə wɜːd pɜːfɛktli dᵻskɹaɪbz pɔːlɪn pɔːlɛt ",1
bluː kɹʌʃ swɪmz ɐweɪ wɪððə sliːpɚ muːvi ʌvðə sʌmɚɹ ɐwɔːɹd ,1
niːdᵻd ɐ lɪɾəl lɛs blɪŋ blɪŋ ænd ɐ lɑːt moːɹ ɹoʊmæns ,0
"ɪt lɛts juː bɹʌʃ ʌp ɐɡɛnst ðə hjuːmænᵻɾi əvə saɪkoʊ , wɪðaʊt meɪkɪŋ hɪm ɛni lɛs saɪkoʊ ",1
bʌt ðə muːvi ɛs næɹətɪv hʊk ɪz weɪ tuː mʌdəld təbi ɐn ɪfɛktɪvli tʃɪlɪŋ ɡɪlti plɛʒɚ ,0
"soʊ fiːndɪʃli kʌnɪŋ ðæt iːvən ðə moʊst dʒeɪdᵻd sɪnəmə ɔːdiənsᵻz wɪl liːv ðɪ ɔːdɪtoːɹiəm fiːlɪŋ dɪzi , kənfjuːzd , ænd toʊɾəli dɪsoːɹiənteɪɾᵻd ",1
"dᵻspaɪt ɐn oʊvɚɹɔːt ɛndɪŋ , ðə fɪlm wɜːks æz wɛl æz ɪt dʌz bɪkʌz ʌvðə pɚfoːɹmənsᵻz ",1
ɐ fɪlm ʌv aɪdiəz ænd ɹaɪ kɑːmɪk meɪhɛm ,1
"ɪfɛktɪv ɪn ɔːl ɪts æspɛkts , mɑːɹɡɚɹiːɾə hæpi aʊɚ ɹɛpɹᵻzɛnts ɐn ɔːspɪʃəs fiːtʃɚ deɪbjuː fɔːɹ tʃeɪkən ",1
"ɡoʊldmɛmbɚ hɐz nʌn ʌvðə vɪʒuːəl wɪt ʌvðə pɹiːviəs pɪktʃɚz , ænd ɪt lʊks æz ðoʊ dʒeɪ ɹoʊtʃ dᵻɹɛktᵻd ðə fɪlm fɹʌmðə bæk əvə tæksɪkæb ",0
kwaɪətli ɛŋɡeɪdʒɪŋ ,1
wʌt kʊdɐv bɪn ɐ deɪtaɪm soʊp ɑːpɚɹə ɪz æktʃuːəli ɐ kəmpɛlɪŋ lʊk æɾə jʌŋ wʊmən ɛs tɹædʒɪk ɑːdɪsi ,1
nɑːt kəmpliːtli lʌvəbəl bʌt wʌt ʌndɚdɑːɡ muːvi sɪns ðə bæd nuːz bɛɹz hɐzbɪn ? ,0
"ɐ naɪnti foːɹ mɪnɪt tɹævəsti ʌv ʌnpæɹəlɛld pɹəpoːɹʃənz , ɹaɪɾɚ dᵻɹɛktɚ pɑːɹkɚ siːmz tə ɡoʊ aʊɾəv hɪz weɪ tə tɜːn ðə lɛdʒəndɚɹi wɪt ɛs klæsɪk mɪsteɪkən aɪdɛntᵻɾi fɑːɹs ɪntʊ bɹuːɾəli leɪbɚd ænd ʌnfʌni hoʊkəm ",0
wʌt stɑːɹts ɔf æz ɐ sæɾɪsfaɪɪŋ kɪdz ɛfɛlsiːkeɪ bɪkʌmz ɪŋkɹiːsɪŋli ɪmplɔːzᵻbəl æz ɪt ɹeɪsᵻz θɹuː kəntɹaɪvd plɑːt pɔɪnts ,0
ðə dɜːɾi dʒoʊks pɹəvaɪd ðə fʌnɪɪst moʊmənts ɪn ðɪs ɑːdli swiːt kɑːmədi ɐbaʊt dʒoʊkstɚ haɪweɪ pɐtɹoʊlmɛn ,1
"hɐz nʌn ʌvðə kɹækəl ʌv feɪɾəl ɐtɹækʃən , naɪn wʌn tuː wiːks , ɔːɹ iːvən ɪndiːsənt pɹəpoʊzəl , ænd fiːlz moːɹ laɪk laɪn ɛs stɑːlɪd ɹᵻmeɪk ʌv ləliːɾə ",0
"ɐ sɛnsᵻtɪv , mɑːdɪst kɑːmɪk tɹædʒədi ðæt wɜːks æz boʊθ kæɹɪktɚ stʌdi ænd sɪmbɑːlɪk ɛɡzæmᵻneɪʃən ʌvðə hjuːdʒ iːkənɑːmɪk tʃeɪndʒᵻz swiːpɪŋ mɑːdɚn tʃaɪnə ",1
"fɑːðɚz ænd sʌnz , ænd ðɪ ʌniːzi bɑːndz bᵻtwiːn ðɛm , ɹɛɹli hæv ɹᵻsiːvd sʌtʃ ɐ səfɪstᵻkeɪɾᵻd ænd ʌnsɛntɪmɛntəl tɹiːtmənt ɔnðə bɪɡ skɹiːn æz ðeɪ duː ɪn ðɪs mɑːɹvələs fɪlm ",1
"æz ɐ dᵻɹɛktɚ , iːstwʊd ɪz ɔf hɪz ɡeɪm ðɛɹ ɛs noʊ ɹiːəl sɛns ʌv səspɛns , ænd nʌn ʌvðə plɑːt sɚpɹaɪzᵻz ɑːɹ ɹiəli sɚpɹaɪzɪŋ ",0
ðɛɹ ɛs mʌtʃ tʌŋ ɪn tʃiːk ɪnðə fɪlm ænd ðɛɹ ɛs noʊ daʊt ðə fɪlmeɪkɚɹ ɪz hævɪŋ fʌn wɪð ɪɾ ɔːl ,1
boʊlɪŋ fɔːɹ kɑːləmbaɪn ɹᵻmeɪnz ɐ dɪskwaɪəɾɪŋ ænd θɔːt pɹəvoʊkɪŋ fɪlm ,1
"ɪt ɛs ɐ loʊθsʌm muːvi , ɪt ɹiəli ɪz ænd ɪt meɪks æbsəluːtli noʊ sɛns ",0
foʊnd ɪn bɪznəs æz juːʒuːəl ,0
ðɪ oʊnli θɪŋ tə fɪɹ ɐbaʊt fɪɹ dɑːt kɑːm ɪz hɪɾɪŋ jʊɹ hɛd ɔnðə θiəɾɚ siːt ɪn fɹʌnt ʌv juː wɛn juː doʊz ɔf θɜːɾi mɪnɪts ɪntʊ ðə fɪlm ,0
"bleɪd ɹoʊmən tuː mɜːdʒᵻz bɪts ænd piːsᵻz fɹʌm faɪɾɪŋ ɡeɪmz , waɪɚ fuː , hɔɹɚ muːvɪz , mɪstɚɹi , dʒeɪmz bɑːnd , ɹɛsəlɪŋ , saɪ faɪ ænd ænɪmeɪ ɪntʊ wʌn bɪɡ blʌdi stuː ",1
"tə ðə væst mədʒɔːɹᵻɾi ʌv moːɹ kæʒuːəl fɪlmɡoʊɚz , ɪt wɪl pɹɑːbəbli biː ɐ tɔːki boːɹ ",0
"ðɛɹ ɪz ɐ ɹiːəl sʌbdʒɛkt hɪɹ , ænd ɪɾ ɪz hændəld wɪð ɪntɛlɪdʒəns ænd kɛɹ ",1
bɪdʒɪloʊ ɔfɚz sʌm flæʃi twɪsts ænd tɜːnz ðæt əkeɪʒənəli fɔːɹɾᵻfaɪ ðɪs tɜːdʒɪd feɪbəl ,1
ðə fɪlm hɐz ðɪ ʌŋkæni ɐbɪləɾi tə ɹaɪt ɪtsɛlf pɹɪsaɪsli wɛn juː θɪŋk ɪt ɛs ɪn deɪndʒɚɹ ʌv ɡoʊɪŋ ɹɔŋ ,1
ɪt ɛs ɐ mɪstɚɹi haʊ ðə muːvi kʊd biː ɹᵻliːst ɪn ðɪs kəndɪʃən ,0
"ɐn ʌnfɚɡɛɾəbəl lʊk æt mɔːɹælᵻɾi , fæmɪli , ænd soʊʃəl ɛkspɪkteɪʃən θɹuː ðə pɹɪzəm ʌv ðæt ɑːmnɪbəs tɹɐdɪʃən kɔːld mæɹɪdʒ ",1
ɐ sæd ænd ɹoʊt ɛksɚsaɪz ɪn mɪlkɪŋ ɐ pleɪd aʊt aɪdiə ɐ stɹeɪt ɡaɪ hɐz tə dɹɛs ʌp ɪn dɹæɡ ðæt ʃɑːkɪŋli mænɪdʒᵻz təbi iːvən wɜːs ðɐn ɪts taɪɾəl wʊd ɪmplaɪ ,0
ɐ fʌni fɪlm ,1
ɐ ɡæŋstɚ muːvi wɪððə kəpæsᵻɾi tə sɚpɹaɪz ,1
ɐ ɡɹænd fɑːɹt kʌmɪŋ fɹʌm ɐ dᵻɹɛktɚ bɪɡɪnɪŋ tə ɹᵻzɛmbəl sʌmwʌn ɛs kɹeɪzi fɹɛntʃ ɡɹændfɑːðɚ ,0
"ɪt ɛs pɑːsᵻbəl ðæt sʌmθɪŋ hɪp ænd tɹænsɡɹɛsɪv wʌz biːɪŋ ɐtɛmptᵻd hɪɹ ðæt stʌbɚnli ɹᵻfjuːzd tə dʒɛl , bʌt ðə ɹɪzʌlt ɪz moːɹ pʌzlɪŋ ðɐn ʌnsɛɾəlɪŋ ",0
"ɐn ɛntɚteɪnɪŋ , ɪf sʌmwʌt stændɚdaɪzd , ækʃən muːvi ",1
"ɐ dʒɛnɚɹəs , ɪnspaɪɚɹɪŋ fɪlm ðæt ʌnfoʊldz wɪð ɡɹeɪs ænd hjuːmɚɹ ænd ɡɹædʒuːəli bɪkʌmz ɐ tɛstəmənt tə feɪθ ",1
eɪt lɛɡɪd fɹiːks ? ,0
mælkəm məkdaʊɛl ɪz kuːl ,1
"ðə muːvi weɪvɚz bᵻtwiːn hɔːlmɑːɹk kɑːɹd sɛntɪmɛntælᵻɾi ænd ɡuːfi , laɪf ɐfɜːmɪŋ moʊmənts stɹeɪt aʊɾəv ɐ sɛljʊlɚ foʊn kəmɜːʃəl ",0
"æz ɐ θɔːtfəl ænd ʌnflɪntʃɪŋ ɛɡzæmᵻneɪʃən əvən ɔːltɜːnətɪv laɪfstaɪl , sɛks wɪð stɹeɪndʒɚz ɪz ɐ səksɛs ",1
ɐ ɹɪælᵻɾi snʌbɪŋ hɑːdʒpɑːdʒ ,0
ɛlɑːɹbiː ɐ ɑːɹɹɑːɹbiː slʌmɚ ,0
"ɪt ɛs ɐ bɪɡ aɪdiə , bʌt ðə fɪlm ɪtsɛlf ɪz smɔːl ænd ʃɹɪvəld ",0
ɐn ɛŋɡɹoʊsɪŋ poːɹtɹɪt əvə mæn huːz ɛŋɡeɪdʒɪŋ mænɚ ænd flæmbɔɪənt staɪl meɪd hɪm ɐ tɹuːli lɑːɹdʒɚ ðɐn laɪf kæɹɪktɚ ,1
"seɪlz hɐz ɐ næk fɔːɹ kæstɪŋ , ɔfən ɹᵻsɚɹɛktɪŋ pɚfoːɹmɚz huː ɹɛɹli wɜːk ɪn muːvɪz naʊ ænd dɹɔːɪŋ fleɪvɚfəl pɚfoːɹmənsᵻz fɹʌm blænd æktɚz ",1
"fɔːɹ ɔːl ɪts vaɪələns , ðə muːvi ɪz ɹᵻmɑːɹkəbli dʌl wɪð oʊnli keɪn meɪkɪŋ mʌtʃ əvən ɪmpɹɛʃən ",0
"ðɪs ɪz ɐ faɪnli ɹɪʔn̩ , suːpɜːbli æktᵻd ɔfbiːt θɹɪlɚ ",1
"æt ðɪ ɛnd , wɛn ðə naʊ kəmpjuːɾɚɹaɪzd joʊdə faɪnəli ɹᵻviːlz hɪz mɑːɹʃəl ɑːɹɾɪstɹi , ðə fɪlm ɐsɛndz tʊ ɐ kᵻnɛɾɪk laɪf soʊ tiːmɪŋ ðæt iːvən kɹæŋki ɐdʌlts meɪ ɹiːdɪskʌvɚ ðə kwɪvɚɹɪŋ kɪd ɪnsaɪd ",1
fɛɹɑːɹɹə ɛs stɹɔŋɡɪst ænd moʊst tʌtʃɪŋ muːvi ʌv ɹiːsənt jɪɹz ,1
ɐ sɪnɪmæɾɪk dɪzæstɚ soʊ ɪnɐdvɜːtəntli saɪdsplɪɾɪŋ ɪt ɛs wɜːθ ðə pɹaɪs ʌv ɐdmɪʃən fɚðə ɹɪdɪkjuːl fæktɚɹ ɐloʊn ,0
"iːvən ɪf ɪt meɪd ɪts ɚɹɪdʒɪnəl ɹᵻliːs deɪt læst fɔːl , ɪt wʊd viː ɹiːkt əvə bɪn ðɛɹ , dʌn ðæt seɪmnəs ",0
"ʌnfɔːɹtʃənətli , ɪt ɛs ɔːlsoʊ nɑːt vɛɹi ɡʊd ",0
"ðə moʊst wʌndɹəs lʌv stoːɹi ɪn jɪɹz , ɪɾ ɪz ɐ ɡɹeɪt fɪlm ",1
"tuː mʌtʃ paʊɚ , nɑːt ɪnʌf pʌf ",0
"dᵻspaɪt ɐn ɪmpɹɛsɪv ɹɑːstɚɹ ʌv stɑːɹz ænd dᵻɹɛkʃən fɹʌm kæθɹɪn bɪdʒɪloʊ , ðə weɪt ʌv wɔːɾɚɹ ɪz əpɹɛsɪvli hɛvi ",0
"faɪnəli , ðə fɹɛntʃ pɹəduːst ɹiːd maɪ lɪps ɪz ɐ muːvi ðæt ʌndɚstændz kæɹɪktɚz mʌst kʌm fɜːst ",1
"iːvən bᵻfoːɹ ɪt bɪldz ʌp tʊ ɪts ɪnseɪnli steɪdʒd bɔːlɹuːm siːn , ɪnwɪtʃ θɹiː θaʊzənd æktɚz ɐpɪɹ ɪn fʊl ɹᵻɡeɪliə , ɪt ɛs wɔltst ɪtsɛlf ɪntʊ ðɪ ɑːɹt fɪlm pænθɪən ",1
"ɐ fɪlm wɪtʃ pɹɛsᵻz fəmɪlɪɹ hɜːzɑːɡ tɹoʊps ɪntʊ ðə sɜːvɪs əvə lɪmpɪd ænd kənvɛnʃənəl hɪstɔːɹɪkəl fɪkʃən , wɛn ɹiəli wʌt wiː dᵻmænd ʌvðə dᵻɹɛktɚɹ ɪz təbi mɛsmɚɹaɪzd ",0
ðə ɹɛɹ muːvi ðæt ɛs æz kɹɪsp ænd tə ðə pɔɪnt æz ðə nɑːvəl ɔn wɪtʃ ɪt ɛs beɪst ,1
"hɪɹ , kɑːmən sɛns flaɪz aʊt ðə wɪndoʊ , ɐlɔŋ wɪððə heɪl ʌv bʊlɪts , nʌn ʌvwɪtʃ ɛvɚ siːm tə hɪt sæʃə ",0
"ɛlɑːɹbiː dɑːŋ ɑːɹɹɑːɹbiː meɪks ɐ væliənt ɛfɚt tʊ ʌndɚstænd ɛvɹɪwʌn ɛs pɔɪnt ʌv vjuː , ænd hiː dʌz sʌtʃ ɐ ɡʊd dʒɑːb ʌv ɪt ðæt fæmɪli fʌndəmɛntəlz ɡɛts juː ɹaɪld ʌp ",1
"wʌns ʃiː lɛts hɜː lʌv dᵻpɹeɪvd liːdz miːt , ɛlɑːɹbiː dɛniz ɑːɹɹɑːɹbiː stoːɹi bɪkʌmz ɐ hoʊpləs , ʌnsæɾɪsfaɪɪŋ mʌdəl ",0
nʌθɪŋ tuː diːp ɔːɹ səbstænʃəl ,0
bʌt wʌt ɪz mɪsɪŋ fɹʌm ɪɾ ɔːl ɪz ɐ mɔːɹəl ,0
splɛndɪdli ɪləstɹeɪts ðɪ ɐbɪləɾi ʌvðə hjuːmən spɪɹɪt tʊ oʊvɚkʌm ædvɚsᵻɾi ,1
"ɑːbviəs , ɑːbnɑːkʃəs ænd dɪdæktɪk bɜːlɛsk ",0
ɪt ɛs dɛfɪnətli ɐ stɛp ɪnðə ɹaɪt dᵻɹɛkʃən ,1
"veɪɡli ɪntɹɛstɪŋ , bʌt ɪt ɛs dʒʌst tuː tuː mʌtʃ ",0
"ðə fɪlm saʊndz laɪk ðə stʌf ʌv lʊɹɹɪd mɛlədɹɑːmə , bʌt wʌt meɪks ɪɾ ɪntɹɛstɪŋ æz ɐ kæɹɪktɚ stʌdi ɪz ðə fækt ðætðə stoːɹi ɪz toʊld fɹʌm pɔːl ɛs pɚspɛktɪv ",1
"ðɪswʌn ɪz ɐ fjuː bɪts fʌnɪɚ ðɐn mæl ɛs dʌd , ɪf oʊnli bɪkʌz ðə kæst ɪz soʊ ɛŋɡeɪdʒɪŋli mɛsɪŋ ɚɹaʊnd laɪk slɑːb sɪɾi ɹᵻdʌkʃənz ʌv dæmən ɹʌnɪən kɹʊks ",1
ðə ɹaɪɾɪŋ ɪz klɛvɚ ænd ðə kæst ɪz ɐpiːlɪŋ ,1
ɔːlðoʊ kɑːməntɛɹi ɔn nætʃtwi ɪz pɹəvaɪdᵻd ɪt ɛs ðɪ ɪmɪdʒ ðæt ɹiəli tɛlz ðə teɪl ,1
"ɐ nɪɹli twɛnti wʌn tuː aʊɚz , ðə fɪlm ɪz weɪ tuː ɪndʌldʒənt ",0
"ʌnlaɪkəbəl , ʌnɪntɚɹəstɪŋ , ʌnfʌni , ænd kəmpliːtli , ʌɾɚli ɪnɛpt ",0
"sʌm ʌvðə vɪʒuːəl flɜːɹɪʃᵻz ɑːɹ ɐ lɪɾəl tuː ɑːbviəs , bʌt ɹᵻstɹeɪnd ænd sʌɾəl stɔːɹɪtɛlɪŋ , ænd faɪn pɚfoːɹmənsᵻz meɪk ðɪs dɛlᵻkət kʌmɪŋ ʌv eɪdʒ teɪl ɐ tɹiːt ",1
"bʌt ðə tæləntᵻd kæst ɐloʊn wɪl kiːp juː wɑːtʃɪŋ , æz wɪl ðə faɪt siːnz ",1
"ɜːnɪst , ʌnsʌɾəl ænd hɑːliwʊd pɹɪdɪktəbəl , ɡɹiːn dɹæɡən ɪz stɪl ɐ diːpli muːvɪŋ ɛfɚt tə pʊt ɐ hjuːmən feɪs ɔnðə tɹɐveɪl ʌv θaʊzəndz ʌv viːɛtnəmiːz ",1
dʒɛfɹi tæmbɚ ɛs pɚfoːɹməns æz ðɪ ɪntɛlɪdʒənt dʒæz pleɪɪŋ ɛkstɜːmᵻneɪɾɚɹ ɪz ɑːskɚ wɜːði ,1
"ɐn oʊvɚli fəmɪlɪɹ sənæɹioʊ ɪz meɪd fɹɛʃ baɪ ɐn ɪntɛlɪdʒənt skɹiːnpleɪ ænd ɡɹɪpɪŋ pɚfoːɹmənsᵻz ɪn ðɪs loʊ bʌdʒɪt , vɪdɪoʊ ʃɑːt , deɪbjuː ɪndi ɛfɚt ",1
"ɐ klæʃ bᵻtwiːn ðɪ ɑːɹɾɪfɪʃəl stɹʌktʃɚɹ ʌvðə stoːɹi ænd ðə moːɹ kəntɛmpɚɹɛɹi , nætʃɚɹəlɪstɪk toʊn ʌvðə fɪlm ",0
kɹɪstʃən beɪl ɛs kwɪn ɛlɑːɹbiː ɪz ɑːɹɹɑːɹbiː ɐ lɛðɚ klæd ɡɹʌndʒ paɪɹət wɪð ɐ hɛɹduː laɪk ɡændælf ɪn ɐ wɪnd tʌnəl ænd ɐ sɪmpli ɐstaʊndɪŋ koːɹ blaɪmi lʌv ɐ dʌk kɑːkni æksənt ,0
aɪ ɛm nɑːt ɛɡzæktli ʃʊɹ wʌt ðɪs muːvi θɪŋks ɪɾ ɪz ɐbaʊt ,0
ɪt ɛs ɐ skoːɹtʃɚ ,1
ɐ ɹiːəl snuːz ,0
"laɪk ɪts taɪɾəl kæɹɪktɚ , ðɪs nɪkələs nɪklɛbi faɪndz ɪtsɛlf ɪn ɹᵻduːst sɜːkəmstænsᵻz ænd , ɔːlsoʊ laɪk ɪts hiəɹoʊ , ɪt ɹᵻmeɪnz bɹaɪtli ɑːptɪmɪstɪk , kʌmɪŋ θɹuː ɪnðɪ ɛnd ",1
"ðə kɪdz ɪnðɪ ɔːdiəns æt ðə pɹiːvjuː skɹiːnɪŋ siːmd boːɹd , tʃɪɹɪŋ ðə pɹætfɔːlz bʌt lɪɾəl ɛls ðɛɹ pɛɹənts , waɪz foʊks ðæt ðeɪ ɑːɹ , ɹiːd bʊks ",0
"pɑːɹtli ɐ ʃmæltsi , baɪ ðə nʌmbɚz ɹoʊmæntɪk kɑːmədi , pɑːɹtli ɐ ʃæloʊ ɹuːmᵻneɪʃən ɔnðɪ ɛmptinəs ʌv səksɛs ænd ɛntaɪɚli soʊlləs ",0
"fɔːɹ ɪts wʌnhʌndɹɪd mɪnɪts ɹʌnɪŋ taɪm , juː ɛlɛl weɪt ɪn veɪn fɚɹə muːvi tə hæpən ",0
"ɐ kɹɑːnɪkəl nɑːt oʊnli ʌv wʌn mæn ɛs kwɛst təbi pɹɛzɪdənt , bʌt ʌv haʊ ðæt mæn sɪŋɡəl hændᵻdli tɜːnd ɐ pleɪn fʊl ʌv hɑːɹd bɪʔn̩ , sɪnɪkəl dʒɜːnəlɪsts ɪntʊ wʌt wʌz ᵻsɛnʃəli , baɪ kæmpeɪn ɛs ɛnd , ɐn ɛkstɛndᵻd pʌblɪsᵻɾi dᵻpɑːɹtmənt ",1
ɐ muːvi ðæt hɑːɹps ɔn miːdiːə kənstɹʌktᵻd ɪʃuːz laɪk wɛðɚ kɑːmpɹəmaɪz ɪz ðə dɛθ ʌv sɛlf ðɪs ɔːɹɡæzəm ɛlɑːɹbiː woʊ ɛnt biː ɐn ɑːɹɹɑːɹbiː ɛksiːdɪŋli mɛmɚɹəbəl wʌn fɔːɹ moʊst piːpəl ,0
fɹɛsnɐdɪloʊ hɐz sʌmθɪŋ sɪɹiəs tə seɪ ɐbaʊt ðə weɪz ɪnwɪtʃ ɛkstɹævəɡənt tʃæns kæn dɪstɔːɹt aʊɚ pɚspɛktɪv ænd θɹoʊ ʌs ɔf ðə pæθ ʌv ɡʊd sɛns ,1
ðɪs ɪz nɑːt wʌn ʌvðə muːvɪz juː diː wɔnt tə wɑːtʃ ɪf juː oʊnli hæd ɐ wiːk tə lɪv ,0
"bʌt meɪnstɹiːm ɔːdiənsᵻz wɪl faɪnd lɪɾəl ʌv ɪntɹɛst ɪn ðɪs fɪlm , wɪtʃ ɪz ɔfən pɹiːki ænd pʊɹli æktᵻd ",0
"ɐtwʌns sʌɾəl ænd vɪsɚɹəl , ðə fɪlm nɛvɚ səkʌmz tə ðə tɹæp ʌvðə mɔːdlɪn ɔːɹ tɪɹfəl , ɔfɚɹɪŋ ɪnstɛd wɪð ɪts ʌnflɪntʃɪŋ ɡeɪz ɐ mɛʒɚɹ ʌv feɪθ ɪnðə fjuːtʃɚ ",1
"lʊkɪn fɔːɹ sɪn , ɐmɛɹɪkən staɪl ? ",0
ɪt dɹaʊnz ɪn sæp ,0
læɡɚd dɹɑːmə wɛndɪŋ ɪts weɪ tʊ ɐn ʌnɪnspaɪɚd fɪləsɑːfɪkəl ᵻpɪfəni ,0
"ɪntɜːmɪnəbli bliːk , tə seɪ nʌθɪŋ ʌv boːɹɪŋ ",0
bᵻliːvəbɪlᵻɾi wʌz ɛnt wʌn ʌvðə fɪlm ɛs vɜːtʃuːz ,0
"fɪld wɪð ælɪɡzændɚ dᵻsplæt ɛs hɔːntɪŋ ænd sʌblaɪm mjuːzɪk , ðə muːvi kəmpliːtli tɹænsfɪksᵻz ðɪ ɔːdiəns ",1
"ðə foːɹ fɛðɚz ɪz dɛfɪnətli hɔːɹs fɛðɚz , bʌt ɪf juː ɡoʊ ɪn noʊɪŋ ðæt , juː maɪthɐv fʌn ɪn ðɪs sɪnɪmæɾɪk sændbɑːks ",1
"ðə muːvi ɐtɛmpts tə maɪn læfs fɹʌm ɐ ʒɑːnɹə ðə ɡæŋstɚ kɹaɪm kɑːmədi ðæt woːɹ aʊt ɪts wɛlkʌm wɪð ɔːdiənsᵻz sɛvɹəl jɪɹz ɐɡoʊ , ænd ɪts kjuːɾəsi ɹᵻlaɪəns ɔn muːvi spəsɪfɪk kliːʃeɪᵻz ɪz ɛnt ɛɡzæktli ɛndɪɹɪŋ ",0
stɛdfæstli ʌnsɪnɪmæɾɪk bʌt paʊɚfəli dɹəmæɾɪk ,1
dɛl toːɹoʊ meɪnteɪnz ɐ dɑːɹk muːd ðæt meɪks ðə fɪlm siːm laɪk sʌmθɪŋ tʊ ɛndʊɹ ɪnstɛd ʌv ɛndʒɔɪ ,0
"ðɪs fɪlmd tɑːskə nɑːt ðə fɜːst , baɪ ðə weɪ ɪz ɐ pɹɪɾi ɡʊd dʒɑːb , ɪf ɪt ɛs fɪlmd tɑːskə ðæt juː wɔnt ",1
fiːtʃɚz wʌn ʌvðə moʊst ɐfɛktɪŋ dᵻpɪkʃənz əvə lʌv ɐfɛɹ ɛvɚ kəmɪɾᵻd tə fɪlm ,1
"ɐ dʒɜːni spænɪŋ nɪɹli θɹiː dɛkeɪdz ʌv bɪɾɚswiːt kæmɚɹɑːdɚɹi ænd hɪstɚɹi , ɪnwɪtʃ wiː fiːl ðæt wiː tɹuːli noʊ wʌt meɪks hɑːli ænd mɚɹiːnə tɪk , ænd aʊɚ hɑːɹts ɡoʊ aʊt tə ðɛm æz boʊθ kəntɪnjuː tə nᵻɡoʊʃɪeɪt ðɛɹ ɪmpɜːfɛkt , lʌv heɪt ɹᵻleɪʃənʃɪp ",1
"stɑːɹts aʊt stɹɔŋli bᵻfoːɹ kwɪkli luːzɪŋ ɪts foʊkəs , pɔɪnt ænd pɜːpəs ɪn ɐ mɛs ʌv mɪkst mɛsɪdʒᵻz , oʊvɚ bloʊn dɹɑːmə ænd bɹuːs wɪlɪs wɪð ɐ skɑːɹ ",0
"ðoʊ ɐn ɪmpoːɹtənt pəlɪɾɪkəl dɑːkjuːmɛntɚɹi , ðɪs dʌznɑːt ɹiəli meɪk ðə keɪs ðə kɪsɪŋɚ ʃʊd biː tɹaɪd æz ɐ wɔːɹ kɹɪmɪnəl ",0
"swɪmz ɪn miːdɪɑːkɹᵻɾi , stɪkɪŋ ɪts hɛd ʌp fɚɹə bɹɛθ ʌv fɹɛʃ ɛɹ naʊ ænd ðɛn ",0
"ɔːlðoʊ ðə fɪlm bɔɪlz daʊn tʊ ɐ laɪtweɪt stoːɹi ɐbaʊt mætʃmeɪkɪŋ , ðə kæɹɪktɚz meɪk ɪtæliən fɔːɹ bɪɡɪnɚz wɜːθ ðə dʒɜːni ",1
"iːvən fænz ʌv ɪsmeɪl mɜːtʃənt ɛs wɜːk , aɪ sʌspɛkt , wʊdhɐv ɐ hɑːɹd taɪm sɪɾɪŋ θɹuː ðɪswʌn ",0
"ðə haɪ kɑːnsɛpt sənæɹioʊ suːn pɹuːvz pɹɪpɔstɚɹəs , ðɪ æktɪŋ ɪz ɹoʊbɑːɾɪkli ɪtælɪsaɪzd , ænd tɹuːθ ɪn ædvɚtaɪzɪŋ haʊndz teɪk noʊt ðɛɹ ɛs vɛɹi lɪɾəl hʌsəlɪŋ ɔn vjuː ",0
wʌt ɛs wɜːs ɪz ðæt pɛloʊsi noʊz ɪt ,0
"ɐ hoʊm ɐloʊn fɪlm ðæt ɪz steɪdʒd laɪk ɹoʊzmɚɹi ɛs beɪbi , bʌt ɪz nɑːt æz wɛl kənsiːvd æz iːðɚɹ ʌv ðoʊz fɪlmz ",0
"ɔːlðoʊ meɪd ɔn ɐ ʃuːstɹɪŋ ænd ʌniːvənli æktᵻd , kʌndʒɚz ɐ lɪntʃ laɪk vɪʒən ʌvðə ɹɑːɾɪŋ ʌndɚbɛli ʌv mɪdəl ɐmɛɹɪkə ",0
"ɛvɹɪθɪŋ ɐbaʊt ɡɜːlz kɑː ɛnt swɪm , iːvən ɪts pæsɪdʒᵻz ʌv sɛnsᵻtɪv ɑːbzɚveɪʃən , fiːlz sɛkəndhænd , fəmɪlɪɹ ænd nɑːt ɪn ɐ ɡʊd weɪ ",0
bɹaɪən tuːfɑːnoʊ ɛs hændsʌm waɪdskɹiːn fətɑːɡɹəfi ænd pɔːl ɡɹæboʊski ɛs ɛksələnt mjuːzɪk tɜːn ðɪs fɛɹli pæɹɑːkɪəl mɛlədɹɑːmə ɪntʊ sʌmθɪŋ ɹiəli ɹæðɚ spɛʃəl ,1
ɪɾ ɪz dɛfɪnətli wɜːθ siːɪŋ ,1
ɐ hɪɹoʊɪk teɪl ʌv pɚsɪstəns ðæt ɪz ʃʊɹ tə wɪn vjuːɚz hɑːɹts ,1
wɪl pɹɑːbəbli biː wʌn ʌv ðoʊz muːvɪz bɛɹli ɹɛdʒɪstɚɹɪŋ ɐ blɪp ɔnðə ɹeɪdɑːɹ skɹiːn ʌv tuː θaʊzənd tuː ,0
"ɐ baɪlɪŋɡwəl tʃɑːɹmɚ , dʒʌst laɪk ðə wʊmən huː ɪnspaɪɚd ɪt ",1
ælən ɛs ʌndɚɹɛstᵻmeɪɾᵻd tʃɑːɹm dᵻlɪvɚz moːɹ ɡʊdiz ðɐn lʌmps ʌv koʊl ,1
"ɛvɹɪbɑːdi lʌvz ɐ deɪvɪd ænd ɡəlaɪəθ stoːɹi , ænd ðɪswʌn ɪz toʊld ɔːlmoʊst ɛntaɪɚli fɹʌm deɪvɪd ɛs pɔɪnt ʌv vjuː ",1
boʊθ liːd pɚfoːɹmənsᵻz ɑːɹ ɑːskɚ saɪz ,1
"æz ɐ ɡʊd oʊld fæʃənd ɐdvɛntʃɚ fɔːɹ kɪdz , spɪɹɪt stæliən ʌvðə sɪmæɹən ɪz ɐ wɪnɚ ",1
"ɪt ɛs suːpɚ vaɪələnt , suːpɚ sɪɹiəs ænd suːpɚ stuːpɪd ",0
ɔːl ðə smɔːl moʊmənts ænd flæʃbæks duː ɛnt æd ʌp tə mʌtʃ moːɹ ðɐn tɹaɪt ɑːbzɚveɪʃənz ɔnðə hjuːmən kəndɪʃən ,0
"ᵻlæbɚɹeɪt spɛʃəl ɪfɛkts teɪk sɛntɚ skɹiːn , soʊ ðætðə hjuːmən stoːɹi ɪz pʊʃt tə wʌn saɪd ",1
"ðə fɪlm ɪz dɪtɜːmɪnd tə tɹiːt ɪts kæɹɪktɚz , wiːk ænd stɹɔŋ , æz fæləbəl hjuːmən biːɪŋz , nɑːt kæɹɪkətʃʊɹz , ænd tə kɛɹfəli dᵻlɪniːeɪt ðə kɔst ʌvðɪ ɪnɛvᵻɾəbəl kɑːnflɪkts bᵻtwiːn hjuːmən ɜːdʒᵻz ænd ɐn ɪnstɪtuːʃən kənsɜːnd wɪð sɛlf pɹɛzɚveɪʃən ",1
aɪ faʊnd ðə muːvi æz dᵻvaɪdᵻd ɐɡɛnst ɪtsɛlf æz ðə dɪsfʌŋkʃənəl fæmɪli ɪt poːɹtɹeɪz ,0
tuː dæft baɪ hæf bʌt suːpɹiːmli ɡʊd neɪtʃɚd ,1
"ðoʊ fɹiːdə ɪz iːziɚ tə swɔloʊ ðɐn dʒuːli teɪmɚ ɛs pɹɪpɔstɚɹəs taɪɾəs , ðɪ aɪ kændi hɪɹ læks kənsɪdɚɹəbəl bɹiːoʊ ",0
"ðə fɪlm ɪz hɑːɹd tə dɪsmɪs muːdi , θɔːtfəl , ænd lɪt baɪ flæʃᵻz ʌv mɔːɹdənt hjuːmɚ ",1
ðə fɜːst faɪv mɪnɪts wɪl hæv juː tɔːkɪŋ tɪl ðɪ ɛnd ʌvðə jɪɹ ! ,1
sɪli hʌmbəɡɚɹi ,0
pɹɛdᵻsɛsɚz ðə mʌmi ænd ðə mʌmi ɹᵻtɜːnz stænd æz ɪntəlɛktʃuːəl mæstɚpiːsᵻz nɛkst tə ðə skoːɹpiən kɪŋ ,0
"wɜːθ ɐ lʊk baɪ ðoʊz ɔn boʊθ saɪdz ʌvðɪ ɪʃuːz , ɪf oʊnli fɚðə pɚspɛktɪv ɪɾ ɔfɚz , wʌn ðə pʌblɪk ɹɛɹli siːz ",1
ɪt zɪps ɐlɔŋ wɪð biː muːvi vɜːv waɪl ædɪŋ ðə ɹɪtʃ diːteɪlz ænd ɡoʊ fɔːɹ bɹoʊk æktɪŋ ðæt hɛɹəldz sʌmθɪŋ spɛʃəl ,1
tuː sæpi fɔːɹ ɪts oʊn ɡʊd ,0
ðɪs flæt ɹʌn æɾə hɪp hɑːp tuːtsi ɪz soʊ pʊɹli peɪst juː kʊd fɪt ɔːl ʌv puːɾi tæŋ ɪn bᵻtwiːn ɪts pʌntʃlaɪnz ,0
"noʊ , aɪ duː ɛnt noʊ waɪ stiːvən siːɡəl ɪz kənsɪdɚd ɐ stɑːɹ , nɔːɹ waɪ hiː kiːps biːɪŋ kæst ɪn ækʃən fɪlmz wɛn nʌn ʌv ðɛm ɑːɹ ɛvɚɹ ɛni ɡʊd ɔːɹ meɪk ɛni mʌni ",0
"ɪf ɛs ɛm siːmz laɪk ɐ stɹeɪndʒ ɹaʊt tə tɹuː lʌv , meɪbiː ɪɾ ɪz , bʌt ɪt ɛs tə ðɪs fɪlm ɛs ɛlɑːɹbiː ænd ɪts meɪkɚz ɑːɹɹɑːɹbiː kɹɛdɪt ðæt wiː bᵻliːv ðæt ðæt ɛs ɛɡzæktli wʌt ðiːz tuː piːpəl niːd tə faɪnd iːtʃ ʌðɚ ænd ðɛmsɛlvz ",1
lɪɾəl ɪz dʌn tə səpoːɹt ðə pɹɛmɪs ʌðɚ ðɐn flɪŋ ɡæɡz æɾ ɪt tə siː wɪtʃ wʌnz ɛseɪtʃtɪk ,0
wʌn ʌv ðoʊz dɛkeɪdz spænɪŋ hɪstɔːɹɪkəl ɛpɪks ðæt stɹaɪvz təbi ɪntᵻmət ænd soʊʃəli ɛŋkʌmpəsɪŋ bʌt feɪlz tə duː dʒʌstɪs tʊ iːðɚɹ ɛfɚt ɪn θɹiː aʊɚz ʌv skɹiːn taɪm ,0
ðə kaɪnd ʌv swiːt ænd saʊɚɹ ɪnsaɪdɚ muːvi ðæt fɪlm bʌfs wɪl iːt ʌp laɪk soʊ mʌtʃ dʒɛlɑːɾi ,1
"ɐ hjuːdʒ dɪsɐpɔɪntmənt kʌmɪŋ , æz ɪt dʌz , fɹʌm fɪlmeɪkɚz ænd pɚfoːɹmɚz ʌv ðɪs kælɪbɚ ",0
"fɚɹə fɪlm ðæt ɛs biːɪŋ ædvɚtaɪzd æz ɐ kɑːmədi , swiːt hoʊm æləbæmə ɪz ɛnt æz fʌni æz juː diː hoʊpt ",0
"ɹɪtʃɚd pɹaɪɚ maɪnd hɪz pɜːsənəl hɔɹɚz ænd keɪm ʌp wɪð ɐ tɹɛʒɚ tʃɛst ʌv mətɪɹiəl , bʌt lɔːɹəns ɡɪvz ʌs moʊstli fuːl ɛs ɡoʊld ",0
ɐ muːvi ʌv ɹɪvɪɾɪŋ paʊɚ ænd sædnəs ,1
ɹɑːbɚt dʒɑːn bɜːk æz ðə mɔnstɚ hɔːɹnz ɪn ænd stiːlz ðə ʃoʊ ,1
"ðə nuː ɪnsɑːmniə ɪz ɐ sɚpɹaɪzɪŋli feɪθfəl ɹᵻmeɪk ʌv ɪts tʃɪli pɹɛdᵻsɛsɚ , ænd wɛn ɪt dʌz ᵻlɛkt tə hɛd ɔf ɪn ɪts oʊn dᵻɹɛkʃən , ɪɾ ɛmplɔɪz tʃeɪndʒᵻz ðæt fɪt ɪt wɛl ɹæðɚ ðɐn wʌnz ðæt wɜːɹ ɪmpoʊzd fɚðə seɪk ʌv kəmɜːʃəl sɛnsəbɪlᵻɾiz ",1
dʒʌst ɔfbiːt ɪnʌf tə kiːp juː ɪntɹɛstᵻd wɪðaʊt kʌmɪŋ kloʊs tə boʊlɪŋ juː oʊvɚ ,1
"ɹɪʔn̩ , flætli , baɪ deɪvɪd kɛndəl ænd dᵻɹɛktᵻd , bɛɹli , baɪ ðɛɹ ɛs sʌmθɪŋ ɐbaʊt mɛɹi koʊ ɹaɪɾɚɹ ɛd dᵻktɜː ",0
"ɪt ɛs ɐ fɪlm wɪð ɐn aɪdiə bɛɹid sʌmwɛɹ ɪnsaɪd ɪts fæbɹɪk , bʌt nɛvɚ klɪɹli siːn ɔːɹ fɛlt ",0
wʌn kæn oʊnli ɐsuːm ðætðə dʒʊɹɹi huː bᵻstoʊd stɑːɹ hɑːfmən ɛs bɹʌðɚ ɡoːɹdi wɪððə wɔldoʊ sɔlt skɹiːnɹaɪɾɪŋ ɐwɔːɹd æt tuː θaʊzənd tuː ɛs sʌndəns fɛstɪvəl wɜːɹ ɑːnɚɹɪŋ ɐn ɐtɛmpt tə duː sʌmθɪŋ dɪfɹənt oʊvɚɹ æktʃuːəli pʊlɪŋ ɪɾ ɔf ,0
"siːks tə tɹænsɛnd ɪts ʒɑːnɹə wɪð ɐ kjʊɹɹiəsli staɪlaɪzd , kweɪzaɪ ʃeɪkspɪɹiən poːɹtɹɪt ʌv pjʊɹ mɪsɑːdʒɪnɪst iːvəl ",1
nɑːɾə stɛɹɪoʊtaɪp ɪz oʊmɪɾᵻd nɔːɹ ɐ klɪx lɛft ʌnsɛd ,0
"ɐ smɑːɹt , stiːmi mɪks ʌv ɹoʊd muːvi , kʌmɪŋ ʌv eɪdʒ stoːɹi ænd pəlɪɾɪkəl sæɾaɪɚ ",1
"ɪt ɛs koʊhɪɹənt , wɛl ʃɑːt , ænd tɑːɹtli æktᵻd , bʌt ɪt wɛɹz juː daʊn laɪk ɐ dɪnɚ ɡɛst ʃoʊɪŋ ɔf hɪz dɑːktɚɹeɪt ",0
"keɪ naɪntiːn wɪl nɑːt ɡoʊ daʊn ɪnðɪ ænəlz ʌv sɪnəmə æz wʌn ʌvðə ɡɹeɪt sʌbmɚɹiːn stoːɹiz , bʌt ɪɾ ɪz ɐn ɛŋɡeɪdʒɪŋ ænd ɛksaɪɾɪŋ næɹətɪv ʌv mæn kənfɹʌntɪŋ ðə diːmənz ʌv hɪz oʊn fɪɹ ænd pæɹənɔɪə ",1
ɐ foːɹ stɑːɹ pɚfoːɹməns fɹʌm kɛvɪn klaɪn huː ʌnfɔːɹtʃənətli wɜːks wɪð ɐ tuː stɑːɹ skɹɪpt ,1
ɡɑːd blɛs kɹuːdʌp ænd hɪz ɐvɜːʒən tə teɪkɪŋ ðɪ iːzi hɑːliwʊd ɹoʊd ænd kæʃɪŋ ɪn ɔn hɪz muːvi stɑːɹ ɡoːɹdʒəsnəs ,1
ɪt ɛs ɐ fiːl ɡʊd muːvi ɐbaʊt wɪtʃ juː kæn æktʃuːəli fiːl ɡʊd ,1
"ɪf ɛnɪθɪŋ , siː ɪt fɔːɹ kæɹən blæk , huː kæmps ʌp ɐ stoːɹm æz ɐ fɹɪndʒ fɛmɪnɪst kənspɪɹəsi θiəɹɪst neɪmd dɜːɾi dɪk ",1
"wɑːtʃɪŋ ðə kɛmɪstɹi bᵻtwiːn fɹiːmən ænd dʒʌd , haʊɛvɚ , ɔːlmoʊst meɪks ðɪs muːvi wɜːθ siːɪŋ ",1
muːnlaɪt maɪl ɡɪvz ɪtsɛlf ðə fɹiːdəm tə fiːl kɑːntɹədɪktɚɹi θɪŋz ,1
ɪt ɛs ɐ muːvi ðæt ɐkɑːmplɪʃᵻz soʊ mʌtʃ ðætwʌn vjuːɪŋ kɑː ɛnt pɑːsᵻbli biː ɪnʌf ,1
"ðə fɪlm eɪmz təbi fʌni , ʌplɪftɪŋ ænd muːvɪŋ , sʌmtaɪmz ɔːl ɐtwʌns ",1
"ðə fɪlm nɛvɚ ɡɛts oʊvɚɹ ɪts oʊn ɪnvɛstmənt ɪn kənvɛnʃənəl ɚɹeɪndʒmənts , ɪn tɜːmz ʌv lʌv , eɪdʒ , dʒɛndɚ , ɹeɪs , ænd klæs ",0
naɪsli kəmbaɪnz ðɪ ɛnɪɡmæɾɪk fiːtʃɚz ʌv məmɛntoʊ wɪððə hɐluːsɪnətoːɹi dɹʌɡ kʌltʃɚɹ ʌv ɹɛkwɪɛm fɚɹə dɹiːm ,1
"soːɹviːnoʊ meɪks ðə pɹɪnsɛs siːm smʌɡ ænd kɑːɹtuːnɪʃ , ænd ðə fɪlm oʊnli ɹiəli kʌmz ɐlaɪv wɛn pʊɹ hɜːmɑːkɹɐtiːz ænd liəntiːn pɐθɛɾɪkli kəmpɛɹ noʊts ɐbaʊt ðɛɹ bʌdɪŋ ɐmʊɹz ",0
ɛlɑːɹbiː ɐ ɑːɹɹɑːɹbiː steɪl ɹᵻtɹɛd ʌvðə fɪfti θɹiː ɚɹɪdʒɪnəl ,0
"moːɹ kənsɜːnd wɪð oʊvɚɹɔːl fiːlɪŋz , bɹɔːdɚɹ aɪdiəz , ænd oʊpən ɛndᵻd kwɛstʃənz ðɐn kɑːŋkɹiːt stoːɹi ænd dᵻfɪnɪtɪv ænsɚz , soʊdɚbɚɡ ɛs soʊlɑːɹɹɪs ɪz ɐ ɡoːɹdʒəs ænd dᵻsɛptɪvli mɪnɪməlɪst sɪnɪmæɾɪk toʊn poʊᵻm ",1
ɐlɑːɹmz fɔːɹ duːvɔːl ɛs θɹɑːbɪŋ sɪnsɛɹᵻɾi ænd hɪz ɛldɚli pɹəpɛnsᵻɾi fɔːɹ pæɾɪŋ piːpəl waɪl hiː tɔːks ,1
ðɛɹ ɛs noʊ pɔɪnt ɪn ɛkstɹæktɪŋ ðə bɛɹ boʊnz ʌv baɪæt ɛs plɑːt fɔːɹ pɜːpəsᵻz ʌv blænd hɑːliwʊd ɹoʊmæns ,0
"ðə pɚfoːɹmənsᵻz ɑːɹ eɪmiəbəl ænd kəmɪɾᵻd , ænd ðə kɑːmədi moːɹ ɔfən ðɐn nɑːt hɪts ðə bʊlsaɪ ",1
zɪɡzæɡ maɪthɐv bɪn ɹɪtʃɚ ænd moːɹ əbzɜːvənt ɪf ɪt wɜː lɛs dɛnsli plɑːɾᵻd ,0
"tə bɛɾɚɹ ʌndɚstænd waɪ ðɪs dɪd ɛnt kənɛkt wɪð miː wʊd ɹᵻkwaɪɚɹ ɐnʌðɚ vjuːɪŋ , ænd aɪ woʊ ɛnt biː sɪɾɪŋ θɹuː ðɪswʌn ɐɡɛn ðæt ɪn ɪtsɛlf ɪz kɑːməntɛɹi ɪnʌf ",0
"ɪz ɐ kwɛstʃən fɔːɹ fɪlɑːsəfɚz , nɑːt fɪlmeɪkɚz ɔːl ðə fɪlmeɪkɚz niːd tə duː ɪz ɛŋɡeɪdʒ ɐn ɔːdiəns ",0
"æt sʌm pɔɪnt , ɔːl ðɪs vɪʒuːəl tɹɪkɚɹi stɑːps biːɪŋ klɛvɚ ænd dɪvɑːlvz ɪntʊ flæʃi , veɪɡli sɪli oʊvɚkɪl ",0
ɐ ɹæɡbæɡ ʌv kliːʃeɪᵻz ,0
oʊvɚbɜːdənd wɪð kɑːmplᵻkeɪɾᵻd plɑːɾɪŋ ænd beɪnəl daɪəlɑːɡ ,0
"ðə pɪktʃɚ ɹʌnz ɐ mɪɹ eɪɾi foːɹ mɪnɪts , bʌt ɪt ɛs noʊ ɡlæns ",1
stɪɹz ɹᵻfɹɛʃɪŋli klɪɹ ʌvðə juːʒuːəl kliːʃeɪᵻz ,1
"nɪkɑːl ðə fɪlmeɪkɚ mɜːdʒᵻz hɪz kəlæboːɹeɪɾɚz sɪmbɑːlɪk ɪmɪdʒᵻz wɪð hɪz wɜːdz , ɪnsɪnjuːeɪɾɪŋ , fɔːɹ ɛɡzæmpəl , ðæt ɪn hɑːliwʊd , oʊnli ɡɑːd spiːks tə ðə pɹɛs ",1
"ɪt ɛs ɐ bjuːɾifəl fɪlm , fʊl ʌv ᵻlæbɚɹeɪt ænd twɪstᵻd kæɹɪktɚz ænd ɪt ɛs ɔːlsoʊ pɹɪɾi fʌni ",1
ðə miːljuː ɪz hoʊli ʌŋkənvɪnsɪŋ ænd ðə hɪstɹɪɑːnɪks ɹiːtʃ ɐ tɹuːli ɐnɔɪɪŋ pɪtʃ ,0
ðə pɪktʃɚɹ ɪmɜːdʒᵻz æz ɐ sɚpɹaɪzɪŋli ɐniːmɪk dɪsɐpɔɪntmənt ,0
"wʌtɛvɚ kəmpleɪnts aɪ maɪthɐv , aɪ diː teɪk ɛlɑːɹbiː ɪts ɑːɹɹɑːɹbiː ɜːnɪst ɛɹɚz ænd hɑːɹd wʌn ɹᵻwɔːɹdz oʊvɚ ðə bəmbæstɪk sɛlf ɡloːɹɪfɪkeɪʃən ʌv ʌðɚ fiːl ɡʊd fiːæskoʊz laɪk æntwʌn fɪʃɚ ɔːɹ ðɪ ɛmpɚɹɚ ɛs klʌb ɛni taɪm ",1
ɹaɪs nɛvɚ klɪɹli dᵻfaɪnz hɪz kæɹɪktɚz ɔːɹ ɡɪvz ʌs ɐ ɹiːzən tə kɛɹ ɐbaʊt ðɛm ,0
ɐnʌðɚɹ ɛntɚteɪnɪŋ ɹɑːmp fɹʌm ɹɑːbɚt ɹədɹiːɡɛz ,1
bʌt hɪɹ ɛs ɐ muːvi ɐbaʊt ɪɾ ɛnɪweɪ ,0
"ɪf ɛlɑːɹbiː dʒæɡləm ɛs ɑːɹɹɑːɹbiː leɪɾɪst ɛfɚt ɪz nɑːt ðə dᵻɹɛktɚɹ æt hɪz moʊst spɑːɹklɪŋ , sʌm ʌv ɪts ɹɛpɑːɹteɪ ɪz stɪl wɜːθ hɪɹɪŋ ",1
aɪ dɪd ɛnt smaɪl ,0
ðə skɹɪpt baɪ deɪvɪd koʊp ɪz pɜːfɛktli sɜːvɪsəbəl ænd bɪkʌz hiː ɡɪvz ðə stoːɹi sʌm soʊl hiː ɛlɪveɪts ðɪ ɛkspiəɹɪəns tʊ ɐ moːɹ mɪθɪk lɛvəl ,1
"kæpʊɹ feɪlz tə ɡɪv hɪz ɔːdiəns ɐ sɪŋɡəl kæɹɪktɚ wɜːθ ɹuːɾɪŋ fɔːɹ ɛlɑːɹbiː ɔːɹ wɜːθ ɹuːɾɪŋ ɐɡɛnst , fɔːɹ ðæt mæɾɚɹ ɑːɹɹɑːɹbiː ",0
"ɪt ɛs ɐ vɪʒuːəl dᵻlaɪt ænd ɐ diːsənt pɑːpkɔːɹn ɐdvɛntʃɚ , æz lɔŋ æz juː duː ɛnt tɹaɪ tə lʊk tuː diːp ɪntʊ ðə stoːɹi ",1
bᵻfʌdəld ɪn ɪts kæɹɪktɚɹaɪzeɪʃənz æz ɪt bɪɡɪnz tə siːm æz lɔŋ æz ðə tuː jɪɹ ɐfɛɹ wɪtʃ ɪz ɪts sʌbdʒɛkt ,0
nʌθɪŋ moːɹ ðænən eɪmiəbəl bʌt ʌnfoʊkəst bæɡɐtɛl ðæt pleɪz laɪk ɐ luːsli kənɛktᵻd stɹɪŋ ʌv æktɪŋ wɜːkʃɑːp ɛksɚsaɪzᵻz ,0
ɪt ɛs hɔːɹɪbli dᵻpɹɛsɪŋ ænd nɑːt vɛɹi wɛl dʌn ,0
"naʊ æz ɐ fɔːɹmɚ ɡɔŋ ʃoʊ ædɪkt , aɪ ɛlɛl ɐdmɪt ɪt , maɪ oʊnli kəmpleɪnt ɪz ðæt wiː dɪd ɛnt ɡɛt moːɹ ɹiː kɹiːeɪʃənz ʌv ɔːl ðoʊz feɪməs moʊmənts fɹʌmðə ʃoʊ ",1
"ɪnʌf meɪ pændɚ tʊ aʊɚ beɪsɪst dɪzaɪɚz fɔːɹ peɪbæk , bʌt ʌnlaɪk mɛni ɹᵻvɛndʒ fæntəsiz , ɪɾ ʌltᵻmətli dᵻlɪvɚz ",1
"ðɪs ɪz kɹuːəl , mɪsænθɹɑːpɪk stʌf wɪð oʊnli wiːk kleɪmz tə sɚɹiːəlɪzəm ænd blæk kɑːmədi ",0
"ɐ peɪl ziəɹɑːks ʌv ʌðɚ , bɛɾɚ kɹaɪm muːvɪz ",0
"stɹeɪndʒ ɪɾ ɪz , bʌt dᵻlaɪtfəli soʊ ",1
ðə stoːɹi hɐz lɪɾəl wɪt ænd noʊ sɚpɹaɪzᵻz ,0
kɹʌmi ,0
"dʒʌst ɐnʌðɚ dɪsdʒɔɪntᵻd , fɛɹli pɹɪdɪktəbəl saɪkəlɑːdʒɪkəl θɹɪlɚ ",0
"ðɪs ɪz ɐ vɛɹi fʌni , hɑːɹtwɔːɹmɪŋ fɪlm ",1
ɡʊd neɪtʃɚdli kɔːɹnbɔːl siːkwəl ,1
"ðə fɹɛntʃ dᵻɹɛktɚ hɐz tɜːnd aʊt nɪɹli twɛnti wʌn tuː aʊɚz ʌv ʌnfoʊkəst , ɛkskɹuːʃɪeɪɾɪŋli tiːdiəs sɪnəmə ðæt , hæf ɐn aʊɚɹ ɪn , stɑːɹts meɪkɪŋ wɔːɾɚ tɔːɹtʃɚ siːm ɐpiːlɪŋ ",0
ɪt ɛs oʊnli ɪn fɛɹi teɪlz ðæt pɹɪnsɛsᵻz ðæt ɑːɹ mæɹid fɔːɹ pəlɪɾɪkəl ɹiːzən laɪv hæpɪli ɛvɚɹ æftɚ ,0
ɐ smɔːl muːvi wɪð ɐ bɪɡ ɪmpækt ,1
"ðə sɔːɹt ʌv pɪktʃɚ ɪnwɪtʃ , wɛnɛvɚ wʌn ʌvðə kæɹɪktɚz hɐz sʌm sɪɹiəs soʊl sɜːtʃɪŋ tə duː , ðeɪ ɡoʊ tʊ ɐ pɪktʃɚ pɜːfɛkt biːtʃ dʊɹɹɪŋ sʌnsɛt ",0
"kɹæmd wɪð ɪnsɪdənt , ænd bɹɪsəlz wɪð pæʃən ænd ɛnɚdʒi ",1
"ɐn ɪntɛlɪdʒənt ænd diːpli fɛlt wɜːk ɐbaʊt ɪmpɑːsᵻbəl , ɪɹᵻvɑːkəbəl tʃɔɪsᵻz ænd ðə pɹaɪs ʌv meɪkɪŋ ðɛm ",1
"ɛlɑːɹbiː ɡɑːslɪŋ ɛs ɑːɹɹɑːɹbiː kɑːmbᵻneɪʃən ʌv ɛksploʊsɪv fɪzɪkəl ɛnɚdʒi ænd kənvɪnsɪŋ ɪntɛlɪdʒəns hɛlps kɹiːeɪt ɐ kɑːmplɛks , ʌnpɹɪdɪktəbəl kæɹɪktɚ ",1
"ænd ɪt siːz ðoʊz ɹᵻleɪʃənʃɪps , ɪŋkluːdɪŋ ðæt bᵻtwiːn ðə sʌn ænd hɪz waɪf , ænd ðə waɪf ænd ðə fɑːðɚ , ænd bᵻtwiːn ðə tuː bɹʌðɚz , wɪð ɪŋkɹɛdɪbəl sʌɾəlɾi ænd ækjuːmɛn ",1
"ɪnðə nuː ɡaɪ , iːvən ðə bʊl ɡɛts ɹᵻsaɪkəld ",0
"ɹɛɡɪoʊ ænd ɡlæs soʊ ɹæpsədaɪz sɪnɪsɪzəm , wɪð ɹɛpətɪʃən ænd læŋɡjuːɚɹəs sloʊ moʊ siːkwənsᵻz , ðæt ɡlæs ɛs dɜːdʒlaɪk skoːɹ bɪkʌmz ɐ fæŋ bɛɹɪŋ lʌləbaɪ ",0
mɑːɹʃəl pʊts ɐ səspɛnsfəl spɪn ɔn stændɚd hɔɹɚ flɪk fɔːɹmjʊlə ,1
"ðɛɹ maɪt biː sʌm sɔːɹt ʌv kɹɛdɪbəl dʒɛndɚ pɹəvoʊkɪŋ fɪlɑːsəfi səbmɜːdʒd hɪɹ , bʌt huː ðə hɛl kɛɹz ? ",0
ɐ muːvi ðæt ɛs hɛld kæptɪv baɪ miːdɪɑːkɹᵻɾi ,0
"ɐn ædmᵻɹəbəl , sʌmtaɪmz ɛksɛpʃənəl fɪlm ",1
ðɪs ɪz ɐ fɪlm ðæt mænɪdʒᵻz tə faɪnd ɡɹeɪtnəs ɪnðə hjuː ʌv ɪts dɹæstɪk aɪkənɑːɡɹəfi ,1
"ɐ hoʊl lɑːt ʌv fʌn ænd fʌni ɪnðə mɪdəl , ðoʊ sʌmwʌt lɛs hɑːɹd hɪɾɪŋ æt ðə stɑːɹt ænd fɪnɪʃ ",1
"spaɪst wɪð hjuːmɚɹ ɛlɑːɹbiː aɪ spiːk fluːənt flætʃələ , ɐdvaɪzᵻz dɛnlɑːp æftɚɹ ɐ ɹæðɚ , ɜː , bʌbli ɛkstʃeɪndʒ wɪð ɐn eɪliən dɛkhænd ɑːɹɹɑːɹbiː ænd wɪɾi ʌpdeɪɾɪŋz ɛlɑːɹbiː sɪlvɚ ɛs pæɹət hɐzbɪn ɹᵻpleɪst wɪð mɔːɹf , ɐ kjuːt eɪliən kɹiːtʃɚ huː mɪmɪks ɛvɹɪwʌn ænd ɛvɹɪθɪŋ ɚɹaʊnd ɑːɹɹɑːɹbiː ",1
hɐz ɐ kʌstəmɛɹᵻli dʒoʊvɪəl ɛɹ bʌt ɐ dɛfɪsɪt ʌv flɪm flæm ɪnvɛntɪvnəs ,0
"nɑːt ɔːl ʌvðə stoːɹiz wɜːk ænd ðə wʌnz ðæt duː ɑːɹ θɪn ænd skæɾɚd , bʌt ðə fɪlm wɜːks wɛl ɪnʌf tə meɪk ɪt wɜːθ wɑːtʃɪŋ ",1
ɐ stɹeɪndʒli stɜːɹɪŋ ɛkspiəɹɪəns ðæt faɪndz wɔːɹmθ ɪnðə koʊldɪst ɛnvaɪɹənmənt ænd meɪks iːtʃ kɹʌm ʌv ɪmoʊʃənəl kʌmfɚt fiːl laɪk ɐ tɛn koːɹs bæŋkwɪt ,1
mæθjuː lɪlɑːɹd ɪz bɔːɹn tə pleɪ ʃæɡi ! ,1
"ɐ dɑːɹk æz pɪtʃ kɑːmədi ðæt fɹiːkwəntli vɪɹz ɪntʊ kɔːɹni sɛntɪmɛntælᵻɾi , pɹɑːbəbli wʊd nɑːt ɪmpɹuːv mʌtʃ æftɚɹ ɐ θɛɹəpjuːɾɪk zæp ʌv ʃɑːk tɹiːtmənt ",0
ðɛɹ ɛs lɑːts ʌv kuːl stʌf pækt ɪntʊ iːɛspiːɛn ɛs ʌltᵻmət ɛks ,1
ðə mɑːθmən pɹɑːfəsiz ɪz bɛst wɛn ɪləstɹeɪɾɪŋ ðə diːmənz bᵻdəvɪlɪŋ ðə mɑːdɚn mæskjʊlɪn dʒɜːni ,1
"æɾ ɪts bɛst , ɪt ɛs blæk hɔːk daʊn wɪð moːɹ hɑːɹt ",1
"ɪnvɪɡɚɹeɪɾɪŋ , sɚɹiːəl , ænd ɹɛzənənt wɪð ɐ ɹeɪnboʊ ʌv ɪmoʊʃən ",1
"ɐ taɪɚd , ʌnɪmædʒɪnətɪv ænd dᵻɹɪvətɪv vɛɹɪeɪʃən ʌv ðæt ɔːlɹɛdi ʃæloʊ ʒɑːnɹə ",0
"pætʃi kɑːmbᵻneɪʃən ʌv soʊp ɑːpɚɹə , loʊ tɛk mædʒɪk ɹiːəlɪzəm ænd , æt taɪmz , plɑːdɪŋli soʊsɪəlɑːdʒɪkəl kɑːməntɛɹi ",0
"ɐ sɑːlɪd kæst , əʃʊɹd dᵻɹɛkʃən ænd kəmpliːt læk ʌv mɑːdɚn deɪ aɪɹəni ",1
ɹədɹiːɡɛz hɐz ðə tʃɑːps əvə smɑːɹt ɐlɛk fɪlm skuːl bɹæt ænd ðɪ ɪmædʒᵻneɪʃən əvə bɪɡ kɪd ,1
"ɐ muːvi juː əbzɜːv , ɹæðɚ ðɐn wʌn juː ɛntɚɹ ɪntʊ ",0
ʃʊdəv bɪn wɜːθ tʃɪɹɪŋ æz ɐ bɹeɪkθɹuː bʌt ɪz dɪvɔɪd ʌv wɪt ænd hjuːmɚ ,0
ɛlɑːɹbiː bæɹi ɑːɹɹɑːɹbiː ɡɪvz ɐsæsɪn ɐ dɪskwaɪəɾɪŋ ɐθɔːɹɪɾi ,1
"ɪts plɑːt ænd ænɪmeɪʃən ɔfɚ deɪtaɪm tiːviː sɜːvɪsəbɪlᵻɾi , bʌt lɪɾəl moːɹ ",0
ɐ muːvɪŋ ænd ɪmpoːɹtənt fɪlm ,1
ðiːz piːpəl ɑːɹ ɹiəli ɡoʊɪŋ tə lʌv ðə piænoʊ tiːtʃɚ ,1
ɐ dɪsɐpɔɪntmənt fɚɹə muːvi ðæt ʃʊdəv bɪn ðɪ ʌltᵻmət ɪmæks tɹɪp ,0
"ɐ poːɹtɹɪt ʌv eɪliəneɪʃən soʊ pɜːfɛkt , ɪt wɪl sɜːʔn̩li səksiːd ɪn eɪliəneɪɾɪŋ moʊst vjuːɚz ",0
"jɛs , bʌt ɔːlsoʊ ɪntɹiːɡɪŋ ænd ɑːnɚɹəbəl , ɐ wɜːθwaɪl ɐdɪʃən tʊ ɐ dɪstɪŋɡwɪʃt fɪlm lɛɡəsi ",1
kɹɛmæstɚ θɹiː ʃʊd kʌm wɪððə wɔːɹnɪŋ fɔːɹ sɪɹiəs fɪlm bʌfs oʊnli ! ,1
"wʌt ɛs moʊst ɹᵻfɹɛʃɪŋ ɐbaʊt ɹiːəl wɪmɪn hæv kɜːvz ɪz ɪts ʌnfoːɹst kɑːmədi dɹɑːmə ænd ɪts ɹᵻlækst , nætʃɚɹəl siːmɪŋ æktɚz ",1
sɚpɹaɪzɪŋli ɪnsaɪtfəl ,1
"tə ðoʊz huː hɐvnɑːt ɹɛd ðə bʊk , ðə fɪlm ɪz ɐ mʌtʃ bɛɾɚ mʌðɚ dɔːɾɚ teɪl ðɐn læst sʌmɚ ɛs dᵻvaɪn siːkɹᵻts ʌvðə jɐ jɐ sɪstɚhʊd , bʌt ðæt ɛs nɑːt seɪɪŋ mʌtʃ ",1
"ðə dᵻɹɛktɚ , wɪð hɪz feɪk bækdɹɑːps ænd steɪtli peɪsɪŋ , nɛvɚ sɛɾəlz ɔn ɐ kənsɪstənt toʊn ",0
ɜːnɪst jɛt kjʊɹɹiəsli tɛpɪd ænd tʃɑːpi ɹᵻsaɪklɪŋ ɪnwɪtʃ pɹɪdɪktəbɪlᵻɾi ɪz ðɪ oʊnli wɪnɚ ,0
"bɹæʃ , ɪntɛlɪdʒənt ænd ɪɹɑːɾɪkli pɚplɛksɪŋ , heɪŋk ɛs poːɹtɹɪt əvən ʌpɚ klæs ɔːstɹiən səsaɪəɾi ænd ðə səpɹɛʃən ʌv ɪts tʌkt ɐweɪ diːmənz ɪz juːniːkli fɛlt wɪð ɐ sɑːɹdɑːnɪk dʒoʊlt ",1
ɑːɹɡjuːəbli ðə bɛst skɹɪpt ðæt bɛsən hɐz ɹɪʔn̩ ɪn jɪɹz ,1
"ɪɾ ɪz moʊst əv ðə θɪŋz kɔstnɚ muːvɪz ɑːɹ noʊn fɔːɹ ɪt ɛs sæŋktɪmoʊniəs , sɛlf ɹaɪtʃəs ænd soʊ iːɡɚ tʊ ɜːn aʊɚ lʌv ðæt juː wɔnt tə slæp ɪt ",0
pɹɪtɛnd ɪt ɛs ɐ wɛɹwʊlf ɪtsɛlf baɪ ɐvɔɪdɪŋ aɪ kɑːntækt ænd wɔːkɪŋ sloʊli ɐweɪ ,0
"juː kæn faɪɚɹ ɐ toːɹpiːdoʊ θɹuː sʌm ʌv klænsi ɛs hoʊlz , ænd ðə skɹɪptɚz duː ɛnt dɪzɜːv ɛni ɑːskɚz ",0
tɹuːli tɛɹᵻbəl ,0
ɪt ɛs hɑːɹd tʊ ɪmædʒɪn æktɪŋ ðæt kʊd biː ɛni flæɾɚ ,0
"iːtʃ siːn dɹæɡz , ʌndɚskoːɹɪŋ ðɪ ɑːbviəs , ænd sɛntɪmənt ɪz slæðɚd ɔn tɑːp ",0
flʌfi niːoʊ nwɑːɹ haɪdɪŋ bᵻhaɪnd kjuːɾəsi fɪlm ɹɛfɹənsᵻz ,0
"ɐ spɛʃəl kaɪnd ʌv muːvi , ðɪs mɛləŋkɑːlɪk fɪlm nwɑːɹ ɹᵻmaɪndᵻd miː ɐ lɑːt ʌv məmɛntoʊ ",1
wʌn ʌvðə moʊst dʒɛnjuːɪnli swiːt fɪlmz tə kʌm ɐlɔŋ ɪn kwaɪt sʌm taɪm ,1
"ɐ fɪlm ɹiəli hɐz təbi ɛksɛpʃənəl tə dʒʌstᵻfaɪ ɐ θɹiː aʊɚ ɹʌnɪŋ taɪm , ænd ðɪs ɪz ɛnt ",0
haɪli wɑːtʃəbəl stʌf ,1
ɛksɛpʃənəli wɛl æktᵻd baɪ daɪæn leɪn ænd ɹɪtʃɚd dʒɪɹ ,1
"kɑːntɛnt mɪɹli tə laɪənaɪz ɪts taɪɾəl kæɹɪktɚ ænd ɛksplɔɪt hɪz æŋɡɚɹ ɔːl fɔːɹ iːzi sæŋktɪməni , fɔːɹmjʊleɪɪk θɹɪlz ænd ɐ hæm fɪstᵻd sɜːmən ɔnðə niːd fɔːɹ næʃənəl hɛlθ ɪnʃʊɹɹəns ",0
ɐ tʃɑːɹmɪŋ bʌt slaɪt kɑːmədi ,1
"ɐn ʌnjuːʒuːəli dɹaɪ aɪd , iːvən ænɐlɪɾɪkəl ɐpɹoʊtʃ tə mətɪɹiəl ðæt ɪz dʒɛnɚɹəli pleɪd fɔːɹ mæksɪməm mɔɪstʃɚ ",1
"ɐ bᵻjɔnd leɪm sæɾaɪɚ , tɛdi bɛɹz pɪknɪk ɹæŋks ɐmʌŋ ðə moʊst pɪɾifəl dᵻɹɛktɪŋ deɪbjuːs baɪ ɐn ɛstiːmd ɹaɪɾɚɹ æktɚ ",0
"ɪt lʊks laɪk ɐn ækʃən muːvi , bʌt ɪt ɛs soʊ pʊɹli meɪd , ɔn ɔːl lɛvəlz , ðɐɾɪt dʌz ɛnt iːvən kwɔlᵻfaɪ æz ɐ spuːf ʌv sʌtʃ ",0
"bʌt moʊstli ɪt ɛs ɐ wɜːk ðæt , wɪð hjuːmɚ , wɔːɹmθ , ænd ɪntɛlɪdʒəns , kæptʃɚz ɐ laɪf ɪntɹɪstɪŋli lɪvd ",1
"æz ɐn ɪntɹədʌkʃən tə ðə mæn ɛs θiəɹiz ænd ɪnfluːəns , dɛɹɪdə ɪz ɔːl bʌt juːsləs æz ɐ poːɹtɹɪt ʌvðɪ ɑːɹɾɪst æz ɐn ɛndləsli ɪŋkwɪzᵻtɪv oʊld mæn , haʊɛvɚ , ɪt ɛs ɪnvæljuːəbəl ",1
"jʌŋ hæŋks ænd fɪsk , huː veɪɡli ɹᵻzɛmbəl ðɛɹ səlɛbɹᵻɾi pɛɹənts , bɹɪŋ fɹɛʃ ɡʊd lʊks ænd ɐn iːz ɪn fɹʌnt ʌvðə kæmɹə tə ðə wɜːk ",1
ɛksələnt pɚfoːɹmənsᵻz fɹʌm dʒækɪlaɪn bɪsɛt ænd mɑːɹθə plɪmptən ɡɹeɪs ðɪs diːpli tʌtʃɪŋ mɛlədɹɑːmə ,1
ðə kæst ɪz spɑːt ɔn ænd ðə muːd ɪz leɪd bæk ,1
ɪts dʒənɛɹɪk vɪlənz læk ɛni ɪntɹiːɡ ɛlɑːɹbiː ʌðɚ ðɐn ðɛɹ fʌni æksənts ɑːɹɹɑːɹbiː ænd ðɪ ækʃən siːnz ɑːɹ pʊɹli dᵻlɪvɚd ,0
"waɪl bɑːliwʊd hɑːliwʊd wɪl ʌndaʊɾᵻdli pɹəvaɪd ɪts kiːnɪst plɛʒɚz tə ðoʊz fəmɪlɪɹ wɪð bɑːmbeɪ mjuːzɪkəlz , ɪɾ ɔːlsoʊ hɐz plɛnti fɔːɹ ðoʊz ɛlɑːɹbiː laɪk miː ɑːɹɹɑːɹbiː huː ɑːɹ ɛnt ",1
"hɐz noʊ ɹiːzən tʊ ɛɡzɪst , ʌðɚ ðɐn tʊ ɛmplɔɪ hɑːliwʊd kɪdz ænd piːpəl huː oʊ feɪvɚz tə ðɛɹ feɪməs pɛɹənts ",0
"ɪn ɐ bɪɡ kɔːɹnɚɹ ɑːfɪs ɪn hɛl , seɪtən ɪz θɹoʊɪŋ ʌp hɪz hændz ɪn sɚɹɛndɚ , ɪz faɪɚɹɪŋ hɪz ɑːɹ diː piːpəl , ænd hɐz dᵻsaɪdᵻd hiː wɪl dʒʌst skɹiːn ðə mæstɚɹ ʌv dɪsɡaɪz twɛnti foːɹ sɛvən ",0
"kæptʃɚz ɔːl ðə lɔŋɪŋ , æŋɡwɪʃ ænd eɪk , ðə kənfjuːzɪŋ sɛkʃuːəl mɛsɪdʒᵻz ænd ðə wɪʃ təbi ɐ pɑːɹt ʌv ðæt ᵻluːsɪv ɐdʌlt wɜːld ",1
"ɪn ɐ muːvi fʊl ʌv sɚpɹaɪzᵻz , ðə bɪɡɪst ɪz ðæt siːkɹᵻt bælət ɪz ɐ kɑːmədi , boʊθ dʒɛntəl ænd baɪɾɪŋ ",1
"diːp daʊn , aɪ ɹiːəlaɪzd ðə hɑːɹʃ ɹɪælᵻɾi ʌv maɪ sɪtʃuːeɪʃən aɪ wʊd liːv ðə θiəɾɚ wɪð ɐ loʊɚɹ aɪ kjuː ðɐn wɛn aɪ hæd ɛntɚd ",0
"ɐ tʃæns tə siː θɹiː splɛndɪd æktɚz tɜːn ɐ lɑːɹki tʃeɪs muːvi ɪntʊ ɐn ɪmoʊʃənəli sæɾɪsfaɪɪŋ ɛksploːɹeɪʃən ʌvðə vɛɹi hjuːmən niːd təbi sʌmbɑːdi , ænd tə bᵻlɔŋ tə sʌmbɑːdi ",1
wɛl kæst ænd wɛl dᵻɹɛktᵻd ɐ paʊɚfəl dɹɑːmə wɪð ɪnʌf sɑːɹdɑːnɪk wɪt tə kiːp ɪt fɹʌm biːɪŋ mɔːdlɪn ,1
"ɐn æmbɪʃəsli nætʃɚɹəlɪstɪk , ɔːlbiːɪt hæf beɪkt , dɹɑːmə ɐbaʊt ɐn ɐbjuːzd , ɪnɚ sɪɾi ɔːtɪstɪk tiːn ",1
ɪɾ ɪz dʒʌst tuː bæd ðə fɪlm ɛs stoːɹi dʌznɑːt lɪv ʌp tʊ ɪts staɪl ,0
ɐ waɪld ɹaɪd dʒuːst wɪð ɪnʌf ɛnɚdʒi ænd ɛksaɪtmənt fɔːɹ æt liːst θɹiː fɪlmz ,1
ɐ mjuːɾᵻd fɹiːk aʊt ,0
"liːd æktɹəs ɡɑː , ʃiː ʌvðɪ ɪmpɑːsᵻbli lɔŋ lɪmz ænd swiːtli kənspɪɹətoːɹɪəl smaɪl , ɪz ɐ taʊɚɹɪŋ saɪɹən ",1
æbsəluːtli nɑːt ,0
"baɪ tɜːnz ɡɹɪpɪŋ , ɐmjuːzɪŋ , tɛndɚɹ ænd hɑːɹt ɹɛntʃɪŋ , leɪsɛz pæsɚ hɐz ɔːl ðɪ ɪɹmɑːɹks ʌv fɹɛntʃ sɪnəmə æɾ ɪts bɛst ",1
ðə kæt ɛs mɪaʊ mɑːɹks ɐ ɹᵻtɜːn tə fɔːɹm fɔːɹ dᵻɹɛktɚ piːɾɚ bɑːɡdɐnoʊvɪtʃ ,1
"vaɪbɹəntli kʌlɚd ænd bjuːɾɪfəli dɪzaɪnd , mətɹɑːpəlɪs ɪz ɐ fiːst fɚðɪ aɪz ",1
stɑːk ʌp ɔn sɪlvɚ bʊlɪts fɔːɹ dᵻɹɛktɚ niːl mɑːɹʃəl ɛs ɪntɛns fɹeɪt tɹeɪn əvə fɪlm ,1
"æɾ ɪts bɛst , wɪtʃ əkɜːz ɔfən , maɪkəl mʊɹ ɛs boʊlɪŋ fɔːɹ kɑːləmbaɪn ɹᵻkɪndəlz ðə mʌkɹeɪkɪŋ , soʊl sɜːtʃɪŋ spɪɹɪt ʌvðə ɑːɹ wiː ɐ sɪk səsaɪəɾi ? ",1
"ɪnðə ɹiːəl wɜːld , ɐn æktɚ ðɪs ʌŋkæɹɪsmæɾɪkli bjuːɾifəl wʊdhɐv ɐ ɑːɹ sʌm loʊdᵻd wɪð kɹɛdɪts laɪk ɡɜːl ɪn bɑːɹ θɹiː ",0
bɑːɹni θɹoʊz ɐweɪ ðə ɡʊdwɪl ðə fɜːst hæf ʌv hɪz muːvi dʒɛnɚɹeɪts baɪ ɔːɹkᵻstɹeɪɾɪŋ ɐ fɪnɑːli ðæt ɪz ɪmpɛnɪtɹəbəl ænd dʌl ,0
ɐn ɪndɪspɛnsəbəl piːk æt ðɪ ɑːɹt ænd ðɪ æɡəni ʌv meɪkɪŋ piːpəl læf ,1
æt sɛvənti eɪt mɪnɪts ɪt dʒʌst zɪŋz ɐlɔŋ wɪð vaɪbɹəns ænd wɔːɹmθ ,1
"ðə fɪlm , waɪl nɑːt ɛɡzæktli əʃʊɹd ɪn ɪts ɛksɪkjuːʃən , ɪz noʊɾəbəl fɔːɹ ɪts ʃɪɹ ɔːdæsᵻɾi ænd oʊpənnəs ",1
"ɪt ɛs swiːt ænd flʌfi æt ðə taɪm , bʌt ɪt meɪ liːv juː fiːlɪŋ ɐ lɪɾəl stɪki ænd ʌnsæɾɪsfaɪd ",0
seɪlz hɐz ɐn aɪ fɚðə weɪz piːpəl ʌv dɪfɹənt ɛθnɪsᵻɾiz tɔːk tʊ ænd ɐbaʊt ʌðɚz aʊtsaɪd ðə ɡɹuːp ,1
ðɪ aɪɹəni ɪz ðæt ðɪs fɪlm ɛs kæst ɪz juːnɪfɔːɹmli suːpɜːb ðɛɹ pɚfoːɹmənsᵻz kʊdɐv ʃʊdəv bɪn ɐlaʊd tə stænd ɔn ðɛɹ oʊn ,1
"aɪ ɐdmaɪɚ ðə kloʊzɪŋ siːnz ʌvðə fɪlm , wɪtʃ siːm tʊ æsk wɛðɚɹ aʊɚ sɪvɪlᵻzeɪʃən ɔfɚz ɐ kjʊɹ fɔːɹ vɪnsənt ɛs kəmpleɪnt ",1
ɐ dɹɪɹi muːvi ,0
"ɐ θɹɪlɚ huːz staɪl , stɹʌktʃɚɹ ænd ɹɪðəmz ɑːɹ soʊ ɪntᵻɡɹeɪɾᵻd wɪððə stoːɹi , juː kæn nɑːt sɛpɚɹeɪt ðɛm ",1
"kɹuːəl ænd ɪnhjuːmən sɪnɪmæɾɪk pʌnɪʃmənt saɪməlteɪniəsli dᵻɡɹeɪdz ɪts kæɹɪktɚz , ɪts stɑːɹz ænd ɪts ɔːdiəns ",0
"juː meɪ θɪŋk juː hæv fɪɡɚd aʊt ðə kɑːn ænd ðə pleɪɚz ɪn ðɪs deɪbjuː fɪlm baɪ ɑːɹdʒəntaɪn dᵻɹɛktɚ fæbiən biːlɪnski , bʌt waɪl juː wɜː θɪŋkɪŋ sʌmwʌn meɪd ɔf wɪð jʊɹ wɔlɪt ",0
ðə pɹɛmɪs ɪtsɛlf ɪz dʒʌst suːuːoʊ taɪɚd ,0
"laɪk ɛni ɡʊd ɹoʊmæns , sʌn ʌvðə bɹaɪd , pɹuːvz ɪt ɛs nɛvɚ tuː leɪt tə lɜːn ",1
ðɪ ɪmoʊʃənəl oʊvɚloʊd ʌv fiːmeɪl æŋst ɪɹɛpɚɹəbli dɹæɡz ðə fɪlm daʊn ,0
"ðɛɹ ɛs ʌndɪnaɪəbəl ɛndʒɔɪmənt təbi hæd fɹʌm fɪlmz kɹæmd wɪð muːvi ɹɛfɹənsᵻz , bʌt ðə fʌn wɛɹz θɪn ðɛn aʊt wɛn ðɛɹ ɛs nʌθɪŋ ɛls hæpənɪŋ ",1
ɐn ɛŋɡɹoʊsɪŋ ænd ɡɹɪm poːɹtɹɪt ʌv hʊkɚz wʌt ðeɪ θɪŋk ʌv ðɛmsɛlvz ænd ðɛɹ klaɪənts ,1
ɐ lʌvli ænd bjuːɾɪfəli foʊɾəɡɹæft ɹoʊmæns ,1
"waɪl iːtʃ moʊmənt ʌv ðɪs bɹoʊkən kæɹɪktɚ stʌdi ɪz ɹɪtʃ ɪn ɪmoʊʃənəl tɛkstʃɚ , ðə dʒɜːni dʌz ɛnt ɹiəli ɡoʊ ɛnɪwɛɹ ",0
"ðə fɪlm ɛs mɛsɪdʒᵻz ʌv tɑːlɚɹəns ænd daɪvɜːsᵻɾi ɑːɹ ɛnt pɚtɪkjʊlɚli ɚɹɪdʒɪnəl , bʌt wʌn kɑː ɛnt hɛlp bʌt biː dɹɔːn ɪn baɪ ðə sɪmpəθɛɾɪk kæɹɪktɚz ",1
"ɐsaɪd fɹʌmðə fækt ðætðə fɪlm ɪdɪɑːɾɪkli juːsᵻz ðə wɛbsaɪt fɪɹdətkɑːm kɑːm ɔːɹ ðɪ ɪmpɹɑːpɚli hæmi pɚfoːɹməns fɹʌm pʊɹ stiːvən ɹiə , ðə fɪlm ɡɛts ædᵻd dɪsdeɪn fɚðə fækt ðɐɾɪt ɪz nɪɹli ɪmpɑːsᵻbəl tə lʊk æt ɔːɹ ʌndɚstænd ",0
aɪ hæd moːɹ fʌn wɑːtʃɪŋ spaɪ ðɐn aɪ hæd wɪð moʊst əv ðə bɪɡ sʌmɚ muːvɪz ,1
"ɐ sɪmpəl teɪl əvən ʌnlaɪkli fɹɛndʃɪp , bʌt θæŋks tə ðə ɡoːɹdʒəs loʊkælz ænd ɛksɛpʃənəl liːd pɚfoːɹmənsᵻz , ɪt hɐz kənsɪdɚɹəbəl tʃɑːɹm ",1
"noʊ sʌtʃ θɪŋ ɪz sɔːɹt əvə mɪnɪməlɪst bjuːɾi ænd ðə biːst , bʌt ɪn ðɪs keɪs ðə biːst ʃʊd dɛfɪnətli ɡɛt tɑːp bɪlɪŋ ",1
"ɪt ɛs nɑːt pɚtɪkjʊlɚli wɛl meɪd , bʌt sɪns aɪ faʊnd maɪsɛlf haʊlɪŋ moːɹ ðɐn kɹɪndʒɪŋ , aɪ diː seɪ ðə fɪlm wɜːks ",1
ænɪstən hɐz æt læst dᵻsaɪsɪvli bɹoʊkən wɪð hɜː fɹɛndz ɪmɪdʒ ɪn ɐn ɪndᵻpɛndənt fɪlm ʌv sɐtɪɹɪk faɪɚ ænd ɪmoʊʃənəl tɜːmɔɪl ,1
"bleɪd ɹoʊmən tuː ɪz stɪl tɑːp hɛvi wɪð bleɪzɪŋ ɡʌnz , tʃiːtfəli fɪlmd mɑːɹʃəl ɑːɹts , dɪsɪntᵻɡɹeɪɾɪŋ blʌdsʌkɚ kəmpjuːɾɚɹ ɪfɛkts ænd dʒæɡᵻd kæmɹə muːvz ðæt sɜːv noʊ ʌðɚ pɜːpəs ðɐn tə kɔːl ɐtɛnʃən tə ðɛmsɛlvz ",0
ɛvɹi dʒoʊk ɪz ɹᵻpiːɾᵻd æt liːst foːɹ taɪmz ,0
"ɐ smɑːɹt ænd fʌni , ɔːlbiːɪt sʌmtaɪmz suːpɚfɪʃəl , kɔːʃənɛɹi teɪl əvə tɛknɑːlədʒi ɪn sɜːtʃ əvən ɑːɹɾɪst ",1
"ɪf juː laɪk ɐn ɛkstɹiːm ækʃən pækt fɪlm wɪð ɐ hɪnt ʌv hjuːmɚ , ðɛn tɹɪpəl ɛks mɑːɹks ðə spɑːt ",1
"stænli kwæn hɐz dᵻɹɛktᵻd nɑːt oʊnli wʌn ʌvðə bɛst ɡeɪ lʌv stoːɹiz ɛvɚ meɪd , bʌt wʌn ʌvðə bɛst lʌv stoːɹiz ʌv ɛni stɹaɪp ",1
"dʒʌst ɐbaʊt ðə bɛst stɹeɪt ʌp , oʊld skuːl hɔɹɚ fɪlm ʌvðə læst fɪftiːn jɪɹz ",1
"ɪnðə dᵻɹɛktɚ ɛs kʌt , ðə fɪlm ɪz nɑːt oʊnli ɐ lʌv sɔŋ tə ðə muːvɪz bʌt ɪɾ ɔːlsoʊ ɪz moːɹ fʊli ɐn ɛɡzæmpəl ʌvðə kaɪnd ʌv lʌʃ , ɔːl ɛnvɛləpɪŋ muːvi ɛkspiəɹɪəns ɪt ɹæpsədaɪzᵻz ",1
sæmjuːl ɛl dʒæksən ɪz wʌn ʌvðə bɛst æktɚz ðɛɹɪz ,1
"ɪt dʌz ɡɪv ɐ teɪst ʌvðə bɜːnɪŋ mæn iːθoʊz , ɐn ɐpiːlɪŋ blɛnd ʌv kaʊntɚ kʌltʃɚɹəl aɪdiəlɪzəm ænd hɛdənɪstɪk kɹiːeɪtɪvᵻɾi ",1
"ɐ plɛθɚɹə ʌv ɛŋɡeɪdʒɪŋ daɪətɹaɪbz ɔnðə miːnɪŋ ʌv hoʊm , dᵻlɪvɚd ɪn ɡɹænd pæʃən baɪ ðə mɛmbɚz ʌvðə vɛɹiəs haʊshoʊldz ",1
ɐn ɪmpɑːndɚɹəbli stɪltᵻd ænd sɛlf kɑːnʃəsli ɑːɹɾi muːvi ,0
ðɪs ɹiːəl laɪf hɑːliwʊd fɛɹi teɪl ɪz moːɹ ɛŋɡeɪdʒɪŋ ðɐn ðə juːʒuːəl fæntəsiz hɑːliwʊd pɹəduːsᵻz ,1
weɪɾɪŋ fɔːɹ ɡɑːdɚd kæn biː fɹuːtfəl ɪn pɹeɪz ʌv lʌv ɪz ðə dᵻɹɛktɚ ɛs ɛpɪtæf fɔːɹ hɪmsɛlf ,1
"ɪt ɛs ɔːl ɐbaʊt ænɐkɪn ænd ðə lʌstɹəs pɑːlɪʃt vɪʒuːəlz ɹɪtʃ ɪn kʌlɚ ænd kɹiːeɪtɪvᵻɾi ænd , ʌv koːɹs , spɛʃəl ɪfɛkt ",1
sɑːlɑːndz ɪz soʊ ɪntɛnt ɔn hæmɚɹɪŋ hoʊm hɪz mɛsɪdʒ ðæt hiː fɚɡɛts tə meɪk ɪɾ ɛntɚteɪnɪŋ ,0
"pɪɾifəl , slæpdæʃ dɪzæstɚ ",0
ðə kɹæp kəntɪnjuːz ,0
"waɪl ðə stoːɹi ɛs ʌndɪnaɪəbli hɑːɹd tə fɑːloʊ , ɪwaɪ ɛs ɡoːɹdʒəs vɪʒuːəlz sᵻduːs ",1
"ɪt ɛs ɐ tɛɹᵻbəl muːvi ɪn ɛvɹi ɹᵻɡɑːɹd , ænd ʌɾɚli peɪnfəl tə wɑːtʃ ",0
"ðɪs ɪz ɐ mɑːnjuːmɛntəl ɐtʃiːvmənt ɪn pɹæktɪkli ɛvɹi fæsɪt ʌv ɪnɛpt fɪlmeɪkɪŋ dʒɔɪləs , ɪdɪɑːɾɪk , ɐnɔɪɪŋ , hɛvi hændᵻd , vɪʒuːəli ɐtɹoʊʃəs , ænd ɔfən daʊnɹaɪt kɹiːpi ",0
"ɐ ɹɑːk sɑːlɪd ɡæŋstɚ muːvi wɪð ɐ fɛɹ ɐmaʊnt ʌv səspɛns , ɪntɹiːɡɪŋ kæɹɪktɚz ænd bᵻzɑːɹ bæŋk ɹɑːbɚɹiz , plʌs ɐ hɛvi doʊs ʌv fɑːðɚ ænd sʌn daɪnæmɪks ",1
"ɐ tɚɹɪfɪk biː muːvi ɪn fækt , ðə bɛst ɪn ɹiːsənt mɛmɚɹi ",1
"ʌnfɔːɹtʃənətli , ðɪ ɛkspiəɹɪəns ʌv æktʃuːəli wɑːtʃɪŋ ðə muːvi ɪz lɛs kəmpɛlɪŋ ðɐn ðə sɜːkəmstænsᵻz ʌv ɪts meɪkɪŋ ",0
"aɪ laɪkt ɐbaʊt ʃmɪt ɐ lɑːt , bʌt aɪ hæv ɐ fiːlɪŋ ðæt aɪ wʊdhɐv laɪkt ɪt mʌtʃ moːɹ ɪf hæɹi tɔntoʊ nɛvɚɹ ɛɡzɪstᵻd ",1
wʌt stɑːɹts ɔf æz ɐ pətɛnʃəli ɪŋkɹɛdɪbli twɪstɪŋ mɪstɚɹi bɪkʌmz sɪmpli ɐ mɔnstɚ tʃeɪs fɪlm ,0
"juː meɪ liːv ðə θiəɾɚ wɪð moːɹ kwɛstʃənz ðɐn ænsɚz , bʌt dɑːɹnd ɪf jʊɹ toʊz woʊ ɛnt stɪl biː tæpɪŋ ",1
"noʊbɑːdi siːmz tə hæv kɛɹd mʌtʃ ɐbaʊt ɛni æspɛkt ʌv ɪt , fɹʌm ɪts tʃiːsi skɹiːnpleɪ tə ðə ɡɹeɪɪʃ kwɔlᵻɾi ʌv ɪts laɪɾɪŋ tʊ ɪts læst mɪnɪt , hæphæzɚd θiːætɹɪkəl ɹᵻliːs ",0
"æz ɪn eɪmləs , ɑːɹdjuːəs , ænd ɑːɹbɪtɹɛɹi ",0
"ɐsaɪd fɹʌm ɹoʊmɚ ɛs boʊld tʃɔɪsᵻz ɹᵻɡɑːɹdɪŋ pɔɪnt ʌv vjuː , ðə leɪdi ænd ðə duːk ɹɛpɹᵻzɛnts ðə fɪlmeɪkɚ ɛs laɪflɔŋ kənsɜːn wɪð fɔːɹməlɪst ɛkspɛɹɪmənteɪʃən ɪn sɪnɪmæɾɪk ɑːɹt ",1
ɐ fæsᵻneɪɾɪŋ ɡlɪmps ɪntʊ ɐn ɪnsəlɚ wɜːld ðæt ɡɪvz ðə laɪ tə mɛni klɪx ɛs ænd ʃoʊkeɪsᵻz ɐ ɡɹuːp ʌv dɛdᵻkeɪɾᵻd ɑːɹɾɪsts ,1
"ðɪs ɪz ɐ poʊstɚ muːvi , ɐ miːdɪoʊkɚ tɹɪbjuːt tə fɪlmz laɪk ðɛm ! ",0
"ðɛɹ ɪz noʊ sɑːlɪs hɪɹ , noʊ ɛntɚteɪnmənt væljuː , mɪɹli ɐ fɪɹs lɛsən ɪn wɛɹ fɪlmeɪkɪŋ kæn teɪk ʌs ",0
"ðə ɡɹæfɪk kɑːɹnɪdʒ ænd ɹiː kɹiːeɪʃən ʌv wɔːɹ tɔːɹn kɹoʊeɪʃə ɪz ʌŋkʌmftəbli taɪmli , ɹɛlᵻvənt , ænd sɪkənɪŋli ɹiːəl ",1
"ðɪ ɪndʒiːniəs kənstɹʌkʃən ɛlɑːɹbiː ɐdæptᵻd baɪ deɪvɪd hɛɹ fɹʌm maɪkəl kʌnɪŋæm ɛs nɑːvəl ɑːɹɹɑːɹbiː kɑːnstəntli floʊz fɔːɹwɚdz ænd bæk , wiːvɪŋ θiːmz ɐmʌŋ θɹiː stɹændz wɪtʃ ɐlaʊ ʌs tə vjuː ᵻvɛnts æz ɪf θɹuː ɐ pɹɪzəm ",1
ðə moʊst hɔːɹɪfɪk muːvi ɛkspiəɹɪəns aɪ viː hæd sɪns kɑː ɛnt stɑːp ðə mjuːzɪk ,0
bʌt ɪɾ ɔːlsoʊ hɐz mɛnɪəv ðə θɪŋz ðæt meɪd ðə fɜːst wʌn tʃɑːɹmɪŋ ,1
"wiːvɚɹ ænd læpæɡliə ɑːɹ boʊθ ɛksələnt , ɪnðə kaɪnd ʌv loʊ kiː weɪ ðæt ɐlaʊz ʌs tə fɚɡɛt ðæt ðeɪ ɑːɹ æktʃuːəli muːvi foʊk ",1
"ɪt ɛs nɛvɚ læf aʊt laʊd fʌni , bʌt ɪɾ ɪz fɹiːkwəntli ɐmjuːzɪŋ ",1
ɐ muːvi ɪnwɪtʃ læftɚɹ ænd sɛlf ɛksplɔɪteɪʃən mɜːdʒ ɪntʊ dʒɑːli sɔft pɔːɹn ɛm paʊɚmənt ,1
"kwaɪt sɪmpli , ɐ dʒɔɪ tə wɑːtʃ ænd ɪspɛʃəli tə lɪsən tuː ",1
nɑːt tə mɛnʃən æbsəluːtli ɹᵻfɹɛʃt ,1
juː kæn teɪk ðə ɡɹændkɪdz ɔːɹ ðə ɡɹændpɛɹənts ænd nɛvɚ wʌɹi ɐbaʊt ɛnɪwʌn biːɪŋ boːɹd ɔːdiəns ɪz ɐ siː ʌv kɑːnstənt smaɪlz ænd fɹiːkwənt læftɚ ,1
ɑːɹɾɛɾə peɪnts ɐ pɪktʃɚɹ ʌv laɪvz lɪvd ɪn ɐ steɪt ʌv kwaɪət dɛspɚɹeɪʃən ,1
ðɛɹ ɛs noʊ ɹiːzən tə mɪs ɪntɚvjuː wɪððɪ ɐsæsɪn ,1
aɪ laɪk ðɪs muːvi ɐ lɑːt ,1
"kʌmz ɔf moːɹ laɪk ɐ mɪsdᵻmiːnɚ , ɐ flæt , ʌŋkənvɪnsɪŋ dɹɑːmə ðæt nɛvɚ kætʃᵻz faɪɚ ",0
kloʊs ɪnʌf ɪn spɪɹɪt tʊ ɪts fɹiːwiːlɪŋ tɹæʃ sɪnəmɚ ɹuːts təbi ɐ bɹɛθ ʌv fɹɛʃ ɛɹ ,1
"waɪl ðə tɹænsɡɹɛsɪv tɹæpɪŋz ɛlɑːɹbiː ɪspɛʃəli ðə fɹæŋk sɛks siːnz ɑːɹɹɑːɹbiː ɛnʃʊɹ ðætðə fɪlm ɪz nɛvɚ dʌl , ɹɑːdɹiːɡɛz ɛs biːst wɪðɪn mɛɾəfɔːɹ ɪz ʌltᵻmətli ɹæðɚ sɪli ænd oʊvɚɹɔːt , meɪkɪŋ ðɪ æmbɪɡjuːəs ɛndɪŋ siːm ɡuːfi ɹæðɚ ðɐn pɹəvɑːkətɪv ",0
"bluː kɹʌʃ hɐz ɔːl ðə tɹæpɪŋz əvən ɛnɚdʒɛɾɪk , ɛkstɹiːm spoːɹts ɐdvɛntʃɚ , bʌt ɛndz ʌp moːɹ əvə kɹiːki pɹɪɾi wʊmən ɹᵻtɹɛd , wɪððɪ ɛmfəsɪs ɔn sɛlf ɛmpaʊɚɹɪŋ ʃmælts ænd bɪɡ weɪv sɜːfɪŋ ðæt ɡɪvz pɪk ɪts taɪɾəl ɐn æftɚθɔːt ",0
ɐ mæn liːvɪŋ ðə skɹiːnɪŋ sɛd ðə fɪlm wʌz bɛɾɚ ðɐn seɪvɪŋ pɹaɪvət ɹaɪən ,1
ɛlɑːɹbiː ɐ ɑːɹɹɑːɹbiː stɹɔŋ piːs ʌv wɜːk ,1
dɛɹɪŋ ænd bjuːɾɪfəli meɪd ,1
ɐ wɛl kɹæftᵻd fɪlm ðæt ɪz ɔːl ðə moːɹ ɹᵻmɑːɹkəbəl bɪkʌz ɪɾ ɐtʃiːvz ɪts ɪmoʊʃənəl paʊɚ ænd moʊmənts ʌv ɹɛvɪleɪʃən wɪð ɹᵻstɹeɪnt ænd ɐ dɛlᵻkət æmbɪɡjuːɪɾi ,1
"hɪts ɛvɹi kliːʃeɪ wiː viː kʌm tʊ ɛkspɛkt , ɪŋkluːdɪŋ ðɪ ɐsʌmpʃən ðæt kɹeɪzi piːpəl ɑːɹ ɪnəsənt , tʃaɪldlaɪk ænd ɪnhiəɹəntli fʌni ",0
slaɪt bʌt ɛndʒɔɪəbəl dɑːkjuːmɛntɚɹi ,1
ædəm sændlɚ ɛs eɪt kɹeɪzi naɪts ɡɹoʊz ɔn juː laɪk ɐ ɹæʃ ,0
"wɛn kəmpɛɹd tə ðə juːʒuːəl , moːɹ sɑːmɚ fɛstɪvəl ɛntɹiz , deɪvɪs haɪli pɜːsənəl bɹænd ʌv ɹoʊmæntɪk kɑːmədi ɪz ɐ tɑːɹt , smɑːɹt bɹɛθ ʌv fɹɛʃ ɛɹ ðæt stændz aʊt fɹʌmðə pæk iːvən ɪf ðə pɪktʃɚɹ ɪtsɛlf ɪz sʌmwʌt pɹɑːbəlmæɾɪk ",1
nɪks ænd staɪnbɜːɡ mætʃ ðɛɹ oʊn kɹiːeɪʃənz fɔːɹ pjʊɹ vɛnælᵻɾi ðæt ɛs ɡɪvɪŋ ɪt ðɪ oʊld kɑːlɪdʒ tɹaɪ ,0
"nɑːt iːvən sɑːlɑːndz ɛs θɜːst fɔːɹ kɑːntɹəvɜːsi , skɛtʃi kæɹɪktɚz ænd ɪmətʃʊɹ pɹɑːvəkeɪʃənz kæn fʊli səksiːd æt tʃiːpənɪŋ ɪt ",0
"ænd ɪn ɐ sɛns , ðæt ɛs ɐ laɪəbɪlᵻɾi ",0
ðə ɹoʊmæns bᵻtwiːn ðə liːdz ɪz ɛnt æz kəmpɛlɪŋ ɔːɹ æz bᵻliːvəbəl æz ɪt ʃʊd biː ,0
"hjuː ɡɹænt , huː hɐz ɐ ɡʊd laɪn ɪn tʃɑːɹm , hɐz nɛvɚ bɪn moːɹ tʃɑːɹmɪŋ ðɐn ɪn ɐbaʊt ɐ bɔɪ ",1
pɔɪnjənt ænd fʌni ,1
"ðɪs ɪz pjʊɹ , ɛksaɪɾɪŋ muːvɪmeɪkɪŋ ",1
"nɛvɚ hævɪŋ siːn ðə fɜːst tuː fɪlmz ɪnðə sɪɹiz , aɪ kɑː ɛnt kəmpɛɹ fɹaɪdeɪ æftɚ nɛkst tə ðɛm , bʌt nʌθɪŋ wʊd tʃeɪndʒ ðə fækt ðæt wʌt wiː hæv hɪɹ ɪz ɐ loʊd ʌv klæmz lɛft ɪnðə bɹɔɪlɪŋ sʌn fɚɹə ɡʊd θɹiː deɪz ",0
ɐ stɹeɪt ɐhɛd θɹɪlɚ ðæt nɛvɚ ɹaɪzᵻz əbʌv suːpɚfɪʃɪælᵻɾi ,0
ðə fɪlm ɛs kɑːnstənt muːd ʌv mɛləŋkɑːli ænd ɪts ʌnhɜːɹid næɹətɪv ɑːɹ mæstɚfəli kəntɹoʊld ,1
ðɛɹɑːɹ siːnz ʌv sɪnɪmæɾɪk pɚfɛkʃən ðæt stiːl jʊɹ hɑːɹt ɐweɪ ,1
ɐ loʊ kiː leɪbɚɹ ʌv lʌv ðæt stɹaɪks ɐ vɛɹi ɹɛzənənt kɔːɹd ,1
"wʌn ʌv ðoʊz muːvɪz ðæt kætʃᵻz juː ʌp ɪn sʌmθɪŋ bɪɡɚ ðɐn joːɹsɛlf , neɪmli , ɐn ɑːɹkɪtaɪpəl dɪzaɪɚ tʊ ɛndʒɔɪ ɡʊd tɹæʃ ɛvɹi naʊ ænd ðɛn ",1
"ɐn oʊld fæʃənd skɛɹi muːvi , wʌn ðæt ɹᵻlaɪz ɔn lɪŋɡɚɹɪŋ tɛɹɚ pʌŋktʃuːeɪɾᵻd baɪ sʌdən ʃɑːks ænd nɑːt kɑːnstənt blʌdʃɛd pʌŋktʃuːeɪɾᵻd baɪ flaɪɪŋ ɡʌts ",1
ðɛɹ ɛs ɐn ɛnɚdʒi tə waɪ tuː mæm tæmbaɪ ɛn ,1
"ðə pɹɑːbləm wɪððə fɪlm ɪz wɛðɚ ðiːz æmbɪʃənz , lɔːdəbəl ɪn ðɛmsɛlvz , dʒʌstᵻfaɪ ɐ θiːætɹɪkəl sɪmjʊleɪʃən ʌvðə dɛθ kæmp ʌv aʊʃwɪts ɹoʊmən tuː bɜːkənaʊ ",0
ðə hoʊl mɛs bɔɪlz daʊn tʊ ɐ tɹænspæɹəntli hɪpəkɹɪɾɪkəl wɜːk ðæt fiːlz æz ðoʊ ɪt ɛs tɹaɪɪŋ tə sɛt ðə wɪmɪn ɛs lɪbɚɹeɪʃən muːvmənt bæk twɛnti jɪɹz ,0
nɑːt iːvən stiːvən spiːlbɜːɡ hɐz dɹiːmd ʌp sʌtʃ bleɪtənt ænd sɪkənɪŋ pɹɑːdʌkt pleɪsmənt ɪn ɐ muːvi ,0
mɪjɐzæki ɪz wʌn ʌv wɜːld sɪnəmə ɛs moʊst wʌndɹəsli ɡɪftᵻd ɑːɹɾɪsts ænd stoːɹitɛlɚz ,1
ðə pæɹədaɪzoʊ ɛs ɹʌstᵻd aʊt ɹuːɪn ænd ʌltᵻmət kəlæps dʊɹɹɪŋ ðə fɪlm ɛs faɪnəl ɛlɑːɹbiː ɹᵻstoːɹd ɑːɹɹɑːɹbiː θɜːd ɪmoʊʃənəli bᵻlɪɾəl ɐ sɪnəmə klæsɪk ,0
"ɪf juː ɹiː daʊn fɚɹə sɪli hæk ænd slæʃ flɪk , juː kæn duː noʊ ɹɔŋ wɪð dʒeɪsən ɛks ",1
"ɔːl ɪn ɔːl , ɐn ɪntɹɛstɪŋ lʊk æt ðə laɪf ʌvðə kæmpeɪn tɹeɪl pɹɛs , ɪspɛʃəli wʌnz ðæt duː ɛnt ɹiəli kɛɹ fɚðə kændᵻdeɪt ðeɪ ɹiː foːɹst tə fɑːloʊ ",1
"ɪnðə nɑːt tuː dɪstənt fjuːtʃɚ , muːvɪz laɪk ɡoʊst ʃɪp wɪl biː juːzd æz ænɐldʒiːzɪk bɑːm fɔːɹ oʊvɚstɪmjʊleɪɾᵻd maɪndz ",0
"ɹaɪən ɡɑːslɪŋ ɪz , ɪn ɐ wɜːd , bɹɪliənt æz ðə kənflɪktᵻd dænjəl ",1
aɪ duː ɛnt θɪŋk soʊ ,0
æt bɛst ðɪs ɪz ɐ fɪlm fɚðɪ ʌndɚ sɛvən kɹaʊd ,0
"ɐ fɹɛʃ , ɛntɚteɪnɪŋ kɑːmədi ðæt lʊks æt ɹᵻleɪʃənʃɪps maɪnəs tɹɐdɪʃənəl dʒɛndɚ ɹoʊlz ",1
poʊɪtɹi ɪn moʊʃən kæptʃɚd ɔn fɪlm ,1
pɑːɹts ʌvðə fɪlm fiːl ɐ bɪt tuː mʌtʃ laɪk ɐn ɪnfoʊmɜːʃəl fɔːɹ ɹæm dæs ɛs leɪɾɪst bʊk eɪmd æt ðə buːmɚ dɛməɡɹæfɪk ,0
ðə skɹɪpt ɪz ɐ dɪm wɪɾᵻd pɛɹɪŋ ʌv tiːn spiːk ænd ænɪməl dʒɪbɚɹɪʃ ,0
ɔːlmoʊst pɪɹləsli ʌnsɛɾəlɪŋ ,0
"dᵻspaɪt ɔːtjuːɪl ɛs pɚfoːɹməns , ɪt ɛs ɐ ɹæðɚ lɪstləs æmbəl daʊn ðə mɪdəl ʌvðə ɹoʊd , wɛɹ ðə θiːmæɾɪk aɪɹəniz ɑːɹ tuː ɑːbviəs ænd ðə sɛkʃuːəl pɑːlətɪks tuː smʌɡ ",0
ɛlɑːɹbiː fɛɹɚɹə ɑːɹɹɑːɹbiː hɐz ðə kɚɹɪsmə əvə jʌŋ wʊmən huː noʊz haʊ tə hoʊld ðə skɹiːn ,1
ɐ sɑːlɪd ænd ɹᵻfaɪnd piːs ʌv muːvɪmeɪkɪŋ ɪmbjuːd wɪð pæʃən ænd æɾɪtuːd ,1
"flæmbɔɪənt ɪn sʌm muːvɪz ænd ɑːɹtfəli ɹᵻstɹeɪnd ɪn ʌðɚz , sɪksti faɪv jɪɹ oʊld dʒæk nɪkəlsən kʊd biː lʊkɪŋ æt hɪz twɛlfθ ɑːskɚ nɑːmᵻneɪʃən baɪ pɹuːvɪŋ ðæt hiː ɛs naʊ , moːɹ ðɐn ɛvɚ , tʃuːzɪŋ hɪz ɹoʊlz wɪððə pɹɪsɪʒən ʌvðɪ ɪnʃʊɹɹəns æktʃuːɛɹi ",1
"waɪl ðɪswʌn ɡɛts ɔf wɪð ɐ ɡʊd neɪtʃɚd wɔːɹnɪŋ , fjuːtʃɚ lɪzɚd ɛndɛvɚz wɪl niːd tʊ ɐdhɪɹ moːɹ kloʊsli tə ðə lɔːz ʌv læftɚ ",0
ðə hɑːt tɑːpɪks ʌvðə plɑːt ɑːɹ ɹɛlᵻɡeɪɾᵻd tə ðə bækɡɹaʊnd ɐ wɛlkʌm stɛp fɔːɹwɚd fɹʌmðə sæli dʒɛsi ɹɑːfaɪɛl ætməsfɪɹ ʌv fɪlmz laɪk fɪlɐdɛlfiə ænd ɐmɛɹɪkən bjuːɾi ,1
dɔːɾɚ fɹʌm dænæŋ ɹᵻviːlz ðæt ɛfɚts təwɔːɹd kloʊʒɚɹ oʊnli oʊpən nuː wuːndz ,0
"ɪf nɑːɾə hoʊm ɹʌn , ðɛn æt liːst ɐ sɑːlɪd beɪs hɪt ",1
"ɪt ɛs ɐ faɪn , oʊld fæʃənd muːvi muːvi , wɪtʃ ɪz tə seɪ ɪt ɛs ʌnbɜːdənd baɪ pɹɪtɛnʃənz tə ɡɹeɪt ɑːɹtɪstɪk sɪɡnɪfɪkəns ",1
wʌt ɪt læks ɪn sʌbstəns ɪt meɪks ʌp fɔːɹ ɪn hɑːɹt ,1
"kæɹiɪŋ ɔf ɐ spɑːt ɔn skɑːɾɪʃ bɜː , duːvɔːl ɛlɑːɹbiː ɔːlsoʊ ɐ pɹəduːsɚɹ ɑːɹɹɑːɹbiː piːlz leɪɚz fɹʌm ðɪs kæɹɪktɚ ðæt meɪ wɛl nɑːɾɐv ɛɡzɪstᵻd ɔn peɪpɚ ",1
ðɛɹɑːɹ ɪnʌf θɹoʊəweɪ ɹɛfɹənsᵻz tə feɪθ ænd ɹeɪnboʊz tə plænt smaɪl bʌʔn̩ feɪsᵻz ɔn ðæt sɛɡmənt ʌvðə pɑːpjʊləs ðæt meɪd ɐ wɔːk tə ɹᵻmɛmbɚɹ ɐ nɪtʃ hɪt ,1
səfaɪs tə seɪ ɪts toʊɾəl pɹɑːmɪs ɪz lɛft slaɪtli ʌnfʊlfɪld ,0
ðə pɪktʃɚ ɛs fæsᵻneɪɾɪŋ baɪweɪz ɑːɹ lɪɾɚd wɪð tɹɛntʃənt sɐtɪɹɪkəl dʒæbz æt ðə pɪkjuːlɪɹ iːɡoʊsəntɹɪsᵻɾiz ʌvðɪ æktɪŋ bɹiːd ,1
wɔltɚ hɪl ɛs ʌndɪspjuːɾᵻd ɪz laɪk ɐ naɪntiːnhʌndɹɪd foːɹɾi z wɔːɹnɚ bɹoʊz ,1
pɛɹənts bᵻwɛɹ ðɪs ɪz daʊnɹaɪt muːvi pɛnəns ,0
"wʌtɛvɚ sæɾaɪɚ lʌki bɹeɪk wʌz eɪmɪŋ fɔːɹ , ɪt sɜːʔn̩li ɡɑːt lɔst ɪnðə suːn təbi fɚɡɛɾəbəl sɛkʃən ʌvðə kwɜːki ɹɪp ɔf pɹɪzən ɹɑːmp paɪl ",0
fɹɛd ʃɛpɪsi ɛs teɪl ʌv foːɹ ɪŋɡlɪʃmɛn feɪsɪŋ ðə pɹɑːspɛkt ʌv ðɛɹ oʊn mɔːɹtælᵻɾi vjuːz juːθfəl æfluːəns nɑːt æz ɐ lɔst aɪdiəl bʌt ɐ stɑːɹɾɪŋ pɔɪnt ,1
ðɛɹ ɛs noʊ ɛnɚdʒi ,0
stɑːɹts ɔf wɪɾi ænd səfɪstᵻkeɪɾᵻd ænd juː wɔnt tə lʌv ɪt bʌt fɪlmeɪkɚɹ ɪvæn ɐtæl kwɪkli ɹaɪts hɪmsɛlf ɪntʊ ɐ kɔːɹnɚ ,0
kəzmɪnski pʊts ɪnʌf sɔlt ɪntʊ ðə wuːndz ʌvðə tɔːɹtʃɚd ænd sɛlf kɑːnʃəs mətɪɹiəl tə meɪk ɪt stɪŋ ,1
ɐ wɛl meɪd ɪndiːflɪk ɪn niːd ʌv sʌm tɹɪmz ænd ɐ moːɹ kɛmɪstɹi bᵻtwiːn ɪts stɑːɹz ,1
"siːmz beɪst ɔn ʌɡli aɪdiəz ɪnstɛd ʌv ʌɡli bᵻheɪvjɚ , æz hæpɪnəs wʌz hɛns , stɔːɹɪtɛlɪŋ ɪz fɑːɹmoːɹ ɐpiːlɪŋ ",1
ɔltɚneɪts bᵻtwiːn dɛdpæn kɑːmədi ænd hɑːɹtbɹeɪkɪŋ loʊnlinəs ænd ɪz ɛnt ɐfɹeɪd tə pɹəvoʊk ɪntɹəspɛkʃən ɪn boʊθ ɪts kæɹɪktɚz ænd ɪts ɔːdiəns ,1
"tɹuː tʊ ɪts taɪɾəl , ɪt tɹæps ɔːdiənsᵻz ɪn ɐ sɪɹiz ʌv ɹɪlɛntləsli næsti sɪtʃuːeɪʃənz ðæt wiː wʊd peɪ ɐ kənsɪdɚɹəbəl ɹænsəm nɑːt təbi lʊkɪŋ æt ",0
wɪð ɛkskwɪsɪt kɹæftsmənʃɪp ɑːlɪviɚɹ ɐseɪəz hɐz fæʃənd ɐn ɐbsoːɹbɪŋ lʊk æt pɹəvɪnʃəl bʊɹʒwɑː fɹɛntʃ səsaɪəɾi ,1
"ɐ hɑːɹd lʊk æt wʌn mæn ɛs ɑːkjʊpeɪʃənəl æŋst ænd ɪts sʌbsᵻkwənt ɹiːɪnvɛnʃən , ɐ tɛɹᵻfaɪɪŋ stʌdi ʌv bʊɹʒwɑː dɛspɚɹeɪʃən wɜːði ʌv klɔːd tʃæbɹɑːl ",1
"ðɪ iːθoʊz ʌvðə tʃɛlsiː hoʊtɛl meɪ ʃeɪp hɔːk ɛs ɑːɹtɪstɪk æspɚɹeɪʃənz , bʌt hiː hɐz ɛnt jɛt koʊɔːɹdɪneɪɾᵻd hɪz oʊn diːviː poʊɪtɹi wɪððə biːt hiː hɪɹz ɪn hɪz soʊl ",0
"ɡɹænt ɪz sɜːʔn̩li ɐmjuːzɪŋ , bʌt ðə vɛɹi hɑːloʊnəs ʌvðə kæɹɪktɚ hiː pleɪz kiːps hɪm æɾ ɑːɹmz lɛŋθ ",0
"dɛfɪnətli ɪnðə ɡɪlti plɛʒɚ biː muːvi kæɾɪɡɚɹi , ɹeɪn ʌv faɪɚɹ ɪz soʊ ɪŋkɹɛdɪbli ɪneɪn ðɐɾɪt ɪz læfɪŋli ɛndʒɔɪəbəl ",1
ɪt ɛs nɑːt dʒʌst ðə væmpaɪɚz ðæt ɑːɹ dæmd ɪn kwiːn ʌvðə dæmd ðə vjuːɚz wɪl fiːl ðeɪ sʌfɚ ðə seɪm feɪt ,0
æz sɪmpəl ænd ɪnəsənt ɐ muːvi æz juː kæn ɪmædʒɪn ,1
ɛkstɹiːmli bæd ,0
"ɔːlðoʊ dɪzni fɑːloʊz ɪts stændɚd fɔːɹmjʊlə ɪn ðɪs ænɪmeɪɾᵻd ɐdvɛntʃɚ , ɪt fiːlz moːɹ foːɹst ðɐn juːʒuːəl ",0
dɪzɜːvz ɐ pleɪs ʌv ɑːnɚ nɛkst tə nænoʊɑːk æz ɐ lændmɑːɹk ɪn fɪlm hɪstɚɹi ,1
wʌt ɛs mɪsɪŋ ɪn mɜːdɚ baɪ nʌmbɚz ɪz ɛni ɹiːəl saɪkəlɑːdʒɪkəl ɡɹaʊndɪŋ fɚðə tiːnz diːviənt bᵻheɪvjɚ ,0
ɛni ɐtɛmpts æt nuːɑːns ɡɪvən baɪ ðə keɪpəbəl kæst ɪz dɹaʊnd aʊt baɪ dᵻɹɛktɚ dʒɑːn pɜːdi ɛs slɛdʒhæmɚ sæp ,0
ɪt ɛs lɔst ðə pɑːlətɪks ænd ðə soʊʃəl ɑːbzɚveɪʃən ænd bɪkʌm dʒʌst ɐnʌðɚ sɪtʃuːeɪʃən ɹoʊmæns ɐbaʊt ɐ kʌpəl ʌv sæps stʌk ɪn ɐn ɪnɑːɹtɪkjʊleɪt skɹiːnpleɪ ,0
kʌt θɹuː ðə leɪɚz ʌv soʊp ɑːpɚɹə ɪmoʊʃən ænd juː faɪnd ɐ skeɪðɪŋ poːɹtɹeɪəl əvə paʊɚfəl ɛntᵻɾi stɹæŋɡəlɪŋ ðə laɪf aʊɾəv ðə piːpəl huː wɔnt tə bᵻliːv ɪn ɪt ðə moʊst ,1
ɪt meɪd miː wɔnt tə ɡɛt meɪd ʌp ænd ɡoʊ siː ðɪs muːvi wɪð maɪ sɪstɚz ,1
"ɑːɹdʒɛntoʊ , æɾ oʊnli twɛnti sɪks , bɹɪŋz ɐ juːθfəl , aʊt tə tʃeɪndʒ ðə wɜːld ɐɡɹɛsɪvnəs tə ðə pɹɑːdʒɛkt , æz ɪf ʃiː ɛs kʌt oʊpən ɐ veɪn ænd blɛd ðə ɹɔː fɪlm stɑːk ",1
æz ɹᵻfɹɛʃɪŋ æz ɐ dɹɪŋk fɹʌm ɐ wʊdlənd stɹiːm ,1
"ɐ swiːtli ɐfɛktɪŋ stoːɹi ɐbaʊt foːɹ sɪstɚz huː ɑːɹ koʊpɪŋ , ɪn wʌn weɪ ɔːɹ ɐnʌðɚ , wɪð laɪf ɛs ɛndɡeɪm ",1
bjuːɾɪfəli dᵻɹɛktᵻd ænd kənvɪnsɪŋli æktᵻd ,1
ɪɾ ɪz ɐn ʌnstɪntɪŋ lʊk æɾə kəlæbɚɹeɪʃən bᵻtwiːn dæmɪdʒd piːpəl ðæt meɪ ɔːɹ meɪ nɑːt kwæl ,1
"ɹɪtʃi ɛs fɪlm ɪz iːziɚ tə swɔloʊ ðɐn wɜːtmʌlɚ ɛs pɑːlɛmɪkəl ælɪɡɚɹi , bʌt ɪt ɛs sɛlf dᵻfiːɾɪŋli dɛkɚɹəs ",0
"ðə tʃɑːɹm ʌvðə fɜːst muːvi ɪz stɪl ðɛɹ , ænd ðə stoːɹi fiːlz laɪk ðə lɑːdʒɪkəl , ʌnfoːɹst kəntɪnjuːeɪʃən ʌvðə kɚɹɪɹz əvə pɛɹ ʌv spaɪ kɪdz ",1
pɚpoːɹts təbi ɐ hɑːliwʊd sæɾaɪɚ bʌt waɪndz ʌp æz ðə kaɪnd ʌv fɪlm ðæt ʃʊd biː ðə tɑːɹɡɪt ʌv sʌmθɪŋ diːpɚ ænd moːɹ ɛŋɡeɪdʒɪŋ ,0
ɛni ɛndʒɔɪmənt wɪl biː hɪndʒ fɹʌm ɐ pɜːsənəl θɹɛʃoʊld ʌv wɑːtʃɪŋ sæd bʌt ɛndɪɹɪŋ kæɹɪktɚz duː ɛkstɹiːmli ʌŋkənvɛnʃənəl θɪŋz ,1
"ɐn ʌndɪnaɪəbli ɡoːɹdʒəs , tɜːmɪnəli smɪʔn̩ dɑːkjuːmənt əvə tɹuːbədoːɹ , hɪz ækəlaɪts , ænd ðə tɹaɪʌmf ʌv hɪz bænd ",1
"hæfweɪ θɹuː ðə muːvi , ðə hjuːmɚ dwɪndəlz ",0
ðə mædʒɪk ɛlɑːɹbiː ænd ɚɹɪdʒɪnəl ɹʌnɪŋ taɪm ɑːɹɹɑːɹbiː ʌv eɪs dʒæpænᵻmeɪɾɚ heɪaʊ mɪjɐzæki ɛs spɪɹɪɾᵻd ɐweɪ sɚvaɪvz ɪntækt ɪn biːviː ɛs ɹiː vɔɪst vɜːʒən ,1
"maɪkəl mʊɹ hɐz pɚfɛktᵻd ðɪ ɑːɹt ʌv haɪli ɛntɚteɪnɪŋ , sɛlf ɐɡɹændaɪzɪŋ , pəlɪɾɪkli moʊɾᵻveɪɾᵻd dɑːkjuːmɛntɚɹi meɪkɪŋ , ænd hiː ɛs ɡɑːt æz poʊtənt ɐ tɑːpɪk æz ɛvɚ hɪɹ ",1
"fɹeɪ ɐsɛmbəlz ɐ fæsᵻneɪɾɪŋ pɹoʊfaɪl əvə diːpli hjuːmɐnɪstɪk ɑːɹɾɪst huː , ɪn spaɪt ʌv ɔːl ðæt hiː ɛs wɪtnəst , ɹᵻmeɪnz sɚpɹaɪzɪŋli aɪdiəlɪstɪk , ænd ɹᵻteɪnz ɐn ɛkstɹoːɹdɪnɛɹi feɪθ ɪnðɪ ɐbɪləɾi ʌv ɪmɪdʒᵻz tə kəmjuːnᵻkeɪt ðə tɹuːθ ʌvðə wɜːld ɚɹaʊnd hɪm ",1
"pɹɪdɪktəbəl ænd klɔɪɪŋ , ðoʊ bɹaʊn ʃʊɡɚɹ ɪz soʊ ɜːnɪst ɪn ɪts jɜːnɪŋ fɚðə deɪz bᵻfoːɹ ɹæp wɛnt naɪəlɪstɪk ðɐɾɪt sʌmənz moːɹ spɪɹɪt ænd baɪt ðɐn jʊɹ ævɹɪdʒ fɔːɹmjʊleɪɪk ɹoʊmæntɪk kwɑːdɹæŋɡəl ",1
"sædli , ðoʊ mɛnɪəv ðɪ æktɚz θɹoʊ ɔf ɐ spɑːɹk ɔːɹ tuː wɛn ðeɪ fɜːst ɐpɪɹ , ðeɪ kɑː ɛnt dʒɛnɚɹeɪt ɪnʌf hiːt ɪn ðɪs koʊld vækjuːm əvə kɑːmədi tə stɑːɹt ɐ ɹɪækʃən ",0
sʌtʃ ɐ bæd muːvi ðæt ɪts lʌkiɪst vjuːɚz wɪl biː siːɾᵻd nɛkst tə wʌn ʌv ðoʊz ɪɡnɚɹənt pɪnhɛdz huː tɔːk θɹuːaʊt ðə ʃoʊ ,0
ɐ mɑːdɪst mæstɚpiːs ,1
niːl bɜːɡɚ hɪɹ səksiːdᵻd ɪn meɪkɪŋ ðə mɪstɚɹi ʌv foːɹ dɛkeɪdz bæk ðə spɹɪŋboːɹd fɚɹə moːɹ ɪmiːdɪət mɪstɚɹi ɪnðə pɹɛzənt ,1
"ænd θæŋks tə klaɪn ɛs suːpɜːbli nuːɑːnst pɚfoːɹməns , ðæt pɑːndɚɹɪŋ ɪz haɪli plɛʒɚɹəbəl ",1
"ɪt ɛs stɪl ɐ kɑːmɪk bʊk , bʌt məɡwaɪɚ meɪks ɪɾ ɐ kɑːmɪk bʊk wɪð soʊl ",1
"ʃiəɹi ɪz ɐn ækʃən fɪlm ðæt dᵻlɪvɚz ɔnðə pɹɑːmɪs ʌv ɛksaɪtmənt , bʌt ɪɾ ɔːlsoʊ hɐz ɐ stɹɔŋ dɹəmæɾɪk ænd ɪmoʊʃənəl pʊl ðæt ɡɹædʒuːəli sniːks ʌp ɔnðɪ ɔːdiəns ",1
"siːmz kɑːntɛnt tə dɑːɡ pædəl ɪnðə miːdɪoʊkɚɹ ɛnd ʌvðə puːl , ænd ɪt ɛs ɐ sæd , sɪk saɪt ",0
teɪks ɐ fɹɛʃ ænd ɐbsoːɹbɪŋ lʊk æɾə fɪɡjɚ huːz lɛɡəsi hæd bɪɡʌn tə bɹɑːnz ,1
bʌt ɪt dʌz ɛnt liːv juː wɪð mʌtʃ ,0
"ðə tɹɪk wɛn wɑːtʃɪŋ ɡɑːdɚd ɪz tə kætʃ ðə pɪtʃ ʌv hɪz poʊɛɾɪks , seɪvɚ ðə plɛʒɚɹ ʌv hɪz saʊndz ænd ɪmɪdʒᵻz , ænd pɑːndɚ ðə hɪstɔːɹɪkəl , fɪləsɑːfɪkəl , ænd ɛθɪkəl ɪʃuːz ðæt ɪntɚsɛkt wɪð ðɛm ",1
bɹuːmfiːld hɐz ɐ ɹæðɚ juːniːk ɐpɹoʊtʃ tə dɑːkjuːmɛntɚɹi ,1
"æz ðə mɛdɪɾɪɹeɪniən spɑːɹkəlz , swɛpt ɐweɪ sɪŋks ",0
tuː bɪt pɑːtbɔɪlɚ ,0
ɐ pɔɪnjənt ænd dʒɛntli hjuːmɚɹəs pæɹəbəl ðæt lʌvz ɪts kæɹɪktɚz ænd kəmjuːnᵻkeɪts sʌmθɪŋ ɹæðɚ bjuːɾifəl ɐbaʊt hjuːmən neɪtʃɚ ,1
"ɐ smɑːɹt , pɹəvɑːkətɪv dɹɑːmə ðæt dʌz ðə nɪɹli ɪmpɑːsᵻbəl ɪt ɡɛts ʌndɚ ðə skɪn əvə mæn wiː oʊnli noʊ æz ɐn iːvəl , mɔnstɹəs luːnətɪk ",1
ɐtwʌns oʊvɚli oʊld fæʃənd ɪn ɪts sʌdsi plɑːɾɪŋ ænd hɛvi hændᵻd ɪn ɪts ɛfɚt tə mɑːdɚnaɪz ɪt wɪð ɛŋkoʊmiə tə daɪvɜːsᵻɾi ænd tɑːlɚɹəns ,0
ɪt ɛs dʒʌst ɹæðɚ lɛdən ænd dʌl ,0
"pɹɑːbləm ɪz , wiː hæv noʊ aɪdiə wʌt ɪn kɹiːeɪʃən ɪz ɡoʊɪŋ ɔn ",0
ðə muːvi ɪz ɐ mɛs fɹʌm stɑːɹt tə fɪnɪʃ ,0
ɪts ɹɔːnəs ænd vaɪtælᵻɾi ɡɪv ɪt kənsɪdɚɹəbəl pʌntʃ ,1
wʌn ʌvðə bɛst ɪnsaɪd ʃoʊ bɪz jɑːɹnz ɛvɚ ,1
bʌt ðə fiːlɪŋz ɪvoʊkt ɪnðə fɪlm ɑːɹ luːkwɔːɹm ænd kwɪk tə pæs ,0
"ɐ bɜːst ʌv kʌlɚ , mjuːzɪk , ænd dæns ðæt oʊnli ðə moʊst pɹæktɪst kɜːmʌdʒən kʊd feɪl tə kɹæk ɐ smaɪl æt ",1
ðə bɛst ænɪmeɪɾᵻd fiːtʃɚ tə hɪt θiəɾɚz sɪns bjuːɾi ænd ðə biːst ɪlɛvən jɪɹz ɐɡoʊ ,1
"ðɪ oʊnli kæməflɑːʒ kɑːɹveɪ ʃʊd naʊ biː kənsɪdɚɹɪŋ ɪz ɐ peɪpɚ bæɡ tə wɛɹ oʊvɚ hɪz hɛd wɛn hiː ɡoʊz aʊt ɪntʊ pʌblɪk , tʊ ɐvɔɪd biːɪŋ ɹɛkəɡnaɪzd æz ðə mæn huː bɪlkt ʌnsəspɛktɪŋ muːvɪeɪɡoʊɚz ",0
skɛɹsli wɜːθ ɐ mɛnʃən ɐpɑːɹt fɹʌm ɹᵻpoːɹɾɪŋ ɔnðə nʌmbɚɹ ʌv tʌmbəlwiːdz bloʊɪŋ θɹuː ðɪ ɛmpti θiəɾɚz ɡɹeɪst wɪð ɪts kʌmpəni ,0
ɐ bjuːɾɪfəli əbzɜːvd kæɹɪktɚ piːs ,1
"kəmpɛɹd tə hɪz sɪɹiz ʌv spɛktækjʊlɚ bɛli flɑːps boʊθ ɔn ænd ɔf ðə skɹiːn , ɹʌntɪldæt ɪz sʌmθɪŋ əvə tɹaɪʌmf ",1
æz pleɪn ænd pədɛstɹiən æz kætʃəp ,0
"sʌm piːpəl mɑːɹtʃ tə ðə biːt əvə dɪfɹənt dɹʌm , ænd ɪf juː ɛvɚ wʌndɚd wʌt kaɪnd ʌv haʊzᵻz ðoʊz piːpəl lɪv ɪn , ðɪs dɑːkjuːmɛntɚɹi teɪks ɐ lʊk æt faɪv ɔːltɜːnətɪv haʊzɪŋ ɑːpʃənz ",1
"ðæt dʒæk nɪkəlsən meɪks ðɪs mæn soʊ wɑːtʃəbəl ɪz ɐ tɹɪbjuːt nɑːt oʊnli tə hɪz kɹæft , bʌt tə hɪz lɛdʒənd ",1
"wɪð iːtʃ əv hɜː θɹiː pɹoʊɾɐɡənɪsts , mɪlɚɹ ɛləkwəntli kæptʃɚz ðə moʊmənt wɛn ɐ wʊmən ɛs laɪf , aʊɾəv ɐ diːp siːɾᵻd , ɪmoʊʃənəl niːd , ɪz ɐbaʊt tə tɜːn ɑːntʊ ɐ dɪfɹənt pæθ ",1
"ɐ kɑːlɪdʒ stoːɹi ðæt wɜːks iːvən wɪðaʊt vʌlɡæɹᵻɾi , sɛks siːnz , ænd kʌsɪŋ ! ",1
ɐ ləkweɪʃəs ænd dɹɪɹi piːs ʌv bɪznəs ,0
"bᵻhən ɛs mɛmwɑːɹ ɪz ɡɹeɪt mətɪɹiəl fɚɹə fɪlm ɹaʊdi , bɹɔːni ænd lɪɹɪkəl ɪnðə bɛst aɪɹɪʃ sɛns bʌt ʃɛɹɪdən hɐz sɛɾəld fɚɹə ləɡuːbɹɪəs ɹoʊmæns ",0
ɐ ɹæðɚ taɪɚd ɛksɚsaɪz ɪn nəstældʒə ,0
"lɪŋkleɪɾɚ fænz , ɔːɹ pɹɪtɛnʃəs taɪps huː wɔnt tʊ ɐpɪɹ ævənt ɡɑːɹd wɪl sʌk ʌp tə ðɪs pɹɑːdʒɛkt ",0
"ðɛɹ ɛs lɪɾəl tə ɹɛkəmɛnd snoʊ dɑːɡz , ʌnlɛs wʌn kənsɪdɚz kliːʃeɪd daɪəlɑːɡ ænd pɚvɜːs ɛskeɪpɪzəm ɐ soːɹs ʌv haɪ hɪlæɹᵻɾi ",0
wʌn laʊsi muːvi ,0
ɪt ɛs sʌtʃ ɐ mᵻkænɪkəl ɛndɛvɚɹ ɛlɑːɹbiː ðæt ɑːɹɹɑːɹbiː ɪt nɛvɚ bɑːðɚz tə kwɛstʃən waɪ sʌmbɑːdi maɪt dɪvoʊt taɪm tə siː ɪt ,0
"ɐ blɛɹ wɪtʃ staɪl ɐdvɛntʃɚ ðæt pleɪz laɪk ɐ bæd soʊp ɑːpɚɹə , wɪð pæsəbəl pɚfoːɹmənsᵻz fɹʌm ɛvɹɪwʌn ɪnðə kæst ",0
ʌntɪl ɪts faɪnəl mɪnɪts ðɪs ɪz ɐ pɚsɛptɪv stʌdi ʌv tuː fæmɪliz ɪn kɹaɪsɪs ænd ʌv tuː ɡɜːlz huːz fɹɛndʃɪp ɪz sᵻvɪɹli tɛstᵻd baɪ bæd lʌk ænd ðɛɹ oʊn ɪmətʃʊɹɹᵻɾi ,0
ɐbændən spɛndz naɪnti mɪnɪts tɹaɪɪŋ fɪɡjɚɹ aʊt wɛðɚ ɔːɹ nɑːt sʌm kɑːki suːdoʊ ɪntəlɛktʃuːəl kɪd hɐz ɪntɛnʃənəli lɛft kɑːlɪdʒ ɔːɹ wʌz kɪld ,0
niːdz moːɹ ɪmpɹɛʃənɪstɪk sɪnɪmɐtɑːɡɹəfi ænd ɛɡzɪlɐɹəɾɪŋ pɔɪnt ʌv vjuː ʃɑːts ænd fjuːɚ sloʊ moʊʃən ɡɹændʊɹ ʃɑːts ænd kwɪk kʌt ɛdɪts ðæt ɔfən dɪtɹækt fɹʌmðɪ æθlɛɾɪsɪzəm ,0
wɪððə pɹɑːspɛkt ʌv fɪlmz laɪk kæŋɡɐɹuː dʒæk ɐbaʊt tə bɜːst əkɹɑːs ɐmɛɹɪkə ɛs wɪntɚ muːvi skɹiːnz ɪt ɛs ɐ plɛʒɚ tə hæv ɐ fɪlm laɪk ðɪ aʊɚz æz ɐn ɔːltɜːnətɪv ,1
"wɛɹ ðɪs wʌz leɪzi bʌt ɛndʒɔɪəbəl , ɐ fɔːɹmjʊlə kɑːmədi ɹᵻdiːmd baɪ ɪts stɑːɹz , ðæt ɪz iːvən leɪziɚ ænd fɑːɹ lɛs ɛndʒɔɪəbəl ",0
"ɐ haɪli wɑːtʃəbəl , ɡɪɡli lɪɾəl stoːɹi wɪð ɐ swiːt ɛdʒ tʊ ɪt ",1
skɪlfəli wiːvz boʊθ ðɪ ɛlɪmənts ʌvðə plɑːt ænd ɐ paʊɚfəli ɪvɑːkətɪv muːd kəmbaɪnɪŋ hiːɾᵻd sɛkʃuːælᵻɾi wɪð ɐ hɔːntɪŋ sɛns ʌv mæleɪz ,1
"ɛlɑːɹbiː soʊdɚbɚɡ ɑːɹɹɑːɹbiː tɛndz tə pleɪs moʊst əv ðə saɪkəlɑːdʒɪkəl ænd fɪləsɑːfɪkəl mətɪɹiəl ɪn ɪtælɪks ɹæðɚ ðɐn tɹʌst ɐn ɔːdiəns ɛs ɪntɛlɪdʒəns , ænd hiː kɹiːeɪts ɐn oʊvɚɹɔːl sɛns ʌv bɹʌsknəs ",0
ɹaɪɾɚ dᵻɹɛktɚ hwɑːn kɑːɹloʊz fɹɛsnɐdɪloʊ meɪks ɐ fiːtʃɚ deɪbjuː ðæt ɪz fʊli fɔːɹmd ænd ɹᵻmɑːɹkəbli əʃʊɹd ,1
ðə kaɪnd ʌv fɪlm ðæt liːvz juː skɹætʃɪŋ jʊɹ hɛd ɪn ɐmeɪzmənt oʊvɚ ðə fækt ðæt soʊ mɛni tæləntᵻd piːpəl kʊd pɑːɹtɪsᵻpeɪt ɪn sʌtʃ ɐn ɪl ɐdvaɪzd ænd pʊɹli ɛksᵻkjuːɾᵻd aɪdiə ,0
"iːtʃ stoːɹi ɪz bɪlt ɔn ɐ pətɛnʃəli ɪntɹɛstɪŋ aɪdiə , bʌt ðə fɜːst tuː ɑːɹ ɹuːɪnd baɪ æmətʃɚɹɪʃ ɹaɪɾɪŋ ænd æktɪŋ , waɪl ðə θɜːd fiːlz lɪmɪɾᵻd baɪ ɪts ʃɔːɹt ɹʌnɪŋ taɪm ",0
"swiːtli sɛksi , fʌni ænd tʌtʃɪŋ ",1
"laɪk ɔːl ʌv iːɡoʊjən ɛs wɜːk , æɹɐɹæt ɪz fɪɹsli ɪntɛlɪdʒənt ænd ʌŋkɑːmənli æmbɪʃəs ",1
"iːvən ɪf ɪnvɪnsᵻbəl ɪz nɑːt kwaɪt ðə kɚɹɪɹ piːk ðætðə piənɪst ɪz fɔːɹ ɹoʊmən pəlænski , ɪt dɛmənstɹeɪts ðæt wɜːnɚ hɜːzɑːɡ kæn stɪl liːv ʌs wɪð ɐ sɛns ʌv wʌndɚɹ æt ðə daɪvɜːs , mɑːɹvələsli twɪstᵻd ʃeɪps hɪstɚɹi hɐz teɪkən ",1
ðə fɪlm ɪz ɹiəli kloʊsɚ tə pɔːɹn ðænə sɪɹiəs kɹɪtiːk ʌv wʌt ɛs ɹɔŋ wɪð ðɪs ɪŋkɹiːsɪŋli pɚveɪsɪv æspɛkt ʌv ɡeɪ kʌltʃɚ ,0
"ðɪs ɪz ɐ muːvi ðæt stɑːɹts aʊt laɪk hɛðɚz , ðɛn bɪkʌmz bɹɪŋ ɪɾ ɔn , ðɛn bɪkʌmz ʌnwɑːtʃəbəl ",0
ɪt ɛs ɐ kuːl ᵻvɛnt fɚðə hoʊl fæmɪli ,1
"taɪm lɪɾɚɹəli stɑːps ɔn ɐ daɪm ɪnðə tɹaɪz soʊ hɑːɹd təbi kuːl klɑːkstɑːpɚz , bʌt ðæt dʌz ɛnt miːn ɪt stɪl woʊ ɛnt fiːl laɪk ðə lɔŋɡɪst naɪnti mɪnɪts ʌv jʊɹ muːvi ɡoʊɪŋ laɪf ",0
"ɐ bjuːɾifəl , ɛntɚteɪnɪŋ tuː aʊɚz ",1
"ðoʊ ɪt pɹɪtɛndz tʊ ɛkspoʊz ðə laɪf ʌv meɪl hʌslɚz , ɪt ɛs ɛksplɔɪɾɪv wɪðaʊt biːɪŋ ɪnsaɪtfəl ",0
"tuː lɔŋ , ænd lɑːɹdᵻd wɪð ɛkspəzɪʃən , ðɪs sɑːmɚ kɑːp dɹɑːmə ʌltᵻmətli fiːlz æz flæt æz ðə skɹʌfi sændz ʌv ɪts tɪtʃəlɚ kəmjuːnᵻɾi ",0
ɐnʌðɚ lʌv stoːɹi ɪn tuː θaʊzənd tuː ɛs ɹᵻmɑːɹkəbəl pɹəsɛʃən ʌv swiːpɪŋ pɪktʃɚz ðæt hæv ɹiːɪnvɪɡɚɹeɪɾᵻd ðə ɹoʊmæns ʒɑːnɹə ,1
"ðə ʃæɾoʊ bᵻlɔŋz tə ɹʌd , huːz poːɹtɹɪt əvə θɛɹəpi dᵻpɛndənt fleɪkbɔːl spaʊɾɪŋ fɹɛntʃ mælɐpɹɑːpɪzəmz ɪz ɐ nɑːnstɑːp huːt ",1
"ðə stoːɹi ɪz ɪnspaɪɚɹɪŋ , aɪɹɑːnɪk , ænd ɹɛvɪlətoːɹi ʌv dʒʌst haʊ ɹɪdɪkjʊləs ænd mʌni oːɹiəntᵻd ðə ɹɛkɚd ɪndʌstɹi ɹiəli ɪz ",1
"lʌv meɪhɐv bɪn ɪnðɪ ɛɹ ɑːnskɹiːn , bʌt aɪ sɜːʔn̩li wʌz ɛnt fiːlɪŋ ɛni ʌv ɪt ",0
ðɪs dᵻɹɛktɚ ɛs kʌt wɪtʃ ædz fɪfti wʌn mɪnɪts teɪks ɐ ɡɹeɪt fɪlm ænd tɜːnz ɪɾ ɪntʊ ɐ mʌndeɪn soʊp ɑːpɚɹə ,0
"ðə deɪndʒɚɹəs laɪvz ʌv ɔltɚ bɔɪz hɐz flɔːz , bʌt ɪɾ ɔːlsoʊ hɐz hjuːmɚ ænd hɑːɹt ænd vɛɹi tæləntᵻd jʌŋ æktɚz ",1
muːvɪz laɪk haɪ kɹaɪmz flɑːɡ ðə dɛd hɔːɹs ʌv sɚpɹaɪz æz ɪf ɪt wɜːɹ ɐn ɑːblɪɡeɪʃən ,0
"ɐn ɐmjuːzɪŋ ænd ʌnɛkspɛktᵻdli ɪnsaɪtfəl ɛɡzæmᵻneɪʃən ʌv sɛkʃuːəl dʒɛləsi , ɹᵻzɛntmənt ænd ðə faɪn laɪn bᵻtwiːn pæʃən ænd pɹiːtɛns ",1
pɹəduːsɚ dʒɑːn pɛnɑːɾi sɚveɪd haɪ skuːl stuːdənts ænd keɪm bæk wɪððɪ ɐstɑːnɪʃɪŋ ɹɛvɪleɪʃən ðæt ðeɪ wɔntᵻd tə siː sʌmθɪŋ ðæt dɪd ɛnt tɔːk daʊn tə ðɛm ,1
ɪt ɛs dʒʌst ɐ muːvi ðæt hæpənz tə hæv dʒæki tʃæn ɪn ɪt ,0
"wʌt ɹᵻdiːmz ðə fɪlm ɪz ðə kæst , pɚtɪkjʊlɚli ðə jɐ jæz ðɛmsɛlvz ",1
bʌt wʌt ɛs naɪs ɪz ðæt ðɛɹ ɛs ɐ kæʒuːəl ɪntɛlɪdʒəns ðæt pɜːmɪeɪts ðə skɹɪpt ,1
ædəm sændlɚ ɛs eɪt kɹeɪzi naɪts ɪz sɛvənti faɪv weɪstᵻd mɪnɪts ʌv sændlɚɹ æz ðə vɔɪs oʊvɚ hiəɹoʊ ɪn kəlʌmbiə pɪktʃɚz pɚvɜːs aɪdiə əvən ænɪmeɪɾᵻd hɑːlɪdeɪ muːvi ,0
ɐ mɛs ,0
"ðə fɪlmeɪkɚz waɪzli dᵻsaɪdᵻd tə lɛt kɹɑːkədaɪl hʌntɚ stiːv ɜːwɪn duː wʌt hiː dʌz bɛst , ænd fæʃən ɐ stoːɹi ɚɹaʊnd hɪm ",1
soʊ pjʊɹli ɛndʒɔɪəbəl ðæt juː maɪt nɑːt iːvən noʊɾɪs ɪt ɛs ɐ fɛɹli stɹeɪtfɔːɹwɚd ɹᵻmeɪk ʌv hɑːliwʊd kɑːmədiz sʌtʃ ɐz fɑːðɚɹ ʌvðə bɹaɪd ,1
"tɔːk tə hɜːɹ ɪz soʊ dɑːɹnd əʃʊɹd , wiː hæv æbsəluːtli noʊ aɪdiə huː ðə meɪn kæɹɪktɚz ɑːɹ ʌntɪl ðə fɪlm ɪz wɛl ʌndɚ weɪ ænd jɛt ɪt ɛs hɑːɹd tə stɑːp wɑːtʃɪŋ ",1
"ɐ dʒɛnjuːɪnli fʌni ɑːnsɑːmbəl kɑːmədi ðæt ɔːlsoʊ æsks ɪts ɔːdiəns ɪn ɐ hɑːɹtwɔːɹmɪŋ , nɑːndʒʌdʒmɛntəl kaɪnd ʌv weɪ tə kənsɪdɚ wʌt wiː væljuː ɪn aʊɚ deɪli laɪvz ",1
"æftɚ siːɪŋ ænɐlaɪz ðæt , aɪ fiːl bɛɾɚɹ ɔːlɹɛdi ",1
meɪzəl tɑːv tʊ ɐ fɪlm ɐbaʊt ɐ fæmɪli ɛs dʒɔɪəs laɪf æktɪŋ ɔnðə jɪdɪʃ steɪdʒ ,1
ðə kæɹɪktɚz ɑːɹ nɛvɚ moːɹ ðɐn skɛtʃᵻz wɪtʃ liːvz ɛni tɹuː ɪmoʊʃənəl kənɛkʃən ɔːɹ aɪdɛntɪfɪkeɪʃən fɹʌstɹeɪɾɪŋli aʊɾəv ɹiːtʃ ,0
ɹeɪn ʌv faɪɚ dʒʌst maɪt ɡoʊ daʊn æz wʌn ʌvðɪ ɔːl taɪm ɡɹeɪt ɐpɑːkɐlɪps muːvɪz ,1
"ðoʊ fjuː wɪl ɑːɹɡjuː ðɐɾɪt ɹæŋks wɪððə bɛst ʌv hɜːzɑːɡ ɛs wɜːks , ɪnvɪnsᵻbəl ʃoʊz hiː ɛs bæk ɪn fɔːɹm , wɪð ɐn ɐstaʊndɪŋli ɹɪtʃ fɪlm ",1
mɑːnti kɹɪstoʊ smɑːɹtli ɛmfɐsaɪzᵻz ðə wɛl ɹɔːt stoːɹi ænd oʊmɪts niːdləs tʃeɪs siːnz ænd soːɹdfaɪts æz ðə ɹᵻvɛndʒ ʌnfoʊldz ,1
ɪt ʃoʊz ʌs ɐ slaɪs ʌv laɪf ðæt ɛs vɛɹi dɪfɹənt fɹʌm aʊɚɹ oʊn ænd jɛt ɪnstəntli ɹɛkəɡnaɪzəbəl ,1
ɪntɹɛstɪŋ boʊθ æz ɐ hɪstɔːɹɪkəl stʌdi ænd æz ɐ tɹædʒɪk lʌv stoːɹi ,1
"wʌt wiː hæv hɪɹ ɪz ɛnt ɐ dɪzæstɚ , ɛɡzæktli , bʌt ɐ vɛɹi hændsʌmli pɹəduːst lɛt daʊn ",0
ðɛɹ ɛs ɐ ɹiːzən ðə stuːdɪoʊ dɪd ɛnt ɔfɚɹ ɐn ɐdvæns skɹiːnɪŋ ,0
"ðɛɹ ɪz ɐ sɜːʔn̩ sɛns ʌv ɛkspɛɹɪmənteɪʃən ænd ɪmpɹəvəzeɪʃən tə ðɪs fɪlm ðæt meɪ nɑːt ɔːlweɪz wɜːk , bʌt ɪɾ ɪz nɛvɚðəlɛs kəmpɛlɪŋ ",1
"ðoʊ ɪt ɛs iːkwəli sɑːlɪpsɪstɪk ɪn toʊn , ðə muːvi hɐz ɪnʌf vaɪtælᵻɾi tə dʒʌstᵻfaɪ ðə noʊʃən ʌv kɹiːeɪɾɪŋ ɐ skɹiːn ædæpteɪʃən ʌv ɛvənz sɑːɡə ʌv hɑːliwʊd ɛksɛs ",1
wʌn ʌvðə wɜːst fɪlmz ʌv tuː θaʊzənd tuː ,0
"leɪzi , mɪzɹəbəl ænd smʌɡ ",0
"ɛlɑːɹbiː tiː ɑːɹɹɑːɹbiː hiː skɹɪpt ɪz ɛnt ʌp tə ðə lɛvəl ʌvðə dᵻɹɛkʃən , nɔːɹ ɑːɹ ðɪ ʌniːvən pɚfoːɹmənsᵻz baɪ ðə kæst mɛmbɚz , huː siːm baʊnd ænd dɪtɜːmɪnd tə duːplᵻkeɪt bɛlə luːɡoʊsi ɛs naʊ kliːʃeɪd væmpaɪɚɹ æksənt ",0
"ɔfən dᵻmɛntᵻd ɪn ɐ ɡʊd weɪ , bʌt ɪɾ ɪz ɐn ʌniːvən fɪlm fɚðə moʊst pɑːɹt ",0
ɐn ænɪmeɪʃən lændmɑːɹk æz mɑːnjuːmɛntəl æz dɪzni ɛs naɪntiːnhʌndɹɪd θɜːɾi sɛvən bɹeɪkθɹuː snoʊ waɪt ænd ðə sɛvən dwɔːɹfs ,1
ðɪs θɪŋ ɪz dʒʌst ɡɑːɹbɪdʒ ,0
ðə ɹoʊd peɪvd wɪð ɡʊd ɪntɛnʃənz liːdz tə ðə vɪdɪoʊ stoːɹ ,1
"stɪl , ðɪs flɪk ɪz fʌn , ænd hoʊst tə sʌm tɹuːli ɛksələnt siːkwənsᵻz ",1
"ɐ dɪsoːɹiəntᵻd bʌt əkeɪʒənəli dɪsɑːɹmɪŋ sɑːɡə pækt wɪð moʊmənts aʊɾəv ɐn ælɪs ɪn wʌndɚlənd ɐdvɛntʃɚ , ɐ stɔːkɚ θɹɪlɚ , ænd ɐ kəndɛnst siːzən ʌv tiːviː ɛs bɪɡ bɹʌðɚ ",1
"laɪk ðə wɜːld ʌv hɪz fɪlm , hɑːɹtli kɹiːeɪɾᵻd ɐ mɔnstɚ bʌt dɪd ɛnt noʊ haʊ tə hændəl ɪt ",0
wʌt ɛs sɚpɹaɪzɪŋ ɪz haʊ wɛl ɪt hoʊldz ʌp ɪn ɐn iəɹə ɪnwɪtʃ kəmpjuːɾɚ dʒɛnɚɹeɪɾᵻd ɪmɪdʒᵻz ɑːɹ ðə nɔːɹm ,1
"ɪt ɛs ɐ klɪɹ aɪd poːɹtɹɪt əvən ɪntɛnsli lɪvd taɪm , fɪld wɪð nɜːvəs ɛnɚdʒi , mɔːɹəl æmbɪɡjuːɪɾi ænd ɡɹeɪt ʌnsɜːtəntiz ",1
ðɪ ɛkstɛnt tʊ wɪtʃ ɪt səksiːdz ɪz ɪmpɹɛsɪv ,1
"pɹuːvz ɐ sɜːvɪkəbəl wɜːld wɔːɹ ɹoʊmən tuː dɹɑːmə ðæt kɑː ɛnt toʊɾəli haɪd ɪts kəntɹaɪvənsᵻz , bʌt ɪɾ æt liːst kɔːlz ɐtɛnʃən tʊ ɐ pɹɑːbləm hɑːliwʊd tuː lɔŋ hɐz ɪɡnoːɹd ",1
"ɐ fæsᵻneɪɾɪŋ , bɑːmʃɛl dɑːkjuːmɛntɚɹi ðæt ʃʊd ʃeɪm ɐmɛɹɪkənz , ɹᵻɡɑːɹdləs ʌv wɛðɚ ɔːɹ nɑːt ʌltᵻmət bleɪm faɪnəli laɪz wɪð kɪsɪŋɚ ",1
nɛvɚɹ ɪnspaɪɚz moːɹ ðænən ɪntɹɛstᵻd dɪtætʃmənt ,0
"ɐ ʃɑːɹp ænd kwɪk dɑːkjuːmɛntɚɹi ðæt ɪz fʌni ænd pɪθi , waɪl ɪluːmᵻneɪɾɪŋ ɐn iəɹə ʌv θiːætɹɪkəl kɑːmədi ðæt , waɪl pæst , ɹiəli ɪz ɛnt ",1
"ðɪs ɪz ɐ smɑːɹt muːvi ðæt noʊz ɪts klæsɪkəl mjuːzɪk , noʊz ɪts fɹɔɪd ænd noʊz ɪts seɪd ",1
"ɪnstɛd ʌv tɹaɪɪŋ tə bʌst sʌm blɑːndz , ɛlɑːɹbiː dɪɡz ɑːɹɹɑːɹbiː ʃʊd biː pɹoʊbɪŋ waɪ ɐ ɡaɪ wɪð hɪz tælənt ɛndᵻd ʌp ɪn ɐ muːvi ðɪs bæd ",0
dᵻlɪvɚz ɹʌfli iːkwəl ɐmaʊnts ʌv bjuːɾifəl muːvmənt ænd ɪnsaɪd ɪnfɚmeɪʃən ,1
"meɪdʒz ɛs muːvi , laɪk mæks ɹɑːθmən ɛs fjuːtʃɚ , dʌznɑːt wɜːk ",0
"ɐ wɪɹd , ɚɹɛstɪŋ lɪɾəl ɹaɪd ",1
bʌt aɪ hæd ɐ lɑːt ʌv pɹɑːbləmz wɪð ðɪs muːvi ,0
"ɪt ɛs dʌl , spɪɹɪtləs , sɪli ænd mənɑːtənəs ɐn ʌltɹə laʊd blæst ʌv pɔɪntləs meɪhɛm , ɡoʊɪŋ noʊwɛɹ fæst ",0
"ðə jɪɹ tuː θaʊzənd tuː hɐz kʌndʒɚd ʌp moːɹ kʌmɪŋ ʌv eɪdʒ stoːɹiz ðɐn siːm pɑːsᵻbəl , bʌt teɪk kɛɹ ʌv maɪ kæt ɪmɜːdʒᵻz æz ðə vɛɹi bɛst ʌv ðɛm ",1
"nækɑːɾə ɛs tɛkniːk ɪz tʊ ɪmplaɪ tɛɹɚ baɪ sədʒɛstʃən , ɹæðɚ ðɐn ðɪ oʊvɚjuːs ʌv spɛʃəl ɪfɛkts ",1
"ðə sɪnɪmæɾɪk ɪkwɪvələnt ʌv pætɹənaɪzɪŋ ɐ bɑːɹ feɪvɚd baɪ pɹɪtɛnʃəs , ʌntæləntᵻd ɑːɹtiːsts huː ɛndʒɔɪ moʊnɪŋ ɐbaʊt ðɛɹ kɹuːəl feɪt ",0
ðɛɹ ɛs ɐ pɑːɹt ʌv ʌs ðæt kæn nɑːt hɛlp biː ɛntɚteɪnd baɪ ðə saɪt ʌv sʌmwʌn ɡɛɾɪŋ ɐweɪ wɪð sʌmθɪŋ ,1
bʌt mɪstɚ pəlænski kɹiːeɪts ɪmɪdʒᵻz iːvən moːɹ hɔːntɪŋ ðɐn ðoʊz ɪn mɪstɚ spiːlbɜːɡ ɛs naɪntiːnhʌndɹɪd naɪnti θɹiː klæsɪk ,1
"ðə pɚfoːɹmənsᵻz ɑːɹ stɹɔŋ , ðoʊ ðə sʌbdʒɛkt mæɾɚ dᵻmændz æktɪŋ ðæt boːɹdɚz ɔn hæmi æt taɪmz ",1
"nɛvɚ dʌz laɪloʊ stɪtʃ ɹiːtʃ ðɪ ɪmoʊʃən ɔːɹ taɪmləsnəs ʌv dɪzni ɛs ɡɹeɪt pæst , ɔːɹ iːvən ðæt ʌv moːɹ ɹiːsənt səksɛsᵻz sʌtʃ ɐz mjʊlæn ɔːɹ tɑːɹzən ",0
ɐ waɪld ɹaɪd wɪð eɪt boːɹdɚz fɹʌm vɛnɪs biːtʃ ðæt wʌzɐ dɪzɜːvd koʊ wɪnɚɹ ʌvðɪ ɔːdiəns ɐwɔːɹd fɔːɹ dɑːkjuːmɛntɚɹiz æt ðə sʌndəns fɪlm fɛstɪvəl ,1
ðə mʌʃi fɪnɑːli tɜːnz dʒɑːn kjuː ɪntʊ ɐ muːvi ʌvðə wiːk tɪɹdʒɚkɚ ,1
"ɐ vɛntʃɚsʌm , bjuːɾɪfəli ɹiːəlaɪzd saɪkəlɑːdʒɪkəl muːd piːs ðæt ɹᵻviːlz ɪts fɜːst taɪm fiːtʃɚ dᵻɹɛktɚ ɛs ʌndɚstændɪŋ ʌvðɪ ɛkspɹɛsɪv paʊɚɹ ʌvðə kæmɹə ",1
ðɐɾɪt ɛlɛl pɹɑːbəbli biː ðə bɛst ænd moʊst mətʃʊɹ kɑːmədi ʌvðə tuː θaʊzənd tuː sʌmɚ siːzən spiːks moːɹ ʌvðə siːzən ðɐn ðə pɪktʃɚ ,1
maɪ oʊn maɪnɔːɹᵻɾi ɹᵻpoːɹt ɪz ðɐɾɪt stɪŋks ,0
keɪdʒ meɪks ɐn ʌnjuːʒuːəl bʌt plɛzəntli hɔːntɪŋ deɪbjuː bᵻhaɪnd ðə kæmɹə ,1
bɹɑːsnən ɪz moːɹ fɛɹəl ɪn ðɪs fɪlm ðɐn aɪ viː siːn hɪm bᵻfoːɹ ænd hæl bɛɹi dʌz hɜː bɛst tə kiːp ʌp wɪð hɪm ,1
"bɛn kɪŋsli ɪz tɹuːli fʌni , pleɪɪŋ ɐ kaɪnd ʌv ɡændi ɡɔn bæd ",1
"fɹæŋkli , ɪt ɛs pɹɪɾi stuːpɪd ",0
ɑːzptɛk ɛs ɛfɚt hɐz ðə skoʊp ænd ʃeɪp əvən ɪspɛʃəli wɛl ɛksᵻkjuːɾᵻd tɛlᵻvɪʒən muːvi ,1
tuː klɛvɚ baɪ ɐbaʊt naɪn tɛnθs ,1
hɔːɹnz ænd heɪloʊz bɛnɪfɪts fɹʌm sɛɹəndɪpᵻɾi bʌt ɔːlsoʊ ɹᵻmaɪndz ʌs ʌv aʊɚɹ oʊn ɹᵻspɑːnsəbɪlᵻɾi tə kwɛstʃən wʌt ɪz toʊld æz ðə tɹuːθ ,1
"ɐ pɚtɪkjʊlɚli dʒɔɪləs , ænd ɛksiːdɪŋli dʌl , piəɹɪəd kʌmɪŋ ʌv eɪdʒ teɪl ",0
ɐn ʌnɔːɹθədɑːks lɪɾəl fɪlm nwɑːɹ ɔːɹɡənaɪzd kɹaɪm stoːɹi ðæt ɪŋkluːdz wʌn ʌvðə stɹeɪndʒɪst lʌv stoːɹiz juː wɪl ɛvɚ siː ,1
"wɑːtʃɪŋ ðə paʊɚpʌf ɡɜːlz muːvi , maɪ maɪnd kɛpt ɹᵻtɜːnɪŋ tə wʌn ænɪkdoʊt fɔːɹ kəmpæɹɪsən ðə kɑːɹtuːn ɪn dʒəpæn ðæt ɡeɪv piːpəl siːʒɚz ",1
ðɛɹ ɛs noʊ ɡʊd ænsɚ tə ðætwʌn ,0
"ɛlɑːɹbiː waɪl ðə læst mɛtɹoʊ ɑːɹɹɑːɹbiː wʌz moːɹ mɛlədɹɐmæɾɪk , kənfaɪnd tʊ ɐ sɪŋɡəl θiəɾɚ kʌmpəni ænd ɪts stɹæɾədʒiz ænd dᵻsɛpʃənz , waɪl tævɚniɚɹ ɪz moːɹ kənsɜːnd wɪððɪ ɛntaɪɚ piəɹɪəd ʌv hɪstɚɹi ",1
"kæntɛt bjuːɾɪfəli ɪluːmᵻneɪts wʌt ɪt miːnz sʌmtaɪmz təbi ɪnsaɪd lʊkɪŋ aʊt , ænd æɾ ʌðɚ taɪmz aʊtsaɪd lʊkɪŋ ɪn ",1
"ɪf juː θɪŋk ɪt ɛs ɐ ɹaɪət tə siː ɹɑːb ʃneɪdɚɹ ɪn ɐ jʌŋ wʊmən ɛs kloʊðz , ðɛn juː ɛlɛl ɛndʒɔɪ ðə hɑːt tʃɪk ",1
"wɪððə seɪm sɔːɹt ʌv ɡʊd neɪtʃɚd fʌn faʊnd ɪn fɪlmz laɪk tɹɛmɚz , eɪt lɛɡɪd fɹiːks ɪz pɹaɪm ɛskeɪpɪst fɛɹ ",1
ɐ boːɹ ðæt tɛndz tə hæmɚ hoʊm ɛvɹi wʌn ʌv ɪts pɔɪnts ,0
ɐ nɑːn mɪstɚɹi mɪstɚɹi ,0
"ðɛɹ ɛs bæk stæbɪŋ , ɪntɜː ɹeɪʃəl dɪzaɪɚɹ ænd , moʊst ɪmpoːɹtəntli , sɪŋɪŋ ænd dænsɪŋ ",1
ðɛɹ ɛs moːɹ ɹɛpətɪʃən ðɐn kɹiːeɪtɪvᵻɾi θɹuːaʊt ðə muːvi ,0
"təɡɛðɚ , mɪlɚ , kjʊɹɹəz ænd ðɪ æktɹəsᵻz meɪk pɜːsənəl vəlɑːsᵻɾi ɪntʊ ɐn ɪntɹɪkət , ɪntᵻmət ænd ɪntɛlɪdʒənt dʒɜːni ",1
"aɪ ɛndʒɔɪd ðə muːvi ɪn ɐ suːpɚfɪʃəl weɪ , waɪl nɛvɚ ʃʊɹ wʌt ɪts pɜːpəs wʌz ",1
fɪɹ dɑːt kɑːm ɪz moːɹ fɹʌstɹeɪɾɪŋ ðænə moʊdəm ðæt dɪskənɛkts ɛvɹi tɛn sɛkəndz ,0
"ɪnstɛd əvə wɪɾi ɛkspoʊz ɔnðə bænælᵻɾi ænd hɪpɑːkɹəsi ʌv tuː mʌtʃ kɪd vɪd , wiː ɡɛt ɐn ʌɡli , miːn spɪɹɪɾᵻd læʃɪŋ aʊt baɪ ɐn ɐdʌlt huː ɛs ɐpæɹəntli bɪn foːɹst baɪ hɪz kɪdz tə wɑːtʃ tuː mɛni bɑːɹni vɪdɪoʊz ",0
"fiːlz laɪk ðə wɜːk əvən ɑːɹɾɪst huː ɪz sɪmpli taɪɚd ʌv faɪɾɪŋ ðə seɪm faɪts , ʌv pʊɾɪŋ ðə weɪt ʌvðə wɜːld ɔn hɪz ʃoʊldɚz , ʌv pleɪɪŋ wɪð næɹətɪv fɔːɹm ",0
"ɪɾ ɪz vɛɹi dɪfɪkəlt tə kɛɹ ɐbaʊt ðə kæɹɪktɚ , ænd ðæt ɪz ðə sɛntɹəl flɔː ʌvðə fɪlm ",0
"ɡæŋstɚ noʊ wʌn ɪz sɑːlɪd , sæɾɪsfaɪɪŋ fɛɹ fɔːɹ ɐdʌlts ",1
waɪ dɪd ðeɪ diːm ɪt nɛsᵻsɚɹi tə dɑːkjuːmənt ɔːl ðɪs ɪmoʊʃənəl mɪzɚɹi ? ,0
noʊ daʊt ðə stɑːɹ ænd ɛvɹɪwʌn ɛls ɪnvɑːlvd hæd ðɛɹ hɑːɹts ɪnðə ɹaɪt pleɪs ,1
ɛlɑːɹbiː ɹaɪzᵻz ɑːɹɹɑːɹbiː əbʌv ɪts oʊ soʊ hɑːliwʊd ɹᵻdʒɪɡɚɹɪŋ ænd ɪts kənvɛnʃənəl dᵻɹɛkʃən tə ɡɪv ðə fɪlm ɐ soʊl ænd ɐn ʌnɐbæʃt sɛns ʌv ɡʊd oʊld fæʃənd ɛskeɪpɪzəm ,1
"kæptʃɚz ðæt pɚvɜːs ɛlɪmənt ʌvðə kæfkiːsk wɛɹ aɪdɛntᵻɾi , oʊvɚnaɪt , ɪz ɹɑːbd ænd ɹᵻpleɪst wɪð ɐ pɜːsɪkjuːɾᵻd ʌðɚ ",1
nɛvɚ wʌns pɹɪdɪktəbəl ,1
"ðə fɪlm dʌz ɛnt ɹiəli kɛɹ ɐbaʊt ðə θaʊzəndz ʌv ɐmɛɹɪkənz huː daɪ hɪdiəsli , ɪt kɛɹz ɐbaʊt haʊ ɹaɪən miːts hɪz fjuːtʃɚ waɪf ænd meɪks hɪz stɑːɹt æt ðə siːaɪeɪ ",0
ɔfɚz ɐ ɡɪlt fɹiː tɹɪp ɪntʊ fiːl ɡʊd tɛɹɪtoːɹi ,1
"ðə fɪlmeɪkɚz ɑːɹ pleɪɪŋ tə ðə bɪɡ bɔɪz ɪn nuː jɔːɹk ænd ɛl ɐ tə ðæt ɛnd , ðeɪ mɑːk ðə kaɪnd ʌv foʊks ðeɪ duː ɛnt ʌndɚstænd , wʌnz ðeɪ fɪɡjɚ ðə paʊɚ lʌntʃɚz duː ɛnt kɛɹ tʊ ʌndɚstænd , iːðɚ ",0
aɪ wɪʃ ɪt wʊdhɐv dʒʌst ɡɔn moːɹ oʊvɚ ðə tɑːp ɪnstɛd ʌv tɹaɪɪŋ tə hæv ɪt boʊθ weɪz ,0
"ðə hoʊl ɐfɛɹ , tɹuː stoːɹi ɔːɹ nɑːt , fiːlz ɪŋkɹɛdɪbli hoʊki ɛlɑːɹbiː ɪɾ ɑːɹɹɑːɹbiː kʌmz ɔf laɪk ɐ hɔːlmɑːɹk kəmɜːʃəl ",0
"ðə stɹʌktʃɚɹ ɪz sɪmpəl , bʌt ɪn ɪts oʊn weɪ , ɹæbɪt pɹuːf fɛns ɪz ɐ kwɛst stoːɹi æz ɡɹænd æz ðə lɔːɹd ʌvðə ɹɪŋz ",1
ɐ pʌpi dɑːɡ soʊ dɛspɚɹət fɔːɹ ɐtɛnʃən ɪt nɪɹli bɹeɪks ɪts lɪɾəl nɛk tɹaɪɪŋ tə pɚfɔːɹm ɛntɚteɪnɪŋ tɹɪks ,0
naɪs piːs ʌv wɜːk ,1
ðɪ ᵻvɛnts ʌvðə fɪlm ɑːɹ dʒʌst soʊ wɪɹd ðæt aɪ ɑːnɪstli nɛvɚ nuː wʌt ðə hɛl wʌz kʌmɪŋ nɛkst ,0
ɛpɪsoʊd ɹoʊmən tuː ɐtæk ʌvðə kloʊnz ɪz ɐ tɛknəlɑːdʒɪkəl ɛksɚsaɪz ðæt læks dʒuːs ænd dᵻlaɪt ,0
"ðɪs ɪz ɐ dɑːɹk , ɡɹɪɾi , sʌmtaɪmz fʌni lɪɾəl dʒɛm ",1
"ðoʊ ðɛɹ ɛs ɐ klæɹᵻɾi ʌv pɜːpəs ænd iːvən hændᵻdnəs tə ðə fɪlm ɛs dᵻɹɛkʃən , ðə dɹɑːmə fiːlz ɹɪɡd ænd slʌɡɪʃ ",0
"nɔɪs ɛs ɡɹeɪɾɪst mɪsteɪk ɪz θɪŋkɪŋ ðæt wiː niːdᵻd swiːpɪŋ , dɹəmæɾɪk , hɑːliwʊd moʊmənts tə kiːp ʌs ",0
wʌt ɪmɜːdʒᵻz ɪz ɐn ʌnsɛɾəlɪŋ pɪktʃɚɹ ʌv tʃaɪldhʊd ɪnəsəns kəmbaɪnd wɪð ɪndɑːktɹᵻneɪɾᵻd pɹɛdʒuːdɪs ,1
"ðə θɹiː diː vɪstəz fɹʌm ɔːɹbɪt , wɪððə speɪs steɪʃən səspɛndᵻd laɪk ɐ hjuːdʒ sɛt ʌv wɪnd tʃaɪmz oʊvɚ ðə ɡɹeɪt bluː ɡloʊb , ɑːɹ stænzəz ʌv bɹɛθteɪkɪŋ , ɔː ɪnspaɪɚɹɪŋ vɪʒuːəl poʊɪtɹi ",1
"kækɔɪæniz vɪʒən ɪz fɑːɹ lɛs mətʃʊɹ , ɪntɜːpɹɪɾɪŋ ðə pleɪ æz ɐ kɔːl fɔːɹ pɪɾi ænd sɪmpəθi fɔːɹ ænɐkɹənɪstɪk fæntæzəmz hɔːntɪŋ ðɪ ɪmædʒɪnd ɡloːɹi ʌv ðɛɹ oʊn pæsts ",0
dʒæki tʃæn muːvɪz ɑːɹ ɐ ɡɪlti plɛʒɚ hiː ɛs iːzi tə laɪk ænd ɔːlweɪz liːvz ʌs læfɪŋ ,1
ɛlɑːɹbiː ɡeɪtən ɛs skɹɪpt ɑːɹɹɑːɹbiː tɛlᵻɡɹæfz ɛvɹi dɪskʌvɚɹi ænd leɪɚz ɔnðə ɡlɔs ʌv kənviːnɪəns ,1
"aɪ noʊ aɪ ʃʊd ɛnt hæv læft , bʌt heɪ , ðoʊz fɑːɹts ɡɑːt tə maɪ ɪnɚ naɪn jɪɹ oʊld ",1
"hɐz ɐbaʊt θɹiː foːɹθ ðə fʌn ʌv ɪts spɹaɪ tuː θaʊzənd wʌn pɹɛdᵻsɛsɚ bʌt ɪt ɛs ɐ ɹʌʃt , slæpdæʃ , siːkwəl fɚðə seɪk əvə siːkwəl wɪð lɛs ðɐn hæf ðə plɑːt ænd ɪndʒᵻnjuːɪɾi ",0
ðɛɹ ɪz ɐ dʒɛnɚɹəl ɛɹ ʌv ɛɡzjuːbɚɹəns ɪn ɔːl ɐbaʊt ðə bɛndʒəmɪnz ðæt ɛs hɑːɹd tə ɹᵻzɪst ,1
pleɪz laɪk wʌn ʌv ðoʊz kɑːnvɚseɪʃənz ðæt kɑːmɪk bʊk ɡaɪ ɔn ðə sɪmpsənz hæz ,0
"dɑːŋ nɛvɚ pʊʃᵻz fɔːɹ ɪnsaɪts bᵻjɔnd ðə suːpɚfɪʃəl tɛnʃənz ʌvðə daɪnæmɪk hiː ɛs daɪsɛktɪŋ , ænd ðə fɪlm sɛɾəlz tuː iːzili ɐlɔŋ ðə kɑːntʊɹz ʌv ɛkspɪkteɪʃən ",0
"ðɪs tʃɑːɹmɪŋ bʌt slaɪt teɪl hɐz wɔːɹmθ , wɪt ænd ɪntɹɛstɪŋ kæɹɪktɚz kəmpæʃənətli poːɹtɹeɪd ",1
ðə muːvi slaɪdz daʊnhɪl æz suːn æz mætʃoʊ ækʃən kənvɛnʃənz ɐsɜːt ðɛmsɛlvz ,0
dᵻlaɪtfəli ɹɛndɚd ,1
"ʃoʊz ðæt dʒæki tʃæn ɪz ɡɛɾɪŋ oʊldɚ , ænd ðæt ɛs sʌmθɪŋ aɪ wʊd ɹæðɚ lɪv ɪn dᵻnaɪəl ɐbaʊt ",0
mɛni ɪnsaɪtfəl moʊmənts ,1
"meɪd təbi dʒæɡləmaɪzd ɪz ðə kænz fɪlm fɛstɪvəl , ðɪ ænjuːəl ɹɪviɛɹə spɹiː ʌv flɛʃ , bʌz , blæb ænd mʌni ",0
"ðə pɚfoːɹmənsᵻz ɑːɹ ɪmækjʊlət , wɪð ɹaʊsɪlən pɹəvaɪdɪŋ kɑːmɪk ɹᵻliːf ",1
"ɛnɪwʌn nɑːt ɪntʊ haɪ tɛk splæɾɜːfɪsts ɪz ɐdvaɪzd tə teɪk ðə wɔːɹnɪŋ lɪɾɚɹəli , ænd lɔɡ ɔn tə sʌmθɪŋ moːɹ juːzɚ fɹɛndli ",0
dᵻɹɛktɚ klɔːd tʃæbɹɑːl hɐz bɪkʌm ðə mæstɚɹ ʌv ɪnnjuːɛndoʊ ,1
"æz kəmiːdɪk spɑːtlaɪts ɡoʊ , noʊtoːɹiəs siː eɪtʃ oʊ hɪts ɔːl ðə vɜːbəl mɑːɹks ɪt ʃʊd ",1
ɛlɑːɹbiː tɹaɪz ɑːɹɹɑːɹbiː tə pæɹədi ɐ ʒɑːnɹə ðæt ɛs ɔːlɹɛdi ɐ dʒoʊk ɪnðə juːnaɪɾᵻd steɪts ,0
"ðeɪ wɜːɹ ɐfɹeɪd tə ʃoʊ ðɪs muːvi tə ɹᵻvjuːɚz bᵻfoːɹ ɪts oʊpənɪŋ , ɐfɹeɪd ʌvðə bæd ɹᵻvjuːz ðeɪ θɔːt ðeɪ diː ɜːn ",0
ɪspɛʃəli ɡɪv kɹɛdɪt tʊ ɐfəlk ,1
"ɐ fɹædʒəl fɹeɪmwɜːk əpɑːn wɪtʃ tə hæŋ bɹɔːd , maɪldli flɛʃt aʊt kæɹɪktɚz ðæt siːm tə hɐvbɪn kʌndʒɚd ʌp oʊnli tɛn mɪnɪts pɹaɪɚ tə fɪlmɪŋ ",0
ænd ɪt mɑːɹks hɪm æz wʌn ʌvðə moʊst ɪntɹɛstɪŋ ɹaɪɾɚ dᵻɹɛktɚz wɜːkɪŋ tədeɪ ,1
"ðɪs pɪktʃɚɹ ɪz mɜːdɚ baɪ nʌmbɚz , ænd æz iːzi təbi boːɹd baɪ æz jʊɹ eɪbiːsiː ɛs , dᵻspaɪt ɐ fjuː wɑːpɪŋ ʃuːɾaʊts ",0
"ðoʊ dʒoʊnz ænd snaɪps ɑːɹ ɛnθɹɔːlɪŋ , ðə muːvi bɑːɡz daʊn ɪn ɹɛɾɚɹɪk ænd klɪx ",0
"ɐkoːɹdɪŋ tə wɛndɪɡoʊ , neɪtʃɚ lʌvz ðə mɛmbɚz ʌvðɪ ʌpɚ klæs ɔːlmoʊst æz mʌtʃ æz ðeɪ lʌv ðɛmsɛlvz ",1
"iːvən ɐ hɑːɹdənd vɔɪʊɹ wʊd ɹᵻkwaɪɚ ðə peɪʃəns ʌv dʒɑːb tə ɡɛt θɹuː ðɪs ɪntɜːmɪnəbəl , ʃeɪpləs dɑːkjuːmɛntɚɹi ɐbaʊt ðə swɪŋɪŋ sʌbkʌltʃɚ ",0
ɪɾ ɪz ɹᵻfɹɛʃɪŋli ʌndɑːɡmæɾɪk ɐbaʊt ɪts kæɹɪktɚz ,1
"ɐ ɡɹeɪɾɪŋli ʌnfʌni ɡɹoʊnɚ lɪɾɚd wɪð ziəɹoʊ dᵻmɛnʃənəl , ʌnlaɪkəbəl kæɹɪktɚz ænd hæknid , θɹɛdbɛɹ kɑːmɪk sɛɾʌps ",0
"ɐ vaɪbɹənt , kʌlɚfəl , sɛmɪmjuːzɪkəl ɹɛndɪʃən ",1
"bʌt æz juː wɑːtʃ ðə muːvi , juː ɹiː tuː ɪntɹɛstᵻd tə kɛɹ ",1
"ɐ miːdɪoʊkɚɹ ɛksɚsaɪz ɪn tɑːɹɡɪt dɛməɡɹæfɪks , ʌnəwɛɹ ðɐɾɪt ɛs ðə bʌt ʌv ɪts oʊn dʒoʊk ",0
θʌmz daʊn ,0
"waɪl ðə stoːɹi dʌz siːm pɹɪɾi ʌnbᵻliːvəbəl æt taɪmz , ɪt ɛs ɔːfəli ɛntɚteɪnɪŋ tə wɑːtʃ ",1
"æɾə taɪm wɛn wiː viː lɜːnd ðə hɑːɹd weɪ dʒʌst haʊ kɑːmplɛks ɪntɚnæʃənəl tɛɹɚɹɪzəm ɪz , kəlæɾɚɹəl dæmɪdʒ peɪnts ɐn ɐbsɜːdli sɪmplɪstɪk pɪktʃɚ ",0
ʌpɚ wɛst saɪdi ɛksɚsaɪz ɪn nɑːɹsɪsɪzəm ænd sɛlf kəŋɡɹætʃʊleɪʃən dɪsɡaɪzd æz ɐ tɹɪbjuːt ,0
"æz ɐ kaɪnd ʌv kʌlɚfəl , dɹæmɐtaɪzd piːbiːɛs pɹoʊɡɹæm , fɹiːdə ɡɛts ðə dʒɑːb dʌn ",1
ɐn ʌniːvən lʊk ɪntʊ ɐ ɡɹɪm fjuːtʃɚ ðæt dʌz ɛnt kʌm kloʊs tə ðə lɛvəl ʌv ɪntɛlɪdʒəns ænd vɪʒuːəl splɛndɚ ðæt kæn biː siːn ɪn ʌðɚ fɪlmz beɪst ɔn fɪlɪp keɪ dɪk stoːɹiz ,0
"ɛlɑːɹbiː ʃaɪɐmælæn ɑːɹɹɑːɹbiː tɜːnz ðə ɡuːs pɪmpəl ʒɑːnɹə ɔn ɪts ɛmpti hɛd ænd fɪlz ɪt wɪð spɪɹɪt , pɜːpəs ænd ɪmoʊʃənəli bɹuːzd kæɹɪktɚz huː æd ʌp tə moːɹ ðɐn bɑːdi kaʊnt ",1
"toʊɾəli oʊvɚɹɔːt , diːpli baɪəst , ænd hoʊli dɪzaɪnd tə meɪk juː fiːl ɡɪlti ɐbaʊt ɪɡnoːɹɪŋ wʌt ðə fɪlmeɪkɚz klɪɹli bᵻliːv ɑːɹ ðə ɡɹeɪɾɪst mjuːzɪʃənz ʌv ɔːl taɪm ",0
ðɛɹ ɛs soʊ mʌtʃ tə lʊk æɾ ɪn mətɹɑːpəlɪs juː heɪt tə tɛɹ jʊɹ aɪz ɐweɪ fɹʌmðɪ ɪmɪdʒᵻz lɔŋ ɪnʌf tə ɹiːd ðə sʌbtaɪɾəlz ,1
wʊdi ælən juːzd tə ɹɪdɪkjuːl muːvɪz laɪk hɑːliwʊd ɛndɪŋ ,0
laɪtweɪt bʌt ɐpiːlɪŋ ,1
ðɛɹ ɪz nʌθɪŋ ɹᵻdiːmɪŋ ɐbaʊt ðɪs muːvi ,0
wʌt ɛs ɪnfjʊɹɹɪeɪɾɪŋ ɐbaʊt fʊl fɹʌntəl ɪz ðɐɾɪt ɛs tuː kloʊs tə ɹiːəl laɪf tə meɪk sɛns ,0
ðə muːvi ɛs siːmz meɪ ʃoʊ bʌt pɛlɪŋtən ɡɪvz mɑːθmən ɐn ɪɹᵻzɪstᵻbli ʌŋkæni æmbiəns ðæt ɡoʊz ɐ lɔŋ weɪ təwɔːɹd kiːpɪŋ ðə pɪktʃɚ kəmpɛlɪŋ ,1
"məkdaʊɛl ɡɪvz ɡɪv ɐ sɑːlɪd , æŋɡwɪʃt pɚfoːɹməns ðæt ɪklɪpsᵻz nɪɹli ɛvɹɪθɪŋ ɛls ʃiː ɛs ɛvɚ dʌn ",1
"dᵻɹɛktɚ pɔːl kɑːks ɛs ʌnɔːɹθədɑːks , æbstɹækt ɐpɹoʊtʃ tə vɪʒuːəlaɪzɪŋ nɪdʒɪnski ɛs daɪɚɹiz ɪz boʊθ stɪmjʊleɪɾɪŋ ænd dᵻmændɪŋ ",1
"ðə saɪt ʌvðə speɪsʃɪp ɔnðə lɑːntʃɪŋ pæd ɪz djuːli ɪmpɹɛsɪv ɪn ɪmæks dᵻmɛnʃənz , æz ɑːɹ ʃɑːts ʌvðɪ æstɹənɔːts floʊɾɪŋ ɪn ðɛɹ kæbɪnz ",1
"ðə juːniːk nɪtʃ ʌv sɛlf kɹɪɾɪkəl , bᵻhaɪnd ðə siːnz neɪvəl ɡeɪzɪŋ kɔːfmən hɐz kɑːɹvd fɹʌm ɔːɹliənz stoːɹi ænd hɪz oʊn ɪnfɪnət ɪnsᵻkjʊɹɹᵻɾi ɪz ɐ wɜːk ʌv aʊtstændɪŋ ɚɹɪdʒɪnælᵻɾi ",1
ðə stʌnt wɜːk ɪz tɑːp nɑːtʃ ðə daɪəlɑːɡ ænd dɹɑːmə ɔfən fuːd spɪɾɪŋli fʌni ,1
"luːkəz hɐz ɪn fækt kʌm kloʊsɚ ðɐn ɛnɪwʌn kʊd dɪzaɪɚ tə ðə tʃiːp , ɡɹeɪsləs , hæknid saɪ faɪ sɪɹiəlz ʌvðə θɜːɾi z ænd foːɹɾi z ",0
"ɐ faɪn ɛfɚt , ɐn ɪntɹɛstɪŋ tɑːpɪk , sʌm ɪntɹiːɡɪŋ kæɹɪktɚz ænd ɐ sæd ɛndɪŋ ",1
sʌmθɪŋ ɐpɪɹz tə hɐvbɪn lɔst ɪnðə tɹænsleɪʃən ðɪs taɪm ,0
fɛðɚweɪt ɹoʊmæntɪk kɑːmədi hɐz ɐ fjuː naɪs twɪsts ɪn ɐ stændɚd plɑːt ænd ðə kɚɹɪsmə ʌv hjuː ɡɹænt ænd sændɹə bʊlək ,1
"hɪpnɑːɾɪkli dʌl , ɹɪlɛntləsli daʊnbiːt , læfəbli pɹɪdɪktəbəl weɪl pɪtʃt tə ðə keɪdəns əvə dᵻpɹɛst fɪftiːn jɪɹ oʊld ɛs suːɪsaɪdəl poʊɪtɹi ",0
"ɛvɹɪθɪŋ ɐbaʊt ðə kwaɪət ɐmɛɹɪkən ɪz ɡʊd , ɛksɛpt ɪts taɪmɪŋ ",1
"ɪt ɛs ɐ smɑːɹtli dᵻɹɛktᵻd , ɡɹoʊn ʌp fɪlm ʌv aɪdiəz ",1
"ðə boːɹn aɪdɛntᵻɾi ʃʊd ɛnt biː hæf æz ɛntɚteɪnɪŋ æzɪtɪz , bʌt dᵻɹɛktɚ dʌɡ lɪmən ænd hɪz kɑːliːɡz hæv mænɪdʒd tə pæk ɪt wɪð ɪnʌf ækʃən tə sæɾɪsfaɪ ðə buːm bæm kɹaʊd wɪðaʊt ɐ hjuːdʒ sækɹᵻfaɪs ʌv kæɹɪktɚ ænd muːd ",1
"wʌns hiː stɑːɹts lɜːnɪŋ tə kɑːmpɹəmaɪz wɪð ɹɪælᵻɾi ɪnʌf tə bɪkʌm kəmpæɹətɪvli seɪn ænd hɛlθi , ðə fɪlm bɪkʌmz pɹɪdɪktəbli kənvɛnʃənəl ",0
"ɐ tʌtʃɪŋ , smɔːl skeɪl stoːɹi ʌv fæmɪli ɹᵻspɑːnsəbɪlᵻɾi ænd kɛɹ ɪnðə kəmjuːnᵻɾi ",1
"ðə ɡɪftᵻd kɹuːdʌp hɐz ðə pɜːfɛkt feɪs tə pleɪ ɐ hændsʌm blæŋk jɜːnɪŋ tə faɪnd hɪmsɛlf , ænd hɪz saɪfɚlaɪk pɜːsənælᵻɾi ænd bæd bᵻheɪvjɚ wʊd pleɪ faɪn ɪf ðə muːvi nuː wʌt tə duː wɪð hɪm ",0
ɐn ɑːɹtsplɔɪteɪʃən muːvi wɪð tuː mʌtʃ ɛksplɔɪteɪʃən ænd tuː lɪɾəl ɑːɹt ,0
"ʌnlɛs juː ɹiː ɐ fɐnæɾɪk , ðə bɛst ɐdvaɪs ɪz skuːbi duː ɛnt ",0
"nɪkoʊl kɪdmən ɪvɑːlvd fɹʌm stɑːɹ tə suːpɚstɑːɹ sʌm taɪm oʊvɚ ðə pæst jɪɹ , wɪtʃ miːnz ðæt bɜːθdeɪ ɡɜːl ɪz ðə kaɪnd ʌv kwɜːkili ɐpiːlɪŋ maɪnɚ muːvi ʃiː maɪt nɑːt meɪk fɚɹə waɪl ",1
ænd ðə pɑːzᵻtɪv tʃeɪndʒ ɪn toʊn hɪɹ siːmz tə hæv ɹᵻtʃɑːɹdʒd hɪm ,1
ðɛɹ ɛs dʒʌst sʌmθɪŋ ɐbaʊt wɑːtʃɪŋ ɐ skwɑːd ʌv saɪkoʊpæθɪk ʌndɚdɑːɡz weɪl ðə tɑːɹ aʊɾəv ʌnsəspɛktɪŋ lɔːmɛn ðæt ɹiːtʃᵻz əkɹɑːs taɪm ænd dɪstəns ,1
"ðə skɹɪpt ɪz haɪ ɔn skwɑːdi bæntɚ , loʊ ɔn ʃɑːks ",1
ɡoʊ bæk tə sliːp ,0
ðɪs muːvi pleɪz laɪk ɐn ɛkstɛndᵻd daɪəlɑːɡ ɛksɚsaɪz ɪn ɹᵻtɑːɹd wʌnhʌndɹɪd wʌn ,0
ɪt ɛs æz ɪf ɐ boːɹd keɪdʒ spɛnt ðə dʊɹɹeɪʃən ʌvðə fɪlm ɛs ʃuːɾɪŋ skɛdʒuːl weɪɾɪŋ tə skɹiːm ɡɑːt eɪdz jɛt ? ,0
"siːkɹᵻt bælət ɪz ɐ fʌni , pʌzlɪŋ muːvi æmbɪɡjuːəs ɪnʌf təbi ɛŋɡeɪdʒɪŋ ænd ɑːdli muːvɪŋ ",1
"ɐ vɪʒənɛɹi mɑːɹvəl , bʌt ɪt ɛs lækɪŋ ɐ dɛpθ ɪn stɔːɹɪtɛlɪŋ juːʒuːəli faʊnd ɪn ænɪmeɪ laɪk ðɪs ",0
"nɛɹ dʒʌst dʌz ɛnt hæv ðə nɛsᵻsɚɹi sɛlf kəntɹoʊl tə ɡaɪd ɐ luːs , pʊɹli stɹʌktʃɚd fɪlm θɹuː ðə pɪtfɔːlz ʌv ɪŋkoʊhɪɹəns ænd ɹᵻdʌndənsi ",0
wʌn ʌvðə moʊst slaɪli ɛkskwɪsɪt æntaɪ ɐdʌlt muːvɪz ɛvɚ meɪd ,1
ðɪs loʊ ɹɛnt ænd iːvən loʊɚ wɪt ɹɪp ɔf ʌvðə fæɹəli bɹʌðɚz ɜːvɹə ɡɛts weɪ tuː mʌʃi ænd ɪn ɐ ɹɛlətɪvli ʃɔːɹt ɐmaʊnt ʌv taɪm ,0
hæpɪli steɪz kloʊs tə ðə ɡɹaʊnd ɪn ɐ spɛɹ ænd sɪmpəl mænɚ ænd dʌz ɛnt pʌməl ʌs wɪð foʊni ɪmɪdʒɹi ɔːɹ mjuːzɪk ,1
"feɪlz æz ɐ dɪstoʊpiən muːvi , æz ɐ ɹᵻtuːlɪŋ ʌv fæɹənhaɪt foːɹhʌndɹɪd fɪfti wʌn , ænd iːvən æz ɐ ɹɪp ɔf ʌvðə meɪtɹɪks ",0
"wʌtɛvɚ wʌn meɪks ʌv ɪts pəlɪɾɪkəl ɛdʒ , ðɪs ɪz bjuːɾifəl fɪlmeɪkɪŋ fɹʌm wʌn ʌv fɹɛntʃ sɪnəmə ɛs mæstɚ kɹæftsmɛn ",1
"dʒæɡɚ , stɑːpɚd ænd dᵻɹɛktɚ maɪkəl æptᵻd dᵻlɪvɚɹ ɐ ɹɪvɪɾɪŋ ænd sɚpɹaɪzɪŋli ɹoʊmæntɪk ɹaɪd ",1
beɪnəl ænd pɹɪdɪktəbəl ,0
"teɪks ɐ klʌŋki tiːviː muːvi ɐpɹoʊtʃ tə diːteɪlɪŋ ɐ tʃæptɚɹ ɪnðə laɪf ʌvðə sɛləbɹeɪɾᵻd aɪɹɪʃ pleɪɹaɪt , poʊɪt ænd dɹɪŋkɚ ",0
ðə tɹæʃi tiːn sliːz ɪkwɪvələnt ʌv ʃoʊɡɜːlz ,0
"bɛst ʌv ɔːl ɪz ɡɑːɹsiːɐ , huː pɜːfɛktli poːɹtɹeɪz ðə dɛspɚɹeɪʃən əvə vɛɹi ɪnsᵻkjʊɹ mæn ",1
"ɪt dʌz ɛnt flɪntʃ fɹʌm ɪts ʌnsɛɾəlɪŋ pɹɑːɡnoʊsɪs , neɪmli , ðætðə lɛɡəsi ʌv wɔːɹ ɪz ɐ kaɪnd ʌv pɚpɛtʃuːəl peɪn ",0
"skuːbi duː dʌz ɛnt noʊ ɪf ɪt wɔnts təbi ɐ ɹɛtɹoʊ ɹiːfɪɾɪŋ ɛksɚsaɪz ɪn kæmpi ɹiːkɔːl fɔːɹ oʊldɚ fænz ɔːɹ ɐ sɪli , nɪkɪloʊdɪən ɛsk kɪdi flɪk ",0
ɐ dɹəmæɾɪk kɑːmədi æz plɛzəntli dɪsɑːnɪst ænd pæt æz ɛni hɑːliwʊd flʌf ,0
"ʌnfʌni ænd lækɪŋ ɛni sɛns ʌv kəmɪtmənt tʊ ɔːɹ ɐfɛkʃən fɔːɹ ɪts kæɹɪktɚz , ðə ɹɛdʒɪnəld hʌdlɪn kɑːmədi ɹᵻlaɪz ɔn tɔɪlɪt hjuːmɚ , ɛθnɪk slɜːz ",0
ðə bɛst dɪzni muːvi sɪns ðə laɪən kɪŋ ,1
"bɛst ɪndi ʌvðə jɪɹ , soʊ fɑːɹ ",1
fiːlz lɛs laɪk ɐ kʌzən tə bleɪd ɹʌnɚ ðɐn laɪk ɐ bɑːɾəm fiːdɚ siːkwəl ɪnðɪ ɛskeɪp fɹʌm nuː jɔːɹk sɪɹiz ,0
"ɪt dʒʌmps ɚɹaʊnd wɪð lɪɾəl lɑːdʒɪk ɔːɹ kɑːntɪnjuːᵻɾi , pɹɪzɛntɪŋ bæksteɪdʒ baɪts ʌv ɪnfɚmeɪʃən ðæt nɛvɚɹ ɐmaʊnt tʊ ɐ sæɾɪsfaɪɪŋ kəmpliːt pɪktʃɚɹ ʌv ðɪs pɚtɪkjʊlɚ , eɪntʃəntli dᵻmændɪŋ ɛm tɪɹ ",0
sɪmoʊn ɪz nɑːɾə bæd fɪlm ,1
"ɐ sɛksi , pɪkjuːlɪɹ ænd ɔːlweɪz ɛntɚteɪnɪŋ kɔstuːm dɹɑːmə sɛt ɪn ɹɛnəsɑːns speɪn , ænd ðə fækt ðɐɾɪt ɛs beɪst ɔn tɹuː ᵻvɛnts sʌmhaʊ meɪks ɪɾ ɔːl ðə moːɹ kəmpɛlɪŋ ",1
"æz ðə sʌlkɪŋ , muːdi meɪl hʌslɚɹ ɪnðə taɪɾəl ɹoʊl , ɛlɑːɹbiː fɹæŋkoʊ ɑːɹɹɑːɹbiː hɐz ɔːl ʌv diːn ɛs mænɚɹɪzəmz ænd sɛlf ɪndʌldʒəns , bʌt nʌn ʌv hɪz swiːtnəs ænd vʌlnɚɹəbɪlᵻɾi ",0
ðə fɜːst bɑːnd muːvi ɪn eɪdʒᵻz ðæt ɪz ɛnt feɪk fʌn ,1
"ðə pɹɑːbləm ɪz ðæt fɚðə moʊst pɑːɹt , ðə fɪlm ɪz dɛdli dʌl ",0
"fɚðə ɹɛst ʌv ʌs , sɪɾɪŋ θɹuː dɑːmɚ ɛs tuː aʊɚz ɐmaʊnts tə lɪɾəl moːɹ ðɐn pʌnɪʃmənt ",0
ðə ɹoʊlɚbɔːl siːkwənsᵻz fiːl sænɪtaɪzd ænd steɪdʒi ,0
ɹæmseɪ ænd mɔːɹtən fɪl ðɪs kæɹɪktɚ stʌdi wɪð poʊɛɾɪk foːɹs ænd bɔɪənt fiːlɪŋ ,1
ðə fɪlm ɪz seɪvd fɹʌm ɑːɹ ɛnt kɪdz kjuːt sɛntɪmɛntælᵻɾi baɪ ɐ wɔːɹmθ ðæt ɪz ɛnt feɪkt ænd ɐ steɪtli sɛns ʌv kɑːmpəzɪʃən ,1
"dɛθ tə smuːtʃi ɪz ɔfən vɛɹi fʌni , bʌt wʌt ɛs iːvən moːɹ ɹᵻmɑːɹkəbəl ɪz ðɪ ɪntɛɡɹᵻɾi ʌv dɪviːɾoʊ ɛs mɪsænθɹɑːpɪk vɪʒən ",1
ðɪ oʊnli jʌŋ piːpəl huː pɑːsᵻbli wɪl ɛndʒɔɪ ɪɾ ɑːɹ ɪnfənts huː maɪt biː dɪstɹæktᵻd baɪ ðə muːvi ɛs kwɪk muːvmənts ænd saʊndz ,0
ðɛɹ ɛs sʌmθɪŋ fɪʃi ɐbaʊt ɐ siːzənəl hɑːlɪdeɪ kɪdz muːvi ðæt dᵻɹaɪvz ɪts moʊmənt ʌv moʊst kənvɪnsɪŋ ɪmoʊʃənəl ɡɹævᵻɾi fɹʌm ɐ siːn wɛɹ sæntə ɡɪvz ɡɪfts tə ɡɹoʊnʌps ,0
ɪt kəlæpsᵻz wɛn mɪstɚ teɪlɚ tɹaɪz tə ʃɪft ðə toʊn tʊ ɐ θɹɪlɚ ɛs ɹʌʃ ,0
ɪt ɛs ɔːlsoʊ nɑːt smɑːɹt ɔːɹ bɑːɹbd ɪnʌf fɔːɹ oʊldɚ vjuːɚz nɑːt ɛvɹɪwʌn θɪŋks puː puː dʒoʊks ɑːɹ ɛdʒi ,0
"ɪt ɡɪvz pʊɹ deɪnə kɑːɹveɪ nʌθɪŋ tə duː ðæt ɪz ɹiəli fʌni , ænd ðɛn ɛkspɛkts ʌs tə læf bɪkʌz hiː ækts soʊ ɡuːfi ɔːl ðə taɪm ",0
"ɪfɪʃənt , suːɾəbli ɐnɑːnəməs tʃɪlɚ ",1
"staɪlɪstɪkli , ðə muːvi ɪz ɐ dɪzæstɚ ",0
"ɪt ɛs maɪldli ɛntɚteɪnɪŋ , ɪspɛʃəli ɪf juː faɪnd kʌmfɚt ɪn fəmɪliæɹᵻɾi ",1
ɐ ɡɪltləs fɪlm fɔːɹ naɪs iːvnɪŋ aʊt ,1
"wʌt meɪks sɔltən siː sɚpɹaɪzɪŋli ɛŋɡɹoʊsɪŋ ɪz ðæt kɑːɹɹuːsoʊ teɪks ɐn eɪtɪpɪkli hɪpnɑːɾɪk ɐpɹoʊtʃ tʊ ɐ wɜːld ðæt ɛs ɔfən hændəld ɪn fæst ɛdɪt , hɑːpt ʌp fæʃən ",1
ɐn ɑːpɚtuːnᵻɾi mɪst ,0
kænədə ɛs ɑːɹktɪk laɪt ʃaɪnz bɹaɪt ɔn ðɪs fɹoʊzən tʌndɹə soʊp ɑːpɚɹə ðæt bɹiːðz ɛkstɹoːɹdɪnɛɹi laɪf ɪntʊ ðə pɹaɪvət ɛɡzɪstəns ʌvðɪ ɪnjuːɪt piːpəl ,1
"fɹɛʃ ænd ɹɔː laɪk ɐ bloʊn aʊt veɪn , nɑːɹk teɪks ɐ wɔːkɪŋ dɛd , kɑːp flɪk sʌbdʒɛnɚ ænd biːts nuː laɪf ɪntʊ ɪt ",1
dɪɡnᵻfaɪd siːiːoʊ ɛs miːt æɾɚ ɹʌstɪk ɹᵻtɹiːt ænd piː ɐɡɛnst ɐ tɹiː ,0
"ɐ kɹiːpi , ɪntɚmɪtəntli paʊɚfəl stʌdi əvə sɛlf dᵻstɹʌktɪv mæn ɐbaʊt æz ʌnsɛɾəlɪŋ tə wɑːtʃ æz ɐn ɛksploːɹətoːɹi mɛdɪkəl pɹəsiːdʒɚ ɔːɹ ɐn ɔːtɑːpsi ",1
"ðɪ oʊvɚɹɔːl vaɪb ɪz dɹʌɡi ænd sɛlf ɪndʌldʒənt , laɪk ɐ spɹɪŋ bɹeɪk ɔːɹdʒi fɔːɹ pɹɪtɛnʃəs ɑːɹts meɪdʒɚz ",0
ðə tɹænspoːɹɾɚ bəmbɑːɹdz ðə vjuːɚ wɪð soʊ mɛni ɛksploʊʒənz ænd saɪd snæp kɪks ðɐɾɪt ɛndz ʌp biːɪŋ sɚpɹaɪzɪŋli dʌl ,0
"bᵻniːθ ðə fɪlm ɛs ɑːbviəs dɪtɜːmᵻneɪʃən tə ʃɑːk æɾ ɛni kɔst laɪz kənsɪdɚɹəbəl skɪl ænd dɪtɜːmᵻneɪʃən , bækt baɪ ʃɪɹ nɜːv ",1
"pɛɹi ɛs ɡʊd ænd hɪz ɪz ɐn ɪntɹɛstɪŋ kæɹɪktɚ , bʌt sɜːvɪŋ sɛɹə hɐz ɛnt mʌtʃ moːɹ tə sɜːv ðɐn sɪli flʌf ",0
"ðə fɪlm ɛs tɹeɪlɚɹ ɔːlsoʊ lʊkt laɪk kɹæp , soʊ kɹæp ɪz wʌt aɪ wʌz ɛkspɛktɪŋ ",0
"ðə sɛntɪmɛntəl skɹɪpt hɐz pɹɑːbləmz , bʌt ðɪ æktɚz pɪk ʌp ðə slæk ",1
pʊts ɐ ɹᵻfɹɛʃɪŋ ænd kɑːmɪkəl spɪn ɔnðɪ ɔːl tuː fəmɪlɪɹ sɑːɡə ʌvðə kəntɛmpɚɹɛɹi sɪŋɡəl wʊmən ,1
"ðɛɹɑːɹ sʌm læfs ɪn ðɪs muːvi , bʌt wɪljəmz ænɑːɹki ɡɛts taɪɚsʌm , ðə sæɾaɪɚɹ ɪz wiːk ",0
"bɔɪstɚɹəs , hɑːɹtfɛlt kɑːmədi ",1
"ɪt ɛs æz ɪf ælən , æt sɪksti sɪks , hɐz stɑːpt tʃæləndʒɪŋ hɪmsɛlf ",0
"ðə kæɹɪktɚz siːm wʌn dᵻmɛnʃənəl , ænd ðə fɪlm ɪz suːpɚfɪʃəl ænd wɪl pɹɑːbəbli biː ʌv ɪntɹɛst pɹaɪmɛɹᵻli tʊ ɪts tɑːɹɡɪt ɔːdiəns ",0
"aɪ ɛm ʃʊɹ meɪnstɹiːm ɔːdiənsᵻz wɪl biː bæfəld , bʌt , fɔːɹ ðoʊz wɪð æt liːst ɐ mɪnɪməl ɐpɹiːʃɪeɪʃən ʌv wʊlf ænd klæɹɪsə dæləweɪ , ðɪ aʊɚz ɹɛpɹᵻzɛnts tuː ʌv ðoʊz wɛl spɛnt ",1
"vɛɹi ɐmjuːzɪŋ , nɑːt ðə juːʒuːəl ɹaʊt ɪn ɐ θɹɪlɚ , ænd ðə pɚfoːɹmənsᵻz ɑːɹ ɑːd ænd pɪksᵻleɪɾᵻd ænd sʌmtaɪmz boʊθ ",1
"ɪf fɛstɪvəl ɪn kænz neɪlz hɑːɹd bɔɪld hɑːliwʊd ɑːɹɡət wɪð ɐ bɹeɪsɪŋli næsti ækjʊɹəsi , mʌtʃ ɐbaʊt ðə fɪlm , ɪŋkluːdɪŋ sʌm ʌv ɪts kæstɪŋ , ɪz fɹʌstɹeɪɾɪŋli ʌŋkənvɪnsɪŋ ",0
kɔːɹəl ɹiːf ɐdvɛntʃɚɹ ɪz ɐ hɛviweɪt fɪlm ðæt faɪts ɐ ɡʊd faɪt ɔn bᵻhæf ʌvðə wɜːld ɛs ɛndeɪndʒɚd ɹiːfs ænd ɪt lɛts ðə pɪktʃɚz duː ðə pʌntʃɪŋ ,1
"bʌt ɪt kʊd biː , baɪ ɪts ɑːɹt ænd hɑːɹt , ɐ nɛsᵻsɚɹi wʌn ",1
aɪ wɔntᵻd moːɹ ,0
ðɪ ɛntaɪɚ kæst ɪz ɛkstɹoːɹdɪnɛɹᵻli ɡʊd ,1
"æz ɪf tɹaɪɪŋ tə ɡɹæb ɐ lʌmp ʌv pleɪ doʊ , ðə hɑːɹdɚ ðæt lɪmən tɹaɪz tə skwiːz hɪz stoːɹi , ðə moːɹ diːteɪlz slɪp aʊt bᵻtwiːn hɪz fɪŋɡɚz ",0
"ɐ bɹeɪsɪŋ , ʌnblɪŋkɪŋ wɜːk ðæt sɜːvz æz ɐ peɪnfəl ɛlɪdʒi ænd soʊbɚɹɪŋ kɔːʃənɛɹi teɪl ",1
"ɐ faɪn , ɹaʊzɪŋ , dʒiː ɹeɪɾᵻd fæmɪli fɪlm , eɪmd meɪnli æt lɪɾəl kɪdz bʌt wɪð plɛnti ʌv ɛntɚteɪnmənt væljuː tə kiːp ɡɹoʊn ʌps fɹʌm skwɜːmɪŋ ɪn ðɛɹ siːts ",1
"ɪt ɛs ɪmɛnsli æmbɪʃəs , dɪfɹənt ðɐn ɛnɪθɪŋ ðæt ɛs bɪn dʌn bᵻfoːɹ ænd ɐmeɪzɪŋli səksɛsfəl ɪn tɜːmz ʌv wʌt ɪt ɛs tɹaɪɪŋ tə duː ",1
ɐ pɹɪtɛnʃəs mɛs ,0
ɪt sɛndz juː ɐweɪ ɐ bᵻliːvɚɹ ɐɡɛn ænd kwaɪt tʃɪɹd æt dʒʌst ðæt ,1
"tɜːmɪnəli blænd , peɪnfəli sloʊ ænd niːdləsli kənfjuːzɪŋ ðə muːvi , ʃɑːt ɔn dɪdʒɪɾəl vɪdɪoʊteɪp ɹæðɚ ðɐn fɪlm , ɪz fɹiːkwəntli ɪndᵻsaɪfɚɹəbəl ",0
ɐ vɛɹi dᵻpɹɛsɪŋ muːvi ʌv mɛni mɪst ɑːpɚtuːnᵻɾiz ,0
kæptʃɚz ðə ɹɔː kɑːmɪk ɛnɚdʒi ʌv wʌn ʌv aʊɚ moʊst flæmbɔɪənt fiːmeɪl kɑːmɪks ,1
"ɪf ðə mæn fɹʌm ɛlɪʒən fiːldz ɪz duːmd baɪ ɪts smɔːlnəs , ɪɾ ɪz ɔːlsoʊ ɛlɪveɪɾᵻd baɪ ɪt ðə kaɪnd ʌv muːvi ðæt juː ɛndʒɔɪ moːɹ bɪkʌz juː ɹiː wʌn ʌvðə lʌki fjuː huː sɔːt ɪɾ aʊt ",1
"ɹaɪɾɚ dᵻɹɛktɚ wɔltɚ hɪl ænd koʊ ɹaɪɾɚ deɪvɪd dʒaɪlɚ tɹaɪ tə kɹiːeɪt kæɹɪktɚz aʊɾəv ðɪ ɑːbviəs kliːʃeɪᵻz , bʌt waɪnd ʌp juːzɪŋ ðɛm æz pʌntʃɪŋ bæɡz ",0
"ðɪs ɹɛtʃᵻdli ʌnfʌni wɑːnɐbiː kɑːmədi ɪz ɪneɪn ænd ɔːfəl noʊ daʊt , ɪt ɛs ðə wɜːst muːvi aɪ viː siːn ðɪs sʌmɚ ",0
"ɪnðə pɹɑːsɛs ʌv tɹɪmɪŋ ðə muːvi tʊ ɐn ɛkspədɪʃəs eɪɾi foːɹ mɪnɪts , dᵻɹɛktɚ ɹɑːdʒɚ kʌmbəl siːmz tə hæv dʌmpt ɐ hoʊl lɑːt ʌv plɑːt ɪn feɪvɚɹ ʌv aʊtɹeɪdʒəs ɡæɡz ",0
"sɪŋɚ kəmpoʊzɚ bɹaɪən ædəmz kəntɹɪbjuːts ɐ sluː ʌv sɔŋz ɐ fjuː pətɛnʃəl hɪts , ɐ fjuːmoːɹ sɪmpli ɪntɹuːsɪv tə ðə stoːɹi bʌt ðə hoʊl pækɪdʒ sɜːʔn̩li kæptʃɚz ðɪ ɪntɛndᵻd , ɜː , spɪɹɪt ʌvðə piːs ",1
dʌz ɛnt kʌm kloʊs tə dʒʌstᵻfaɪɪŋ ðə haɪp ðæt sɚɹaʊndᵻd ɪts deɪbjuː æt ðə sʌndəns fɪlm fɛstɪvəl tuː jɪɹz ɐɡoʊ ,0
ðɪs slɛndɚ plɑːt fiːlz ɪspɛʃəli θɪn stɹɛtʃt oʊvɚ ðə nɪɹli eɪɾi mɪnɪt ɹʌnɪŋ taɪm ,0
ðə muːvi ɛs bɪɡɪst ʃɑːks kʌm fɹʌm siːɪŋ fɔːɹmɚ nɪmfɛt dʒuːlɪɛt luːɪs pleɪɪŋ ɐ sɔlt ʌvðɪ ɜːθ mɑːmi neɪmd mɪni ænd wɑːtʃɪŋ slɪm tɹævəl ɪŋkɑːɡniːɾoʊ ɪn ɐ ɹɪdɪkjʊləs wɪɡ noʊ ɹᵻspɛktəbəl hæloʊiːn kɔstuːm ʃɑːp wʊd ɛvɚ tɹaɪ tə sɛl ,0
"ɪf juː væljuː jʊɹ taɪm ænd mʌni , faɪnd ɐn ɛskeɪp klɔːz ænd ɐvɔɪd siːɪŋ ðɪs tɹaɪt , pɹɪdɪktəbəl ɹᵻhæʃ ",0
"boʊsts ɐ hændfəl ʌv vɜːtʃuːɑːzɪk sɛt piːsᵻz ænd ɔfɚz ɐ fɛɹ ɐmaʊnt ʌv tɹæʃi , kɪŋki fʌn ",1
"ðə dʒoʊks ɑːɹ flæt , ænd ðɪ ækʃən lʊks feɪk ",0
ɪt ɛs ɐ ɹɪpɚɹ əvə jɑːɹn ænd aɪ fɔːɹ wʌn ɛndʒɔɪd ðə θɹɪl ʌvðə tʃɪl ,1
"wɪɹdli , bɹuːmfiːld hɐz kəmpɛlɪŋ nuː mətɪɹiəl bʌt hiː dʌz ɛnt ʌnveɪl ɪɾ ʌntɪl ðɪ ɛnd , æftɚɹ ɛndləs siːnz ʌv hɪm wiːdlɪŋ ɹᵻlʌktənt wɪtnəsᵻz ænd pɔɪntɪŋ hɪz kæmɹə θɹuː ðə smɪɹd wɪndʃiːld ʌv hɪz ɹɛntəl kɑːɹ ",0
"wʌns foʊks stɑːɹɾᵻd hæŋɪŋ aʊt æt ðə bɑːɹbɚʃɑːp , ðeɪ nɛvɚ wɔntᵻd tə liːv ",1
"tʃɑːpi , oʊvɚlɔŋ dɑːkjuːmɛntɚɹi ɐbaʊt ðə laɪfstaɪl ",0
"bɛɾɚ stɪl , hiː dʌz ɔːl ʌv ðɪs , ænd moːɹ , waɪl ɹᵻmeɪnɪŋ wʌn ʌvðə moʊst sævɪdʒli hɪlɛɹiəs soʊʃəl kɹɪɾɪks ðɪs saɪd ʌv dʒɑːnəθən swɪft ",1
ðɪ ækʃən kwɪkli sɪŋks ɪntʊ baɪ ðə nʌmbɚz tɛɹɪtoːɹi ,0
ɛndz ʌp ɔfɚɹɪŋ nʌθɪŋ moːɹ ðɐn ðə leɪɾɪst ʃwɔːɹzənɛɡɚ ɔːɹ stæloʊn flɪk wʊd ,0
"ðoʊ ðɛɹɑːɹ mɛni tɛns siːnz ɪn tɹæpt , ðeɪ pɹuːv moːɹ dɪstɹɛsɪŋ ðɐn səspɛnsfəl ",0
"ðə læst kɪs wɪl pɹɑːbəbli nɛvɚɹ ɐtʃiːv ðə pɑːpjʊlæɹᵻɾi ʌv maɪ bɪɡ fæt ɡɹiːk wɛdɪŋ , bʌt ɪts pɹəvɑːkətɪv sɛntɹəl wɛdɪŋ siːkwəns hɐz fɑːɹmoːɹ ɪmpækt ",1
loʊ ɹɛnt fɹʌm fɹeɪm wʌn ,0
"ʃɛɹɪdən siːmz tɛɹᵻfaɪd ʌvðə bʊk ɛs ɪɹɛvɚɹənt ɛnɚdʒi , ænd skɑːtʃᵻz moʊst əv ɪts læn , hjuːmɚ , baɪl , ænd aɪɹəni ",0
"ʌnfɔːɹtʃənətli , kɑːɹveɪ ɛs ɹʌbɚ feɪs ɹuːtiːn ɪz noʊ mætʃ fɚðɪ ɪnsɪpɪd skɹɪpt hiː hɐz kɹæftᵻd wɪð hæɹɪs ɡoʊldbɜːɡ ",0
ɪt meɪ æz wɛl biː kɔːld dʒɑːɹ dʒɑːɹ bɪŋks ðə muːvi ,0
"oʊvɚ ðə jɪɹz , hɑːliwʊd hɐz kɹæftᵻd ɐ sɑːlɪd fɔːɹmjʊlə fɔːɹ səksɛsfəl ænɪmeɪɾᵻd muːvɪz , ænd aɪs eɪdʒ oʊnli ɪmpɹuːvz ɔn ɪt , wɪð tɚɹɪfɪk kəmpjuːɾɚ ɡɹæfɪks , ɪnvɛntɪv ækʃən siːkwənsᵻz ænd ɐ dɹoʊl sɛns ʌv hjuːmɚ ",1
"wʌt wʌn ɪz lɛft wɪð , iːvən æftɚ ðə moʊst ɔːfəl ækts ɑːɹ kəmɪɾᵻd , ɪz ɐn oʊvɚwɛlmɪŋ sædnəs ðæt fiːlz æz ɪf ɪt hɐz meɪd ɪts weɪ ɪntʊ jʊɹ vɛɹi blʌdstɹiːm ",1
ɪt heɪts ɪts kæɹɪktɚz ,0
"ɐn ɪŋkɹɛdɪbli hɛvi hændᵻd , mənɪpjʊlətɪv dʌd ðæt fiːlz ɔːl tuː fəmɪlɪɹ ",0
"wɪð ɪkaɪ ðə kɪlɚ , tækæʃi mɪaɪk , dʒəpæn ɛs waɪldɪst fɪlmeɪkɚ ɡɪvz ʌs ɐ kɹaɪm faɪɾɚ kæɹiɪŋ moːɹ ɪmoʊʃənəl bæɡɪdʒ ðɐn bætmæn ",0
"ɛnɪwʌn huː wɔnts tə stɑːɹt ɹaɪɾɪŋ skɹiːnpleɪz kæn dʒʌst fɑːloʊ ðə seɪm bluːpɹɪnt fɹʌm hʌndɹɪdz ʌv ʌðɚ fɪlmz , sɛl ɪt tə ðə haɪɪst bɪdɚ ænd wɔːk ɐweɪ wɪðaʊt ɛnɪwʌn tɹuːli noʊɪŋ jʊɹ aɪdɛntᵻɾi ",0
"kʌmz ɔf æz ɐ lɔŋ , lɐboːɹiəs waɪn , ðə bɛlɪeɪkɪŋ əvə pæɹənɔɪd ænd ʌnlaɪkəbəl mæn ",0
wiː duː ɛnt iːvən laɪk ðɛɹ kæɹɪktɚz ,0
dʒʌst ɐ kəlɛkʃən ʌv ðɪs ænd ðæt wʌtɛvɚ fɪlz taɪm wɪð noʊ juːnɪfaɪd hoʊl ,0
ðə kæɹɪktɚz nɛvɚ tʃeɪndʒ ,0
iːvən kɪdz dɪzɜːv bɛɾɚ ,0
"waɪl skoːɹsiːz ɛs boʊld ɪmɪdʒᵻz ænd dʒɛnɚɹəli smɑːɹt kæstɪŋ ɛnʃʊɹ ðæt ɡæŋz ɪz nɛvɚ lɛθɑːɹdʒɪk , ðə muːvi ɪz hɪndɚd baɪ ɐ sɛntɹəl plɑːt ðæt ɛs pɛpɚd wɪð fɔls stɑːɹts ænd pɑːpjʊleɪɾᵻd baɪ kæɹɪktɚz huː ɑːɹ nɪɹli ɪmpɑːsᵻbəl tə kɛɹ ɐbaʊt ",0
"wʌns aɪs tiː stɪks hɪz mʌɡ ɪnðə wɪndoʊ ʌvðə kʌpəl ɛs biːɛmdʌbəljuː ænd bɪɡɪnz hɚɹæŋɪŋ ðə waɪf ɪn bæd steɪdʒ daɪəlɑːɡ , ɔːl kɹɛdɪbɪlᵻɾi flaɪz aʊt ðə wɪndoʊ ",0
ðɪs ɪz moːɹ fæsᵻneɪɾɪŋ biːɪŋ ɹiːəl ðɐn ɛnɪθɪŋ siːn ɔn dʒɛɹi spɹɪŋɚ ,1
ɪntʊ haʊ lɔŋ ɪz ðɪs muːvi ? ,0
"ðə wɜːk əvən ɑːɹɾɪst toːɹmɛntᵻd baɪ hɪz hɛɹɪɾɪdʒ , juːzɪŋ hɪz stɔːɹɪtɛlɪŋ ɐbɪləɾi tʊ ɑːnɚ ðə mɛni feɪsləs vɪktɪmz ",1
"θɪŋk ðə laɪən kɪŋ ɹiːdʌn fɔːɹ hɔːɹsᵻz , wɪð fjuːɚ dᵻlɪbɚɹət læfs , moːɹ ɪnɐdvɜːtənt wʌnz ænd stʌnɪŋli tɹaɪt sɔŋz baɪ bɹaɪən ædəmz , ðə wɜːld ɛs moʊst dʒənɛɹɪk ɹɑːk stɑːɹ ",0
juː ɛlɛl pɹɑːbəbli lʌv ɪt ,1
ænd fɔːɹ ɔːl ðə ɹɔŋ ɹiːzənz bᵻsaɪdz ,0
"ɹɛmᵻnɪsənt ʌv ælfɹɪd hɪtʃkɑːk ɛs θɹɪlɚz , moʊst əv ðə skɛɹi pɑːɹts ɪn saɪnz əkɜː waɪl weɪɾɪŋ fɔːɹ θɪŋz tə hæpən ",1
"ɪn hɪz deɪbjuː æz ɐ dᵻɹɛktɚ , wɑːʃɪŋtən hɐz ɐ ʃʊɹ hænd ",1
"ɪf juː lʌv hɪm , juː ɛlɛl laɪk ɪt ",1
"wʌt ɛs soʊ fʌn ɐbaʊt ðɪs sɪli , aʊtɹeɪdʒəs , ɪndʒiːniəs θɹɪlɚɹ ɪz ðə dᵻɹɛktɚ ɛs tælənt ",1
"aɪ laɪk ðæt smɪθ , hiː ɛs nɑːt meɪkɪŋ fʌn ʌv ðiːz piːpəl , hiː ɛs nɑːt læfɪŋ æt ðɛm ",1
ðə lɑːdʒɪk ʌv ɪɾ ɔːl wɪl biː ɡɹiːk tʊ ɛnɪwʌn nɑːt pɹiːdɪspoʊzd tə ðə muːvi ɛs ɹuːd ænd kɹuːd hjuːmɚ ,0
ðə muːvi ɛs daʊnfɔːl ɪz tə sʌbstɪtuːt plɑːt fɔːɹ pɜːsənælᵻɾi ,0
soʊ mʌtʃ ɐbaʊt ðə fɪlm ɪz luːpi ænd luːdɪkɹəs ðɐɾɪt kʊdɐv bɪn ɐ huːt ɪn ɐ bæd muːvi weɪ ɪf ðə lɐboːɹiəs peɪsɪŋ ænd ɛndləs ɛkspəzɪʃən hɐdbɪn taɪʔn̩d ,0
"vɪktɚ ɹoʊsə ɪz lɛɡwɪzəmoʊ ɛs bɛst muːvi wɜːk soʊ fɑːɹ , ɐ sʌɾəl ænd ɹɪtʃli ɪntɜːnəlaɪzd pɚfoːɹməns ",1
saɪkəlɑːdʒɪkli sævi ,1
"ɐ stɜːɹɪŋ tɹɪbjuːt tə ðə bɹeɪvɚɹi ænd dɛdɪkeɪʃən ʌvðə wɜːld ɛs ɹᵻpoːɹɾɚz huː wɪlɪŋli wɔːk ɪntʊ ðə naɪtmɛɹ ʌv wɔːɹ nɑːt oʊnli tə ɹᵻkoːɹd ðɪ ᵻvɛnts fɔːɹ pɑːstɛɹᵻɾi , bʌt tə hɛlp ʌs klɪɹli siː ðə wɜːld ʌv aʊɚ meɪkɪŋ ",1
ɐ tʃɪlɪŋ muːvi wɪðaʊt əpɹɛsɪv ɡoːɹ ,1
"wiː ɐsuːm hiː hæd ɐ bæd ɹʌn ɪnðə mɑːɹkɪt ɔːɹ ɐ kɔstli dᵻvoːɹs , bɪkʌz ðɛɹ ɪz noʊ ɜːθli ɹiːzən ʌðɚ ðɐn mʌni waɪ ðɪs dɪstɪŋɡwɪʃt æktɚ wʊd stuːp soʊ loʊ ",0
"stɑːɹ tɹɛk wʌz kaɪnd ʌv tɚɹɪfɪk wʌns , bʌt naʊ ɪɾ ɪz ɐ kɑːpi əvə kɑːpi əvə kɑːpi ",0
sɛvɹəl ʌv stiːvən soʊdɚbɚɡ ɛs ɜːlɪɚ fɪlmz wɜː heɪld æz ðə wɜːks əvən ɑːɹɾɪst ,1
ðə ɹɪvɪɾɪŋ pɚfoːɹmənsᵻz baɪ ðɪ ɪŋkɹɛdɪbli flɛksɪbəl kæst meɪk lʌv ɐ dʒɔɪ tə bᵻhoʊld ,1
"ðə moʊst ɔːdeɪʃəs , aʊtɹeɪdʒəs , sɛkʃuːəli ɛksplɪsɪt , saɪkəlɑːdʒɪkli pɹoʊbɪŋ , pjʊɹ lɪbiːdoʊ fɪlm ʌvðə jɪɹ hɐz ɚɹaɪvd fɹʌm poːɹtʃəɡəl ",1
"ɐ θɔːtfəl muːvi , ɐ muːvi ðæt ɪz kənsɜːnd wɪð soʊlz ænd ɹɪsk ænd skiːmz ænd ðə kɑːnsɪkwənsᵻz ʌv wʌn ɛs ækʃənz ",1
"ðə dɹəmæɾɪk siːnz ɑːɹ fɹiːkwəntli ʌnɪntɛnʃənəli fʌni , ænd ðɪ ækʃən siːkwənsᵻz klɪɹli ðə meɪn ᵻvɛnt ɑːɹ sɚpɹaɪzɪŋli ʌnɪnvɑːlvɪŋ ",0
"dᵻɹɛktᵻd baɪ kɛvɪn bɹeɪ , huːz kɹɪsp fɹeɪmɪŋ , ɛdʒi kæmɹə wɜːk , ænd hoʊlseɪl ɪnɛptɪtuːd wɪð æktɪŋ , toʊn ænd peɪs vɛɹi ɑːbviəsli mɑːɹk hɪm æz ɐ vɪdɪoʊ hɛlmɚ meɪkɪŋ hɪz fiːtʃɚ deɪbjuː ",1
"bɪkʌz ðɪ ɪntɛlɪdʒəns lɛvəl ʌvðə kæɹɪktɚz mʌst biː loʊ , vɛɹi loʊ , vɛɹi vɛɹi loʊ , fɚðə mæskɚɹeɪd tə wɜːk , ðə muːvi kənteɪnz noʊ wɪt , oʊnli leɪbɚd ɡæɡz ",0
vjuːɚz ʌv bɑːɹni ɛs kɹʌʃɪŋli sɛlf ɪndʌldʒənt spɛktəkəl wɪl siː nʌθɪŋ ɪn ɪt tə mætʃ ðɪ ɔːɹdiəl ʌv sɪɾɪŋ θɹuː ɪt ,0
ðeɪ ɔːt təbi ɐ hoʊl lɑːt skɛɹiɚ ðɐn ðeɪ ɑːɹ ɪn ðɪs tɛpɪd ʒɑːnɹə ɔfɚɹɪŋ ,0
"æz ɪt tɜːnz aʊt , juː kæn ɡoʊ hoʊm ɐɡɛn ",1
"ɪt ɛs fɑːɹ fɹʌm ɐ fɹɑːθi piːs , ænd ðə kæɹɪktɚz ɑːɹ kɑːmplɛks , leɪdən wɪð plɛnti ʌv bæɡɪdʒ ænd tɪndʒd wɪð tɹædʒɪk ʌndɚtoʊnz ",1
hɪz wɜːk tɹænsɛndz ðə bɔɪ miːts ɡɜːl pɔstʃɚɹɪŋ ʌv tɪpɪkəl lʌv stoːɹiz ,1
ɹaɪɾɚ dᵻɹɛktɚɹ ɛm naɪt ʃaɪɐmælæn ɛs ɐbɪləɾi tə pʊl təɡɛðɚɹ iːzili æksɛsəbəl stoːɹiz ðæt ɹɛzəneɪt wɪð pɹəfʌndᵻɾi ɪz ʌndɪnaɪəbəl ,1
"fɔnteɪn ɛs dᵻɹɛkʃən , ɪspɛʃəli hɜːɹ ɐɡɹiːəbli stɑːɹɾəlɪŋ juːs ʌv kloʊs ʌps ænd hɜː ɡɹeɪs wɪð ɐ muːvɪŋ kæmɹə , kɹiːeɪts ʃɪɹli sɪnɪmæɾɪk ɐpiːl ",1
wʌt bʌbəlz ʌp aʊɾəv dʒɑːn siː wɔlʃ ɛs paɪp dɹiːm ɪz ðə dɪstɪŋkt ænd vɛɹi wɛlkʌm sɛns ʌv wɑːtʃɪŋ ɪntɛlɪdʒənt piːpəl meɪkɪŋ ɐ muːvi ðeɪ maɪt æktʃuːəli wɔnt tə wɑːtʃ ,1
ɐbɪsməli pɐθɛɾɪk ,0
"ɪnstɛd əvə bælənst fɪlm ðæt ɛkspleɪnz ðə zaɪtɡaɪst ðæt ɪz ðɪ ɛks ɡeɪmz , wiː ɡɛt ɐ sɪnɪmæɾɪk poʊstkɑːɹd ðæt ɛs suːpɚfɪʃəl ænd ʌnɹiːəlaɪzd ",0
"ðɪ ɪʃuːz ɑːɹ pɹɪzɛntᵻd ɪn sʌtʃ ɐ laʊsi weɪ , kəmpliːt wɪð sʌm ʌvðə jɪɹ ɛs ɛlɑːɹbiː ʌnɪntɛnʃənəli ɑːɹɹɑːɹbiː fʌnɪɪst moʊmənts , ðɐɾɪt ɛs ɪmpɑːsᵻbəl tə kɛɹ ",0
"blɛst wɪð tuː faɪn , nuːɑːnst liːd pɚfoːɹmənsᵻz ",1
"ɪɾ ɔːl ʌnfoʊldz pɹɪdɪktəbli , ænd ðɪ ɐdvɛntʃɚz ðæt hæpən ɐlɔŋ ðə weɪ siːm ɹᵻpɛɾᵻtɪv ænd dɪzaɪnd tə fɪl taɪm , pɹəvaɪdɪŋ noʊ ɹiːəl sɛns ʌv səspɛns ",0
ɐn ɛɡzɪlɐɹəɾɪŋ ɛkspiəɹɪəns ,1
ɐ dæzlɪŋ dɹiːm əvə dɑːkjuːmɛntɚɹi ,1
nɑːɹk ɪz ɐ noʊ bʊl θɹoʊbæk tə naɪntiːnhʌndɹɪd sɛvənti z ækʃən fɪlmz ,1
"dʒoʊnz meɪks ɐ ɡɹeɪt ɪmpɹɛʃən æz ðə ɹaɪɾɚ dᵻɹɛktɚɹ ʌv ðɪs lɪɾəl wʌn eɪt mɪliən tʃɑːɹmɚ , wɪtʃ meɪ nɑːt biː kʌɾɪŋ ɛdʒ ɪndi fɪlmeɪkɪŋ bʌt hɐz ɐ hjuːdʒ hɑːɹt ",1
"ɪnðə dɪstɜːbɪŋli ɪnvɑːlvɪŋ fæmɪli dɪsfʌŋkʃənəl dɹɑːmə haʊ aɪ kɪld maɪ fɑːðɚ , fɹɛntʃ dᵻɹɛktɚɹ æn fɔnteɪn dᵻlɪvɚz ɐn ɪnspaɪɚd poːɹtɹɪt ʌv meɪl ɹɪdən æŋst ænd ðɪ ɪmoʊʃənəl blɑːkɪdʒ ðæt ɐkʌmpəniz ðɪs hjuːmən kəndɪʃən ",1
ænɪmeɪɾᵻd dɹɪvəl mɛnt tʊ ɛnhæns ðə sɛlf ɪmɪdʒ ʌv dɹuːlɪŋ ɪdɪəts ,0
"bʌt ɹæðɚ , haʊ kæn juː tʃɑːɹdʒ mʌni fɔːɹ ðɪs ? ",0
ɔːstɪn paʊɚz ɪn ɡoʊldmɛmbɚ hɐz ðə ɹaɪt stʌf fɔːɹ sɪli sʌmɚɹ ɛntɚteɪnmənt ænd hɐz ɪnʌf læfs tə səsteɪn ɪntɹɛst tə ðɪ ɛnd ,1
"nɑːt ɹiəli ɐ θɹɪlɚ soʊ mʌtʃ æz ɐ muːvi fɔːɹ tiːnz tə læf , ɡɹoʊn ænd hɪs æt ",0
"ɐn ɪɹɑːɾɪk θɹɪlɚ ðæt ɛs niːðɚ tuː ɪɹɑːɾɪk nɔːɹ vɛɹi θɹɪlɪŋ , iːðɚ ",0
"fæmɪli poːɹtɹɪt ʌv niːd , nʊɹɹoʊsɪs ænd nɜːvi nɛɡɐtɪvᵻɾi ɪz ɐ ɹɛɹ tɹiːt ðæt ʃoʊz ðə pɹɑːmɪs ʌv dɪdʒɪɾəl fɪlmeɪkɪŋ ",1
ðɪ ʌniːvən muːvi dʌz hæv ɪts tʃɑːɹmz ænd ɪts fʌni moʊmənts bʌt nɑːt kwaɪt ɪnʌf ʌv ðɛm ,0
ɪt mænɪdʒᵻz tə skwiːz baɪ ɔn ændʒɪliːnə dʒoʊli ɛs sɚpɹaɪzɪŋ flɛɹ fɔːɹ sɛlf dɛpɹɪkeɪɾɪŋ kɑːmədi ,1
dɛm faɪnəli səksiːdz ɪn dᵻmɪnɪʃɪŋ hɪz stætʃɚ fɹʌm ɑːskɚ wɪnɪŋ mæstɚ tə loʊli stuːdɪoʊ hæk ,0
"aɪ ɛm nɑːt ʃʊɹ wɪtʃ ɪz wɜːs ðə pʊɹ æktɪŋ baɪ ðɪ ɑːnsɑːmbəl kæst , ðə flæt daɪəlɑːɡ baɪ vɪnsənt ɑːɹ nɛbɹɪdə ɔːɹ ðə ɡʌtləs dᵻɹɛkʃən baɪ lɔːɹɪs ɡɪlən ",0
"ɪt ɛs ɐn æmbɪʃəs fɪlm , ænd æz wɪð ɔːl æmbɪʃəs fɪlmz , ɪt hɐz sʌm pɹɑːbləmz ",1
"laɪk ðə bɛst sɪksti mɪnɪts ɛkspoʊz , ðə fɪlm ɛlɑːɹbiː æɾ eɪɾi mɪnɪts ɑːɹɹɑːɹbiː ɪz æktʃuːəli kwaɪt ɛntɚteɪnɪŋ ",1
ðə laʊsi liːd pɚfoːɹmənsᵻz kiːp ðə muːvi fɹʌm ɛvɚ ɹiːtʃɪŋ ðə kɑːmɪk haɪts ɪɾ ɑːbviəsli dɪzaɪɚd ,0
"mɛdəm meɪhɐv dɪsɹoʊbd moʊst əv ðə kæst , liːvɪŋ ðɛɹ bɑːdiz ɛkspoʊzd , bʌt ðə plɑːt ɹᵻmeɪnz æz ɡɑːɹdᵻd æz ɐ vɜːdʒɪn wɪð ɐ tʃæstᵻɾi bɛlt ",0
ɪz ɪt ɹiəli ɐn ɐdvæntɪdʒ tʊ ɪnvɛst sʌtʃ sʌɾəlɾi ænd wɔːɹmθ ɪn ɐn ænɪmɐtɹɑːnɪk bɛɹ wɛn ðə hjuːmənz ɑːɹ æktɪŋ laɪk pʌpɪts ? ,0
"ɑːɹt haʊs tə ðə koːɹ , ɹiːd maɪ lɪps ɪz ɐ ʒɑːnɹə kɜːlɪŋ kɹaɪm stoːɹi ðæt ɹᵻvaɪvz ðə fɹiː wiːlɪŋ nwɑːɹ spɪɹɪt ʌv oʊld fɹɛntʃ sɪnəmə ",1
"mɐdɑːnə hɐz meɪd hɜːsɛlf oʊvɚ soʊ ɔfən naʊ , ðɛɹ ɛs ɐpæɹəntli nʌθɪŋ lɛft tə wɜːk wɪð , sɔːɹt ʌv laɪk maɪkəl dʒæksən ɛs noʊz ",0
soʊ ɛɡzædʒɚɹeɪɾᵻd ænd bɹɔːd ðɐɾɪt kʌmz ɔf æz ɐnɔɪɪŋ ɹæðɚ ðɐn tʃɑːɹmɪŋ ,0
"ðə stoːɹi , laɪk ɹævəl ɛs bɑːlɛɹoʊ , bɪldz tʊ ɐ kɹəʃɛndoʊ ðæt ɛŋkʌmpəsᵻz mɛni moːɹ pæθs ðɐn wiː stɑːɹɾᵻd wɪð ",1
"ɪt hɐz fʌn wɪððə kwɜːks ʌv fæmɪli laɪf , bʌt ɪɾ ɔːlsoʊ tɹiːts ðə sʌbdʒɛkt wɪð fɑːndnəs ænd ɹᵻspɛkt ",1
ɪt ʃʊdəv steɪd ðɛɹ ,0
"wɛl , ɪt pɹɑːbəbli woʊ ɛnt hæv juː swɪŋɪŋ fɹʌmðə tɹiːz huːɾɪŋ ɪt ɛs pɹeɪzᵻz , bʌt ɪt ɛs dɛfɪnətli wɜːθ teɪkɪŋ ɐ lʊk ",1
"bɹɑːvoʊ fɔːɹ hɪstɚɹi ɹᵻɹɪʔn̩ , ænd fɚðɪ ʌŋkɑːmpɹəmaɪzɪŋ nɑːlɪdʒ ðætðə haɪɪst paʊɚɹ ʌv ɔːl ɪz ðə paʊɚɹ ʌv lʌv ",1
wʌt ɐ pɪɾi ðætðə mətɪɹiəl ɪz soʊ sɛkənd ɹeɪt ,0
ɪt ɛs ðæt ɡʊd ,1
ɐ mɪstʃɪvəs vɪʒuːəl staɪl ænd uːdəlz ʌv tʃɑːɹm meɪk tʃɛɹɪʃ ɐ vɛɹi ɡʊd ɛlɑːɹbiː bʌt nɑːt ɡɹeɪt ɑːɹɹɑːɹbiː muːvi ,1
"ɛnθuːziæstɪkli teɪkɪŋ ʌp ðə kɜːɹənt tiːn muːvi kənsɜːn wɪð bɑːdili fʌŋkʃənz , wɔlt bɛkɚ ɛs fɪlm pʊʃᵻz ɔːl ðə dɛməɡɹæfɪkli ɐpɹoʊpɹɪət kɑːmɪk bʌʔn̩z ",1
ɐ tɹuːli wʌndɚfəl teɪl kəmbaɪnd wɪð stʌnɪŋ ænɪmeɪʃən ,1
dᵻɹɛktɚz bɹɛt mɔːɹdʒən ænd nænɛt bɜːstaɪn hæv pʊt təɡɛðɚɹ ɐ boʊld baɪəɡɹæfɪkəl fænteɪʒə ,1
ɐ kənfjuːzɪŋ dɹʌdʒɹi ,0
"ɪt ɛs ɐ tɛstəmənt tə ðə fɪlm ɛs kənsɪdɚɹəbəl tʃɑːɹm ðɐɾɪt səksiːdz ɪn ɛntɚteɪnɪŋ , dᵻspaɪt pleɪɪŋ aʊt laɪk ɐ fiːtʃɚ lɛŋθ sɪtkɑːm ɹᵻpliːt wɪð stɛɹɪoʊtɪpɪkəl fæmɪlɪəl kwɔndɚɹiz ",1
ɛlɑːɹbiː ɐ ɑːɹɹɑːɹbiː mɛs ,0
pleɪz laɪk ɐ bæd blɛnd əvən oʊvɚɹaɪp ɛpɪsoʊd ʌv tiːviː ɛs dɔːsən ɛs kɹiːk ænd ɐ ɹᵻsaɪkəld ænd dʌmd daʊn vɜːʒən ʌv lʌv stoːɹi ,0
blæk ænd waɪt ænd ʌnɹiːəlɪstɪk ,0
"ɛlɑːɹbiː lɪn tʃʌŋ ɛs ɑːɹɹɑːɹbiː vɔɪs ɪz ɹæðɚɹ ʌnɛksɛpʃənəl , iːvən ɪɹᵻteɪɾɪŋ ɛlɑːɹbiː æt liːst tə ðɪs wɛstɚn ɪɹ ɑːɹɹɑːɹbiː , meɪkɪŋ ɪɾ ɔːfəli hɑːɹd tə baɪ ðɪ ɪmpəɾəs fɚðə kɑːmplᵻkeɪɾᵻd lʌv tɹaɪæŋɡəl ðæt dɪvɛləps bᵻtwiːn ðə θɹiː sɛntɹəl kæɹɪktɚz ",0
"ɪt ɛs nɑːt hɛlpfəl tə lɪsən tʊ ɛkstɹiːmɪst neɪm kɔːlɪŋ , ɹᵻɡɑːɹdləs ʌv wɛðɚ juː θɪŋk kɪsɪŋɚ wʌzɐ kælkjʊleɪɾɪŋ fiːnd ɔːɹ dʒʌst ɐ slɪpɚɹi sɛlf pɹəmoʊɾɚ ",0
"hɑːɹdli ɐn ɑːbdʒɛktɪv dɑːkjuːmɛntɚɹi , bʌt ɪt ɛs ɡɹeɪt sɪnɪmæɾɪk pɑːlɛmɪk lʌv mʊɹ ɔːɹ loʊð hɪm , juː viː ɡɑːt tʊ ɐdmaɪɚ ðɪ ɪntɛnsᵻɾi wɪð wɪtʃ hiː ɛs wɪlɪŋ tʊ ɛkspɹɛs hɪz kənvɪkʃənz ",1
ðə muːvi ɪz pɹɪɾi fʌni naʊ ænd ðɛn wɪðaʊt ɪn ɛni weɪ dᵻmiːnɪŋ ɪts sʌbdʒɛkts ,1
"ɐ lʌvli fɪlm ɛlɪɡənt , wɪɾi ænd bᵻniːθ ɐ pɹɪm ɛkstɪɹiɚɹ ʌnɐbæʃᵻdli ɹoʊmæntɪk hjuːdʒli ɛndʒɔɪəbəl ɪn ɪts oʊn ɹaɪt ðoʊ nɑːt ɹiəli feɪθfəl tʊ ɪts soːɹs ɛs kəmplɛksᵻɾi ",1
"ɐ sʌmɚɹi ʌvðə plɑːt dʌz ɛnt kwaɪt duː dʒʌstɪs tə ðɪ ɔːfəlnəs ʌvðə muːvi , fɔːɹ ðæt kʌmz θɹuː ɔːl tuː peɪnfəli ɪnðɪ ɛksɪkjuːʃən ",0
"teɪkən æz ɐ hoʊl , ðə tʌksiːdoʊ dʌz ɛnt æd ʌp tʊ ɐ hoʊl lɑːt ",0
ɡʊd lʊkɪŋ bʌt ɹɪlɛntləsli loʊbɹaʊ aʊɾɪŋ pleɪz laɪk kluːləs dʌz saʊθ fɔːɹk ,0
ɪntᵻmət ænd pænɚɹæmɪk ,1
sʌfɚz fɹʌm ɔːl ðɪ ɛksɛsᵻz ʌvðə ʒɑːnɹə ,0
heɪt ɪt bɪkʌz ɪt ɛs laʊsi ,0
"ðɪs ɹæðɚɹ ʌnfoʊkəst , ɔːl oʊvɚ ðə mæp muːvi wʊd biː ɐ lɑːt bɛɾɚ ɪf ɪt pɛɹd daʊn ɪts plɑːts ænd kæɹɪktɚz tʊ ɐ fjuː ɹæðɚ ðɐn dʌzənz ɔːɹ ɪf ɪt wɜː sʌtlɚ ɔːɹ ɪf ɪt hæd ɐ sɛns ʌv hjuːmɚ ",0
"bɪɡ fæt laɪɚɹ ɪz lɪɾəl moːɹ ðɐn hoʊm ɐloʊn ɹeɪzd tʊ ɐ nuː , sɛlf dɛpɹɪkeɪɾɪŋ lɛvəl ",0
ɐ doʊə dʌd fɹʌm fɹeɪm wʌn ,0
waɪ spɛnd naɪn ɔnðə seɪm stʌf juː kæn ɡɛt fɚɹə bʌk ɔːɹ soʊ ɪn ðæt ɡɹiːzi lɪɾəl vɪdɡeɪm pɪt ɪnðə θiəɾɚ lɑːbi ? ,0
dʒʌst ðə sɔːɹt ʌv leɪzi tɪɹdʒɚkɚ ðæt ɡɪvz muːvɪz ɐbaʊt ɔːɹdɪnɛɹi foʊk ɐ bæd neɪm ,0
hoʊm muːvi ɪz ɐ swiːt tɹɛʒɚ ænd sʌmθɪŋ wɛl wɜːθ jʊɹ taɪm ,1
"ɪt ɛs ɪnʌf tə wɑːtʃ hʌpɚt skiːmɪŋ , wɪð hɜː smɔːl , ɪntɛlɪdʒənt aɪz æz stɛdi æz ɛni nwɑːɹ vɪlən , ænd tʊ ɛndʒɔɪ ðə pɜːfɛktli pɪtʃt wɛb ʌv tɛnʃən ðæt tʃæbɹɑːl spɪnz ",1
"ðə bɑːɾəm laɪn wɪð nɛməsɪs ɪz ðə seɪm æz ɪt hɐzbɪn wɪð ɔːl ðə fɪlmz ɪnðə sɪɹiz fænz wɪl ʌndaʊɾᵻdli ɛndʒɔɪ ɪt , ænd ðɪ ʌŋkəmɪɾᵻd niːd ɛnt weɪst ðɛɹ taɪm ɔn ɪt ",1
ɹɑːbɪnsən ɛs wɛb ʌv səspɛns mætʃᵻz ðə peɪdʒ tɜːnɪŋ fɹɛnzi ðæt klænsi kɹiːeɪts ,1
ɐ hoʊki piːs ʌv nɑːnsəns ðæt tɹaɪz tuː hɑːɹd təbi ɪmoʊʃənəl ,0
"ɪntɛlɪdʒənt , kɔːstɪk teɪk ɔn ɐ ɡɹeɪt ɹaɪɾɚ ænd duːbɪəs hjuːmən biːɪŋ ",1
"laɪk ɪts taɪɾəl kæɹɪktɚ , ɛstɚ kɑːn ɪz ʌnjuːʒuːəl bʌt ʌnfɔːɹtʃənətli ɔːlsoʊ ɪɹᵻteɪɾɪŋ ",0
"wɛɹ dʒænɪs bɪɹd fɔltɚz ɪn ɪts ɹᵻsaɪkəld æspɛkts , ɪmplɔːzᵻbɪlᵻɾi , ænd sæɡz ɪn peɪs , ɪt ɹaɪzᵻz ɪn ɪts kɜːɹeɪdʒəsnəs , ænd kəmiːdɪk ɛmplɔɪmənt ",1
θɹoʊz ɪn ɪnʌf klɛvɚ ænd ʌnɛkspɛktᵻd twɪsts tə meɪk ðə fɔːɹmjʊlə fiːl fɹɛʃ ,1
ɐ fɛɹli hɑːɹmləs bʌt ʌltᵻmətli laɪfləs fiːtʃɚ lɛŋθ æftɚskuːl spɛʃəl ,0
aɪ dɪd ɛnt læf ,0
"hoʊm dʌz hɪz slaɪ , ɪntɹɪkət mædʒɪk , ænd aɪbən eɪtʃdʒɛldʒ ɪz ɛntaɪɚli ɐpiːlɪŋ æz pʌmpkɪn ",1
"wʌn ʌvðə fʌnɪɪst moʊʃən pɪktʃɚz ʌvðə jɪɹ , bʌt ɔːlsoʊ wʌn ʌvðə moʊst kjʊɹɹiəsli dᵻpɹɛsɪŋ ",1
biːlɪnski ɪz ɐ fɪlmeɪkɚɹ ʌv ɪmpɹɛsɪv tælənt ,1
"sʌtʃ ɐ pɹɛmɪs ɪz ɹaɪp fɔːɹ ɔːl mænɚɹ ʌv luːnəsi , bʌt kɔːfmən ænd ɡɑːndɹi ɹɛɹli siːm ʃʊɹ ʌv wɛɹ ɪt ʃʊd ɡoʊ ",0
ðə fɪlm ɪz ʌltᵻmətli ɐbaʊt æz ɪnspaɪɚɹɪŋ æz ɐ hɔːlmɑːɹk kɑːɹd ,0
ðə tɹʌblɪŋ θɪŋ ɐbaʊt klɑːkstɑːpɚz ɪz ðɐɾɪt dʌz ɛnt meɪk ɛni sɛns ,0
ʌniːvən pɚfoːɹmənsᵻz ænd ɐ spɑːɾi skɹɪpt æd ʌp tʊ ɐ baɪɾɪŋ sæɾaɪɚ ðæt hɐz noʊ tiːθ ,0
"iːvən ɔn ɪts oʊn luːdɪkɹəs tɜːmz , ðə sʌm ʌv ɔːl fɪɹz dʒɛnɚɹeɪts lɪɾəl næɹətɪv moʊmɛntəm , ænd ɪnvaɪts ʌnflæɾɚɹɪŋ kəmpæɹɪsənz tʊ ʌðɚɹ ɪnstɔːlmənts ɪnðə ɹaɪən sɪɹiz ",0
boʊsts ɪnʌf fʌni daɪəlɑːɡ ænd ʃɑːɹp kæɹɪktɚɹaɪzeɪʃənz təbi maɪldli ɐmjuːzɪŋ ,1
ðə moʊst əfɛnsɪv θɪŋ ɐbaʊt ðə muːvi ɪz ðæt hɑːliwʊd ɛkspɛkts piːpəl tə peɪ tə siː ɪt ,0
juː duː ɛnt noʊ wɛðɚ tʊ ɐdmaɪɚ ðə fɪlm ɛs steɪtli neɪtʃɚ ænd kɔːl ɪt klæsɪsɪzəm ɔːɹ biː ɛɡzæspɚɹeɪɾᵻd baɪ ɐ noʊɾɪsəbəl læk ʌv peɪs ,0
ðɪ ɔːθɚ ɛs dɛvoʊtiːz wɪl pɹɑːbəbli faɪnd ɪt fæsᵻneɪɾɪŋ ʌðɚz meɪ faɪnd ɪt bæflɪŋ ,0
"ðə teɪstfəl lɪɾəl ɹᵻvɪʒən wɜːks wʌndɚz , ɛnhænsɪŋ ðə kʌltʃɚɹəl ænd iːkənɑːmɪk sʌbtɛkst , bɹɪŋɪŋ ɹɪtʃɚ miːnɪŋ tə ðə stoːɹi ɛs mɔːɹəlz ",1
ɪt ɛs kweɪd huː æŋkɚz ðə fɪlm wɪð hɪz ɛfɚtləs pɚfoːɹməns ænd ðæt tɹeɪdmɑːɹk ɡɹɪn ʌv hɪz soʊ pɜːfɛkt fɚɹə bɔːlpleɪɚ ,1
"ɔfən mɛsi ænd fɹʌstɹeɪɾɪŋ , bʌt vɛɹi pliːzɪŋ æɾ ɪts bɛst moʊmənts , ɪt ɛs vɛɹi mʌtʃ laɪk laɪf ɪtsɛlf ",1
"ɪn ɪts dɹaɪ ænd foːɹsfəl weɪ , ɪt dᵻlɪvɚz ðə seɪm mɛsɪdʒ æz dʒiəɹi mɛnzəl ɛs kloʊsli wɑːtʃt tɹeɪnz ænd dæniz tænɑːvɪk ɛs noʊ mæn ɛs lænd ",1
"sɪŋks soʊ loʊ ɪn ɐ pʊɹli pleɪd ɡeɪm ʌv ɐbsɜːd plɑːt twɪsts , ɪdɪɑːɾɪk koːɹt mənuːvɚz ænd stuːpɪd kæɹɪktɚz ðæt iːvən fɹiːmən kɑː ɛnt seɪv ɪt ",0
ðɪs ɪz ðə kaɪnd ʌv muːvi ðæt ɡɛts ɐ kwɪk ɹᵻliːs bᵻfoːɹ ɹiːəl kəntɛndɚz ɚɹaɪv ɪn sɛptɛmbɚ ,0
"tɔːk tə hɜːɹ ɪz nɑːt ðə pɜːfɛkt muːvi mɛni hæv meɪd ɪɾ aʊt tə biː , bʌt ɪt ɛs stɪl kwaɪt wɜːθ siːɪŋ ",1
"ɪt ɛs ɔːlsoʊ bɪlt ɔn ɐ fɔlti pɹɛmɪs , wʌn ɪt fɑːloʊz ɪntʊ mɛlədɹɑːmə ænd sɪlinəs ",0
ʃeɪfɚ ɛs fiːtʃɚ dʌz ɛnt ɔfɚ mʌtʃ ɪn tɜːmz ʌv plɑːt ɔːɹ æktɪŋ ,0
"ɪn fækt , iːvən bɛɾɚ ",1
fiːlz fəmɪlɪɹ ænd taɪɚd ,0
ðə muːvi ɪz tuː ɪmpɹɛst wɪð ɪts oʊn sɑːləm ɪnsaɪts tə wɜːk ʌp mʌtʃ ɛntɚteɪnmənt væljuː ,0
bʌt ɪt ɛs wɜːθ ðə kɑːnsəntɹeɪʃən ,1
ɐ kɑːmplɛks saɪkəlɑːdʒɪkəl dɹɑːmə ɐbaʊt ɐ fɑːðɚ huː ɹᵻtɜːnz tə hɪz sʌn ɛs hoʊm æftɚ dɛkeɪdz ɐweɪ ,1
ðə fɪlm ɛs ɪntᵻmət kæmɹə wɜːk ænd sɪɹɪŋ pɚfoːɹmənsᵻz pʊl ʌs diːp ɪntʊ ðə ɡɜːlz kənfjuːʒən ænd peɪn æz ðeɪ stɹʌɡəl tɹædʒɪkli tə kɑːmpɹihɛnd ðə kæzəm ʌv nɑːlɪdʒ ðæt ɛs oʊpənd bᵻtwiːn ðɛm ,1
"hjuːmɚɹəs ænd hɑːɹtfɛlt , dʌɡləz məɡɹæθ ɛs vɜːʒən ʌv nɪkələs nɪklɛbi lɛft miː fiːlɪŋ ɹᵻfɹɛʃt ænd hoʊpfəl ",1
"wʌt liː dʌz soʊ mɑːɹvələsli kəmpɛlɪŋ ɪz pɹɛzənt bɹaʊn æz ɐ kæɾɐlɪst fɚðə stɹʌɡəl ʌv blæk mænhʊd ɪn ɹᵻstɹɪktɪv ænd keɪɑːɾɪk ɐmɛɹɪkə skɛtʃi bʌt nɛvɚðəlɛs ɡɹɪpɪŋ poːɹtɹɪt ʌv dʒɪm bɹaʊn , ɐ sɛləbɹeɪɾᵻd wʌndɚɹ ɪnðə spɑːtlaɪt ",1
wʌn θɪŋ juː hæv tə ɡɪv ðɛm kɹɛdɪt fɚðə mɛsɪdʒ ʌvðə muːvi ɪz kənsɪstənt wɪððə mɛsɪdʒᵻz ɛspaʊst ɪnðə kʌmpəni ɛs pɹiːviəs vɪdɪoʊ wɜːk ,1
"ɪz nɑːt soʊ mʌtʃ ɐ wɜːk ʌv ɛntɚteɪnmənt æzɪtɪz ɐ juːniːk , wɛl kɹæftᵻd saɪkəlɑːdʒɪkəl stʌdi ʌv ɡɹiːf ",1
bɹɑːsnən ɛs faɪnɪst nɑːn bɑːndɪʃ pɚfoːɹməns jɛt feɪlz tʊ oʊvɚkʌm ðə fɪlm ɛs mənɪpjʊlətɪv sɛntɪmɛntælᵻɾi ænd ɐnɔɪɪŋ stɛɹɪoʊtaɪps ,0
"ɐn iːvən moːɹ pɹɪdɪktəbəl , kliːʃeɪ ɹɪdən ɛndɛvɚ ðɐn ɪts pɹɛdᵻsɛsɚ ",0
"ðə stɔːɹɪtɛlɪŋ meɪ biː ɔːɹdɪnɛɹi , bʌt ðə kæst ɪz wʌn ʌv ðoʊz ɔːl stɑːɹ ɹiːjuːniənz ðæt fænz ʌv ɡɑːsfɚd pɑːɹk hæv kʌm tʊ ɐsuːm ɪz dʒʌst ɐnʌðɚ deɪ ʌv bɹɪt sɪnəmə ",1
kætʃ ɪt ɪf juː kæn ! ,1
tə seɪ ðæt ðɪs væpɪd viəkəl ɪz daʊnɹaɪt doʊltɪʃ ænd ʌnᵻvɛntfəl ɪz dʒʌst æz ɑːbviəs æz tɛlɪŋ ɐ kʌntɹi skʌŋk ðæt hiː hɐz sᵻvɪɹ bɑːdi oʊdɚ ,0
ɪt ɛs nɑːt tuː mʌtʃ ʌv ɛnɪθɪŋ ,0
wʌn ʌvðə moʊst haɪli pɹeɪzd dɪsɐpɔɪntmənts aɪ viː hæd ðə mɪsfɔːɹtʃʊn tə wɑːtʃ ɪn kwaɪt sʌm taɪm ,0
ɛvɹɪθɪŋ wʌz æz suːpɚfɪʃəl æz ðə foːɹst nuː dʒɜːsi loʊbɹaʊ æksənt uːmə hæd ,0
ðə bɑːɹd æz blæk kɑːmədi wɪli wʊdhɐv lʌvd ɪt ,1
"mɛmɚɹəbəl fɚɹə pɪkjuːlɪɹ mæleɪz ðæt ɹɛndɚz ɪts tɛnʃən flæsɪd ænd , baɪ ɛkstɛnʃən , ɪts sɚpɹaɪzᵻz lɪmp ænd ɪts ɹɛzəluːʃənz ɹɪtʃuːəl ",0
ðɪs ɪz wʌn ʌv ðoʊz ɹɛɹ dɑːks ðæt peɪnts ɐ ɡɹænd pɪktʃɚɹ əvən iəɹə ænd meɪks ðə dʒɜːni fiːl laɪk ɐ pɑːɹɾi ,1
ðə pɚfoːɹmənsᵻz ɑːɹ ɹᵻmɑːɹkəbəl ,1
"æz mʌtʃ æz aɪ læft θɹuːaʊt ðə muːvi , aɪ kæn nɑːt maʊnt ɐ koʊdʒənt dᵻfɛns ʌvðə fɪlm æz ɛntɚteɪnmənt , ɔːɹ iːvən pɚfoːɹməns ɑːɹt , ɔːlðoʊ ðə muːvi dʌz liːv juː mɑːɹvəlɪŋ æt ðiːz ɡaɪz suːpɚhjuːmən kəpæsᵻɾi tə wɪðstænd peɪn ",1
"nɑːɾə stɹaɪk ɐɡɛnst jɑːŋ ɛs sɪmɪlɚli θiːmd ji ji , bʌt aɪ faʊnd wʌt taɪm ? ",0
ɛvɹɪθɪŋ ðæt wʌz ɹaɪt ɐbaʊt bleɪd ɪz ɹɔŋ ɪn ɪts siːkwəl ,0
boʊθ ɐ bjuːɾɪfəli meɪd neɪtʃɚ fɪlm ænd ɐ tɹɪbjuːt tʊ ɐ wʊmən huːz pæʃən fɔːɹ ðɪs ɹiːdʒən ænd ɪts ɪnhæbɪtənts stɪl ʃaɪnz ɪn hɜː kwaɪət bluː aɪz ,1
ðɪs ɪz ɐ ʃɹuːd ænd ɪfɛktɪv fɪlm fɹʌm ɐ dᵻɹɛktɚ huː ʌndɚstændz haʊ tə kɹiːeɪt ænd səsteɪn ɐ muːd ,1
ɛlɑːɹbiː piː ɑːɹɹɑːɹbiː ɑːɹtnɚɹɪŋ mɜːfi wɪð ɹɑːbɚt də niəɹoʊ fɚðə tiːviː kɑːps kɑːmədi ʃoʊtaɪm wʊd siːm təbi ʃʊɹfaɪɚ kæstɪŋ ,1
aɪ hæv ɐ kənfɛʃən tə meɪk aɪ dɪd ɛnt pɚtɪkjʊlɚli laɪk iː tiː ðə fɜːst taɪm aɪ sɔː ɪɾ æz ɐ jʌŋ bɔɪ ,0
ɐ kæptᵻveɪɾɪŋ nuː fɪlm ,1
"ɪt tɛndz tə ɹᵻmaɪnd wʌn əvɚ ɹiəli sɑːlɪd wʊdi ælən fɪlm , wɪð ɪts ɛksələnt juːs ʌv nuː jɔːɹk loʊkælz ænd ʃɑːɹp ɹaɪɾɪŋ ",1
juː diː hæv təbi ɐ moʊst hɑːɹd hɑːɹɾᵻd pɜːsən nɑːt təbi muːvd baɪ ðɪs dɹɑːmə ,1
ðɪs ɪz dʒʌst leɪzi ɹaɪɾɪŋ ,0
"ɐ muːvi ðæt wɪl ʃʊɹli biː pɹəfeɪn , pəlɪɾɪkli tʃɑːɹdʒd mjuːzɪk tə ðɪ ɪɹz ʌv tʃoʊ ɛs fænz ",1
"waɪl ðɪ ɑːnsɑːmbəl pleɪɚ huː ɡeɪnd noʊɾɪs ɪn ɡaɪ ɹɪtʃi ɛs lɑːk , stɑːk ænd tuː smoʊkɪŋ bæɹəlz ænd snætʃ hɐz ðə bɑːd , hiː ɛs ʌnlaɪkli tə bɪkʌm ɐ haʊshoʊld neɪm ɔnðə beɪsɪs ʌv hɪz fɜːst stɑːɹɹɪŋ viəkəl ",0
kəpoʊlə hɐz meɪd ɐ fɪlm ʌv ɪntɑːksᵻkeɪɾɪŋ ætməsfɪɹ ænd lɪɾəl ɛls ,1
ɪz wʌn ʌv ðɪs jɪɹ ɛs vɛɹi bɛst pɪktʃɚz ,1
ðə fɪlm ɪz dɑːɹkli fʌni ɪn ɪts ɑːbzɚveɪʃən ʌv dʒʌst haʊ mʌtʃ moːɹ ɡɹuːəlɪŋ ænd taɪm kənsuːmɪŋ ðɪ ɪluːʒən ʌv wɜːk ɪz ðɐn æktʃuːəl wɜːk ,1
"ðə stɹɛŋθ ʌvðə fɪlm kʌmz nɑːt fɹʌm ɛni sɪnɪmæɾɪk ɹæzəl dæzəl bʌt fɹʌm ɪts ɹᵻkʌvɚɹi əvən hɪstɔːɹɪkəl ɛpɪsoʊd ðæt , ɪnðə sɪmpəl tɛlɪŋ , pɹuːvz saɪməlteɪniəsli hæɹoʊɪŋ ænd ʌplɪftɪŋ ",1
ɐ kəmpɛlɪŋ fɹɛntʃ saɪkəlɑːdʒɪkəl dɹɑːmə ɛɡzæmɪnɪŋ ðɪ ɛŋkaʊntɚɹ əvən ɐluːf fɑːðɚ ænd hɪz tʃɪli sʌn æftɚ twɛnti jɪɹz ɐpɑːɹt ,1
ɑːŋ ɛs pɹɑːmɪsɪŋ deɪbjuː ɪz ɐ wɔːɹm ænd wɛl toʊld teɪl ʌv wʌn ɹiːsənt tʃaɪniːz ɪmɪɡɹənt ɛs ɛkspiəɹɪənsᵻz ɪn nuː jɔːɹk sɪɾi ,1
"sæɾɪsfaɪɪŋli skæɹᵻfaɪɪŋ , fɹɛʃ ænd oʊld fæʃənd æt ðə seɪm taɪm ",1
tɹeɪlɚ tɹæʃ sɪnəmə soʊ ʌŋkuːl ðɪ oʊnli θɪŋ mɪsɪŋ ɪz ðə ɡædzʊks ! ,0
"woʊ ɛnt biː pleɪst ɪnðə pænθɪən ʌvðə bɛst ʌvðə swɑːʃbʌklɚz bʌt ɪɾ ɪz ɐ hoʊl lɑːt ʌv fʌn ænd juː ɡɛt tə siː ðə wʌn ʌvðə wɜːld ɛs bɛst æktɚz , dænjəl ɔːtjuːɪl , hæv ɐ weɪl əvə ɡʊd taɪm ",1
"bɪkʌz ðə ʒɑːnɹə ɪz wɛl ɪstæblɪʃt , wʌt meɪks ðə muːvi fɹɛʃ ɪz smɑːɹt ɹaɪɾɪŋ , skjuːd kæɹɪktɚz , ænd ðə taɪɾəl pɚfoːɹməns baɪ kiəɹən kʌlkɪn ",1
moːɹ səfɪstᵻkeɪɾᵻd ænd lɪɾɚɹət ðɐn sʌtʃ pɪktʃɚz juːʒuːəli ɑːɹ ɐn ɐmjuːzɪŋ lɪɾəl kætʃ ,1
"aɪ faʊnd ðə ɹɪŋ mɑːdɚɹətli ɐbsoːɹbɪŋ , lɑːɹdʒli fɔːɹ ɪts ɛlɪɡəntli kʌlɚfəl lʊk ænd saʊnd ",1
"ɐ ɡɹeɪsfəl , muːvɪŋ tɹɪbjuːt tə ðə kɜːɹɪdʒ ʌv nuː jɔːɹk ɛs faɪnɪst ænd ɐ naɪsli ʌndɚsteɪɾᵻd ɛkspɹɛʃən ʌvðə ɡɹiːf ʃɛɹd baɪ ðə neɪʃən æt ðɛɹ sækɹᵻfaɪs ",1
ænd ɪt ɛs hɑːɹdɚ stɪl tə bᵻliːv ðæt ɛnɪwʌn ɪn hɪz ɹaɪt maɪnd wʊd wɔnt tə siː ðɪ ɪt ,0
"kəntɹaɪvd æz ðɪs meɪ saʊnd , mɪstɚ ɹoʊz ɛs ʌpdeɪɾɪŋ wɜːks sɚpɹaɪzɪŋli wɛl ",1
"mɪstɚ diːdz ɪz nɑːt ɹiəli ɐ fɪlm æz mʌtʃ æzɪtɪz ɐ luːs kəlɛkʃən ʌv nɑːt soʊ fʌni ɡæɡz , skæɾɚd moʊmənts ʌv leɪzi hjuːmɚ ",0
"dʒʌst ɐ stɹɪŋ ʌv steɪl ɡæɡz , wɪð noʊ ɡʊd ɪnsaɪd doʊp , ænd noʊ pɚtɪkjʊlɚ baɪt ",0
ɪt ɛs ɔːlweɪz ɛnθɹɔːlɪŋ ,1
wʌn bɪɡ blʌstɚɹi muːvi wɛɹ nʌθɪŋ ɹiəli hæpənz ,0
"wʌn ʌv ðoʊz ɹɛɹ fɪlmz ðæt siːmz æz ðoʊ ɪt wʌz ɹɪʔn̩ fɔːɹ noʊwʌn , bʌt sʌmhaʊ mænɪdʒᵻz tə kənvɪns ɔːlmoʊst ɛvɹɪwʌn ðɐɾɪt wʌz pʊt ɔnðə skɹiːn , dʒʌst fɔːɹ ðɛm ",1
daɪæn leɪn wɜːks nʌθɪŋ ʃɔːɹt əvə maɪnɚ mɪɹəkəl ɪn ʌnfeɪθfəl ,1
wʌn ʌvðə vɛɹi bɛst muːvɪz ɛvɚ meɪd ɐbaʊt ðə laɪf ʌv muːvɪmeɪkɪŋ ,1
"ɪz mɛni θɪŋz stoʊnɚ mɪdnaɪt flɪk , saɪ faɪ diːkənstɹʌkʃən , ɡeɪ fænteɪʒə bʌt əbʌv ɔːl ɪt ɛs ɐ lʌv stoːɹi æz sæŋɡwɪn æz ɪts taɪɾəl ",1
"bʌt ɪf ðɪ ɛsəns ʌv mædʒɪk ɪz ɪts meɪk bᵻliːv pɹɑːmɪs ʌv laɪf ðæt soːɹz əbʌv ðə mətɪɹiəl ɹɛlm , ðɪs ɪz ðɪ ɑːpəzɪt əvə tɹuːli mædʒɪkəl muːvi ",0
"ɐ laʊd , bɹæʃ ænd meɪnli ʌnfʌni haɪ skuːl kɑːmədi ",0
"wɑːtʃɪŋ dʒʌŋk laɪk ðɪs ɪnduːsᵻz ɐ kaɪnd ʌv æbstɹækt ɡɪlt , æz ɪf juː wɜː peɪɪŋ duːz fɔːɹ ɡʊd bʊks ʌnɹɛd , faɪn mjuːzɪk nɛvɚ hɜːd ",0
"ɐn ɪnjuːɪt mæstɚpiːs ðæt wɪl ɡɪv juː ɡuːsbʌmps æz ɪts ʌŋkæni teɪl ʌv lʌv , kəmjuːnəl dɪskoːɹd , ænd dʒʌstɪs ʌnfoʊldz ",1
kæn biː vjuːd æz pjʊɹ kɑːmpəzɪʃən ænd fɔːɹm fɪlm æz mjuːzɪk ,1
"ðɪs ɪz ɐ ɹᵻmeɪk baɪ ðə nʌmbɚz , lɪŋkɪŋ ɐ hæfwɪt plɑːt tʊ ɐ sɪɹiz ʌv stændʌp ɹuːtiːnz ɪnwɪtʃ wɪlsən ænd mɜːfi ʃoʊ haʊ fʌni ðeɪ kʊdɐv bɪn ɪn ɐ moːɹ æmbɪʃəs muːvi ",0
ðə dʒoʊks ɑːɹ tɛlᵻɡɹæft soʊ fɑːɹ ɪn ɐdvæns ðeɪ mʌstɐv bɪn lɔst ɪnðə meɪl ,0
ɐ kɹuːəli fʌni twɪst ɔn tiːn kɑːmədi pækt wɪð ɪnvɛntɪv sɪnɪmæɾɪk tɹɪks ænd ɐn aɪɹɑːnɪkli kɪlɚ saʊndtɹæk ,1
smɑːɹɾɚ ðɐn ɪts kəmɜːʃəlz meɪk ɪt siːm ,1
ɐ ɹiːzənəbli ɛntɚteɪnɪŋ siːkwəl tə naɪntiːnhʌndɹɪd naɪnti foːɹ ɛs sɚpɹaɪz fæmɪli hɪt ðæt meɪ stɹeɪn ɐdʌlt kɹɛdɪbɪlᵻɾi ,1
"kʊdɐv bɪn kɹɪspɚ ænd pʌntʃiɚ , bʌt ɪt ɛs laɪkli tə pliːz ɔːdiənsᵻz huː laɪk muːvɪz ðæt dᵻmænd foːɹ hæŋkiz ",1
ɐ fɹɛntʃ fɪlm wɪð ɐ moːɹ daʊn hoʊm fleɪvɚ ,1
"wɛn ɐ muːvi æsks juː tə fiːl sɑːɹi fɔːɹ mɪk dʒæɡɚ ɛs sɛks laɪf , ɪɾ ɔːlɹɛdi hɐz wʌn stɹaɪk ɐɡɛnst ɪt ",0
ɐn eɪʒən niːoʊ ɹiːəlɪst tɹɛʒɚ ,1
dʒənɛɹɪk θɹɪlɚ dʒʌŋk ,0
"ɐn ɑːnɪst , sɛnsᵻtɪv stoːɹi fɹʌm ɐ viːɛtnəmiːz pɔɪnt ʌv vjuː ",1
"waɪl sʌm ʌvðə kæmɹə wɜːk ɪz ɪntɹɛstɪŋ , ðə fɪlm ɛs mɪd tə loʊ bʌdʒɪt ɪz bᵻtɹeɪd baɪ ðə sɚpɹaɪzɪŋli ʃɑːdi meɪkʌp wɜːk ",0
"moːɹ ðɐn ðɛɹ juːniːk ɹɛzᵻdənsᵻz , hoʊm muːvi ɪz ɐbaʊt ðə piːpəl huː lɪv ɪn ðɛm , huː hæv kɑːɹvd ðɛɹ oʊn kʌmftəbəl nɪtʃ ɪnðə wɜːld ænd hɐvbɪn kaɪnd ɪnʌf tə ʃɛɹ ɪt ",1
"ɐpæɹəntli , ɹoʊmæntɪk kɑːmədi wɪð ɐ fɹɛʃ pɔɪnt ʌv vjuː dʒʌst dʌz ɛnt fɪɡjɚɹ ɪnðə pɹɛzənt hɑːliwʊd pɹoʊɡɹæm ",0
"θæŋks tə kɑːnfɪdənt fɪlmeɪkɪŋ ænd ɐ pɛɹ ʌv fæsᵻneɪɾɪŋ pɚfoːɹmənsᵻz , ðə weɪ tə ðæt dɛstɪneɪʃən ɪz ɐ ɹiəli spɛʃəl wɔːk ɪnðə wʊdz ",1
ɐ kəmpɛlɪŋ ælɪɡɚɹi ɐbaʊt ðə læst deɪz ʌv dʒɜːməni ɛs dɛməkɹæɾɪk waɪmɚ ɹᵻpʌblɪk ,1
ɔːɹ meɪbiː haʊ wɪl juː fiːl æftɚɹ ɐn eɪɾi eɪt mɪnɪt ɹɪp ɔf ʌvðə ɹɑːk wɪð ækʃən kənfaɪnd tə sloʊ moʊ ɡʌn faɪɚɹɪŋ ænd ɹændəm ɡlæs ʃæɾɚɹɪŋ ? ,0
"ɪt fɔːlz fɑːɹ ʃɔːɹt ʌv poʊɪtɹi , bʌt ɪt ɛs nɑːt bæd pɹoʊz ",1
ðə θɪŋz ðɪs muːvi tɹaɪz tə ɡɛt ðɪ ɔːdiəns tə baɪ dʒʌst woʊ ɛnt flaɪ wɪð moʊst ɪntɛlɪdʒənt vjuːɚz ,0
"sɪliɚ , kjuːɾɚ , ænd ʃɔːɹɾɚ ðɐn ðə fɜːst ɛlɑːɹbiː æz bɛst aɪ ɹᵻmɛmbɚɹ ɑːɹɹɑːɹbiː , bʌt stɪl ɐ vɛɹi ɡʊd taɪm æt ðə sɪnəmə ",1
"baɪ ðə taɪm ðə sɚpɹaɪz ɛndɪŋ ɪz ɹᵻviːld , ɪntɹɛst kæn nɑːt biː ɹᵻvaɪvd ",0
ɐ slɑːpi slæpstɪk θɹoʊbæk tə lɔŋ ɡɔn bɑːɾəm ʌvðə bɪl fɛɹ laɪk ðə ɡoʊst ænd mɪstɚ tʃɪkɪn ,0
ɐ bᵻɡaɪlɪŋ ɪvəkeɪʃən ʌvðə kwɔlᵻɾi ðæt kiːps dɪkənz ɛvɚɡɹiːn ðɪ ɛɡzjuːbɚɹənt oʊpənnəs wɪð wɪtʃ hiː ɛkspɹɛsᵻz aʊɚ moʊst beɪsɪk ɪmoʊʃənz ,1
"skɑːtlənd , pɑː ɪz ɛntaɪɚli tuː stɹeɪt feɪsd tə tɹænsɛnd ɪts klɛvɚ kɑːnsɛpt ",0
aɪ fɜːmli bᵻliːv ðæɾə ɡʊd vɪdɪoʊ ɡeɪm muːvi ɪz ɡoʊɪŋ tə ʃoʊ ʌp suːn ,1
tʃeɪkən eɪbli bælənsᵻz ɹiːəl taɪm ɹɪðəmz wɪð pɹəpʌlsɪv ɪnsɪdənt ,1
ðə muːvi ɪz ɐbaʊt æz diːp æz ðæt sɛntɪmənt ,0
"bɹeɪnləs , bʌt ɛndʒɔɪəbli oʊvɚ ðə tɑːp , ðə ɹɛtɹoʊ ɡæŋ mɛlədɹɑːmə , djuːsᵻz waɪld ɹɛpɹᵻzɛnts fɪftiz tiːn ɡæŋ mɐtʃɪzmoʊ ɪn ɐ weɪ ðæt boːɹdɚz ɔn ɹʌf tɹeɪd hoʊmoʊ ɪɹɑːɾɪsɪzəm ",0
"ɪf juː ɛvɚ wɔntᵻd təbi ɐn æstɹənɔːt , ðɪs ɪz ðɪ ʌltᵻmət muːvi ɛkspiəɹɪəns ɪt ɛs ɪnfɔːɹmətɪv ænd bɹɛθteɪkɪŋli spɛktækjʊlɚ ",1
iːvən ðə daɪɡɹɛʃənz ɑːɹ fʌni ,1
"ænd , θæŋks tə ðə pɹɛzəns ʌv ðə kɪŋ , ɪɾ ɔːlsoʊ ɹɑːks ",1
"ɪn ʌðɚ wɜːdz , ɐbaʊt æz bæd ɐ fɪlm juː ɹiː laɪkli tə siː ɔːl jɪɹ ",0
"vɪʒuːəli fæsᵻneɪɾɪŋ ɐn ɔfən ɪntɛns kæɹɪktɚ stʌdi ɐbaʊt fɑːðɚz ænd sʌnz , lɔɪəlɾi ænd duːɾi ",1
"æz vaɪələnt , pɹəfeɪn ænd ɛksplɔɪɾətɪv æz ðə moʊst əfɛnsɪv ækʃən flɪk juː viː ɛvɚ siːn ",0
"wiː viː siːn ðə hɪpi tɜːnd jʌpi plɑːt bᵻfoːɹ , bʌt ðɛɹ ɛs ɐn ɛnθuːziæstɪk tʃɑːɹm ɪn faɪɚ ðæt meɪks ðə fɔːɹmjʊlə fɹɛʃ ɐɡɛn ",1
ɡɛts bɛɾɚɹ æftɚ fɑːstɚ liːvz ðæt lɪɾəl ɹuːm ,1
"kəmpʌlsɪvli wɑːtʃəbəl , noʊ mæɾɚ haʊ dᵻɡɹeɪdᵻd θɪŋz ɡɛt ",1
"ɛlɑːɹbiː ɛvənz ɪz ɑːɹɹɑːɹbiː ɐ fæsᵻneɪɾɪŋ kæɹɪktɚ , ænd dɪzɜːvz ɐ bɛɾɚ viəkəl ðɐn ðɪs fɐsiːʃəs smɜːk əvə muːvi ",0
"ðə plɑːt ɡɹoʊz θɪn suːn , ænd juː faɪnd joːɹsɛlf pɹeɪɪŋ fɚɹə kwɪk ɹɛzəluːʃən ",0
"ðɪs ɪz ɹoʊt spuːkinəs , wɪð nɛɹi ɐn ɚɹɪdʒɪnəl aɪdiə ɛlɑːɹbiː ɔːɹ ɹoʊl , ɔːɹ ɛdɪt , ɔːɹ skoːɹ , ɔːɹ ɛnɪθɪŋ , ɹiəli ɑːɹɹɑːɹbiː ɪn saɪt , ænd ðə hoʊl ʌvðə pɹəsiːdɪŋz bɛɡ ðə kwɛstʃən waɪ ? ",0
mænɪdʒᵻz təbi hoʊlsʌm ænd səbvɜːsɪv æt ðə seɪm taɪm ,1
"fiːlz eɪmləs fɔːɹ mʌtʃ ʌv ɪts ɹʌnɪŋ taɪm , ʌntɪl leɪt ɪnðə fɪlm wɛn ɐ taɪdəl weɪv ʌv plɑːt ɚɹaɪvz , liːvɪŋ kwɛstʃənz ɪn ɪts weɪk ",0
"ɐ fjuː zɪŋɡɚz ɐsaɪd , ðə ɹaɪɾɪŋ ɪz ɪndɪfɹənt , ænd dʒoːɹdən bɹeɪdi ɛs dᵻɹɛkʃən ɪz pɹəseɪɪk ",0
ðə kɔːɹps kaʊnt ʌltᵻmətli oʊvɚɹaɪdz wʌt lɪɾəl wiː lɜːn ɐlɔŋ ðə weɪ ɐbaʊt vɪkɛɹiəs ɹᵻdɛmpʃən ,0
"ɐ wɪʃi wɑːʃi mɛlədɹɐmæɾɪk muːvi ðæt ʃoʊz ʌs plɛnti ʌv stɜːm ʌnd dɹʌŋ , bʌt ɛkspleɪnz ɪts kæɹɪktɚz dᵻsɪʒənz oʊnli ʌnsæɾɪsfæktɚɹəli ",0
"ɐ taɪɚd , ʌnnɛsᵻsɚɹi ɹᵻtɹɛd ɐ steɪl kɑːpi əvə pɪktʃɚ ðæt wʌz ɛnt ɔːl ðæt ɡɹeɪt tə bɪɡɪn wɪð ",0
"ɪz ɛnt æz ʃɑːɹp æz ðɪ ɚɹɪdʒɪnəl dᵻspaɪt sʌm vɪʒuːəl vɜːtʃuːz , bleɪd ɹoʊmən tuː dʒʌst dʌz ɛnt kʌt ɪt ",0
ɛnɪɡmə læks ɪt ,0
"mɪstɚ keɪn ænd mɪstɚ fɹeɪsɚɹ ɑːɹ ðə hoʊl ʃoʊ hɪɹ , wɪð ðɛɹ mɛmɚɹəbəl ænd ɹᵻsoːɹsfəl pɚfoːɹmənsᵻz ",1
tuː bæd nʌn ʌv ɪɾ ɪz fʌni ,0
oʊvɚkʌmz ɪts vɪʒuːəl hɪdiəsnəs wɪð ɐ ʃɑːɹp skɹɪpt ænd stɹɔŋ pɚfoːɹmənsᵻz ,1
"ðɛɹ ɛs noʊ kənvɜːʒən ɛfɚt , mʌtʃ ʌvðə ɹaɪɾɪŋ ɪz dʒɛnjuːɪnli wɪɾi ænd boʊθ stɑːɹz ɑːɹ ɐpiːlɪŋ ɪnʌf tə pɹɑːbəbli hæv ɐ ɡʊd ʃɑːt æɾə hɑːliwʊd kɚɹɪɹ , ɪf ðeɪ wɔnt wʌn ",1
"jɛt ɪn ɪts oʊn ɐluːf , ʌnɹiːtʃəbəl weɪ ɪt ɛs soʊ fæsᵻneɪɾɪŋ juː woʊ ɛnt biː eɪbəl tə lʊk ɐweɪ fɚɹə sɛkənd ",1
ðɪs fɪlm pʊts wæŋɡ æt ðə fɔːɹfɹʌnt ʌv tʃaɪnə ɛs sɪksθ dʒɛnɚɹeɪʃən ʌv fɪlm meɪkɚz ,1
ɐ soʊbɚɹɪŋ ænd paʊɚfəl dɑːkjuːmɛntɚɹi ɐbaʊt ðə moʊst sᵻvɪɹ kaɪnd ʌv pɜːsənəl lɔs ɹᵻdʒɛkʃən baɪ wʌn ɛs mʌðɚ ,1
"laɪk ðə fʊl mɔnti , ðɪs ɪz ʃʊɹ tə ɹeɪz ɔːdiəns ɛs spɪɹɪts ænd liːv ðɛm sɪŋɪŋ lɔŋ æftɚ ðə kɹɛdɪts ɹoʊl ",1
"aɪ hæv ɔːlweɪz ɐpɹiːʃɪeɪɾᵻd ɐ smɑːɹtli ɹɪʔn̩ moʊʃən pɪktʃɚ , ænd , wʌtɛvɚ flɔːz ɪɡbi ɡoʊz daʊn meɪ pəzɛs , ɪɾ ɪz ʌndɪnaɪəbli ðæt ",1
"ɛlɑːɹbiː ɛn ɑːɹɹɑːɹbiː oʊ mæɾɚ haʊ mʌtʃ ɡʊd wɪl ðɪ æktɚz dʒɛnɚɹeɪt , ʃoʊtaɪm ᵻvɛntʃuːəli foʊldz ʌndɚɹ ɪts oʊn θɪnnəs ",0
nɑːt mɛni muːvɪz hæv ðæt kaɪnd ʌv ɪmpækt ɔn miː ðiːz deɪz ,1
"æftɚ sɪɾɪŋ θɹuː ðɪs slɑːpi , meɪd fɔːɹ muːvi kɑːmədi spɛʃəl , ɪt meɪks miː wʌndɚ ɪf lɔːɹəns heɪts kɹɪɾɪsɪzəm soʊ mʌtʃ ðæt hiː ɹᵻfjuːzᵻz tʊ ɪvæljuːeɪt hɪz oʊn wɜːk ",0
"tɛksən dᵻɹɛktɚ dʒɔːɹdʒ ɹætlɪf hæd ʌnlɪmɪɾᵻd æksɛs tə fæmɪliz ænd tʃɜːtʃ miːɾɪŋz , ænd hiː dᵻlɪvɚz fæsᵻneɪɾɪŋ saɪkəlɑːdʒɪkəl fɛɹ ",1
"ɑːbviəsli , ɐ lɑːt ʌv piːpəl weɪstᵻd ɐ lɑːt ʌv ðɛɹ taɪm ɛlɑːɹbiː ɪŋkluːdɪŋ maɪn ɑːɹɹɑːɹbiː ɔn sʌmθɪŋ vɛɹi ɪŋkɑːnsɪkwɛnʃəl ",0
ʃʊdəv ɡɔn stɹeɪt tə vɪdɪoʊ ,0
mɛɹɪæm ɪz moːɹ taɪmli naʊ ðɐn ɛvɚ ,1
koʊp ɛs skɹiːnpleɪ ɪz ɛnt nɪɹli sɚpɹaɪzɪŋ ɔːɹ klɛvɚɹ ɪnʌf tə səsteɪn ɐ ɹiːzənəbəl dᵻɡɹiː ʌv səspɛns ɔn ɪts oʊn ,0
ɪt dɪzɜːvz təbi siːn ɛvɹɪwɛɹ ,1
"ɐ taɪmli lʊk bæk æt sɪvəl dɪsoʊbiːdiəns , æntaɪ wɔːɹ muːvmənts ænd ðə paʊɚɹ ʌv stɹɔŋ vɔɪsᵻz ",1
"juː duː ɛnt niːd tə noʊ jʊɹ aɪs tiː ɛs fɹʌm jʊɹ kuːl dʒeɪ ɛs tə ɹiːəlaɪz ðæt æz fɑːɹ æz ðiːz ʃuːɾɪŋz ɑːɹ kənsɜːnd , sʌmθɪŋ ɪz ɹɑːʔn̩ ɪnðə steɪt ʌv kælɪfoːɹniə ",0
baɪ tɜːnz vɛɹi dɑːɹk ænd vɛɹi fʌni ,1
kəmpliːtli ɔːfəl ɪɹeɪniən dɹɑːmə æz mʌtʃ fʌn æz ɐ ɡɹaʊtʃi aɪɐtɑːlə ɪn ɐ koʊld mɑːsk ,0
"səspɛnd jʊɹ dɪsbᵻliːf hɪɹ ænd naʊ , ɔːɹ juː ɛlɛl biː ʃeɪkɪŋ jʊɹ hɛd ɔːl ðə weɪ tə ðə kɹɛdɪts ",0
nʌθɪŋ moːɹ ðɐn foːɹ ɔːɹ faɪv maɪld tʃʌkəlz sɚɹaʊndᵻd baɪ eɪɾi sɪks mɪnɪts ʌv oʊvɚli fəmɪlɪɹ ænd pʊɹli kənstɹʌktᵻd kɑːmədi ,0
ʌniːvən bʌt ɐ lɑːt ʌv fʌn ,1
ðə sæɾaɪɚɹ ɪz dʒʌst tuː iːzi təbi dʒɛnjuːɪnli sæɾɪsfaɪɪŋ ,0
"ðə bɪɡɪst pɹɑːbləm aɪ hæv ɛlɑːɹbiː ʌðɚ ðɐn ðə vɛɹi slʌɡɪʃ peɪs ɑːɹɹɑːɹbiː ɪz wiː nɛvɚ ɹiəli siː hɜːɹ ɛstɚ blɔsəm æz ɐn æktɹəs , iːvən ðoʊ hɜː tælənt ɪz səpoʊzd təbi ɡɹoʊɪŋ ",0
"ɪt ɛs æz kɑːmpɹihɛnsᵻbəl æz ɛni dʌmɪz ɡaɪd , sʌmθɪŋ iːvən nɑːn tɛkiz kæn ɛndʒɔɪ ",1
"ɐ zɑːmbi muːvi ɪn ɛvɹi sɛns ʌvðə wɜːd maɪndləs , laɪfləs , miːændɚɹɪŋ , laʊd , peɪnfəl , ɑːbnɑːkʃəs ",0
ɛlɑːɹbiː mʊɹ ɛs ɑːɹɹɑːɹbiː bɛɾɚɹ æt fɪŋɡɚɹɪŋ pɹɑːbləmz ðɐn faɪndɪŋ səluːʃənz ,0
fjuːzᵻz ðɪ ᵻvɛnts ʌv hɜː laɪf wɪððɪ ɪmɪdʒɹi ɪn hɜː peɪntɪŋz soʊ vɪvɪdli ðætðɪ ɑːɹɾɪst ɛs wɜːk meɪ teɪk ɔn ɐ stɹaɪkɪŋ nuː sɪɡnɪfɪkəns fɔːɹ ɛnɪwʌn huː siːz ðə fɪlm ,1
ɪz ðɛɹ ɐ ɡɹuːp ʌv moːɹ sɛlf ɐbsoːɹbd wɪmɪn ðɐn ðə mʌðɚ ænd dɔːɾɚz fiːtʃɚd ɪn ðɪs fɪlm ? ,0
"ðɛɹɑːɹ tʃiːsi bækdɹɑːps , ɹɪdɪkjʊləs ækʃən siːkwənsᵻz , ænd mɛni taɪɚd dʒoʊks ɐbaʊt mɛn ɪn hiːlz ",0
"ɛlɑːɹbiː ɡɹiːn ɪz ɑːɹɹɑːɹbiː ðə kɑːmədi ɪkwɪvələnt ʌv sædəm hʌsiːn , ænd aɪ ɛm dʒʌst ɐbaʊt ɹɛdi tə ɡoʊ tə ðə juː ɛn ænd æsk pɚmɪʃən fɚɹə pɹiːɛmptɪv stɹaɪk ",0
"wʌns ɐɡɛn , dᵻɹɛktɚ kɹɪs kəlʌmbəs teɪks ɐ hæt ɪn hænd ɐpɹoʊtʃ tə ɹaʊlɪŋ ðæt staɪfəlz kɹiːeɪtɪvᵻɾi ænd ɐlaʊz ðə fɪlm tə dɹæɡ ɔn fɔːɹ nɪɹli θɹiː aʊɚz ",0
"sʌm ʌvðə kæɹɪktɚz daɪ ænd ʌðɚz duː ɛnt , ænd ðə fɪlm pɹɪtɛndz ðæt ðoʊz lɪvɪŋ hæv lɜːnd sʌm sɔːɹt ʌv lɛsən , ænd , ɹiəli , noʊbɑːdi ɪnðə vjuːɪŋ ɔːdiəns kɛɹz ",0
bɹeɪv ænd swiːtli ɹɛndɚd lʌv stoːɹi ,1
"fɔːɹ dɛkeɪdz wiː viː mɑːɹvəld æt dɪzni ɛs ɹɛndɚɹɪŋ ʌv wɔːɾɚ , snoʊ , fleɪmz ænd ʃædoʊz ɪn ɐ hænd dɹɔːn ænɪmeɪɾᵻd wɜːld ",1
ðə lɛvəl ʌv æktɪŋ ɛlɪveɪts ðə mətɪɹiəl əbʌv pæt ɪnspɚɹeɪʃənəl stæɾəs ænd ɡɪvz ɪɾ ɐ stɜːdinəs ænd səlɪdᵻɾi ðæt wiː viː lɔŋ ɐsoʊsɪeɪɾᵻd wɪð wɑːʃɪŋtən ðɪ æktɚ ,1
"waɪl tætuː bɑːɹoʊz hɛvili fɹʌm boʊθ sɛvən ænd ðə saɪləns ʌvðə læmz , ɪt mænɪdʒᵻz tə meɪnteɪn boʊθ ɐ lɛvəl ʌv səfɪstᵻkeɪɾᵻd ɪntɹiːɡ ænd hjuːmən skeɪl kæɹɪktɚz ðæt sʌk ðɪ ɔːdiəns ɪn ",1
"lɔŋ bᵻfoːɹ ɪt ɛs oʊvɚ , juː ɛlɛl biː θɪŋkɪŋ ʌv fɪfti wʌn weɪz tə liːv ðɪs luːzɚ ",0
"ðə fɪlm bᵻlɔŋz tə ðə mɑːɹvələs vɜːduː , ɐ sɛksi slɪp əvən ɜːθ mʌðɚ huː moːɹnz hɜː tɹædʒədiz ɪn pɹaɪvət ænd ɛmbɹeɪsᵻz laɪf ɪn pʌblɪk ",1
ɐ θɔːt pɹəvoʊkɪŋ ænd ɔfən fʌni dɹɑːmə ɐbaʊt aɪsəleɪʃən ,1
"bɪɾɚswiːt kɑːmədi dɹɑːmə fʊl ʌv laɪf , hænd dʒɛstʃɚz , ænd sʌm ɹiəli ɐdoːɹəbəl ɪtæliən ɡaɪz ",1
"ðə taʊn hɐz kaɪnd əvən ɔːθɛntɪk fiːl , bʌt iːtʃ wʌn ʌv ðiːz piːpəl stænd aʊt ænd ɛvɹɪbɑːdi ɛls ɪz ɪnðə bækɡɹaʊnd ænd ɪt dʒʌst siːmz mænjuːfæktʃɚd tə miː ænd ɑːɹɾɪfɪʃəl ",0
ðɪs ɪz ɐ sɪnsɪɹli kɹæftᵻd pɪktʃɚ ðæt dɪzɜːvz tʊ ɪmɜːdʒ fɹʌmðə tɹæfɪk dʒæm ʌv hɑːlɪdeɪ muːvɪz ,1
ɹᵻmɑːɹkəbəl fɔːɹ ɪts ɪntɛlɪdʒəns ænd ɪntɛnsᵻɾi ,1
ɐ kəmpliːt weɪst ʌv taɪm ,0
ʃʊd biː ɹᵻkwaɪɚd vjuːɪŋ fɔːɹ sɪvɪks klæsᵻz ænd wʊd biː pʌblɪk sɜːvənts ɐlaɪk ,1
ɐn ɪntᵻmət kɑːntəmpleɪʃən ʌv tuː mɑːɹvələsli mɛsi laɪvz ,1
juː nɛvɚ noʊ wɛɹ tʃeɪndʒɪŋ leɪnz ɪz ɡoʊɪŋ tə teɪk juː bʌt ɪt ɛs ɐ hɛk əvɚ ɹaɪd ,1
"ɹɛzᵻdənt iːvəl ɪz ɛnt ɐ pɹɑːdʌkt ʌv ɪts sɪnɪmæɾɪk pɹɛdᵻsɛsɚz soʊ mʌtʃ æz ɐn ɛmtiːviː , ʃʊɡɚ hɪstɪɹiə , ænd pleɪsteɪʃən kɑːkteɪl ",0
ðæt wɜːks ,1
"wʌt ɛs moʊst mɛmɚɹəbəl ɐbaʊt sɜːkɪt ɪz ðɐɾɪt ɛs ʃɑːt ɔn dɪdʒɪɾəl vɪdɪoʊ , huːz taɪni kæmɹə ɛneɪbəlz ʃeɪfɚ tə nævɪɡeɪt speɪsᵻz boʊθ lɑːɹdʒ ænd smɔːl wɪð kənsɪdɚɹəbəl ɐplɑːm ",1
"ðə dʒɜːni ɪz wɜːθ jʊɹ taɪm , ɪspɛʃəli ɪf juː hæv ɛlən pɑːmpɪoʊ sɪɾɪŋ nɛkst tə juː fɚðə ɹaɪd ",1
"ɐ klæsi , spɹaɪtli spɪn ɔn fɪlm ",1
"fɹæŋkli , ɪt ɛs kaɪnd ʌv ɪnsʌltɪŋ , boʊθ tə mɛn ænd wɪmɪn ",0
"ɪn ɐdɪʃən tə ðɪ oʊvɚkʊkt , hæm fɪstᵻd dᵻɹɛkʃən , wɪtʃ hɐz ɔːl ðɪ æktɚz ɹiːtʃɪŋ fɚðə bæk ɹoʊ , ðə daɪəlɑːɡ saʊndz laɪk hɔːɹɪbəl poʊɪtɹi ",0
wɑːtʃɪŋ ɔːstɪn paʊɚz ɪn ɡoʊldmɛmbɚɹ ɪz laɪk bɪŋɪŋ ɔn kɑːʔn̩ kændi ,1
"nʌθɪŋ oʊvɚli ɚɹɪdʒɪnəl , maɪnd juː , bʌt sɑːlɪdli ɛntɚteɪnɪŋ ",1
"ɪɾ ɛndz ʌp biːɪŋ niːðɚ , ænd feɪlz æt boʊθ ɛndɛvɚz ",0
soʊ pjuːtɹɪd ɪɾ ɪz nɑːt wɜːθ ðə pɹaɪs ʌvðə mætʃ ðæt ʃʊd biː juːzd tə bɜːn ɛvɹi pɹɪnt ʌvðə fɪlm ,0
"wʌn ʌvðə faɪnɪst , moʊst hjuːmeɪn ænd ɪmpoːɹtənt hɑːləkɔːst muːvɪz ɛvɚ meɪd ",1
"ðɪs fæsᵻneɪɾɪŋ lʊk æɾ ɪzɹiːəl ɪn fɜːmɛnt fiːlz æz ɪmiːdɪət æz ðə leɪɾɪst nuːz fʊɾɪdʒ fɹʌm ɡɑːzə ænd , bɪkʌz ʌv ɪts haɪʔn̩d , wɛl ʃeɪpt dɹɑːməz , twaɪs æz paʊɚfəl ",1
"ɪf vɪlənəs væmpaɪɚz ɑːɹ jʊɹ kʌp ʌv blʌd , bleɪd tuː ɪz dɛfɪnətli ɐ kʌt əbʌv ðə ɹɛst ",1
"ɪf swɪmfən dʌz kætʃ ɔn , ɪt meɪ biː bɪkʌz tiːnz ɑːɹ lʊkɪŋ fɔːɹ sʌmθɪŋ tə meɪk ðɛm læf ",0
"ɐ ʃeɪm ðæt stiːlɪŋ hɑːɹvɚd ɪz tuː bɪzi ɡɛɾɪŋ ɪn ɪts oʊn weɪ təbi ɛnɪθɪŋ bʌt fɹʌstɹeɪɾɪŋ , boːɹɪŋ , ænd fɚɡɛɾəbəl ",0
ɹᵻfɹɛʃɪŋ ,1
ɐ klɪx diː ænd ʃæloʊ kɔːʃənɛɹi teɪl ɐbaʊt ðə hɑːɹd pɑːɹɾiɪŋ laɪvz ʌv ɡeɪ mɛn ,0
"baɪ ðɪ ɛnd ʌv ɪɾ ɔːl aɪ sɔːɹt ʌv lʌvd ðə piːpəl ɑːnskɹiːn , iːvən ðoʊ aɪ kʊd nɑːt stænd ðɛm ",1
"ðə wɔːɾɚlɑːɡd skɹɪpt plʌmz ʌntʃɑːɹɾᵻd dɛpθs ʌv stuːpɪdᵻɾi , ɪŋkoʊhɪɹəns ænd sʌb sɑːfəmɔːɹɪk sɛkʃuːəl bæntɚ ",0
ɐ ɹɪtʃ ænd ɪntɛlɪdʒənt fɪlm ðæt juːzᵻz ɪts pʌlpi koːɹ kənsiːt tə pɹoʊb kwɛstʃənz ʌv ɐtɹækʃən ænd ɪntɚdᵻpɛndəns ænd haʊ ðə hɑːɹt ɐkɑːmədeɪts pɹæktɪkəl niːdz ,1
"waɪl ðə fɪlm ɪz kɑːmpɪtənt , ɪt ɛs ɔːlsoʊ ʌnɪnspaɪɚd , lækɪŋ ðə ɹiːəl tælənt ænd wɪt tʊ ɛlɪveɪt ɪt bᵻjɔnd ɪts fɔːɹmjʊlə tə ðə lɛvəl ʌv klæsɪk ɹoʊmæntɪk kɑːmədi tʊ wɪtʃ ɪɾ ɐspaɪɚz ",0
ðə loʊkæl ɹᵻmeɪnz fɑːɹmoːɹ ɪntɹɛstɪŋ ðɐn ðə stoːɹi æt hænd ,0
"ɹᵻliːsɪŋ ɐ fɪlm wɪððə wɜːd dɑːɡ ɪn ɪts taɪɾəl ɪn dʒænjuːɛɹi lɛndz ɪtsɛlf tʊ iːzi dʒoʊks ænd ɪnsʌlts , ænd snoʊ dɑːɡz dɪzɜːvz ɛvɹi sɪŋɡəl wʌn ʌv ðɛm ",0
"ɔːltɚneɪɾɪŋ bᵻtwiːn fɐsiːʃəs kɑːmɪk pæɹədi ænd pʌlp mɛlədɹɑːmə , ðɪs smɑːɹt ɐlɛk muːvi tɔsᵻz ɚɹaʊnd sʌm ɪntɹiːɡɪŋ kwɛstʃənz ɐbaʊt ðə dɪfɹəns bᵻtwiːn hjuːmən ænd ændɹɔɪd laɪf ",1
"dᵻɹɛktɚ tɑːd sɑːlɑːndz hɐz meɪd ɐ muːvi ɐbaʊt kɹɪɾɪkəl ɹɪækʃən tə hɪz tuː pɹiːviəs muːvɪz , ænd ɐbaʊt hɪz ɹᵻspɑːnsəbɪlᵻɾi tə ðə kæɹɪktɚz ðæt hiː kɹiːeɪts ",1
ʃæŋkmən ænd skɹiːnɹaɪɾɚ kæɹən dʒænszən bʌŋɡəl ðɛɹ weɪ θɹuː ðə næɹətɪv æz ɪf ɪt wɜːɹ ɐ sɪɹiz ʌv baɪbəl pæɹəbəlz ænd nɑːt ɐn æktʃuːəl stoːɹi ,0
sɪnɪmæɾɪk puː ,0
"ʃiː ɛs æz ɹuːd ænd pɹəfeɪn æz ɛvɚ , ɔːlweɪz hɪlɛɹiəs ænd , moʊst əv ðə taɪm , æbsəluːtli ɹaɪt ɪn hɜː stɪŋɪŋ soʊʃəl ɑːbzɚveɪʃənz ",1
"aɪ kɑː ɛnt bɪɡɪn tə tɛl juː haʊ tiːdiəs , haʊ ɹɛzəluːtli ʌnɐmjuːzɪŋ , haʊ θʌɹoʊli ʌnɹᵻwɔːɹdɪŋ ɔːl ʌv ðɪs ɪz , ænd wʌt ɐ ɹɛkləs skwɑːndɚɹɪŋ ʌv foːɹ faɪn æktɪŋ tælənts ",0
bɛɹiz ɐn ɪntɹɛstɪŋ stoːɹilaɪn ɐbaʊt mɔːɹælᵻɾi ænd ðə tʃɔɪsᵻz wiː meɪk ʌndɚniːθ sʌtʃ ɐ maʊntɪn ʌv klɪx ɛs ænd bɑːɹoʊd ɪmɪdʒᵻz ðɐɾɪt maɪt moːɹ ækjʊɹətli biː taɪɾəld mɪstɚ tʃɪps ɔf ðɪ oʊld blɑːk ,0
ɪn ɐn ɑːɹt fɪlm ! ,1
"pɹɛzənts ɐ saɪd ʌv kəntɛmpɚɹɛɹi tʃaɪniːz laɪf ðæt mɛni aʊtsaɪdɚz wɪl biː sɚpɹaɪzd tə noʊ ɛɡzɪsts , ænd dʌz soʊ wɪð ɐn ɑːɹɾɪstɹi ðæt ɔːlsoʊ smæks ʌv ɹɛvɪleɪʃən ",1
"æftɚ wɑːtʃɪŋ ɪt , juː kæn oʊnli lʌv ðə pleɪɚz ɪt bɹɪŋz tə ðə fɔːɹ fɚðə ɡɪftᵻd bʌt noʊ nɑːnsəns hjuːmən biːɪŋz ðeɪ ɑːɹ ænd fɚðə stɪl ɪnɛstᵻməbəl kɑːntɹɪbjuːʃən ðeɪ hæv meɪd tʊ aʊɚ ʃɛɹd hɪstɚɹi ",1
pɹɑːmɪsᵻz ɪz ɐ kəmpɛlɪŋ piːs ðæt dɛmənstɹeɪts dʒʌst haʊ wɛl tʃɪldɹən kæn biː tɹeɪnd tə lɪv aʊt ænd kæɹi ɔn ðɛɹ pɛɹənts æŋɡwɪʃ ,1
"ɪɾ ɪz moʊst ɹᵻmɑːɹkəbəl nɑːt bɪkʌz ʌv ɪts ɛpɪk skoʊp , bʌt bɪkʌz ʌvðə stɑːɹɾəlɪŋ ɪntɪməsi ɪɾ ɐtʃiːvz dᵻspaɪt ðæt bɹɛdθ ",1
ɹɑːbɪn wɪljəmz hɐz θæŋkfəli dɪtʃt ðə sækɚɹɪn sɛntɪmɛntælᵻɾi ʌv baɪsəntɛnɪəl mæn ɪn feɪvɚɹ əvən ɔːltəɡɛðɚ dɑːɹkɚ saɪd ,1
ðə swiːɾɪst θɪŋ ɪz ɛkspɹɛsli fɔːɹ ɪdɪəts huː duː ɛnt kɛɹ wʌt kaɪnd ʌv suːɪdʒ ðeɪ ʃʌvəl ɪntʊ ðɛɹ mɛntəl ɡʌlɪts tə sɪmjʊleɪt sʌstənəns ,0
"ðə fɪlm wʊdhɐv bɪn moːɹ ɛndʒɔɪəbəl hæd ðə bæləns ʃɪftᵻd ɪn feɪvɚɹ ʌv wɔːɾɚ baʊnd ækʃən oʊvɚ ðə lænd beɪst dɹɑːmə , bʌt ðɪ ɛmfəsɪs ɔnðə læɾɚ liːvz bluː kɹʌʃ wɔːɾɚlɑːɡd ",0
tækəlz ðə dɪfɪkəlt sʌbdʒɛkt ʌv ɡɹiːf ænd lɔs wɪð sʌtʃ laɪf ɛmbɹeɪsɪŋ spɪɹɪt ðætðə θiːm dʌz ɛnt dɹæɡ ɐn ɔːdiəns daʊn ,1
"ɐ dɪzæstɚɹ əvə dɹɑːmə , seɪvd oʊnli baɪ ɪts wɪŋd ɐseɪlənts ",0
pleɪfəli pɹəfaʊnd ænd kɹeɪziɚ ðɐn maɪkəl dʒæksən ɔnðə tɑːp floːɹ əvə skaɪskɹeɪpɚ nɜːsɚɹi sɚɹaʊndᵻd baɪ oʊpən wɪndoʊz ,1
ðə stoːɹi ɪtsɛlf ɪz æktʃuːəli kwaɪt væpɪd ,0
"ðɪs ɔɹɪndʒ hɐz sʌm dʒuːs , bʌt ɪt ɛs fɑːɹ fɹʌm fɹɛʃ skwiːzd ",0
"hiː dʌz ɛnt , haʊɛvɚ , dᵻlɪvɚ nɪɹli ɪnʌf ʌvðə ʃoʊ ɛs tɹeɪdmɑːɹk staɪl ænd flæʃ ",0
noʊ ɐmaʊnt ʌv ɡʊd ɪntɛnʃənz ɪz eɪbəl tʊ oʊvɚkʌm ðə tɹɪvɪælᵻɾi ʌvðə stoːɹi ,0
ðə fɪlm hɐz sɛvɹəl stɹɔŋ pɚfoːɹmənsᵻz ,1
"nʌθɪŋ hɪɹ siːmz æz fʌni æz ɪt dɪd ɪn ænɐlaɪz ðɪs , nɑːt iːvən dʒoʊ vaɪtɹɛli æz də niəɹoʊ ɛs ɹaɪt hænd ɡuːmbə ",0
ðə waɪld θoːɹnbɛɹiz muːvi hɐz ɔːl ðə sɪblɪŋ ɹaɪvəlɹi ænd dʒɛnɚɹəl fæmɪli keɪɑːs tʊ wɪtʃ ɛnɪwʌn kæn ɹᵻleɪt ,1
"tuː pɹɪdɪktəbli , ɪn fækt ",0
"wʌt meɪks haʊ aɪ kɪld maɪ fɑːðɚ kəmpɛlɪŋ , bᵻsaɪdz ɪts tɚɹɪfɪk pɚfoːɹmənsᵻz , ɪz fɔnteɪn ɛs wɪlɪŋnəs tə wɔndɚɹ ɪntʊ ðə dɑːɹk ɛɹiəz ʌv pɛɹənt tʃaɪld ɹᵻleɪʃənʃɪps wɪðaʊt flɪntʃɪŋ ",1
"ɪɾ ɪz ðæt ɹɛɹ kɑːmbᵻneɪʃən ʌv bæd ɹaɪɾɪŋ , bæd dᵻɹɛkʃən ænd bæd æktɪŋ ðə tɹaɪfɛktə ʌv bædnəs ",0
dʒæpəniːz dᵻɹɛktɚ ʃoʊheɪ ɪmɐmjʊɹɹə ɛs leɪɾɪst fɪlm ɪz ɐn ɑːd bʌt ʌltᵻmətli sæɾɪsfaɪɪŋ blɛnd ʌvðə sɑːfəmɔːɹɪk ænd ðə sʌblaɪm ,1
wʌn ʌvðə moːɹ ɡlɛɹɪŋ saɪnz ʌv ðɪs muːvi ɛs sɜːvɪtuːd tʊ ɪts suːpɚstɑːɹ ɪz ðə weɪ ɪt skɜːts ɚɹaʊnd ɛni siːnz ðæt maɪthɐv ɹᵻkwaɪɚd dʒɛnjuːɪn æktɪŋ fɹʌm ɛmɛs spɪɹz ,0
"dʒɔː dɹɑːpɪŋli suːpɚfɪʃəl , stɹeɪnɪŋ tə ɡɛt baɪ ɔn hjuːmɚ ðæt ɪz nɑːt iːvən æz dɛɹɪŋ æz dʒɑːn ɹɪɾɚ ɛs ɡloːɹi deɪz ɔn θɹiː ɛs kʌmpəni ",0
"nɑːt tuː fænsi , nɑːt tuː fɪlɪŋ , nɑːt tuː flʌfi , bʌt dɛfɪnətli teɪsti ænd swiːt ",1
ɐ tɹuː plɛʒɚ ,1
"læks ðə spɪɹɪt ʌvðə pɹiːviəs tuː , ænd meɪks ɔːl ðoʊz dʒoʊks ɐbaʊt hoʊz ænd iːvən moːɹ ʌnmɛnʃənəbəl sʌbdʒɛkts siːm laɪk mɪɹ splæʃɪŋ ɚɹaʊnd ɪnðə mʌk ",0
"ɪf juː ɡoʊ ɪntʊ ðə θiəɾɚɹ ɛkspɛktɪŋ ɐ skɛɹi , ækʃən pækt tʃɪlɚ , juː maɪt suːn biː lʊkɪŋ fɚɹə saɪn ",0
ɐ muːvi ʌv tɛknɪkəl skɪl ænd ɹɛɹ dɛpθ ʌv ɪntəlɛkt ænd fiːlɪŋ ,1
aɪ lʌvd ðɪs fɪlm ,1
"ɪf ðɪs ɪz sɪnəmə , aɪ plɛdʒ ɐliːdʒəns tə kæɡni ænd leɪsi ",0
kʊd ðɪs biː ðə fɜːst meɪdʒɚ stuːdɪoʊ pɹədʌkʃən ʃɑːt ɔn vɪdɪoʊ teɪp ɪnstɛd ʌv fɪlm ? ,0
"fɚðə moʊst pɑːɹt , ɪt wɜːks bjuːɾɪfəli æz ɐ muːvi wɪðaʊt sækɹᵻfaɪsɪŋ ðɪ ɪntɛɡɹᵻɾi ʌvðɪ ɑːpɚɹə ",1
ɪt ɛs laʊd ænd boːɹɪŋ wɑːtʃɪŋ ɪɾ ɪz laɪk biːɪŋ tɹæpt æɾə bæd ɹɑːk kɑːnsɚt ,0
pɹɑːbəbli ðə bɛst keɪs fɔːɹ kɹɪstɪænᵻɾi sɪns tʃɛstɚtən ænd luːɪs ,1
aɪ sʌspɛkt ðæt juː ɛlɛl biː æz boːɹd wɑːtʃɪŋ mɔːɹvɚn kælɚɹ æz ðə kæɹɪktɚz ɑːɹ ɪn ɪt ,0
ðɪs ɪl kənsiːvd ænd ɛkspɛnsɪv pɹɑːdʒɛkt waɪndz ʌp lʊkɪŋ laɪk ɐ bʌntʃ ʌv tæləntᵻd θɛsps slʌmɪŋ ɪt ,0
"ðɪs ɪz wʌn ʌv mɪstɚ tʃæbɹɑːl ɛs sʌbtəlɪst wɜːks , bʌt ɔːlsoʊ wʌn ʌv hɪz moʊst ʌŋkæni ",1
spɑːɹs bʌt ɑːdli kəmpɛlɪŋ ,1
"dᵻspaɪt ðɪ ɑːpjʊlənt lʌʃnəs ʌv ɛvɹi siːn , ðə kæɹɪktɚz nɛvɚ siːm tə mætʃ ðə paʊɚɹ ʌv ðɛɹ sɚɹaʊndɪŋz ",0
"ɪt ɛs ɐ paʊɚfəl ðoʊ flɔːd muːvi , ɡæɹəntiːd tə pʊt ɐ lʌmp ɪn jʊɹ θɹoʊt waɪl ɹiːɐfɜːmɪŋ wɑːʃɪŋtən æz pɑːsᵻbli ðə bɛst æktɚ wɜːkɪŋ ɪn muːvɪz tədeɪ ",1
ðə muːvi ɪz vɜːtʃuːəli wɪðaʊt kɑːntɛkst dʒɜːnəlɪstɪk ɔːɹ hɪstɔːɹɪkəl ,0
ɛlɑːɹbiː ðə fɪlm ɛs ɑːɹɹɑːɹbiː teɪst fɔːɹ ʃɑːk hjuːmɚ wɪl wɛɹ θɪn ɔn ɔːl bʌt ðoʊz wiːnd ɔnðə kɑːmədi ʌv tɑːm ɡɹiːn ænd ðə fæɹəli bɹʌðɚz ,0
"æz ɐ ɹᵻmeɪk , ɪt ɛs ɐ peɪl ɪmɪteɪʃən ",0
"læn juː ɪz ɐ dʒɛnjuːɪn lʌv stoːɹi , fʊl ʌv tɹɐdɪʃənəl leɪɚz ʌv ɐweɪkənɪŋ ænd ɹaɪpənɪŋ ænd sɛpɚɹeɪʃən ænd ɹᵻkʌvɚɹi ",1
"ɛlɑːɹbiː wɑːʃɪŋtən ɛs ɑːɹɹɑːɹbiː stɹɔŋ hænd , kiːn aɪ , swiːt spɪɹɪt ænd ɡʊd teɪst ɑːɹ ɹᵻflɛktᵻd ɪn ɔːlmoʊst ɛvɹi siːn ",1
oʊnli ɐbaʊt æz sɛksi ænd deɪndʒɚɹəs æz ɐn æktɹəs ɪn ɐ ɹoʊl ðæt ɹᵻmaɪndz æɾ ɛvɹi tɜːn ʌv ᵻlɪzəbəθ bɜːkli ɛs flɑːpɪŋ dɑːlfɪn ɡæzəm ,0
aɪ ɛm lɛft slaɪtli dɪsɐpɔɪntᵻd ðɐɾɪt dɪd ɛnt ,0
"ðɪs ɪz laɪtweɪt fɪlmeɪkɪŋ , təbi ʃʊɹ , bʌt ɪt ɛs plɛzənt ɪnʌf ænd uːzɪŋ wɪð ɐtɹæktɪv mɛn ",1
aɪ wʌz ɪmpɹɛst baɪ haʊ mɛni tɪt fɔːɹ tæt ɹᵻtælɪətoːɹi ɹᵻspɑːnsᵻz ðə fɪlmeɪkɚz ɐlaʊ bᵻfoːɹ pʊlɪŋ ðə plʌɡ ɔnðə kənspɪɹəɾɚz ænd ɐvɜːɾɪŋ ɐn ɐmɛɹɪkən ɹʌʃən ɑːɹmɐɡɛdən ,1
"ɛntɚteɪnɪŋ ɪnʌf , bʌt nʌθɪŋ nuː ",0
"pjʊɹ sɪnɪmæɾɪk ɪntɑːksɪkeɪʃən , ɐ waɪldli ɪnvɛntɪv mɪkstʃɚɹ ʌv kɑːmədi ænd mɛlədɹɑːmə , teɪstləsnəs ænd swuːnɪŋ ɛlɪɡəns ",1
tʃeɪndʒɪŋ leɪnz tɹaɪz fɔːɹ moːɹ ,1
"ðə pɹɪdɑːmɪnəntli æmətʃɚ kæst ɪz peɪnfəl tə wɑːtʃ , soʊ stɪltᵻd ænd ʌŋkənvɪnsɪŋ ɑːɹ ðə pɚfoːɹmənsᵻz ",0
ðə fɪlm ɛɡzjuːdz ðɪ ɜːbeɪn swiːtnəs ðæt wʊdi ælən siːmz tə hæv bɪɾɚli fɔːɹseɪkən ,1
"luːdɪkɹəs , bʌt dᵻɹɛktɚ kɑːɹl fɹæŋklɪn ædz ɪnʌf flɜːɹɪʃᵻz ænd fɹiːk aʊts tə meɪk ɪɾ ɛntɚteɪnɪŋ ",1
"fɔːɹ hɪz fɜːst ɐtɛmpt æt fɪlm nwɑːɹ , spiːlbɜːɡ pɹɛzənts ɐ fæsᵻneɪɾɪŋ bʌt flɔːd lʊk æt ðə nɪɹ fjuːtʃɚ ",1
ɐ laɪvli ænd ɛŋɡeɪdʒɪŋ ɛɡzæmᵻneɪʃən ʌv haʊ sɪmɪlɚɹ əbsɛʃənz kæn dɑːmᵻneɪt ɐ fæmɪli ,1
sɜːʔn̩li ðə pɚfoːɹmənsᵻz ɑːɹ wɜːθwaɪl ,1
"fɪfti jɪɹz æftɚ ðə fækt , ðə wɜːld ɛs pəlɪɾɪkəl sɪtʃuːeɪʃən siːmz lɪɾəl dɪfɹənt , ænd ɛlɑːɹbiː dᵻɹɛktɚ fɪlɪp ɑːɹɹɑːɹbiː nɔɪs bɹɪŋz aʊt ðɪ ælɪɡɚɹi wɪð ɹᵻmɑːɹkəbəl skɪl ",1
"aɪ duː ɛnt fiːl ðə liːst bɪt ɐʃeɪmd ɪn ɐdmɪɾɪŋ ðæt maɪ ɛndʒɔɪmənt keɪm æt ðɪ ɛkspɛns ʌv siːɪŋ dʒʌstɪs sɜːvd , iːvən ɪf ɪt ɛs ɐ dɪʃ ðæt ɛs bɛst sɜːvd koʊld ",1
"ðɪ æktɪŋ ɪn pɔːlɪn ænd pɔːlɛt ɪz ɡʊd ɔːl ɹaʊnd , bʌt wʌt ɹiəli sɛts ðə fɪlm ɐpɑːɹt ɪz dɛbɹɔːwɚ ɛs ɹᵻfjuːzəl tə pʊʃ ðɪ iːzi ɪmoʊʃənəl bʌʔn̩z ",1
"spɛktækjʊlɚli bjuːɾifəl , nɑːt tə mɛnʃən mɪstɪɹiəs , sɛnʃuːəl , ɪmoʊʃənəli ɪntɛns , ænd ɹᵻpliːt wɪð vɜːtʃuːoʊsoʊ θɹoʊt sɪŋɪŋ ",1
ɐ wɪɹd ænd wʌndɚfəl kɑːmədi ,1
smɑːɹt ænd tɔːt ,1
"ɐ nɑːn bɹɪtni pɜːsən maɪt sɚvaɪv ɐ skɹiːnɪŋ wɪð lɪɾəl hɑːɹm dʌn , ɛksɛpt meɪbiː fɚðə læst fɪftiːn mɪnɪts , wɪtʃ ɑːɹ æz mɔːdlɪn æz ɛni æftɚ skuːl spɛʃəl juː kæn ɪmædʒɪn ",0
ðɪs ɪz wʌn ʌvðɪ aʊtstændɪŋ θɹɪlɚz ʌv ɹiːsənt jɪɹz ,1
"ɪnðɪ ɛnd , ðə fɪlm ɪz lɛs ðə tʃiːp θɹɪlɚ juː diː ɛkspɛkt ðɐn ɪɾ ɪz ɐ fɛɹli ɹᵻviːlɪŋ stʌdi ʌv ɪts tuː meɪn kæɹɪktɚz dæmɪdʒd ɡʊdz piːpəl huːz ɔːɹbɪts wɪl ɪnɛvᵻɾəbli ænd deɪndʒɚɹəsli kəlaɪd ",1
"ɐ sɪɹɪŋ , ɛpɪk tɹiːtmənt əvə neɪʃənwaɪd blaɪt ðæt siːmz tə biː , hɔːɹɪfaɪɪŋli , ɛvɚɹ ɔnðə ɹaɪz ",1
"ɛvɹi ɪndᵻvɪdʒuːəl wɪl siː ðə muːvi θɹuː ðə pɹɪzəm ʌv hɪz ɔːɹ hɜːɹ oʊn bᵻliːfs ænd pɹɛdʒuːdɪsᵻz , bʌt ðə wʌn θɪŋ moʊst wɪl teɪk ɐweɪ ɪz ðə sɛns ðæt piːs ɪz pɑːsᵻbəl ",1
ɐn ɛkstɹoːɹdɪnɛɹi dɹəmæɾɪk ɛkspiəɹɪəns ,1
"pɪkɑːli ɛs pɚfoːɹməns ɪz ɐmeɪzɪŋ , jɛs , bʌt ðə sɪmbəlz ʌv lɔs ænd dᵻnaɪəl ænd laɪf æɾ ɑːɹm ɛs lɛŋθ ɪnðə fɪlm siːm ɪɹᵻteɪɾɪŋli tɹænspæɹənt ",0
noʊ fɪlm kʊd pɑːsᵻbli biː moːɹ kəntɛmptʃuːəs ʌvðə sɪŋɡəl fiːmeɪl pɑːpjʊleɪʃən ,0
"ɪt ɛs klɪɹ waɪ djuːsᵻz waɪld , wɪtʃ wʌz ʃɑːt tuː jɪɹz ɐɡoʊ , hɐzbɪn ɡæðɚɹɪŋ dʌst ɔn ɛmdʒiːɛm ɛs ʃɛlf ",0
dɹaʊnɪŋ ɛs tuː ɡʊd fɔːɹ ðɪs sʌkɚ ,0
"ɪf aɪ kʊdɐv lʊkt ɪntʊ maɪ fjuːtʃɚ ænd sɔː haʊ bæd ðɪs muːvi wʌz , aɪ wʊd ɡoʊ bæk ænd tʃuːz tə skɪp ɪt ",0
æz ɪnɛpt æz bɪɡ skɹiːn ɹᵻmeɪks ʌvðɪ ɐvɛndʒɚz ænd ðə waɪld waɪld wɛst ,0
ɛvɹɪθɪŋ iːvən laɪf ɔn ɐn ɛɹkɹæft kæɹiɚɹ ɪz sɛntɪmɛntəlaɪzd ,0
"ɐ bɪɾɚswiːt fɪlm , sɪmpəl ɪn fɔːɹm bʌt ɹɪtʃ wɪð hjuːmən ᵻvɛnts ",1
ɐ klæsɪk fɛɹi teɪl ðæt pɜːfɛktli kæptʃɚz ðə wʌndɚz ænd wʌɹiz ʌv tʃaɪldhʊd ɪn ɐ weɪ ðæt fjuː muːvɪz hæv ɛvɚɹ ɐpɹoʊtʃt ,1
"dᵻɹɛktᵻd wɪð pɜːpəs ænd fɪnɛs baɪ ɪŋɡlənd ɛs ɹɑːdʒɚ mɪtʃəl , huː hændili meɪks ðə muːv fɹʌm pliːzɪŋ , ɹɛlətɪvli laɪtweɪt kəmɜːʃəl fɛɹ sʌtʃ ɐz nɑːɾɪŋ hɪl tə kəmɜːʃəl fɛɹ wɪð ɹiːəl θiːmæɾɪk hɛft ",1
"ɪt ɛs ɐn ɑːd ʃoʊ , pɹɛɡnənt wɪð muːdz , stɪlbɔːɹn ɛksɛpt æz ɐ hɑːɹʃ kənsɛptʃuːəl ɛksɚsaɪz ",0
klɛɾiz ɪz pleɪfəl bʌt haɪli stʌdid ænd dᵻpɛndənt fɔːɹ ɪts səksɛs ɔn ɐ peɪʃənt vjuːɚ ,1
wʊd bᵻnɪɡni ɛs ɪtæliən pɪnɑːkɪoʊ hɐvbɪn ɛni iːziɚ tə sɪt θɹuː ðɐn ðɪs heɪstili dʌbd dɪzæstɚ ? ,0
ðɪs ɪz ɐ fʌdʒd ɑːpɚtuːnᵻɾi ʌv dʒaɪɡæntɪk pɹəpoːɹʃənz ɐ luːnɚ mɪʃən wɪð noʊ saɪnz ʌv laɪf ,0
"ðɛɹ ɛs ɐn ædmᵻɹəbəl ɹɪɡɚ tə dʒɪmi ɛs ɹɪlɛntləs æŋɡɚ , ænd tə ðə skɹɪpt ɛs ɹᵻfjuːzəl əvə hæpi ɛndɪŋ , bʌt æz ðoʊz mɑːnoʊlɑːɡz stɹɛtʃ ɔn ænd ɔn , juː ɹiːəlaɪz ðɛɹ ɛs noʊ pleɪs fɔːɹ ðɪs stoːɹi tə ɡoʊ bʌt daʊn ",0
"aɪ ɛlɛl steɪ wɪððə steɪdʒ vɜːʒənz , haʊɛvɚ , wɪtʃ baɪt kliːnɚ , ænd diːpɚ ",0
"ɪt ɛs ɐ muːvi ðæt ɛndz wɪð tɹʌkzɪlə , fɔːɹ kɹaɪɪn aʊt laʊd ",0
tʃɔːk ɪɾ ʌp æz ðə wɜːst kaɪnd ʌv hʌbɹɪstɪk fɑːli ,0
"ðə stoːɹi , wʌns ɪt ɡɛts ɹoʊlɪŋ , ɪz nʌθɪŋ ʃɔːɹt əvə ɡɹeɪt wʌn ",1
ðeɪ dʒʌst duː ɛnt wɜːk ɪn kɑːnsɚt ,0
ɐn ʌnɪntɛnʃənəli sɚɹiːəl kɪd ɛs pɪktʃɚ ɪnwɪtʃ æktɚz ɪn bæd bɛɹ suːts ɛnækt ɐ sɔːɹt ʌv ɪntɜː spiːsiːz pæɹədi əvə viːeɪtʃ wʌn bᵻhaɪnd ðə mjuːzɪk ɛpɪsoʊd ,0
boʊθ dæmɪŋ ænd dæmd kəmpɛlɪŋ ,1
ɪt ɛs nɑːt ɚɹɪdʒɪnəl ɪnʌf ,0
"ɐpɑːɹt fɹʌm ɛnɪθɪŋ ɛls , ðɪs ɪz wʌn ʌvðə bɛst səsteɪnd aɪdiəz aɪ hæv ɛvɚ siːn ɔnðə skɹiːn ",1
ðɪ ɐdvɛntʃɚz ʌv pluːɾoʊ næʃ ɪz ɐ hoʊl lɑːt ʌv nɑːdə ,0
"ɐ mɛdɪteɪʃən ɔn feɪθ ænd mædnəs , fɹeɪlti ɪz blʌd kɜːdlɪŋ stʌf ",1
hiː ɛs wʌn ʌvðə fjuː kuːl æktɚz huː nɛvɚ siːmz ɐwɛɹ ʌv hɪz oʊn kuːlnəs ,1
ðɪs wʌnhʌndɹɪd mɪnɪt muːvi oʊnli hɐz ɐbaʊt twɛnti faɪv mɪnɪts ʌv diːsənt mətɪɹiəl ,0
ɐ sɪɹiəs muːvi wɪð sɪɹiəs aɪdiəz ,1
"ɐtæl ɛs hæŋ ʌps sɚɹaʊndɪŋ ɪnfᵻdɛlᵻɾi ɑːɹ soʊ oʊld fæʃənd ænd , dɛɹ aɪ seɪ , aʊtdeɪɾᵻd , ɪt ɛs ɐ wʌndɚ ðæt hiː kʊd ɛnt hæv bɹɔːt sʌmθɪŋ fɹɛʃɚ tə ðə pɹəsiːdɪŋz sɪmpli baɪ æksɪdənt ",0
"plɑːt , kæɹɪktɚz , dɹɑːmə , ɪmoʊʃənz , aɪdiəz ɔːl ɑːɹ ɪɹɛlᵻvənt tə ðɪ ɛkspiəɹɪəns ʌv siːɪŋ ðə skoːɹpiən kɪŋ ",0
"stɹɪpt ɔːlmoʊst ɛntaɪɚli ʌv sʌtʃ tuːlz æz nuːdᵻɾi , pɹəfænᵻɾi ænd vaɪələns , læbjuːt dʌz mænɪdʒ tə meɪk ɐ fjuː pɔɪnts ɐbaʊt mɑːdɚn mæn ænd hɪz pɹɑːbəlmæɾɪk kwɛst fɔːɹ hjuːmən kənɛkʃən ",0
"ɪt ɛs ðə kjuːt fɹiːsɔ̃z ʌv dɪskʌvɚɹi ænd hjuːmɚ bᵻtwiːn tʃæplɪn ænd kɪdmən ðæt kiːp ðɪs naɪsli wuːnd klɑːk nɑːt dʒʌst tɪkɪŋ , bʌt hʌmɪŋ ",1
"liːv ɪt tə ðə fɹɛntʃ tə tɹuːli kæptʃɚ ðə tɛɹᵻfaɪɪŋ æŋst ʌvðə mɑːdɚn wɜːkɪŋ mæn wɪðaʊt tɜːnɪŋ ðə fɪlm ɪntʊ ɐ tʃiːp θɹɪlɚ , ɐ dʌm kɑːmədi ɔːɹ ɐ sæpi mɛlədɹɑːmə ",1
bjuːɾifəl tə wɑːtʃ ænd hoʊldz ɐ sɜːʔn̩ tʃɑːɹm ,1
kæmbəl skɑːt faɪndz ðɪ aɪdiəl aʊtlɛt fɔːɹ hɪz flɪk naɪf dɪkʃən ɪnðə ɹoʊl ʌv ɹɑːdʒɚ swɑːnsən ,1
ðɛn juː diː duː wɛl tə tʃɛk ðɪswʌn aʊt bɪkʌz ɪt ɛs stɹeɪt ʌp twɪn piːks ækʃən ,1
"ðæt niːðɚ pɹoʊɾɐɡənɪst hɐz ɐ dɪstɪŋɡwɪʃəbəl kəndɪʃən hɑːɹdli mæɾɚz bɪkʌz boʊθ ɑːɹ dʒʌst æktɚɹi kəŋkɑːkʃənz , dᵻfaɪnd baɪ tʃaɪldlaɪk dɪmnəs ænd ɐ hændfəl ʌv kwɜːks ",0
"lænd , piːpəl ænd næɹətɪv floʊ təɡɛðɚɹ ɪn ɐ stɑːɹk poːɹtɹɪt ʌv mʌðɚhʊd dᵻfɜːd ænd dɪzaɪɚɹ ɛksploːɹd ",1
"bɑːɹni ɛs aɪdiəz ɐbaʊt kɹiːeɪʃən ænd aɪdɛntᵻɾi duː ɛnt ɹiəli siːm ɔːl ðæt pɹəfaʊnd , æt liːst baɪ weɪ ʌv wʌt kæn biː ɡliːnd fɹʌm ðɪs θɹiː aʊɚɹ ɛndʊɹɹəns tɛst bɪlt ɚɹaʊnd ɐn aʊɚ ɛs wɜːθ ʌv æktʃuːəl mətɪɹiəl ",0
"bɪld sʌm ɹoʊbɑːts , hɔːl ɛm tə ðə θiəɾɚ wɪð juː fɚðə leɪt ʃoʊ , ænd pʊt ɔn jʊɹ oʊn mɪstɚɹi saɪəns θiəɾɚ θɹiː θaʊzənd tɹɪbjuːt tə wʌt ɪz ɔːlmoʊst sɜːʔn̩li ɡoʊɪŋ tə ɡoʊ daʊn æz ðə wɜːst ænd oʊnli kɪlɚ wɛbsaɪt muːvi ʌv ðɪs ɔːɹ ɛni ʌðɚ jɪɹ ",0
"sɪniːsts wɪl ɹɛvəl ɪn ðoʊz vɪʒuːəl ɪn dʒoʊks , æz ɪnðə fɪlm ɛs vɜːbəl poʊks æɾ ɛvɹɪθɪŋ fɹʌmðə laɪks ʌv mɜːɹɐmæks tʃiːf hɑːɹvi waɪnstaɪn ɛs blʌf pɜːsənəl staɪl tə ðə staɪlɪstɪk ɹɪɡɚz ʌv dɛnmɑːɹk ɛs dɑːɡmə muːvmənt ",1
bɑːɾəm ɹʌŋ nuː dʒæk sɪɾi wɑːnɐbiː ,0
"dᵻspaɪt ðə fækt ðæt ðɪs fɪlm wʌz ɛnt æz bæd æz aɪ θɔːt ɪt wʌz ɡoʊɪŋ tə biː , ɪt ɛs stɪl nɑːɾə ɡʊd muːvi ",0
"bʌt ðɪs taɪm , ðɪ oʊld mɪb leɪbəl stændz fɔːɹ maɪldɚɹ ɪz ɛnt bɛɾɚ ",0
"fɚɡɛt ðə mɪsliːdɪŋ taɪɾəl , wʌt ɛs wɪððɪ ʌnɛkspleɪnd bæbuːn kæmɪoʊ ? ",0
"ɪt ɛs klɑːɾᵻd wɪð hɛvi hændᵻd sɪmbəlɪzəm , daɪm stoːɹ saɪkɑːlədʒi ænd ɛndləs siːnɪk ʃɑːts ðæt meɪk wʌnhʌndɹɪd faɪv mɪnɪts siːm twaɪs æz lɔŋ ",0
"wʌt ɛs sɚpɹaɪzɪŋ ɐbaʊt ðɪs tɹɐdɪʃənəl θɹɪlɚ , mɑːdɚɹətli səksɛsfəl bʌt nɑːt kəmpliːtli sæɾɪsfaɪɪŋ , ɪz ɛɡzæktli haʊ dʒɛntiːl ænd ʌnsɚpɹaɪzɪŋ ðɪ ɛksɪkjuːʃən tɜːnz aʊt tə biː ",1
jɛt ɐnʌðɚɹ ɛntɹi ɪnðə sɛntɪmɛntəl oʊ ðoʊz wæki bɹɪts ʒɑːnɹə ðæt wʌz ʌʃɚd ɪn baɪ ðə fʊl mɔnti ænd ɪz stɪl stɹeɪnɪŋ tə pɹəduːs ɐnʌðɚ smæʃ hɪt ,0
ɛvɹi kənsiːvəbəl mɪsteɪk ɐ dᵻɹɛktɚ kʊd meɪk ɪn fɪlmɪŋ ɑːpɚɹə hɐzbɪn pɜːpɪtɹeɪɾᵻd hɪɹ ,0
ðə fɪlm ɛs dɪzaɪɚ təbi laɪkt sʌmtaɪmz ʌndɚmaɪnz ðə pɑːsəbɪlᵻɾi fɚɹən ɛksploːɹeɪʃən ʌvðə θoːɹniɚɹ æspɛkts ʌvðə neɪtʃɚ nɜːtʃɚɹ ɑːɹɡjuːmənt ɪn ɹᵻɡɑːɹdz tə hoʊmoʊsɛkʃuːælᵻɾi ,0
"ɐ stændɚd pəliːs oːɹiəntᵻd dɹɑːmə ðæt , wɜːɹ ɪt nɑːt fɔːɹ də niəɹoʊ ɛs pɑːɹtɪsɪpeɪʃən , wʊdhɐv laɪkli waʊnd ʌp ɐ tiːɛntiː ɚɹɪdʒɪnəl ",0
"wɪð noʊtoːɹiəs siː eɪtʃ oʊ tʃoʊ pɹuːvz ʃiː hɐz ðə stʌf tə stænd tɔːl wɪð pɹaɪɚ , kɑːɹlɪn ænd mɜːfi ",1
"wɑːtʃɪŋ ðɪs fɪlm , wʌn ɪz lɛft wɪððɪ ɪnɛskeɪpəbəl kəŋkluːʒən ðæt hɪtʃənz əbsɛʃən wɪð kɪsɪŋɚɹ ɪz , æt bɑːɾəm , ɐ səfɪstᵻkeɪɾᵻd flaʊɚ tʃaɪld ɛs dɪzaɪɚ tə pɜːdʒ ðə wɜːld ʌvðə tuːθ ænd klɔː ʌv hjuːmən paʊɚ ",1
"iː tiː wɜːks bɪkʌz ɪts flæbɚɡæstɪŋ pɹɪnsɪpəlz , foːɹtiːn jɪɹ oʊld ɹɑːbɚt mæknɔːtən , sɪks jɪɹ oʊld dɹuː bæɹɪmoːɹ ænd tɛn jɪɹ oʊld hɛnɹi tɑːməs , kənvɪns ʌs ʌvðɪ ɛɡzɪstəns ʌvðə waɪz , wɪzənd vɪzɪɾɚ fɹʌm ɐ fɑːɹɹəweɪ plænɪt ",1
"jɛs , ɪt ɛs æz ɡʊd æz juː ɹᵻmɛmbɚ ",1
"fɔːɹ vɛɡaɪəteɪlz fænz , ðɪs ɪz moːɹ æpɪtaɪzɪŋ ðænə saɪd dɪʃ ʌv ɐspæɹəɡəs ",1
"fʊl ʌv diːteɪl ɐbaʊt ðə mæn ænd hɪz kʌntɹi , ænd ɪz wɛl wɜːθ siːɪŋ ",1
lɪɾəl moːɹ ðænə wɛl maʊntᵻd hɪstɚɹi lɛsən ,0
"piːɾɚ dʒæksən ænd kʌmpəni wʌns ɐɡɛn dæzəl ænd dᵻlaɪt ʌs , fʊlfɪlɪŋ pɹæktɪkli ɛvɹi ɛkspɪkteɪʃən iːðɚɹ ɐ lɔŋtaɪm tɑːlkiən fæn ɔːɹ ɐ muːvi ɡoʊɪŋ niːoʊfaɪt kʊd wɔnt ",1
"ðɪs teɪl hɐzbɪn toʊld ænd ɹᵻtoʊld ðə ɹeɪsᵻz ænd ɹækɪts tʃeɪndʒ , bʌt ðə sɔŋ ɹᵻmeɪnz ðə seɪm ",0
ɐ dʒɔɪəs əkeɪʒən ,1
ɛlɑːɹbiː teɪk kɛɹ ʌv maɪ kæt ɑːɹɹɑːɹbiː ɪz ɐn ɑːnɪstli naɪs lɪɾəl fɪlm ðæt teɪks ʌs ɔn ɐn ɛɡzæmᵻneɪʃən ʌv jʌŋ ɐdʌlt laɪf ɪn ɜːbən saʊθ kɚɹiːə θɹuː ðə hɑːɹts ænd maɪndz ʌvðə faɪv pɹɪnsɪpəlz ,1
noʊvək kɑːntəmpleɪts ɐ hɑːɹtlənd soʊ oʊvɚwɛlmd baɪ ɪts læk ʌv pɜːpəs ðɐɾɪt siːks ɛksaɪtmənt ɪn mænjuːfæktʃɚd haɪ dɹɑːmə ,0
wʌn əvə kaɪnd nɪɹ mæstɚpiːs ,1
"tɹaɪɪŋ tə fɪɡjɚɹ aʊt ðə ɹuːlz ʌvðə kʌntɹi bɛɹ juːnɪvɜːs wɛn ɑːɹ bɛɹz bɛɹz ænd wɛn ɑːɹ ðeɪ laɪk hjuːmənz , oʊnli hɛɹiɚ wʊd tæks aɪnstaɪn ɛs bɹeɪn ",0
"ɐ θʌɹoʊli ɛŋɡeɪdʒɪŋ , sɚpɹaɪzɪŋli tʌtʃɪŋ bɹɪɾɪʃ kɑːmədi ",1
juː hæv noʊ ɐfɪnᵻɾi fɔːɹ moʊst əv ðə kæɹɪktɚz ,0
"ɪts seɪliənt pɔɪnts ɑːɹ saɪməlteɪniəsli bɛɹid , dɹaʊnd ænd smʌðɚd ɪnðɪ ɛksɛsᵻz ʌv ɹaɪɾɚ dᵻɹɛktɚ ɹɑːdʒɚɹ ævɚɹi ",0
"wɛðɚɹ ɔːɹ nɑːt juː baɪ mɪstɚ bɹuːmfiːld ɛs faɪndɪŋz , ðə fɪlm ɐkwaɪɚz ɐn ʌndɪnaɪəbəl ɛntɚteɪnmənt væljuː æz ðə slaɪt , peɪl mɪstɚ bɹuːmfiːld kəntɪnjuːz tə foːɹs hɪmsɛlf ɔn piːpəl ænd ɪntʊ sɪtʃuːeɪʃənz ðæt wʊd meɪk lɛsɚ mɛn ɹʌn fɔːɹ kʌvɚ ",1
"ɐ ɹɪlɛntləs , bəmbæstɪk ænd ʌltᵻmətli ɛmpti wɜːld wɔːɹ ɹoʊmən tuː ækʃən flɪk ",0
ʃɑːɹlət sʌmtaɪmz ɪz ɐ bɹɪliənt muːvi ,1
muːv oʊvɚ bɑːnd ðɪs ɡɜːl dɪzɜːvz ɐ siːkwəl ,1
"ɐn ɛksɛpʃənəli dɹɪɹi ænd oʊvɚɹɔːt bɪt ʌv wɜːk , ɛvɹi bɪt æz ɪmpɪɹiəs æz kætsənbɜːɡ ɛs ðə pɹɪns ʌv iːdʒɪpt fɹʌm naɪntiːnhʌndɹɪd naɪnti eɪt ",0
"fɚɹə stoːɹi sɛt æt siː , ɡoʊst ʃɪp ɪz pɹɪɾi lændbaʊnd , wɪð ɪts lɛdən æktɪŋ , dʌl ɛkspəzɪʃən ænd tɛlᵻɡɹæft sɚpɹaɪzᵻz ",0
"kəŋɡɹæts dɪzni ɔn ɐ dʒɑːb wɛl dʌn , aɪ ɛndʒɔɪd ɪt dʒʌst æz mʌtʃ ! ",1
ɐ mʌdi saɪkəlɑːdʒɪkəl θɹɪlɚ ɹaɪf wɪð mɪskælkjʊleɪʃənz ,0
ɪz ɪt pɑːsᵻbəl fɚɹə dɑːkjuːmɛntɚɹi təbi ʌɾɚli ɛntɹænst baɪ ɪts sʌbdʒɛkt ænd stɪl ʃoʊ vɜːtʃuːəli noʊ ʌndɚstændɪŋ ʌv ɪt ? ,0
"ɪt ɛs ɐ piːs ʌv hændiwɜːk ðæt ʃoʊz ɪts ɪndi tæɾɚz ænd sɛlf kɑːnʃəs siːmz ɪn pleɪsᵻz , bʌt hɐz sʌm kwaɪətli muːvɪŋ moʊmənts ænd ɐn ɪntɛlɪdʒənt sʌɾəlɾi ",1
"ðə muːvi ɛs plɑːt ɪz ɔːlmoʊst ɛntaɪɚli wɪtləs ænd ɪneɪn , kæɹiɪŋ ɛvɹi ɡæɡ tuː ɔːɹ θɹiː taɪmz bᵻjɔnd ɪts lɪmɪt tə səsteɪn ɐ læf ",0
"ɪn bᵻtwiːn ɔːl ðɪ ɪmoʊʃənəl siːsɔːɪŋ , ɪt ɛs hɑːɹd tə fɪɡjɚ ðə dɛpθ ʌv ðiːz tuː lɪɾɚɹɛɹi fɪɡjɚz , ænd iːvən ðə taɪmz ɪnwɪtʃ ðeɪ lɪvd ",0
"ɛkspɛkt noʊ meɪdʒɚ dɪskʌvɚɹiz , nɔːɹ ɛni staɪlɪʃ sɪzəl , bʌt ðə fɪlm sɪts wɪð skwɛɹ kənvɪkʃən ænd tʌtʃɪŋ ɡʊd sɛns ɔnðɪ ɛkspiəɹɪəns ʌv ɪts wɪmɪn ",1
"ɐn ɛɡzɪt saɪn , ðæt ɪz ",0
"bjuːɾɪfəli kɹæftᵻd ænd bɹuːɾəli ɑːnɪst , pɹɑːmɪsᵻz ɔfɚz ɐn ʌnɛkspɛktᵻd wɪndoʊ ɪntʊ ðə kəmplɛksᵻɾiz ʌvðə mɪdəl iːst stɹʌɡəl ænd ɪntʊ ðə hjuːmænᵻɾi ʌv ɪts piːpəl ",1
"ɛntaɪɚli səspɛnsfəl , ɛkstɹiːmli wɛl peɪst ænd ʌltᵻmətli dɛɹ aɪ seɪ , ɛntɚteɪnɪŋ ! ",1
dʒʌst dɹɛdfəl ,0
"bɪl mɔːɹɪsən ɛs dᵻkeɪʒə ɪz ʌŋkɑːmpɹəmaɪzɪŋ , dɪfɪkəlt ænd ʌnbɛɹəbli bjuːɾifəl ",1
"ɐ suːpɜːlətɪv biː muːvi fʌni , sɛksi , ænd ɹaʊzɪŋ ",1
ðɪ ɐdvæntɪdʒ əvə poʊstɐpɑːkɐlɪptɪk sɛɾɪŋ ɪz ðɐɾɪt kæn biː meɪd ɔnðə tʃiːp ,0
"jɛt ɐnʌðɚ ʒɑːnɹə ɛksɚsaɪz , ɡæŋstɚ noʊ wʌn ɪz æz dʒənɛɹɪk æz ɪts taɪɾəl ",0
"bᵻfoːɹ ɪt kəlæpsᵻz ɪntʊ ɛɡzæktli ðə kaɪnd ʌv bʌdi kɑːp kɑːmədi ɪt sɛt aʊt tə læmpuːn , ɛnɪweɪ ",0
"waɪl dɑːɹk wɔːɾɚɹ ɪz ɛnt ɐ kəmpliːt wɑːʃ ɛlɑːɹbiː noʊ pʌn ɪntɛndᵻd ɑːɹɹɑːɹbiː , wɑːtʃt saɪd baɪ saɪd wɪð ɹɪŋɡuː , ɪɾ ʌltᵻmətli kʌmz ɔf æz ɐ peɪl səksɛsɚ ",0
pleɪz aʊt wɪð ɐ dɑːɡᵻd ænd ᵻvɛntʃuːəli wɪnɪŋ skwɛɹnəs ðæt wʊd meɪk ɪt ðə dɑːɹlɪŋ ʌv mɛni ɐ kɪdz ænd fæmɪli oːɹiəntᵻd keɪbəl tʃænəl ,1
"wʌn fiːlz ðə dɪmɪŋ əvə sɜːʔn̩ æmbɪʃən , bʌt ɪn ɪts pleɪs ɐ swiːtnəs , klæɹᵻɾi ænd ɪmoʊʃənəl oʊpənnəs ðæt ɹᵻkɔːlz ðə klæsɪks ʌv ɜːli ɪtæliən niːoʊɹiːəlɪzəm ",1
"ðə skɹɪpt ɛs dʒʌdʒmənt ænd sɛns ʌv weɪt ɪz weɪ , weɪ ɔf ",0
"dᵻspaɪt ɪts dɹaɪ wɪt ænd kəmpæʃən , ðə fɪlm sʌfɚz fɹʌm ɐ fɪləsɑːfɪkəl ɛmptinəs ænd mædənɪŋli sᵻdeɪt peɪsɪŋ ",0
ɪz ɐ mɛs ,0
"ɐdɹɔɪt bʌt faɪnəli ɐ tɹaɪfəl flæt , mæd lʌv dʌz ɛnt ɡælvənaɪz ɪts aʊtɹeɪdʒ ðə weɪ , seɪ , dʒeɪn kæmpiən maɪthɐv dʌn , bʌt æt liːst ɪt pəzɛsᵻz sʌm ",0
kwaɪt ɛndɪɹɪŋ ,1
hɪp hɑːp pɹɪzən θɹɪlɚɹ ʌv stuːpɪfaɪɪŋ ɐbsɜːdᵻɾi ,0
ɐ dəmɛstɪk mɛlədɹɑːmə wɪð wiːk daɪəlɑːɡ ænd baɪoʊpɪk kliːʃeɪᵻz ,0
ɐ lɪɾəl bɛɾɚ ðɐn soːɹsɚɹɚ ɛs stoʊn ,1
nʌθɪŋ ʃɔːɹt ʌv wʌndɚfəl wɪð ɪts tɛn jɪɹ oʊld fiːmeɪl pɹoʊɾɐɡənɪst ænd ɪts stɛdfæst ɹᵻfjuːzəl tə sɛt ʌp ɐ duːəlɪstɪk bæɾəl bᵻtwiːn ɡʊd ænd iːvəl ,1
ɔːlmoʊst æz əfɛnsɪv æz fɹɛdi ɡɑːt fɪŋɡɚd ,0
ɪmædʒɪn suːzən sɔntæɡ fɔːlɪŋ ɪn lʌv wɪð haʊɚd stɜːn ,0
"ðɛɹ ɛs noʊ pɔɪnt ʌv vjuː , noʊ kəntɛmpɚɹɛɹi ɪntɜːpɹɪteɪʃən ʌv dʒoʊn ɛs pɹɪfɛmɪnɪst plaɪt , soʊ wiː ɹiː lɛft θɪŋkɪŋ ðɪ oʊnli ɹiːzən tə meɪk ðə muːvi ɪz bɪkʌz pɹɛzənt stændɚdz ɐlaʊ fɔːɹ plɛnti ʌv nuːdᵻɾi ",0
ɐ lɪstləs saɪ faɪ kɑːmədi ɪnwɪtʃ ɛdi mɜːfi dᵻplɔɪz tuː ɡaɪzᵻz ænd ᵻlæbɚɹeɪt fjuːtʃɚɹɪstɪk sɛts tə noʊ pɚtɪkjʊlɚli mɛmɚɹəbəl ɪfɛkt ,0
ɹɛnɚ kæɹiz mʌtʃ ʌvðə fɪlm wɪð ɐ kɹiːpi ænd dɛd ɔn pɚfoːɹməns ,1
"ðə fɪlm fɪts ɪntʊ ɐ ʒɑːnɹə ðɐthɐzbɪn oʊvɚɹɛkspoʊzd , ɹɛdələnt əvə θaʊzənd kliːʃeɪᵻz , ænd jɛt ɹᵻmeɪnz juːniːkli ɪtsɛlf , vaɪbɹənt wɪð ɚɹɪdʒɪnælᵻɾi ",1
ðə siːkwəl pleɪz aʊt laɪk ɐ flɪmzi ɛkskjuːs tə ɡɪv bleɪd fænz ɐnʌðɚ lʊk æt wɛsli snaɪps aɪkɑːnɪk hiəɹoʊ duːɪŋ bæɾəl wɪð dʌzənz ʌv bæd ɡaɪz ɐtwʌns ,0
"wɛndɪɡoʊ wɔnts təbi ɐ mɔnstɚ muːvi fɚðɪ ɑːɹt haʊs kɹaʊd , bʌt ɪt fɔːlz ɪntʊ ðə tɹæp ʌv pɹɪtɛnʃən ɔːlmoʊst ɛvɹi taɪm ",0
stiːvən soʊdɚbɚɡ dʌz ɛnt ɹᵻmeɪk ændɹeɪ tɑːɹkɑːvski ɛs soʊlɑːɹɹɪs soʊ mʌtʃ æz dɪstɪl ɪt ,0
"ɐ kəmpɛlɪŋ jɑːɹn , bʌt nɑːt kwaɪt ɐ ɹɪpɪŋ wʌn ",1
"ɪf ɹuːtiːn ækʃən ænd dʒoʊks laɪk ðɪs ɑːɹ jʊɹ kʌp ʌv tiː , ðɛn peɪ jʊɹ eɪt ænd ɡɛt ɹɛdi fɚðə bɪɡ ʃɪɹ ",0
"teɪl wɪl biː ɔːl tuː fəmɪlɪɹ fɔːɹ ɛnɪwʌn huː ɛs siːn dʒɔːɹdʒ ɹɔɪ hɪl ɛs naɪntiːnhʌndɹɪd sɛvənti θɹiː fɪlm , ðə stɪŋ ",0
wɔːɹm ænd ɛɡzɑːɾɪk ,1
ðə muːvi ɛs bleɪtənt dᵻɹɪvətɪvnəs ɪz wʌn ɹiːzən ɪt ɛs soʊ læklʌstɚ ,0
ɹᵻhɜːsəlz ɑːɹ fɹiːkwəntli moːɹ fæsᵻneɪɾɪŋ ðɐn ðə ɹɪzʌlts ,1
"laɪk ɐ ɡɹɪnɪŋ dʒæk oʊ læntɚn , ɪts ɐpæɹənt ɡliː ɪz dᵻɹaɪvd fɹʌm ɐ ləbɑːɾəmi , hævɪŋ hæd ɔːl ɪts vaɪɾəl ɛsəns skuːpt aʊt ænd dɪskɑːɹdᵻd ",0
ɐ dæzlɪŋ θɪŋ tə bᵻhoʊld æz lɔŋ æz juː ɹiː wɛɹɪŋ ðə sʌmwʌt kʌmbɚsʌm θɹiː diː ɡɑːɡəlz ðə θiəɾɚ pɹəvaɪdz ,1
"ɪt ɛs ɐ wʌndɚfəl , soʊbɚɹɪŋ , hɑːɹt fɛlt dɹɑːmə ",1
hɪɹ ɛs jɛt ɐnʌðɚ kuːl kɹaɪm muːvi ðæt æktʃuːəli mænɪdʒᵻz tə bɹɪŋ sʌmθɪŋ nuː ɪntʊ ðə mɪks ,1
wʌn ʌv ðoʊz muːvɪz ðæt meɪk ʌs pɔːz ænd θɪŋk ʌv wʌt wiː hæv ɡɪvən ʌp tʊ ɐkwaɪɚ ðə fæst peɪst kəntɛmpɚɹɛɹi səsaɪəɾi ,1
dʌn ɪn moʊstli baɪ ɐ wiːk skɹɪpt ðæt kɑː ɛnt səpoːɹt ðɪ ɛpɪk tɹiːtmənt ,0
"ʌnfɔːɹtʃənətli , kæpʊɹ mɑːdɚnaɪzᵻz ɐ iː dʌbəljuː meɪsən ɛs stoːɹi tə suːt ðə sɛnsəbɪlᵻɾiz əvə jʌŋ ɐmɛɹɪkən , ɐ dᵻsɪʒən ðæt plʌks ðə foːɹ fɛðɚz bɛɹ ",0
"ʌniːvən , sɛlf kɑːnʃəs bʌt ɔfən hɪlɛɹiəs spuːf ",1
dɪzɜːvɪŋ ʌv ɪts kɹɪɾɪkəl bæklæʃ ænd moːɹ ,0
duː wiː ɹiəli niːd ɐnʌðɚ fɪlm ðæt pɹeɪzᵻz fiːmeɪl sɛlf sækɹᵻfaɪs ? ,0
"moːɹ mətʃʊɹ ðɐn feɪɾəl ɐtɹækʃən , moːɹ kəmpliːt ðɐn ɪndiːsənt pɹəpoʊzəl ænd moːɹ ɹɛlᵻvənt ðɐn naɪn wʌn tuː wiːks , ʌnfeɪθfəl ɪz ɐtwʌns ɪntᵻmət ænd juːnɪvɜːsəl sɪnəmə ",1
"ðə wʌndɚɹ ʌv moʊstli mɑːɹθə ɪz ðə pɚfoːɹməns ʌv dʒɛdɛk , huː meɪks mɑːɹθə ɪnoːɹməsli ɛndɪɹɪŋ ",1
ɐ bæɾəl bᵻtwiːn bʌɡ aɪ θiəɾɚ ænd dɛd aɪ mætəneɪ ,0
"laɪk ɐ tæɹɐntiːnoʊ muːvi wɪð hɑːɹt , eɪliəs bɛɾi ɪz ɹɪtʃli diːteɪld , dɛftli ɛksᵻkjuːɾᵻd ænd ʌɾɚli ɐbsoːɹbɪŋ ",1
"ɪt ɛs hɑːɹd tə seɪ huː maɪt ɛndʒɔɪ ðɪs , ɑːɹ ðɛɹ tɑːlstɔɪ ɡɹuːpiz aʊt ðɛɹ ? ",0
ðɪs muːvi ɪz təbi tʃɛɹɪʃt ,1
"ɪn ɔːl fɛɹnəs , aɪ mʌst ɹᵻpoːɹt ðætðə tʃɪldɹən ʌv vɛɹiɪŋ eɪdʒᵻz ɪn maɪ ɔːdiəns nɛvɚ kɔft , fɪdʒɪɾᵻd ɔːɹ ɹɑːmpt ʌp ænd daʊn ðɪ aɪəlz fɔːɹ bæθɹuːm bɹeɪks ",1
"ðə skɹiːnpleɪ ɪz hjuːdʒli oʊvɚɹɪʔn̩ , wɪð tʌnz ænd tʌnz ʌv daɪəlɑːɡ moʊst əv ɪt ɡɪvən tə tʃɪldɹən ",0
"ɛntɚteɪnz nɑːt soʊ mʌtʃ bɪkʌz ʌv ɪts mjuːzɪk ɔːɹ kɑːmɪk æntɪks , bʌt θɹuː ðə pɚvɜːs plɛʒɚɹ ʌv wɑːtʃɪŋ dɪzni skɹeɪp ðə bɑːɾəm ʌv ɪts oʊn kɹækɚ bæɹəl ",0
ɹaɪən ɡɑːslɪŋ ɪz æt twɛnti tuː ɐ paʊɚfəl jʌŋ æktɚ ,1
aɪ æm haɪli ɐmjuːzd baɪ ðɪ aɪdiə ðæt wiː hæv kʌm tʊ ɐ pɔɪnt ɪn səsaɪəɾi wɛɹ ɪt hɐzbɪn diːmd ɪmpoːɹtənt ɪnʌf tə meɪk ɐ fɪlm ɪnwɪtʃ sʌmwʌn hɐz təbi haɪɚd tə poːɹtɹeɪ ɹɪtʃɚd dɔːsən ,1
"waɪl ðɪs muːvi , baɪ nəsɛsɪɾi , læks fɛloʊʃɪp ɛs hɑːɹt , tuː taʊɚz aʊtdʌz ɪts spɛktəkəl ",1
"fɔːɹ ðoʊz huː ɑːɹ ɪntɹiːɡd baɪ pɑːlətɪks ʌvðə sɛvənti z , ðə fɪlm ɪz ɛvɹi bɪt æz fæsᵻneɪɾɪŋ æzɪtɪz flɔːd ",1
ɐn ɐbsoːɹbɪŋ ænd ʌnsɛɾəlɪŋ saɪkəlɑːdʒɪkəl dɹɑːmə ,1
"laɪk ðə bɛst ʌv ɡɑːdɚd ɛs muːvɪz ɪɾ ɪz vɪʒuːəli ɹævɪʃɪŋ , pɛnɪtɹeɪɾɪŋ , ɪmpɛnɪtɹəbəl ",1
spɛɹ bʌt kwaɪətli ɪfɛktɪv ɹᵻtɛlɪŋ ,1
"ðə stoːɹi ðæt ɪmɜːdʒᵻz hɐz ɛlɪmənts ʌv ɹoʊmæns , tɹædʒədi ænd iːvən saɪlənt muːvi kɑːmədi ",1
ðɪs ɪz ɐn ɪnsʌltɪŋli ɪnɛpt ænd ɑːɹɾɪfɪʃəl ɛɡzæmᵻneɪʃən ʌv ɡɹiːf ænd ɪts ɪmpækts əpɑːn ðə ɹᵻleɪʃənʃɪps ʌvðə sɚvaɪvɚz ,0
"ɪt ɛs ɐ stɹeɪndʒ fɪlm , wʌn ðæt wʌz hɑːɹd fɔːɹ miː tə wɔːɹm ʌp tuː ",0
ɐ sɪɹiz ʌv ɪmækjʊlətli kəmpoʊzd ʃɑːts ʌv pætʃ ædəmz kwaɪətli fɹiːkɪŋ aʊt dʌznɑːt meɪk fɔːɹ mʌtʃ əvə muːvi ,0
hɑːɹks bæk tʊ ɐ taɪm wɛn muːvɪz hæd moːɹ tə duː wɪð ɪmædʒᵻneɪʃən ðɐn mɑːɹkɪt ɹᵻsɜːtʃ ,1
"ɔːl ðə kwiːn ɛs mɛn ɪz ɐ θɹoʊbæk wɔːɹ muːvi ðæt feɪlz ɔn soʊ mɛni lɛvəlz , ɪt ʃʊd peɪ ɹᵻpɐɹeɪʃənz tə vjuːɚz ",0
fɛsɛndən ɛs næɹətɪv ɪz dʒʌst æz mʌtʃ ɐbaʊt ðɪ oʊnɚʃɪp ænd ɹiːdɛfɪnɪʃən ʌv mɪθ æzɪtɪz ɐbaʊt ɐ dəmɛstɪk juːnɪt faɪndɪŋ ðɛɹ weɪ tə dʒɔɪ ,1
ðɪ ɛksklɐmeɪʃən pɔɪnt siːmz təbi ðɪ oʊnli bɪt ʌv ɡliː juː ɛlɛl faɪnd ɪn ðɪs dɹɪɹi mɛs ,0
"ɐ beɪnəl , vɪɹələntli ʌnplɛzənt ɛkskjuːs fɚɹɚ ɹoʊmæntɪk kɑːmədi ",0
ɐ mʌst siː fɔːɹ ɔːl saɪdz ʌvðə pəlɪɾɪkəl spɛktɹəm ,1
"ðə stoːɹilaɪnz ɑːɹ woʊvən təɡɛðɚ skɪlfəli , ðə mæɡnɪfɪsənt swuːpɪŋ ɛɹɪəl ʃɑːts ɑːɹ bɹɛθteɪkɪŋ , ænd ðɪ oʊvɚɹɔːl ɛkspiəɹɪəns ɪz ɔːsʌm ",1
skɪp ðə fɪlm ænd baɪ ðə fɪlɪp ɡlæs saʊndtɹæk siːdiː ,0
"ʌnspiːkəbli , ʌnbɛɹəbli dʌl , fiːtʃɚɹɪŋ ɹiːmz ʌv flætli dᵻlɪvɚd daɪəlɑːɡ ænd ɐ hɛɹoʊɪn huː kʌmz əkɹɑːs æz boʊθ ʃæloʊ ænd dɪm wɪɾᵻd ",0
"fɔːɹɪdʒᵻz fɔːɹ ɔːdiəns sɪmpəθi laɪk ɐ tɛmpɹəmɛntəl tʃaɪld bɛɡɪŋ fɔːɹ ɐtɛnʃən , ɡɪvɪŋ ɔːdiənsᵻz noʊ ɹiːzən tə tɹuːli kɛɹ fɔːɹ ɪts dᵻkɹɛpɪt fɹiːks bᵻjɔnd ðə pɹɑːmɪs əvɚ ɹᵻpɹiːv fɹʌm ðɛɹ ɪnsɛsənt waɪnɪŋ ",0
"ɐn ækʃən θɹɪlɚɹ ʌvðə faɪnɪst kaɪnd , ɪvoʊkɪŋ mɛmɚɹiz ʌv deɪ ʌvðə dʒækəl , ðə fɹɛntʃ kənɛkʃən , ænd hiːt ",1
"bᵻjɔnd ðə klɛvɚnəs , ðə wɪɹdnəs ænd ðə pɹɪstiːn kæmɹəwɜːk , wʌn aʊɚ foʊɾoʊ ɪz ɐ soʊbɚɹɪŋ mɛdɪteɪʃən ɔn waɪ wiː teɪk pɪktʃɚz ",1
ðə bɛst pɑːɹt ɐbaʊt ɡæŋz wʌz dænjəl deɪ luːɪs ,1
hɪpnɑːɾɪkli dʌl ,0
"wiː kɑː ɛnt ɐkjuːz kʌŋ paʊ fɔːɹ mɪsfaɪɚɹɪŋ , sɪns ɪɾ ɪz ɛɡzæktli wʌt ɪt wɔnts təbi ɐn ɐtɹoʊʃəsli , maɪnd nʌmɪŋli , ɪndᵻskɹaɪbəbli bæd muːvi ",0
"bʌt ðɛn ɐɡɛn , aɪ heɪt maɪsɛlf moʊst mɔːɹnɪŋz ",0
"ɔːlðoʊ pɚpoːɹɾᵻdli ɐ stʌdi ɪn mɑːdɚn eɪliəneɪʃən , ɪt ɛs ɹiəli lɪɾəl moːɹ ðænə pɚtɪkjʊlɚli slæntᵻd , ɡeɪ ɛs ɛm fæntəsi , ɛnɚveɪɾɪŋ ænd dɛdənɪŋli dɹɔːn aʊt ",0
ɪt kæn biː seɪfli ɹɛkəmɛndᵻd æz ɐ vɪdɪoʊ diːviːdiː beɪbɪsɪɾɚ ,1
"ðə muːvi ʃʊd dʒoʊlt juː aʊɾəv jʊɹ siːt ɐ kʌpəl ʌv taɪmz , ɡɪv juː ɐ fjuː læfs , ænd liːv juː fiːlɪŋ laɪk ɪt wʌz wɜːθ jʊɹ sɛvən bʌks , iːvən ðoʊ ɪt dʌz tɜːn aʊt təbi ɐ bɪt əvə tʃiːt ɪnðɪ ɛnd ",1
pɑːɹt ʌvðə fɪlm ɛs tʃiːki tʃɑːɹm kʌmz fɹʌm ɪts vɪntɪdʒ ʃmælts ,1
"ɐ fʌn fæmɪli muːvi ðæt ɛs suːɾəbəl fɔːɹ ɔːl eɪdʒᵻz ɐ muːvi ðæt wɪl meɪk juː læf , kɹaɪ ænd ɹiːəlaɪz , ɪt ɛs nɛvɚ tuː leɪt tə bᵻliːv ɪn jʊɹ dɹiːmz ",1
"ʌnlaɪk moʊst ænɪmeɪ , huːz moʊst ɑːɹdənt fænz aʊtsaɪd dʒəpæn siːm təbi ɪntɹəvɜːɾᵻd jʌŋ mɛn wɪð fæntəsi fɛɾɪʃᵻz , mətɹɑːpəlɪs nɛvɚ siːmz hoʊpləsli dʒuːvənaɪl ",1
ðɛɹ ɪz sʌmθɪŋ ðæt ɪz soʊ mɛdᵻteɪɾɪv ænd lɪɹɪkəl ɐbaʊt bæbæk peɪɑːmi ɛs boʊldli kwɜːki ɪɹeɪniən dɹɑːmə siːkɹᵻt bælət ɐ tʃɑːɹmɪŋ ænd ɪvoʊkɪŋ lɪɾəl dɪɾi ðæt mænɪdʒᵻz tə ʃoʊ ðə dʒɛntəl ænd hjuːmeɪn saɪd ʌv mɪdəl iːstɚn wɜːld pɑːlətɪks ,1
"ɪt waɪndz ʌp muːvɪŋ ɪn mɛni dᵻɹɛkʃənz æz ɪt sɜːtʃᵻz ɛlɑːɹbiː veɪnli , aɪ θɪŋk ɑːɹɹɑːɹbiː fɔːɹ sʌmθɪŋ fɹɛʃ tə seɪ ",0
ɪt ɛs æz ɪf də pɑːmə spɛnt ɐn aʊɚ sɛɾɪŋ ɐ fænsi teɪbəl ænd ðɛn sɜːvd ʌp kɹæft mækɐɹoʊni ænd tʃiːz ,0
"wɪð ɔːɹ wɪðaʊt ðə sɛks , ɐ wʌndɚfəl teɪl ʌv lʌv ænd dɛstɪni , toʊld wɛl baɪ ɐ mæstɚ stoːɹitɛlɚ ",1
"ɹɪfkɪn noʊ daʊt fænsiz hɪmsɛlf sʌmθɪŋ əvə hjuːbɚt sɛlbi dʒeɪɑːɹ , bʌt ðɛɹ ɪz ɛnt ɐn aʊns ʌv ɑːnɪst poʊɪtɹi ɪn hɪz ɛntaɪɚ skɹɪpt ɪt ɛs sɪmpli kɹuːd ænd ʌnɹɪlɛntɪŋli ɛksplɔɪɾətɪv ",0
"bʌt ɪt wɪl dʒʌst æz laɪkli meɪk juː wiːp , ænd ɪt wɪl duː soʊ ɪn ɐ weɪ ðæt dʌz ɛnt meɪk juː fiːl laɪk ɐ sʌkɚ ",1
"ðɪ æktɪŋ ɪz dʒʌst faɪn , bʌt ðɛɹ ɛs nɑːt ɪnʌf sʌbstəns hɪɹ tə səsteɪn ɪntɹɛst fɚðə fʊl naɪnti mɪnɪts , ɪspɛʃəli wɪððə wiːk peɪɔf ",0
"ɹoʊmæntɪk kɑːmədi ænd dɑːɡmi naɪnti faɪv fɪlmeɪkɪŋ meɪ siːm ɑːd bɛdfɪloʊz , bʌt ðeɪ tɜːn aʊt təbi dᵻlaɪtfəli kəmpæɾᵻbəl hɪɹ ",1
ɛlɑːɹbiː ɐ ɑːɹɹɑːɹbiː ɹæðɚ θɪnli kənsiːvd muːvi ,0
"ɡʊd , sɑːlɪd stɔːɹɪtɛlɪŋ ",1
"ɪt ɛs ɐ tɹiːt wɑːtʃɪŋ ʃɔː , ɐ bɹɪɾɪʃ steɪdʒ aɪkɑːn , mɛltɪŋ ʌndɚ ðə hiːt ʌv foʊʃən ɛs ɐtɛnʃənz ",1
"ðə fɪlm dʌz ɛnt səsteɪn ɪts ɪnɪʃəl pɹɑːmɪs wɪð ɐ dʒɑːɹɹɪŋ , nuː eɪdʒi toʊn kɹiːpɪŋ ɪntʊ ðə sɛkənd hæf ",0
ɐ smʌɡ ænd kɑːnvəluːɾᵻd ækʃən kɑːmədi ðæt dʌz ɛnt ɐlaʊ ɐn ɜːnɪst moʊmənt tə pæs wɪðaʊt ɹᵻmaɪndɪŋ ɔːdiənsᵻz ðɐɾɪt ɛs oʊnli ɐ muːvi ,0
ʌm ɪz ɛnt ðætðə beɪsɪs fɚðɪ ɛntaɪɚ plɑːt ? ,0
ɛlɑːɹbiː hɐz ɑːɹɹɑːɹbiː ɐn ɪmiːdɪəsi ænd ɐn ɪntɪməsi ðæt sʌks juː ɪn ænd dɛɹz juː nɑːt tə bᵻliːv ɪt ɛs ɔːl tɹuː ,1
"ɐ dɛftli ɛntɚteɪnɪŋ fɪlm , smɑːɹtli pleɪd ænd smɑːɹtli dᵻɹɛktᵻd ",1
"bɑːɡdɐnoʊvɪtʃ tæps diːp ɪntʊ ðə hɜːst mɪstiːk , ɛntɚteɪnɪŋli ɹiːɛnæktɪŋ ɐ hɪstɔːɹɪk skændəl ",1
ɐ tɛɹᵻbəl muːvi ðæt sʌm piːpəl wɪl nɛvɚðəlɛs faɪnd muːvɪŋ ,0
tə blændli ɡoʊ wɛɹ wiː wɛnt eɪt muːvɪz ɐɡoʊ ,0
"ðə fɪlm ɛs læk ʌv pɜːsənælᵻɾi pɜːmɪeɪts ɔːl ɪts æspɛkts fɹʌmðə tiːviː muːvi ɛsk , ɐfɛktᵻd tʃaɪld æktɪŋ tə ðə dʌlɪst aɪɹɪʃ pʌb siːnz ɛvɚ fɪlmd ",0
kɹeɪɡ bɑːɹtlɪt ænd dᵻɹɛktɚ tʌk tʌkɚ ʃʊd biː kəmɛndᵻd fɔːɹ ɪləstɹeɪɾɪŋ ðə mɛɹɪts ʌv faɪɾɪŋ hɑːɹd fɔːɹ sʌmθɪŋ ðæt ɹiəli mæɾɚz ,1
ɹoʊzənθəl ɛlɑːɹbiː hæloʊiːn ɹoʊmən tuː ɑːɹɹɑːɹbiː siːmz tə hæv fɚɡɑːʔn̩ ɛvɹɪθɪŋ hiː ɛvɚ nuː ɐbaʊt dʒɛnɚɹeɪɾɪŋ səspɛns ,0
bʌt ɪt ɛs dᵻfaɪəntli ænd dᵻlaɪtfəli ɐɡɛnst ðə ɡɹeɪn ,1
"fæmaɪɪwə ɛs fiːtʃɚ diːlz wɪð ɪts sʌbdʒɛkt mæɾɚɹ ɪn ɐ teɪstfəl , ɪntɛlɪdʒənt mænɚ , ɹæðɚ ðɐn foːɹsɪŋ ʌs tʊ ɛndʊɹ ɛvɹi plɑːt kəntɹaɪvəns ðætðə klɪx ɹɪdəld ʒɑːnɹə kæn ɔfɚ ",1
meɪtɹɪks staɪl mæsəkɚz ɪɹʌpt θɹuːaʊt bʌt ðə muːvi hɐz ɐ tʌfɚ taɪm bælənsɪŋ ɪts vaɪələns wɪð kæfkə ɪnspaɪɚd fɪlɑːsəfi ,0
"ɛlɑːɹbiː təbæk ɛs ɑːɹɹɑːɹbiː fɑːndnəs fɔːɹ fænsi splɪt skɹiːn , stʌɾɚɹɪŋ ɛdɪɾɪŋ ænd pɑːmpəs ɹɛfɹənsᵻz tə wɪtdʒənstaɪn ænd kɜːkɪɡɑːɹd blɛndz ʌniːzili wɪððə tɪɾɪleɪɾɪŋ mətɪɹiəl ",0
"æɾə taɪm wɛn kəmɜːʃəlɪzəm hɐz skwiːzd ðə laɪf aʊɾəv wʌtɛvɚɹ aɪdiəlɪzəm ɐmɛɹɪkən muːvɪmeɪkɪŋ ɛvɚ hæd , ɡɑːdfɹi ɹɛɡɪoʊ ɛs kɚɹɪɹ ʃaɪnz laɪk ɐ loʊnli biːkən ",1
ðə taɪp ʌv dʌmd daʊn ɛksɚsaɪz ɪn stɛɹɪoʊtaɪps ðæt ɡɪvz ðɪ ɛlɑːɹbiː tiːn kɑːmədi ɑːɹɹɑːɹbiː ʒɑːnɹə ɐ bæd neɪm ,0
"ɛlɪɡənt ænd ɛləkwənt ɛlɑːɹbiː mɛdɪteɪʃən ɑːɹɹɑːɹbiː ɔn dɛθ ænd ðæt moʊst ᵻluːsɪv ʌv pæʃənz , lʌv ",1
wɪɹd ,0
"ɛlɑːɹbiː kluːni ɛs ɑːɹɹɑːɹbiː deɪbjuː kæn biː ɐkjuːzd ʌv biːɪŋ ɐ bɪt ʌndɪsɪplɪnd , bʌt ɪt hɐz ɐ tɹəmɛndəs , ɔfbiːt sɛns ʌv staɪl ænd hjuːmɚ ðæt sədʒɛsts hiː wʌz ɪnfluːənst baɪ sʌm ʌvðə fɪlmeɪkɚz huː hæv dᵻɹɛktᵻd hɪm , ɪspɛʃəli ðə koʊɛn bɹʌðɚz ænd stiːvən soʊdɚbɚɡ ",1
pɛɹ ðæt wɪð ɹiəli pʊɹ kəmiːdɪk ɹaɪɾɪŋ ænd juː viː ɡɑːt ɐ hjuːdʒ mɛs ,0
"ðɪ ɔːdiəns wɛn aɪ sɔː ðɪswʌn wʌz tʃʌklɪŋ æɾ ɔːl ðə ɹɔŋ taɪmz , ænd ðæt ɛs ɐ bæd saɪn wɛn ðeɪ ɹiː səpoʊzd təbi hævɪŋ ɐ kəlɛktɪv hɑːɹt ɐtæk ",0
nɪkələs nɪklɛbi sɛləbɹeɪts ðə hjuːmən spɪɹɪt wɪð sʌtʃ ʌnɹɪlɛntɪŋ dɪkɛnsiən diːsənsi ðɐɾɪt tɜːnd miː ɛlɑːɹbiː hɔɹɚz ! ɑːɹɹɑːɹbiː ,1
ɹoʊmeɪnək ɛs θiːmz ɑːɹ ɛvɹi bɪt æz dɪstɪŋktɪv æz hɪz vɪʒuːəlz ,1
"noʊ wɜːs ɐ fɪlm ðɐn bɹeɪkɪŋ aʊt , ænd bɹeɪkɪŋ aʊt wʌz ʌɾɚli tʃɑːɹmɪŋ ",1
"skuːbi duː ɪz ʃʊɹli ɛvɹɪθɪŋ ɪts fænz ɑːɹ hoʊpɪŋ ɪt wɪl biː , ænd ɪn ðæt sɛns ɪz ɐ muːvi ðæt dɪzɜːvz ɹɛkəmɛndeɪʃən ",1
"ɐ dɪm wɪɾᵻd ænd leɪzi spɪn ɔf ʌvðɪ ænɪməl plænɪt dɑːkjuːmɛntɚɹi sɪɹiz , kɹɑːkədaɪl hʌntɚɹ ɪz ɛntɚteɪnmənt ɑːpɚtuːnɪzəm æɾ ɪts moʊst ɡlɛɹɪŋ ",0
"ɐn ɛɹləs , pɹɪpækɪdʒd dʒuːliɚ ɹɑːbɚts wɑːnɐbiː ðæt stɪŋks soʊ bædli ʌv hɑːɹd sɛl ɪmɪdʒ mɔndʒɚɹɪŋ juː ɛlɛl wʌndɚ ɪf loʊpɛz ɛs pʌblɪsɪst ʃʊd ʃɛɹ skɹiːnɹaɪɾɪŋ kɹɛdɪt ",0
wɪl ɛnɪwʌn huː ɪz ɛnt ɐ fæŋɡoːɹiə səbskɹaɪbɚ biː ɛksaɪɾᵻd ðɐɾɪt hɐz ɛnt ɡɔn stɹeɪt tə vɪdɪoʊ ? ,0
jʊɹ tʃɪldɹən wɪl biː ɑːkjʊpaɪd fɔːɹ sɛvənti tuː mɪnɪts ,1
ɛksaɪɾɪŋ ænd wɛl peɪst ,1
"læskɚ ɛs kæni , mɛdᵻteɪɾɪv skɹɪpt dɪstənsᵻz sɛks ænd lʌv , æz baɪɹɑːn ænd luːðɚ ɹiːəlaɪz ðeɪ kɑː ɛnt ɡɛt noʊ sæɾɪsfækʃən wɪðaʊt ðə læɾɚ ",1
"laɪk ɹʌdi jɛloʊ lɑːdʒ , aɪɚ niːdz tə teɪk ɐ ɡʊd swɛt tə klæɹᵻfaɪ hɪz sɪnɪmæɾɪk vɪʒən bᵻfoːɹ hɪz nɛkst kɹiːeɪʃən ænd ɹᵻmɛmbɚ ðə lɛsənz ʌvðə tɹɪkstɚ spaɪdɚ ",0
ðɪ ɐmeɪzɪŋ fɪlm wɜːk ɪz soʊ kənvɪnsɪŋ ðæt baɪ muːvɪz ɛnd juː ɛlɛl swɛɹ juː ɑːɹ wɛt ɪn sʌm pleɪsᵻz ænd fiːl sænd kɹiːpɪŋ ɪn ʌðɚz ,1
fɛm feɪtæl ɔfɚz nʌθɪŋ moːɹ ðænə beɪt ænd swɪtʃ ðæt ɪz bᵻjɔnd pleɪɪŋ fɛɹ wɪððɪ ɔːdiəns ,0
"kəmbaɪnz ʃɑːɹp kɑːmədi , oʊld fæʃənd mɔnstɚ muːvi ætməsfɛɹɪks , ænd dʒɛnjuːɪn hɑːɹt tə kɹiːeɪt ɐ fɪlm ðæt ɛs nɑːt mɪɹli ɐbaʊt kɪkɪŋ ʌndɛd , bʌt ɔːlsoʊ ɐbaʊt diːlɪŋ wɪð ɹᵻɡɹɛt ænd , ʌltᵻmətli , faɪndɪŋ ɹᵻdɛmpʃən ",1
dʒʌst ɐ bʌntʃ ʌv ɡʊd æktɚz fleɪlɪŋ ɚɹaʊnd ɪn ɐ keɪpɚ ðæt ɛs niːðɚɹ ɚɹɪdʒɪnəl nɔːɹ tɛɹᵻbli fʌni ,0
"ðə muːvi dʌz ɪts bɛst tə wɜːk ʌs oʊvɚ , wɪð sɛkənd hɛlpɪŋz ʌv lʌv , ɹoʊmæns , tɹædʒədi , fɔls dɔːnz , ɹiːəl dɔːnz , kɑːmɪk ɹᵻliːf , tuː sɛpɹət kɹaɪsiːz dʊɹɹɪŋ mæɹɪdʒ sɛɹᵻməniz , ænd ðə lʌʃ siːnɚɹi ʌvðə kɑːtswoʊldz ",1
"fɪld wɪð ɑːnɪst pɚfoːɹmənsᵻz ænd ɛksɛpʃənəl diːteɪl , bæɹən ɪz ɐ dʒɛntəl fɪlm wɪð dɹəmæɾɪk pʌntʃ , ɐ hɔːntɪŋ oʊd tə hjuːmænᵻɾi ",1
ɹədɹiːɡɛz dʌz ɐ splɛndɪd dʒɑːb ʌv ɹeɪʃəl pɹoʊfaɪlɪŋ hɑːliwʊd staɪl kæstɪŋ ɛksələnt lætɪn æktɚz ʌv ɔːl eɪdʒᵻz ɐ tɹɛnd lɔŋ oʊvɚduː ,1
tækæʃi mɪaɪk kiːps pʊʃɪŋ ðɪ ɑːnvəloʊp ɪkaɪ ðə kɪlɚ ,1
moːɹ laɪkli tə hæv juː skɹætʃɪŋ jʊɹ hɛd ðɐn haɪdɪŋ ʌndɚ jʊɹ siːt ,0
fɛɹli ɹʌn ʌvðə mɪl ,0
soʊ kʊd jʌŋ ɹoʊmæntɪks aʊt ɔn ɐ deɪt ,1
dᵻspaɪt ɪts flɔːz bᵻlɪnski ɪz stɪl eɪbəl tə kɹiːeɪt ɐn ɛŋɡeɪdʒɪŋ stoːɹi ðæt kiːps juː ɡɛsɪŋ æɾ ɔːlmoʊst ɛvɹi tɜːn ,1
"ðə siːkɹᵻts ʌv taɪm tɹævəl wɪl hɐvbɪn dɪskʌvɚd , ɪndʌldʒd ɪn ænd ɹᵻdʒɛktᵻd æz boːɹɪŋ bᵻfoːɹ aɪ siː ðɪs piːs ʌv kɹæp ɐɡɛn ",0
"ðə skɹɪpt boʊsts sʌm tɑːɹt tiːviː ɪnsaɪdɚ hjuːmɚ , bʌt ðə fɪlm həznɑːt ɐ tɹeɪs ʌv hjuːmænᵻɾi ɔːɹ ɛmpəθi ",0
"ðoʊ ɪt ɛs nɑːt vɛɹi wɛl ʃɑːt ɔːɹ kəmpoʊzd ɔːɹ ɛdɪɾᵻd , ðə skoːɹ ɪz tuː ɪnsɪstənt ænd ðə daɪəlɑːɡ ɪz fɹiːkwəntli oʊvɚɹɔːt ænd kɹuːdli lɪɾɚɹəl , ðə fɪlm ʃæɾɚz juː ɪn weɪvz ",0
"sætɪn ɹuːʒ ɪz nɑːɾə nuː , ɔːɹ ɪnvɛntɪv , dʒɜːni , bʌt ɪt ɛs ɛŋkɜːɹɪdʒɪŋ tə siː ɐ θɹiː dᵻmɛnʃənəl , ævɹɪdʒ , mɪdəl eɪdʒd wʊmən ɛs ɛkspiəɹɪəns ʌv sɛlf dɪskʌvɚɹi hændəld wɪð sʌtʃ sɛnsɪtɪvᵻɾi ",1
"duː tə stɑːdʒi , soʊp ɑːpɚɹə ɪʃ daɪəlɑːɡ , ðə ɹɛst ʌvðə kæst kʌmz əkɹɑːs æz stɪk fɪɡjɚz ɹiːdɪŋ laɪnz fɹʌm ɐ tɛlᵻpɹɑːmptɚ ",0
"ɪt ɛs soʊ kɹæmd wɪð siːnz ænd vɪstəz ænd pɹɪɾi moʊmənts ðɐɾɪt ɛs lɛft ɐ fjuː kɹuːʃəl θɪŋz aʊt , laɪk kæɹɪktɚ dɪvɛləpmənt ænd koʊhɪɹəns ",0
ɐ hɪpnɑːɾɪk saɪbɚ hɪm ænd ɐ kɹuːəl stoːɹi ʌv juːθ kʌltʃɚ ,1
nɔɪs hɐz wɜːkt wʌndɚz wɪððə mətɪɹiəl ,1
ɐ sʌmtaɪmz ɪnsaɪsɪv ænd sɛnsᵻtɪv poːɹtɹɪt ðæt ɪz ʌndɚkʌt baɪ ɪts ɔːkwɚd stɹʌktʃɚ ænd ɐ faɪnəl vɪɹɪŋ təwɔːɹd mɛlədɹɑːmə ,0
noʊ θæŋks ,0
"dᵻspaɪt ðə pɹɪdɪktəbəl pɛɹənt viːɛs tʃaɪld kʌmɪŋ ʌv eɪdʒ θiːm , fɜːst klæs , nætʃɚɹəl æktɪŋ ænd ɐ lʊk æt ðə ɹiːəl ɐmɛɹɪkənz meɪk ðɪs ɐ tʃɑːɹmɚ ",1
"diːliə , ɡɹɛɾə , ænd pɔːlɚ ɹæŋk æz θɹiː ʌvðə moʊst mʌltileɪɚd ænd sɪmpəθɛɾɪk fiːmeɪl kæɹɪktɚz ʌvðə jɪɹ ",1
ækʃən mᵻkænɪkəl ,0
"ɐnʌðɚ hoʊli ʌnnɛsᵻsɚɹi ɐdɪʃən tə ðə ɡɹoʊɪŋ , moʊldɚɹɪŋ paɪl ʌv , wɛl , ɛkstɹiːm stʌnt pɪktʃɚz ",0
"ðɪs wʊdhɐv bɪn bɛɾɚ ðɐn ðə fɪkʃən ɪt hɐz kəŋkɑːktᵻd , ænd ðɛɹ stɪl kʊdɐv bɪn ɹuːm fɚðə wɔːɹ siːnz ",0
ɪt ɛs ɐ bæd saɪn ɪn ɐ θɹɪlɚ wɛn juː ɪnstəntli noʊ huːdʌnɪt ,0
"waɪl ðə pɹədʌkʃən diːteɪlz ɑːɹ lævɪʃ , fɪlm hɐz lɪɾəl ɪnsaɪt ɪntʊ ðə hɪstɔːɹɪkəl piəɹɪəd ænd ɪts ɑːɹɾɪsts , pɚtɪkjʊlɚli ɪn haʊ sænd dɪvɛləpt ɐ noʊtoːɹiəs ɹɛpjuːteɪʃən ",0
"ɔːlðoʊ ɑːlɪviɚɹ ɐseɪəz ɛlɪɡəntli ɐpɔɪntᵻd piəɹɪəd dɹɑːmə siːmz , æt taɪmz , pædᵻd wɪð ɪnsɪdənt ɪnðə weɪ əvə tuː kɑːnsɪɛnʃəs ædæpteɪʃən ɪts θɹiː aʊɚ ɹʌnɪŋ taɪm pleɪz kloʊsɚ tə tuː ",1
ðə mɔːɹəl ʃɹæpnəl ænd mɛntəl ʃɛlʃɑːk wɪl lɪŋɡɚ lɔŋ æftɚ ðɪs fɪlm hɐz ɛndᵻd ,1
ɐ sliːk ædvɜːt fɔːɹ juːθfəl ɐnɑːmi ðæt nɛvɚ kwaɪt iːkwəlz ðə sʌm ʌv ɪts pɹɪtɛnʃənz ,0
"oʊvɚɹɔːl , ɪt ɛs ɐ vɛɹi ɛntɚteɪnɪŋ , θɔːt pɹəvoʊkɪŋ fɪlm wɪð ɐ sɪmpəl mɛsɪdʒ ɡɑːd ɪz lʌv ",1
"sʌm muːvɪz wɜː meɪd fɚðə bɪɡ skɹiːn , sʌm fɚðə smɔːl skɹiːn , ænd sʌm , laɪk bɐlɪstɪk ɛks viːɛs sɛvɚ , wɜː meɪd fɚðə pɑːm skɹiːn ",0
"ɐ kɑːnfɪdənt , ɹɪtʃli æktᵻd , ɪmoʊʃənəli dɛvᵻsteɪɾɪŋ piːs ʌv wɜːk ænd tuː θaʊzənd tuː ɛs fɜːst ɡɹeɪt fɪlm ",1
læbjuːt ɛs kɛɹfəl hændlɪŋ meɪks ðə mətɪɹiəl siːm dʒɛnjuːɪn ɹæðɚ ðɐn pændɚɹɪŋ ,1
ðə hoʊl fɪlm hɐz ðɪs sniːki fiːl tʊ ɪɾ æz ɪf ðə dᵻɹɛktɚɹ ɪz tɹaɪɪŋ tə duːp ðə vjuːɚɹ ɪntʊ teɪkɪŋ ɪɾ ɔːl æz vɛɹi ɪmpoːɹtənt sɪmpli bɪkʌz ðə muːvi ɪz ʌɡli tə lʊk æt ænd nɑːɾə hɑːliwʊd pɹɑːdʌkt ,0
ɐn ɪnɛlɪɡənt kɑːmbᵻneɪʃən ʌv tuː ʌnɹᵻleɪɾᵻd ʃɔːɹts ðæt fɔːlz fɑːɹ ʃɔːɹt ʌvðə dᵻɹɛktɚ ɛs pɹiːviəs wɜːk ɪn tɜːmz ʌv boʊθ θiːmæɾɪk kɑːntɛnt ænd næɹətɪv stɹɛŋθ ,0
ɐ fʌni jɛt dɑːɹk ænd siːdi klæʃ ʌv kʌltʃɚz ænd dʒɛnɚɹeɪʃənz ,1
æz tɹɪki ænd sæɾɪsfaɪɪŋ æz ɛni ʌv deɪvɪd mæmɪt ɛs ɛɹləs sɪnɪmæɾɪk ʃɛl ɡeɪmz ,1
ðə stoːɹi ɪz smɑːɹt ænd ɛntaɪɚli tʃɑːɹmɪŋ ɪn ɪntɛnt ænd ɛksɪkjuːʃən ,1
ðɪ ækʃən klɪx ɛs dʒʌst paɪl ʌp ,0
"nɑːt oʊnli dʌz ðə θʌɹoʊli fɔːɹmjʊleɪɪk fɪlm ɹɛpɹᵻzɛnt toʊɾəli ɛɡzɛmplᵻfaɪ mɪdəl ʌvðə ɹoʊd meɪnstɹiːm , ɪɾ ɔːlsoʊ ɹɛpɹᵻzɛnts ɡlɔsi hɑːliwʊd æɾ ɪts leɪziɪst ",0
ɐ dᵻlɪʃəs ænd dɛlᵻkətli fʌni lʊk æt ðə ɹɛzᵻdənts əvə koʊpənheɪɡən neɪbɚhʊd koʊpɪŋ wɪððə bᵻfʌdlɪŋ kɑːmplɪkeɪʃənz laɪf tɔsᵻz æt ðɛm ,1
"ɪf ɛvɚɹ ɐ kɑːnsɛpt keɪm hændᵻd daʊn fɹʌmðə muːvi ɡɑːdz ɔn ɐ sɪlvɚ plæɾɚ , ðɪs ɪz ɪt ",1
"juː meɪ biː kæptᵻveɪɾᵻd , æz aɪ wʌz , baɪ ɪts muːdz , ænd baɪ ɪts sʌɾəli tɹænsfɔːɹmd stɑːɹ , ænd stɪl wʌndɚ waɪ pɔːl tɑːməs ændɚsən ɛvɚ hæd ðɪ ɪŋklɪneɪʃən tə meɪk ðə moʊst sɪnsɪɹ ænd ɑːɹtfəl muːvi ɪnwɪtʃ ædəm sændlɚ wɪl pɹɑːbəbli ɛvɚɹ ɐpɪɹ ",1
bɹaʊn ʃʊɡɚ ædmᵻɹəbli ɐspaɪɚz təbi moːɹ ðɐn ɐnʌðɚ bɛst mæn kloʊn baɪ wiːvɪŋ ɐ θiːm θɹuːaʊt ðɪs fʌni fɪlm ,1
"haɪlaɪɾᵻd baɪ ɐ ɡɹɪɾi staɪl ænd ɐn ɛksələnt kæst , ɪt ɛs bɛɾɚ ðɐn wʌn maɪt ɛkspɛkt wɛn juː lʊk æt ðə lɪst ʌv muːvɪz stɑːɹɹɪŋ aɪs tiː ɪn ɐ meɪdʒɚ ɹoʊl ",1
dʒɛntli hjuːmɚɹəs ænd tʌtʃɪŋ ,1
"pjuːpoːɹɾᵻdli beɪst ɔn tɹuː ᵻvɛnts , ɐ kɑːnvəluːʃən ʌv læŋɡwɪdʒ ðæt sədʒɛsts ɪt ɛs ɪmpɑːsᵻbəl tə kleɪm ðɐɾɪt ɪz beɪst ɔn ɐ tɹuː stoːɹi wɪð ɐ stɹeɪt feɪs ",0
vʌlɡɚɹ ɪz tuː ɑːptɪmɪstɪk ɐ taɪɾəl ,0
ðɪ ɐdvɛntʃɚz ʌv pluːɾoʊ næʃ ɪz ɐ bɪɡ taɪm stɪŋkɚ ,0
vɪʒuːəli kæptᵻveɪɾɪŋ ,1
"æz iːtʃ əv ðɛm sɜːtʃᵻz fɔːɹ ðɛɹ pleɪs ɪnðə wɜːld , mɪlɚ dɪɡz ɪntʊ ðɛɹ vɛɹi maɪndz tə faɪnd ɐn ʌnblɪŋkɪŋ , flɔːd hjuːmænᵻɾi ",1
ɹaɪɾɚ dᵻɹɛktɚ stiːvən ɡæɡən hɐz meɪd ðə nɪɹ feɪɾəl mɪsteɪk ʌv biːɪŋ wʌt ðɪ ɪŋɡlɪʃ kɔːl tuː klɛvɚ baɪ hæf ,0
"fɚðə fjuːtʃɚ , wʌn hoʊps mɪstɚ plɪmptən wɪl faɪnd ɹuːm fɔːɹ wʌn moːɹ mɛmbɚɹ ʌv hɪz lɪɾəl bænd , ɐ pɹəfɛʃənəl skɹiːnɹaɪɾɚ ",0
"ðə stoːɹi pleɪz aʊt sloʊli , bʌt ðə kæɹɪktɚz ɑːɹ ɪntɹiːɡɪŋ ænd ɹiːəlɪstɪk ",1
vɛɹi pɹɪdɪktəbəl bʌt stɪl ɛntɚteɪnɪŋ ,1
"ɪf juː ɹiː nɑːɾə fæn , ɪt maɪt biː laɪk tɹaɪɪŋ tʊ iːt bɹʌsəlz spɹaʊts ",0
"hɐz fɑːɹmoːɹ ɛnɚdʒi , wɪt ænd wɔːɹmθ ðɐn ʃʊd biː ɛkspɛktᵻd fɹʌm ɛni muːvi wɪð ɐ tuː æt ðɪ ɛnd ʌv ɪts taɪɾəl ",1
"mɪstɚ diːdz ɪz ʃʊɹ tə ɡɪv juː ɐ lɑːt ʌv læfs ɪn ðɪs sɪmpəl , swiːt ænd ɹoʊmæntɪk kɑːmədi ",1
ɪɾ ɔːl siːmd weɪstᵻd laɪk dɛniəɹoʊ ɛs wʌns pɹɑːmɪsɪŋ kɚɹɪɹ ænd ðə wʌns ɡɹænd lɔŋ biːtʃ boːɹdwɔːk ,0
"ɪts dʒɛntəl , tʌtʃɪŋ stoːɹi kɹiːps ɪntʊ jʊɹ hɑːɹt ",1
"ɑːɹmd wɪð ɐ ɡeɪm səpoːɹɾɪŋ kæst , fɹʌmðə pɪtʃ pɜːfɛkt fɔːɹstɜː tə ðɪ ɔːlweɪz hɪlɛɹiəs mɪɹə ænd lɛvi , laɪk maɪk ʃuːts ænd skoːɹz , duːɪŋ ɪts neɪmseɪk pɹaʊd ",1
wɜːks ɔn sʌm lɛvəlz ænd ɪz sɜːʔn̩li wɜːθ siːɪŋ æt liːst wʌns ,1
ɐ pətɛnʃəli ɡʊd kɑːmɪk pɹɛmɪs ænd ɛksələnt kæst ɑːɹ tɛɹᵻbli weɪstᵻd ,0
ɐ smɔːl dʒɛm fɹʌm bɛldʒəm ,1
"ðə kæɹɪktɚz ɑːɹ kɑːmplɛks ænd kwɜːki , bʌt ɛntaɪɚli bᵻliːvəbəl æz ðə ɹᵻmɑːɹkəbəl ɑːnsɑːmbəl kæst bɹɪŋz ðɛm tə laɪf ",1
wɜːθ ɐ lʊk æz ɐ kjʊɹɹɪɔsᵻɾi ,1
"ɪf juː viː ɡɑːt ɐ haʊs fʊl ʌv tɑːts duː ɛnt wʌɹi , ðɪs wɪl biː ɔn vɪdɪoʊ lɔŋ bᵻfoːɹ ðeɪ ɡɹoʊ ʌp ænd juː kæn weɪt tɪl ðɛn ",0
"ɛdi mɜːfi ænd oʊɪn wɪlsən hæv ɐ kjuːt pɑːɹtnɚʃɪp ɪn aɪ spaɪ , bʌt ðə muːvi ɚɹaʊnd ðɛm ɪz soʊ ɔfən nɪɹli nʌθɪŋ ðæt ðɛɹ tʃɑːɹm dʌz ɛnt duː ɐ loʊd ʌv ɡʊd ",0
"ʃɔːɹt ænd swiːt , bʌt ɔːlsoʊ moːɹ ðɐn ɛnɪθɪŋ ɛls slaɪt tædpoʊl pʊlz bæk fɹʌmðə kɑːnsɪkwənsᵻz ʌv ɪts oʊn ækʃənz ænd ɹɛvɪleɪʃənz ",1
pɔɪnjənt ænd dɛlᵻkətli kɑːmplɛks ,1
ænd wiː duː ɛnt ɐvɜːt aʊɚɹ aɪz fɚɹə moʊmənt ,1
sɪmpli ænd ɛləkwəntli ɑːɹtɪkjʊleɪts ðə tæŋɡəld fiːlɪŋz ʌv pɚtɪkjʊlɚ nuː jɔːɹkɚz diːpli tʌtʃt baɪ ɐn ʌnpɹɛsᵻdəntᵻd tɹædʒədi ,1
kʊd iːzili biː kɔːld ðə bɛst kɚɹiːən fɪlm ʌv tuː θaʊzənd tuː ,1
"ðə taɪɾəl , ɐloʊn , ʃʊd skɛɹ ɛni seɪn pɜːsən ɐweɪ ",0
"fɔːɹ ɔːl ðə taɪm wiː spɛnd wɪð ðiːz piːpəl , wiː nɛvɚ ɹiəli ɡɛt ɪnsaɪd ʌv ðɛm ",0
ɪt dʌz ɛnt mæɾɚ ðætðə fɪlm ɪz lɛs ðɐn naɪnti mɪnɪts ,1
ðə plɑːt ɪz peɪpɚ θɪn ænd ðə kæɹɪktɚz ɑːɹ ɛnt ɪntɹɛstɪŋ ɪnʌf tə wɑːtʃ ðɛm ɡoʊ ɐbaʊt ðɛɹ deɪli æktɪvᵻɾiz fɔːɹ tuː hoʊl aʊɚz ,0
"ðə fɪlm ɪz ɐ huːt , ænd ɪz dʒʌst æz ɡʊd , ɪf nɑːt bɛɾɚ ðɐn mʌtʃ ʌv wʌt ɛs ɔn sæɾɚdeɪ mɔːɹnɪŋ tiːviː ɪspɛʃəli ðə suːdoʊ ɛdʒuːkeɪʃənəl stʌf wiː ɔːl kɑː ɛnt stænd ",1
ðɪ ɛndɪŋ fiːlz æɾ ɑːdz wɪððə ɹɛst ʌvðə fɪlm ,1
ɪnðɪ ɛnd ðɛɹ ɪz wʌn wɜːd ðæt bɛst dᵻskɹaɪbz ðɪs fɪlm ɑːnɪst ,1
"ðə muːvi bɛɹli meɪks sɛns , wɪð ɪts ʌnbᵻliːvəbəl nɑː vɛt ænd ɑːɹbɪtɹɛɹi flæʃbæks ",0
"ɪt ɛs ɐ kwɜːki , ɔf biːt pɹɑːdʒɛkt ",1
"ɪf juː kæn ɡɛt pæst ðə tæbuː sʌbdʒɛkt mæɾɚ , ɪt wɪl biː wɛl wɜːθ jʊɹ taɪm ",1
"kɔɪ bʌt ɛɡzɪlɐɹəɾɪŋ , wɪð ɹiəli sɑːlɪd pɚfoːɹmənsᵻz baɪ vɪŋ ɹeɪmz ænd wɛsli snaɪps ",1
"stɑːɹts sloʊli , bʌt ædɹiən bɹoʊdi ɪnðə taɪɾəl ɹoʊl hɛlps meɪk ðə fɪlm ɛs kəŋkluːʒən paʊɚfəl ænd sæɾɪsfaɪɪŋ ",1
fiːbəl kɑːmədi ,0
noʊ ɐmaʊnt ʌv blʌd ænd dɪsɪntᵻɡɹeɪɾɪŋ væmpaɪɚ kɐdævɚz kæn əbskjʊɹ ðɪs muːvi ɛs læk ʌv aɪdiəz ,0
"ðə ɡʊd ænd dɪfɹənt aɪdiə ɛlɑːɹbiː ʌv mɪdəl eɪdʒd ɹoʊmæns ɑːɹɹɑːɹbiː ɪz nɑːt hændəld wɛl ænd , ɛksɛpt fɚðə faɪn stɑːɹ pɚfoːɹmənsᵻz , ðɛɹ ɪz lɪɾəl ɛls tə ɹɛkəmɛnd nɛvɚɹ ɐɡɛn ",0
wʊd ðæt ɡɹiːŋɡɹæs hæd ɡɔn ɐ tæd lɛs fɔːɹ ɡɹɪt ænd ɐ lɑːt moːɹ fɔːɹ ɪntɛlɪdʒəbɪlᵻɾi ,0
"sædli , æz blʌd wɜːk pɹuːvz , ðæt wʌzɐ lɔŋ , lɔŋ taɪm ɐɡoʊ ",0
"ðə pɚfoːɹmɚz ɑːɹ soʊ spɑːt ɔn , ɪɾ ɪz hɑːɹd tə kənsiːv ɛnɪwʌn ɛls ɪn ðɛɹ ɹoʊlz ",1
"ðə fɜːst mɪsteɪk , aɪ sʌspɛkt , ɪz kæstɪŋ ʃætnɚɹ æz ɐ lɛdʒəndɚɹi pɹəfɛsɚ ænd kuːniz æz ɐ bɹɪliənt kɑːlɪdʒ stuːdənt wɛɹ ɛs paʊli ʃoːɹ æz ðə ɹɑːkɪt saɪəntɪst ? ",0
waɪz ænd dɛdpæn hjuːmɚɹəs ,1
"twɛnti θɹiː muːvɪz ɪntʊ ɐ moʊstli mæɡnɪfɪsənt dᵻɹɪktoːɹɪəl kɚɹɪɹ , klɪnt iːstwʊd ɛs ɪfɪʃəntli mɪnɪməlɪst staɪl faɪnəli hɐz feɪld hɪm ",0
boːɹɪŋ ænd miːændɚɹɪŋ ,0
"waɪl sɜːʔn̩li moːɹ nætʃɚɹəlɪstɪk ðɐn ɪts ɔːstɹeɪliən kaʊntɚpɑːɹt , æmɚɹi ɛs fɪlm fɔːlz ʃɔːɹt ɪn bɪldɪŋ ðə dɹɑːmə ʌv lɪliə ɛs dʒɜːni ",0
meɪk tʃæn ɛs ækʃən siːkwənsᵻz boːɹɪŋ ,0
"sɪmpli pʊt , ðɛɹ ʃʊdəv bɪn ɐ moːɹ kəmpɛlɪŋ ɛkskjuːs tə pɛɹ suːzən sæɹændən ænd ɡoʊldi hɔːn ",0
"pɹuːvz ɐ lʌvli tɹaɪfəl ðæt , ʌnfɔːɹtʃənətli , ɪz ɐ lɪɾəl tuː ɪn lʌv wɪð ɪts oʊn kjuːtnəs ",0
bʌt ɪts stɔːɹɪtɛlɪŋ pɹaʊɛs ænd spɛʃəl ɪfɛkts ɑːɹ boʊθ lɪstləs ,0
"ɐn ɛnɚdʒaɪzɪŋ , ɪntɑːksᵻkeɪɾɪŋ dɑːkjuːmɛntɚɹi tʃɑːɹɾɪŋ ðə ɹaɪz ʌv hɪp hɑːp kʌltʃɚɹ ɪn dʒɛnɚɹəl ænd ðɪ ɑːɹt ʌv skɹætʃɪŋ ɛlɑːɹbiː ɔːɹ tɜːntɐbəlɪzəm ɑːɹɹɑːɹbiː ɪn pɚtɪkjʊlɚ ",1
skɹiːnɹaɪɾɚ dæn ʃneɪdɚ ænd dᵻɹɛktɚ ʃɔːn lɛvi sʌbstɪtuːt vɑːljuːm ænd pɹaɪmɚɹi kʌlɚz fɔːɹ hjuːmɚ ænd baɪt ,1
"ɛlɑːɹbiː ɹæmseɪ ɑːɹɹɑːɹbiː vɪʒuːəli tɹænsfɔːɹmz ðə dɹɪɹi ɛkspæns ʌv dɛd ɛnd dɪsteɪst ðə kæɹɪktɚz ɪnhæbɪt ɪntʊ ɐ poʊᵻm ʌv ɑːɹt , mjuːzɪk ænd mɛɾəfɔːɹ ",1
wɜːks æz pɹɪɾi kənteɪdʒəs fʌn ,1
"ɪnðə piənɪst , pəlænski ɪz seɪɪŋ wʌt hiː hɐz lɔŋ wɔntᵻd tə seɪ , kənfɹʌntɪŋ ðə ɹuːts ʌv hɪz oʊn pɹɪɑːkjʊpeɪʃənz ænd əbsɛʃənz , ænd hiː ɐlaʊz nʌθɪŋ tə ɡɛt ɪnðə weɪ ",1
lɪɑːɾə ɪz pʊt ɪn ɐn ɪmpɑːsᵻbəl spɑːt bɪkʌz hɪz kæɹɪktɚ ɛs dᵻsɛpʃənz ʌltᵻmətli ʌnduː hɪm ænd ðə bᵻliːvəbɪlᵻɾi ʌvðɪ ɛntaɪɚ sənæɹioʊ ,0
"ɪf ðɛɹwʌz ɛvɚɹ ɐ muːvi wɛɹ ðɪ ʌpbiːt ɛndɪŋ fiːlz laɪk ɐ kɑːpaʊt , ðɪs ɪz ðə wʌn ",0
"ðə kæst poːɹtɹeɪz ðɛɹ kɑːɹtuːn kaʊntɚpɑːɹts wɛl bʌt kwaɪt fɹæŋkli , skuːb ænd ʃæɡ duː ɛnt iːt ɪnʌf dʊɹɹɪŋ ðə fɪlm ",0
ðə ʃɪɹ dʌmnəs ʌvðə plɑːt ɛlɑːɹbiː ʌðɚ ðɐn ɪts wʌn ɡʊd aɪdiə ɑːɹɹɑːɹbiː ænd ðə muːvi ɛs ɪnɛskeɪpəbəl ɛɹ ʌv sliːzinəs ɡɛt juː daʊn ,0
ðoʊz huː duː ɛnt ɛntaɪɚli ɡɛt ɡɑːdɚd ɛs dɪstɪŋktɪv dɪskoːɹs wɪl stɪl kʌm ɐweɪ wɪð ɐ sɛns ʌv hɪz ɹɪzɜːvd bʌt ɛɡzɪstɛnʃəl pɔɪnjənsi ,1
pɹəvaɪdz ɐ vɛɹi muːvɪŋ ænd ɹɛvɪlətoːɹi fʊtnoʊt tə ðə hɑːləkɔːst ,1
ðɛɹ ɪz ɪnʌf ɚɹɪdʒɪnælᵻɾi ɪn laɪf tə dɪstəns ɪt fɹʌmðə pæk ʌv peɪnt baɪ nʌmbɚ ɹoʊmæntɪk kɑːmədiz ðæt soʊ ɔfən ɛnd ʌp ɔn sɪnəmə skɹiːnz ,1
ɹeɪmi kɹæftᵻd ɐ kɑːmplᵻkeɪɾᵻd hiəɹoʊ huː ɪz ɐ wɛlkʌm ɹᵻliːf fɹʌmðə juːʒuːəl tuː dᵻmɛnʃənəl ɔfɚɹɪŋz ,1
"ɪf juː sɔː bᵻnɪɡni ɛs pɪnɑːkɪoʊ æɾə pʌblɪk pɑːɹk , juː diː ɡɹæb jʊɹ kɪdz ænd ɹʌn ænd ðɛn pɹɑːbəbli kɔːl ðə pəliːs ",0
"ɪɾ ɪz dɑːɹk , bɹuːdɪŋ ænd sloʊ , ænd teɪks ɪts sɛntɹəl aɪdiə weɪ tuː sɪɹiəsli ",0
"ɪt kʌts tə ðə koːɹ ʌv wʌt ɪɾ æktʃuːəli miːnz tə feɪs jʊɹ fɪɹz , təbi ɐ ɡɜːl ɪn ɐ wɜːld ʌv bɔɪz , təbi ɐ bɔɪ tɹuːli ɪn lʌv wɪð ɐ ɡɜːl , ænd tə ɹaɪd ðə bɪɡ mɛɾəfɔːɹɪkəl weɪv ðæt ɪz laɪf wɛɹɛvɚɹ ɪt teɪks juː ",1
"ɐn ɛndʒɔɪəbəl , ɪf əkeɪʒənəli flɔːd , ɛkspɛɹɪmənt ",1
"ɪɾ ɪz , haʊɛvɚ , ɐ kəmpliːtli ɑːnɪst , oʊpən hɑːɹɾᵻd fɪlm ðæt ʃʊd ɐpiːl tʊ ɛnɪwʌn wɪlɪŋ tə səkʌm tʊ ɪt ",1
aɪ duː ɛnt θɪŋk ðɪs muːvi lʌvz wɪmɪn æɾ ɔːl ,0
"ɐmɛɹɪkən mjuːzɪkəl kɑːmədi æz wiː noʊ ɪt wʊd ɛnt ɛɡzɪst wɪðaʊt ðə pɹɛsᵻdənt ʌv jɪdɪʃ θiəɾɚ , huːz dʒɑːli , fʌn fɔːɹ fʌn ɛs seɪk kəmjuːnəl spɪɹɪt ɡoʊz tə ðɪ ɛsəns ʌv bɹɔːdweɪ ",1
"duː ɛnt dʒʌdʒ ðɪswʌn tuː suːn ɪt ɛs ɐ dɑːɹk , ɡɹɪɾi stoːɹi bʌt ɪt teɪks ɔf ɪn toʊɾəli ʌnɛkspɛktᵻd dᵻɹɛkʃənz ænd kiːps ɔn ɡoʊɪŋ ",1
"ɛlɑːɹbiː ðə fɪlm ɑːɹɹɑːɹbiː wɜːks , duː moʊstli tə ðə tʌŋ ɪn tʃiːk æɾɪtuːd ʌvðə skɹiːnpleɪ ",1
"fiːtʃɚz nɑːnsɛnsɪkəl ænd læfəbəl plɑːɾɪŋ , wʊdən pɚfoːɹmənsᵻz , ɪnɛptli dᵻɹɛktᵻd ækʃən siːkwənsᵻz ænd sʌm ʌvðə wɜːst daɪəlɑːɡ ɪn ɹiːsənt mɛmɚɹi ",0
"tuː smɑːɹt tʊ ɪɡnoːɹ bʌt ɐ lɪɾəl tuː smʌɡli suːpiəɹɪɚ tə laɪk , ðɪs kʊd biː ɐ muːvi ðæt ɛndz ʌp slæpɪŋ ɪts tɑːɹɡɪt ɔːdiəns ɪnðə feɪs baɪ ʃuːɾɪŋ ɪtsɛlf ɪnðə fʊt ",0
ðə dᵻɹɛktɚ ɛs mɛni dɑːdʒᵻz ænd tɜːnz æd ʌp tə lɪɾəl moːɹ ðænə skɹiːnfəl ʌv ɡeɪmsmənʃɪp ðæt ɛs loʊ ɔn boʊθ səspɛns ænd peɪɔf ,0
"ɐn ɪnvæljuːəbəl hɪstɔːɹɪkəl dɑːkjuːmənt θæŋks tə ðə fɪlmeɪkɚ ɛs ɛkstɹoːɹdɪnɛɹi æksɛs tə mæsaʊd , huːz tʃɑːɹm , kʌltɪveɪʃən ænd dɪvoʊʃən tə hɪz piːpəl ɑːɹ ɹɛdili ɐpæɹənt ",1
"noʊ tʃɑːɹm , noʊ læfs , noʊ fʌn , noʊ ɹiːzən tə wɑːtʃ ",0
"θæŋks lɑːɹdʒli tə wɪljəmz , ɔːl ðɪ ɪntɹɛstɪŋ dɪvɛləpmənts ɑːɹ pɹɑːsɛst ɪn sɪksti mɪnɪts ðə ɹɛst ɪz dʒʌst ɐn oʊvɚɹɛkspoʊzd weɪst ʌv fɪlm ",0
wʌt maɪthɐv ɪmɜːdʒd æz hɪlɛɹiəs luːnəsi ɪnðə hændz ʌv wʊdi ælən ɔːɹ mɛl bɹʊks ɛlɑːɹbiː æt liːst dʊɹɹɪŋ ðɛɹ sɛvənti z heɪdeɪ ɑːɹɹɑːɹbiː kʌmz əkɹɑːs æz leɪm ænd sɑːfəmɔːɹɪk ɪn ðɪs deɪbjuː ɪndi fiːtʃɚ ,0
ɪt wʊd teɪk ɐ kəmpliːt mɔːɹɑːn tə faʊl ʌp ɐ skɹiːn ædæpteɪʃən ʌv ɑːskɚ waɪldə ɛs klæsɪk sæɾaɪɚ ,0
dʒækæs ɪz ɐ vʌlɡɚ ænd tʃiːp lʊkɪŋ vɜːʒən ʌv kændɪd kæmɹə steɪdʒd fɚðə mɑːɹrkiː də seɪd sɛt ,0
ɛvɹɪwʌn ʃʊd biː eɪbəl tʊ ɐpɹiːʃɪeɪt ðə wʌndɚfəl sɪnɪmɐtɑːɡɹəfi ænd nætʃɚɹəlɪstɪk æktɪŋ ,1
"wʌn wɛl taɪmd ɛksploʊʒən ɪn ɐ muːvi kæn biː ɐ nɑːkaʊt , bʌt ɐ hʌndɹɪd ʌv ðɛm kæn biː nʌmɪŋ ",0
wɛɹ ðɛɹ hɛdz wɜːɹ ɪz ɛnɪwʌn ɛs ɡɛs ,0
"skɑːtlənd lʊks wʌndɚfəl , ðə fænz ɑːɹ ɔfən fʌni fɐnæɾɪks , ðə ʃoʊdaʊn ʃʊɹ biːts ɐ bæd deɪ ʌv ɡɑːlf ",1
"ðə mjuːzɪk meɪks ɐ naɪs ælbəm , ðə fuːd ɪz ɛntaɪsɪŋ ænd ɪɾəli bɛkənz ʌs ɔːl ",1
"wʌn ʌvðə bɛst sɪli hɔɹɚ muːvɪz ʌv ɹiːsənt mɛmɚɹi , wɪð sʌm ɹiːəl ʃɑːks ɪn stoːɹ fɔːɹ ʌnwɛɹi vjuːɚz ",1
ðə fɪlm ɪz ɐ vɛɹi ɡʊd vjuːɪŋ ɔːltɜːnətɪv fɔːɹ jʌŋ wɪmɪn ,1
"bjuːɾɪfəli ʃɑːt ɐɡɛnst ðə fɹoʊzən wɪntɚ lændskeɪps ʌv ɡɹɛnoʊbəl ænd dʒəniːvə , ðə fɪlm ʌnfoʊldz wɪð ɔːl ðə maʊntɪŋ tɛnʃən əvən ɛkspɜːt θɹɪlɚ , ʌntɪl ðə tɹædʒədi bᵻniːθ ɪɾ ɔːl ɡɹædʒuːəli ɹᵻviːlz ɪtsɛlf ",1
ɡɹɪfɪn koʊ mænɪdʒ təbi spɛktækjʊlɚli aʊtɹeɪdʒəs ,1
ɪɾ ɪz hɑːɹd nɑːt təbi ɪspɛʃəli ɡɹeɪtfəl fɔːɹ fɹiːdəm æftɚɹ ɐ fɪlm laɪk ðɪs ,1
ɐ wɛl pʊt təɡɛðɚ piːs ʌv ɜːbən sæɾaɪɚ ,1
"tuː mʌtʃ ʌv nɛməsɪs hɐz ɐ taɪɚd , tɔːki fiːl ",0
"pæn neɪlɪn ɛs ɛkspəzɪʃən ɪz bjuːɾifəl ænd mɪstɪɹiəs , ænd ðɪ ɪntɚvjuːz ðæt fɑːloʊ , wɪððə pɹæktɪʃənɚz ʌv ðɪs eɪntʃənt ɪndiən pɹæktɪs , ɑːɹ æz sʌɾəl ænd æz ɛnɪɡmæɾɪk ",1
"ɡɪvən ðə fækt ðæt vɜːtʃuːəli noʊwʌn ɪz baʊnd tə ʃoʊ ʌp æt θiəɾɚz fɔːɹ ɪt , ðə pɹɑːdʒɛkt ʃʊdəv bɪn meɪd fɚðə tuːb ",0
"wɪð moːɹ kæɹɪktɚ dɪvɛləpmənt ðɪs maɪthɐv bɪn ɐn ɪɹi θɹɪlɚ wɪð bɛɾɚ peɪɔfs , ɪt kʊdɐv bɪn ɐ θɪŋkɪŋ mæn ɛs mɔnstɚ muːvi ",0
"ɐn ɛntɚteɪnɪŋ bɹɪɾɪʃ haɪbɹɪd ʌv kɑːmədi , keɪpɚ θɹɪlz ænd kwɜːki ɹoʊmæns ",1
"bʌt ɪn tɹaɪɪŋ tə kæptʃɚ ðə nɑːvəl ɛs diːpɚɹ ɪntᵻmət ɹɛzənənsᵻz , ðə fɪlm hɐz aɪɹɑːnɪkli dɪstənst ʌs fɹʌmðə kæɹɪktɚz ",0
ðə mɑːdɚn mæstɚɹ ʌvðə tʃeɪs siːkwəns ɹᵻtɜːnz wɪð ɐ tʃeɪs tʊ ɛnd ɔːl tʃeɪsᵻz ,1
"kwiːn ʌvðə dæmd æz juː maɪthɐv ɡɛst , meɪks sɑːɹi juːs ʌv əliːə ɪn hɜː wʌn ænd oʊnli stɑːɹɹɪŋ ɹoʊl ʃiː dʌz lɪɾəl hɪɹ bʌt pɔɪnt æt θɪŋz ðæt ɛksploʊd ɪntʊ fleɪm ",0
"ɐ laʊd , wɪtləs mɛs ðæt hɐz nʌn ʌvðə tʃɑːɹm ænd lɪɾəl ʌvðɪ ɪntɹiːɡ fɹʌmðə tiːviː sɪɹiz ",0
ɐ kɑːɹtuːn ? ,0
ɐ kɹæs ænd ɪnsʌltɪŋ hɑːmɪdʒ tə ɡɹeɪt fɪlmz laɪk sʌm laɪk ɪt hɑːt ænd ðə dʒɑːn weɪn klæsɪks ,0
ðə pɹɑːbləm wɪð ɛksɛksɛks ɪz ðæt ɪts oʊn ækʃən ɪz ɛnt vɛɹi ɪfɛktɪv ,0
"jɛs , ðæt ɛs ɹaɪt ɪt ɛs fɔːɹɛst ɡʌmp , eɪndʒəl ʌv dɛθ ",1
"wɪð ɐ ɹoʊmæntɪk kɑːmədi plɑːtlaɪn stɹeɪt fɹʌmðɪ eɪdʒᵻz , ðɪs sɪndɪɹɛlə stoːɹi dʌz ɛnt hæv ɐ sɪŋɡəl sɚpɹaɪz ʌp ɪts sliːv ",0
"waɪl sɜːʔn̩li klɛvɚɹ ɪn spɑːts , ðɪs tuː lɔŋ , spuːfi ʌpdeɪt ʌv ʃeɪkspɪɹ ɛs məkbɛθ dʌz ɛnt səsteɪn ɐ haɪ ɪnʌf lɛvəl ʌv ɪnvɛnʃən ",0
"noʊ nuː plɑːt kənsɛpʃənz ɔːɹ ɛnvaɪɹənmɛntəl tʃeɪndʒᵻz , dʒʌst dɪfɹənt bɑːdiz fɔːɹ ʃɑːɹp ɑːbdʒɛkts tə ɹɪp θɹuː ",0
ɔːstɹeɪliən æktɚ dᵻɹɛktɚ dʒɑːn pɑːlsən ænd ɐwɔːɹd wɪnɪŋ ɪŋɡlɪʃ sɪnɪmɐtɑːɡɹəfɚ dʒaɪlz nʌtdʒɛnz meɪk ɐ tɚɹɪfɪk ɛfɚt æt dɪsɡaɪzɪŋ ðɪ ɑːbviəs wɪð ɛnɚdʒi ænd ɪnəveɪʃən ,1
"tuːhaɪ noʊz haʊ tʊ ɪnfleɪt ðə mʌndeɪn ɪntʊ ðə skæɹᵻfaɪɪŋ , ænd ɡɛts fʊl maɪlɪdʒ aʊɾəv ðə ɹoʊlɪŋ əvə stɹeɪ bæɹəl ɔːɹ ðɪ ʌnɛkspɛktᵻd blæst əvə fɑːnəɡɹæf ɹɛkɚd ",1
ɐtwʌns ɐ tɛstəmənt tə ðə dᵻvaɪn kɔːlɪŋ ʌv ɛdʒuːkeɪʃən ænd ɐ dɛmənstɹeɪʃən ʌvðə peɪnsteɪkɪŋ pɹɑːsɛs ʌv ɪmpɑːɹɾɪŋ nɑːlɪdʒ ,1
ɪnsʌfɚɹəbli naɪiːv ,0
ðiːz ɑːɹ tɛkstbʊk laɪvz ʌv kwaɪət dɛspɚɹeɪʃən ,0
wɜːθ ɐ səluːt dʒʌst fɔːɹ tɹaɪɪŋ təbi moːɹ kɑːmplɛks ðɐn jʊɹ ævɹɪdʒ fɪlm ,1
"ɪɾ ɛksɛlz bɪkʌz , ʌnlaɪk soʊ mɛni ʌðɚ hɑːliwʊd muːvɪz ʌv ɪts ɪlk , ɪɾ ɔfɚz hoʊp ",1
"ðə fʌn ʌvðə muːvi ɪz ðə tʃæns ɪɾ ɐfoːɹdz tə wɑːtʃ dʒæksən , huː ɔːlsoʊ sɜːvd æz ɛɡzɛkjuːtɪv pɹəduːsɚ , teɪk hɪz smuːð , ʃɹuːd , paʊɚfəl ækt ɐbɹɔːd ",1
"fɑːɹ tuː klɛvɚ baɪ hæf , haʊɚd ɛs fɪlm ɪz ɹiəli ɐ sɪɹiz ʌv stɹʌŋ təɡɛðɚ moʊmənts , wɪð ɔːl ðə speɪsᵻz ɪn bᵻtwiːn fɪld wɪð fæntəsiz , deɪdɹiːmz , mɛmɚɹiz ænd wʌn fæntæstɪk vɪʒuːəl tɹoʊp æftɚɹ ɐnʌðɚ ",0
sɪɹiəs ænd θɔːtfəl ,1
soʊdɚbɚɡ skɪmz ðə fæt fɹʌmðə naɪntiːnhʌndɹɪd sɛvənti tuː fɪlm ,1
ɐ ɹᵻmɑːɹkəbli ɪnsaɪtfəl lʊk æt ðə bæksteɪdʒ æŋst ʌvðə stænd ʌp kɑːmɪk ,1
"ɔːltɜːnətli hɪlɛɹiəs ænd sæd , æɡɹɐveɪɾɪŋ ænd soʊlfəl , skeɪðɪŋ ænd dʒɔɪəs ",1
ðɪs ɪz ðə keɪs əvə pɹɛɡnənt pɹɛmɪs biːɪŋ weɪstᵻd baɪ ɐ skɹɪpt ðæt teɪks fjuː tʃænsᵻz ænd mænɪdʒᵻz tʊ ɪnsʌlt ðɪ ɪntɛlɪdʒəns ʌv ɛvɹɪwʌn ɪnðɪ ɔːdiəns ,0
ɪt ɛs ʌnlaɪkli wiː ɛlɛl siː ɐ bɛɾɚ θɹɪlɚ ðɪs jɪɹ ,1
"ɪt ɛs pɹəvɑːkətɪv stʌf , bʌt ðə spɛkjʊlətɪv ɛfɚt ɪz hæmpɚd baɪ teɪlɚ ɛs kɑːɹtuːnɪʃ pɚfoːɹməns ænd ðə fɪlm ɛs ɪl kənsɪdɚd noʊʃən ðæt hɪtlɚ ɛs dɛstɪni wʌz ʃeɪpt baɪ ðə moʊst ɹændəm ʌv tʃænsᵻz ",0
ɐ muːvi ðæt kɑː ɛnt ɡɛt səfɪʃənt dɪstəns fɹʌm liːɹɔɪ ɛs dᵻluːʒənz tʊ ɛskeɪp ðɛɹ mɔːdlɪn ɪnfluːəns ,0
"ðoʊ hæɹɪs ɪz ɐfɛktɪŋ æt taɪmz , hiː kæn nɑːt oʊvɚkʌm ðə sɛns ðæt pʌmpkɪn ɪz ɐ mɪɹ plɑːt pɔːn fɔːɹ tuː dᵻɹɛktɚz wɪð fɑːɹ lɛs ɛndɪɹɪŋ dɪsɐbɪləɾiz ",0
ʃneɪdɚmaɪstɚ mækɪn ɐ fuːl ʌv hɪmsɛlf lɑːsɪn hɪz fæn beɪs ,0
ɪn ðɪs keɪs ziəɹoʊ ,0
ðə jʌŋ stɑːɹz ɑːɹ tuː kjuːt ðə stoːɹi ænd ɛnsuːɪŋ kɑːmplɪkeɪʃənz ɑːɹ tuː mənɪpjʊlətɪv ðə mɛsɪdʒ ɪz tuː bleɪtənt ðə ɹɛzəluːʃənz ɑːɹ tuː kənviːnɪənt ,0
ðə dɪfɹəns ɪz ðæt aɪ tɹuːli ɛndʒɔɪd moʊst əv moʊstli mɑːɹθə waɪl aɪ niː ,1
sɛksi ænd ɹoʊmæntɪk ,1
"baɪ ðə taɪm ðə plɑːt ɡɹaɪndz ɪtsɛlf aʊt ɪn ɪŋkɹiːsɪŋli ɪŋkoʊhɪɹənt fæʃən , juː maɪt biː wɪʃɪŋ fɚɹə wɑːtʃ ðæt meɪks taɪm ɡoʊ fæstɚ ɹæðɚ ðɐn ðɪ ʌðɚ weɪ ɚɹaʊnd ",0
ɑːɹɾɛɾə dᵻɹɛkts wʌn ʌvðə bɛst ɑːnsɑːmbəl kæsts ʌvðə jɪɹ ,1
"vɪvɪdli kənveɪz ðə pæʃən , kɹiːeɪtɪvᵻɾi , ænd fɪɹləsnəs ʌv wʌn ʌv mɛksɪkoʊ ɛs moʊst kʌlɚfəl ænd kɑːntɹəvɜːʃəl ɑːɹɾɪsts ɐ kæptᵻveɪɾɪŋ dɹɑːmə ðæt wɪl spiːk tə ðə nɑːŋkənfoːɹmɪst ɪn ʌs ɔːl ",1
ðə kɑːnsɛpt ɪz ɐ huːt ,1
"ɪt meɪ nɑːt biː pɚtɪkjʊlɚli ɪnəveɪɾɪv , bʌt ðə fɪlm ɛs kɹɪsp , ʌnɐfɛktᵻd staɪl ænd ɛɹ ʌv dʒɛntəl lɔŋɪŋ meɪk ɪɾ ʌnɛkspɛktᵻdli ɹᵻwɔːɹdɪŋ ",1
"ɪn ɪts oʊn weɪ , dʒɑːʃjuːə ɪz æz blæsfəməs ænd nɑːnsɛnsɪkəl æz ɐ luːɪs buː juːl fɪlm wɪðaʊt ðə læɾɚ ɛs ɐtɛndənt ɪntɛlɪdʒəns , poʊɪtɹi , pæʃən , ænd dʒiːnɪəs ",0
"pɚhæps ɐ bɛɾɚ sɛləbɹeɪʃən ʌv ðiːz ʌnfɛɹli dɪsmɪst hiəɹoʊz wʊd biː ɐ fɪlm ðæt ɪz ɛnt ðɪs peɪnfəli foːɹst , fɔls ænd fæbɹᵻkeɪɾᵻd ",0
juː kæn biː fɚɡɪvən fɔːɹ ɹiːəlaɪzɪŋ ðæt juː viː spɛnt ðə pæst twɛnti mɪnɪts lʊkɪŋ æt jʊɹ wɑːtʃ ænd weɪɾɪŋ fɔːɹ fɹiːdə tə dʒʌst daɪ ɔːlɹɛdi ,0
"ðə dᵻɹɛktɚ , mɑːɹk pɛlɪŋtən , dʌz ɐ tɚɹɪfɪk dʒɑːb kʌndʒɚɹɪŋ ʌp ɐ sɪnɪstɚ , mɛnɪsɪŋ ætməsfɪɹ ðoʊ ʌnfɔːɹtʃənətli ɔːl ðə stoːɹi ɡɪvz ʌs ɪz flæʃɪŋ ɹɛd laɪts , ɐ ɹæɾəlɪŋ nɔɪz , ænd ɐ bʌmp ɔnðə hɛd ",1
"iːvən ɪf ðə neɪpɔːl ɚɹɪdʒɪnəl ɹᵻmeɪnz ðə ɹiːəl mæstɚpiːs , ðə muːvi pəzɛsᵻz ɪts oʊn læŋɡjuːɚɹəs tʃɑːɹm ",1
dᵻlɪvɚz moːɹ ðɐn ɪts fɛɹ ʃɛɹ ʌv sɔːsi hɪlæɹᵻɾi ,1
"ɪf ɪt wɜːɹ ɛni moːɹ əvə tɜːki , ɪt wʊd ɡɑːbəl ɪn doʊlbi dɪdʒɪɾəl stɛɹɪoʊ ",0
"moːɹ ɪntᵻmət ðɐn spɛktækjʊlɚ , iː tiː ɪz kæɹid lɛs baɪ waʊ fæktɚz ðɐn baɪ ɪts fʌni , muːvɪŋ jɑːɹn ðæt hoʊldz ʌp wɛl æftɚ tuː dɛkeɪdz ",1
"aɪ θɔːt ðə ɹᵻleɪʃənʃɪps wɜː wʌndɚfəl , ðə kɑːmədi wʌz fʌni , ænd ðə lʌv ɹiːəl ",1
"ɐmɪd ðə ʃɑːk ænd kjʊɹɹɪɔsᵻɾi fæktɚz , ðə fɪlm ɪz dʒʌst ɐ kɔːɹni ɛɡzæmᵻneɪʃən əvə jʌŋ æktɹəs tɹaɪɪŋ tə faɪnd hɜː weɪ ",0
"wɪkᵻdli fʌni , vɪʒuːəli ɛŋɡɹoʊsɪŋ , nɛvɚ boːɹɪŋ , ðɪs muːvi tʃælɪndʒᵻz ʌs tə θɪŋk ɐbaʊt ðə weɪz wiː kənsuːm pɑːp kʌltʃɚ ",1
"ðə spænjəl aɪd dʒiːn ɹiːnoʊ ɪnfjuːzᵻz hjuːbɚt wɪð ɐ mɪkstʃɚɹ ʌv dɛdpæn kuːl , ɹaɪ hjuːmɚ ænd dʒʌst ðə mɛʒɚɹ ʌv tɛndɚnəs ɹᵻkwaɪɚd tə ɡɪv ðɪs kɑːmɪk slʌɡfɪst sʌm hɑːɹt ",1
ɐ fɪlm wɪð ɔːlmoʊst æz mɛni dᵻlaɪts fɔːɹ ɐdʌlts æz ðɛɹɑːɹ fɔːɹ tʃɪldɹən ænd dɑːɡ lʌvɚz ,1
"ɐ dᵻpɹeɪvd , ɪŋkoʊhɪɹənt , ɪnstəntli dɪspoʊzəbəl piːs ʌv hækɚɹi ",0
"ðɪ ænɪmeɪʃən ænd ɡeɪm fɪnɑːmɪnən ðæt piːkt ɐbaʊt θɹiː jɪɹz ɐɡoʊ ɪz æktʃuːəli daɪɪŋ ɐ sloʊ dɛθ , ɪf ðə pʊɹ kwɔlᵻɾi ʌv poʊkeɪmɑːn foːɹ ɛvɚɹ ɪz ɛni ɪndɪkeɪʃən ",0
"ðə kæmɹə soːɹz əbʌv ðə ɡloʊb ɪn dæzlɪŋ pænɚɹæmɪk ʃɑːts ðæt meɪk ðə moʊst əv ðə lɑːɹdʒ skɹiːn fɔːɹmæt , bᵻfoːɹ swuːpɪŋ daʊn ɔn ɐ stɹɪŋ ʌv ɛɡzɑːɾɪk loʊkælz , skuːpɪŋ ðə hoʊl wɜːld ʌp ɪn ɐ dʒɔɪəs kəmjuːnəl fɛstɪvəl ʌv ɹɪðəm ",1
wʌt ɛs ɹiəli sæd ɪz tə siː tuː ɐkædəmi ɐwɔːɹd wɪnɪŋ æktɹəsᵻz ɛlɑːɹbiː ænd wʌn ɐkædəmi ɐwɔːɹd wɪnɪŋ æktɚɹ ɑːɹɹɑːɹbiː səkʌm tʊ ɐpɪɹɪŋ ɪn ðɪs dʒʌŋk ðæt ɛs tiːviː sɪtkɑːm mətɪɹiəl æt bɛst ,0
"ɛlɑːɹbiː dʒæksən ænd blɛdəl ɑːɹɹɑːɹbiː siːm tə hɐvbɪn pɪkt nɑːt fɔːɹ ðɛɹ æktɪŋ tʃɑːps , bʌt fɔːɹ ðɛɹ lʊks ænd ɐpiːl tə ðə pɹiː tiːn kɹaʊd ",0
"wʌtɛvɚ ðə muːvi ɛs sɛntɪmɛntəl , hɪpəkɹɪɾɪkəl lɛsənz ɐbaʊt sɛksɪzəm , ɪts tɹuː kʌlɚz kʌm aʊt ɪn vɛɹiəs wɛt tiː ʃɜːt ænd ʃaʊɚ siːnz ",0
"pɪɹsɪŋli ɐfɛktɪŋ waɪl klɪɹli ɐ mənɪpjʊlətɪv fɪlm , ɪmɜːdʒᵻz æz paʊɚfəl ɹæðɚ ðɐn klɔɪɪŋ ",1
ɡʌsɪd ʌp wɪð soʊ mɛni dɪstɹæktɪŋ spɛʃəl ɪfɛkts ænd vɪʒuːəl pɑːɹɾi tɹɪks ðɐɾɪt ɛs nɑːt klɪɹ wɛðɚ wiː ɹiː səpoʊzd tə ʃɹiːk ɔːɹ læf ,0
ɪf oʊnli ɪt hæd ðə stoːɹi tə mætʃ ,0
"fɹeɪlti hɐzbɪn ɹɪʔn̩ soʊ wɛl , ðæt iːvən ɐ sɪmpəl ɡɑːdɐmɪt ! ",1
ðə piənɪst ɪz ðə fɪlm ɹoʊmən pəlænski meɪhɐv bɪn bɔːɹn tə meɪk ,1
"ðə fɪlm hɐz ɐn ɪnfɛkʃəs ɛnθuːziæzəm ænd wiː ɹiː tʌtʃt baɪ ðə fɪlm ɛs kənvɪkʃən ðæt ɔːl laɪf sɛntɚd ɔn ðæt pleɪs , ðæt taɪm ænd ðæt spoːɹt ",1
ɐn ɛksələnt siːkwəl ,1
"ðə tɹʌbəl wɪð meɪkɪŋ ðɪs kwiːn ɐ θʌɹoʊli mɑːdɚn meɪdən ɪz ðɐɾɪt ɔːlsoʊ meɪks hɜːɹ ɐpɪɹ fuːlɪʃ ænd ʃæloʊ ɹæðɚ ðɐn , æz wʌz moːɹ laɪkli , ɐ vɪktɪm ʌv mɛntəl ɪlnəs ",0
"ɪt ɛs ɐ tɛknɪkli suːpɜːb fɪlm , ʃaɪnɪŋ wɪð ɔːl ðə juːʒuːəl spiːlbɜːɡ flɛɹ , ɛkspɜːtli juːɾɪlaɪzɪŋ ðə tælənts ʌv hɪz tɑːp nɑːtʃ kɹiːeɪɾɪv tiːm ",1
ðə stoːɹi ɹiəli hɐz noʊ pleɪs tə ɡoʊ sɪns sɪmoʊn ɪz nɑːt ɹiːəl ʃiː kɑː ɛnt pɹəvaɪd ɛni kɑːnflɪkt ,0
boʊθ ɐ dɪtɛktɪv stoːɹi ænd ɐ ɹoʊmæns spaɪst wɪððɪ ɪntɹiːɡ ʌv ækədɛmɪk skʌldəɡɚɹi ænd pɑːlətɪks ,1
"ɔːl ðə sɛnʃuːælᵻɾi , ɔːl ðɪ ɪɹɑːɾɪsɪzəm əvə ɡʊd væmpaɪɚ teɪl hɐzbɪn , pɑːɹdən ðə pʌn , sʌkt aʊt ænd ɹᵻpleɪst baɪ ɡɑːθ ɡuːfinəs ",0
"ɐ kwaɪət , dɪskwaɪəɾɪŋ tɹaɪʌmf ",1
ɛnɪwʌn huː ɛvɚ fæntɐsaɪzd ɐbaʊt speɪs tɹævəl bʌt kɑː ɛnt ɐfoːɹd ðə twɛnti mɪliən tɪkɪt tə ɹaɪd ɐ ɹʌʃən ɹɑːkɪt ʃʊd kætʃ ðɪs ɪmæks ɔfɚɹɪŋ ,1
"ɛlɑːɹbiː kɑːɹveɪ ɛs ɑːɹɹɑːɹbiː kæɹɪktɚz ɑːɹ boʊθ oʊvɚpleɪd ænd ɛɡzædʒɚɹeɪɾᵻd , bʌt ðɛn ɐɡɛn , sʌɾəlɾi hɐz nɛvɚ bɪn hɪz tɹeɪdmɑːɹk ",0
"ɪf dᵻvaɪn siːkɹᵻts ʌvðə jɐ jɐ sɪstɚhʊd sʌfɚz fɹʌm ɐ plɑːdɪŋli mɛlədɹɐmæɾɪk stɹʌktʃɚ , ɪt kʌmz tə laɪf ɪnðə pɚfoːɹmənsᵻz ",0
ɹæʃɑːmən fɔːɹ dɪpstɪks teɪl ,0
sliːk ænd ɑːɹɾi ,1
"ɐ tɚɹɪfɪk deɪt muːvi , wʌtɛvɚ jʊɹ oːɹiənteɪʃən ",1
"ðɪ ɛksplɔɪɾətɪv , klʌmzili steɪdʒd vaɪələns oʊvɚʃædoʊz ɛvɹɪθɪŋ , ɪŋkluːdɪŋ moʊst əv ðɪ æktɚz ",1
"ɪt teɪks ɐ ɹiəli lɔŋ , sloʊ ænd dɹɪɹi taɪm tə doʊp aʊt wʌt tʌk ɛvɚlæstɪŋ ɪz ɐbaʊt ",0
ɪt ɛs splæʃ wɪðaʊt ðə dʒoʊks ,0
"iːvən æz ɪt peɪz ɜːnɪst hɑːmɪdʒ tə tɜːntɐblɪsts ænd biːt dʒʌɡlɚz , oʊld skuːlɚz ænd kɜːɹənt ɪnəveɪɾɚz , skɹætʃ ɪz ɡɹeɪt fʌn , fʊl ʌvðə kaɪnd ʌv ɛnɚdʒi ɪt ɛs dɑːkjuːməntɪŋ ",1
juː bɪɡɪn tə lɔŋ fɚðɪ ɛnd kɹɛdɪts æz ðə dɛzɚt dʌz fɔːɹ ɹeɪn ,0
ɐ kʌmɪŋ ʌv eɪdʒ muːvi ðæt hɑːliwʊd wʊd ɛnt hæv ðə ɡʌts tə meɪk ,1
"pəzɛʃən , beɪst ɔnðə bʊk baɪ ɐ ɛs baɪæt , dᵻmændz ðæt læbjuːt diːl wɪððə sʌbdʒɛkt ʌv lʌv hɛd ɔn tɹeɪdɪŋ ɪn hɪz sɪnɪsɪzəm fɔːɹ ɹɛvɚɹəns ænd ɐ lɪɾəl wɪt ",1
"dɪd noʊwʌn ɔnðə sɛt hæv ɐ sɛns ʌv hjuːmɚ , ɔːɹ dɪd ðeɪ nɑːɾɐv ðə nɜːv tə spiːk ʌp ? ",0
"sɪnɪmæɾɪk paɪɹoʊtɛknɪks ɐsaɪd , ðɪ oʊnli θɪŋ ævɚɹi siːmz tə kɛɹ ɐbaʊt ɑːɹ miːn ɡɪɡəlz ænd pʌlkɹɪtuːd ",0
sʌm ʌvðə moʊst ɪnvɛntɪv sɪlinəs juː ɑːɹ laɪkli tə wɪtnəs ɪn ɐ muːvi θiəɾɚ fɔːɹ sʌm taɪm ,1
"ðə stoːɹi ɪz lækɪŋ ɛni ɹiːəl ɪmoʊʃənəl ɪmpækt , ænd ðə plɑːt ɪz boʊθ kəntɹaɪvd ænd kliːʃeɪd ",0
"ʌðɚz , moːɹ ɐtuːnd tə ðɪ ænɑːɹkɪst mæksɪm ðæt ðɪ ɜːdʒ tə dᵻstɹɔɪ ɪz ɔːlsoʊ ɐ kɹiːeɪɾɪv ɜːdʒ , ɔːɹ moːɹ wɪlɪŋ tə siː wɪð ðɛɹ oʊn aɪz , wɪl faɪnd mɔːɹɪsən ɛs aɪkənəklæstɪk juːsᵻz ʌv tɛknɑːlədʒi təbi lɪbɚɹeɪɾɪŋ ",1
"ɐn ɔːfəli ɡʊd , eɪkɪŋli hjuːmən pɪktʃɚ ",1
bʌt noʊ ,0
ɪt nɛvɚ pleɪz æz dɹəmæɾɪk iːvən wɛn dɹəmæɾɪk θɪŋz hæpən tə piːpəl ,0
aɪ hæv ɛnt siːn sʌtʃ sɛlf ɐmjuːzd tɹæʃ sɪns fɹɛdi ɡɑːt fɪŋɡɚd ,0
"ɐ kɹɔs bᵻtwiːn bloʊ ænd bɔɪz ɛn ðə hʊd , ðɪs muːvi stɹaɪvz təbi moːɹ , bʌt dʌz ɛnt kwaɪt ɡɛt ðɛɹ ",0
ɪt ɛs ɐ bæd ækʃən muːvi bɪkʌz ðɛɹ ɛs noʊ ɹuːɾɪŋ ɪntɹɛst ænd ðə spɛktəkəl ɪz ɡɹoʊtɛsk ænd boːɹɪŋ ,0
"pɹəvaɪdz ðə kaɪnd ʌv læf θɛɹəpi aɪ niːd fɹʌm muːvi kɑːmədiz ɔfbiːt hjuːmɚ , ɐmjuːzɪŋ kæɹɪktɚz , ænd ɐ hæpi ɛndɪŋ ",1
ɐ pɹəlɔŋd ɛkstɹuːʒən ʌv saɪkoʊpæθɪk pʌlp ,0
"lɪɾəl ækʃən , ɔːlmoʊst noʊ səspɛns ɔːɹ bᵻliːvəbəl tɛnʃən , wʌn dᵻmɛnʃənəl kæɹɪktɚz ʌp ðə wɑːzuː ænd sɛts ðæt kæn oʊnli biː dᵻskɹaɪbd æz saɪ faɪ dʒənɛɹɪk ",0
dᵻɹɛktɚ nænsi seɪvoʊkə ɛs noʊ fɹɪlz ɹɛkɚd əvə ʃoʊ fɔːɹdʒd ɪn stɪl ɹɔː ɪmoʊʃənz kæptʃɚz ðɪ ʌnsɛɾəld tɛnɚɹ ʌv ðæt poʊst naɪn ɪlɛvən piəɹɪəd fɑːɹ bɛɾɚ ðænə moːɹ mɛʒɚd ɔːɹ pɑːlɪʃt pɹədʌkʃən ɛvɚ kʊd ,1
"dᵻspaɪt ɪts floʊɾɪŋ næɹətɪv , ðɪs ɪz ɐ ɹᵻmɑːɹkəbli æksɛsəbəl ænd hɔːntɪŋ fɪlm ",1
"ðə sʌm ʌv ɔːl fɪɹz pɹɪtɛndz təbi ɐ sɪɹiəs ɛksploːɹeɪʃən ʌv nuːklɪɹ tɛɹɚɹɪzəm , bʌt ɪt ɛs ɹiəli nʌθɪŋ moːɹ ðɐn wɔːɹmd oʊvɚ koʊld wɔːɹ pæɹənɔɪə ",0
ðə hɪpnɑːɾɪk ɪmɪdʒɹi ænd fɹæɡmɛntɚɹi teɪl ɛksploːɹ ðə kənɛkʃənz bᵻtwiːn pleɪs ænd pɜːsənəl aɪdɛntᵻɾi ,1
"ɪt ɛs fʌn , splæʃi ænd ɛntɚteɪnɪŋli næsti ",1
"ðə fɜːst tuː θɹiː ʌvðə fɪlm ɑːɹ ɪŋkɹɛdɪbli kæptᵻveɪɾɪŋ ænd ɪnseɪnli fʌni , θæŋks ɪn pɑːɹt tʊ ɪntɹɛstɪŋ sɪnɪmæɾɪk dɪvaɪsᵻz ɛlɑːɹbiː kuːl vɪʒuːəl bækmæskɪŋ ɑːɹɹɑːɹbiː , ɐ sɑːlɪd kæst , ænd sʌm wɪkᵻdli sɪk ænd twɪstᵻd hjuːmɚ ",1
"ɹæðɚ , pɪɾi ɛnɪwʌn huː siːz ðɪs mɪʃmæʃ ",0
"ɹᵻtɜːn tə nɛvɚ lænd meɪ biː ɐnʌðɚ ʃeɪmləs ɐtɛmpt baɪ dɪzni tə ɹeɪk ɪn doʊ fɹʌm beɪbi buːmɚ fæmɪliz , bʌt ɪt ɛs nɑːt hæf bæd ",1
"ðə muːvi , dᵻspaɪt ɪts ɹʌf ɛdʒᵻz ænd ɐ tɛndənsi tə sæɡ ɪn sɜːʔn̩ pleɪsᵻz , ɪz ɹaɪ ænd ɛŋɡɹoʊsɪŋ ",1
"mʌtʃ laɪk ɹɑːbɪn wɪljəmz , dɛθ tə smuːtʃi hɐz ɔːlɹɛdi ɹiːtʃt ɪts ɛkspɚɹeɪʃən deɪt ",0
"ɐ pliːzɪŋ , ɔfən fʌni kɑːmədi ",1
ɐ tʊɹ də foːɹs dɹɑːmə ɐbaʊt ðɪ ɐstɑːnɪʃɪŋli pɪvəɾəl ɹoʊl ʌv ɪmædʒᵻneɪʃən ɪnðə soʊlfəl dɪvɛləpmənt ʌv tuː ɹaʊdi tiːneɪdʒɚz ,1
"ɡʊd æktɚz hæv ɐ ɹeɪdɑːɹ fɔːɹ dʒuːsi ɹoʊlz ðɛɹ ɛs ɐ plɛθɚɹə ʌv kæɹɪktɚz ɪn ðɪs pɪktʃɚ , ænd nɑːt wʌn ʌv ðɛm ɪz flæt ",1
"æftɚɹ ɔːl , ɪt ɛlɛl pɹɑːbəbli biː ɪn vɪdɪoʊ stoːɹz baɪ kɹɪsməs , ænd ɪt maɪt dʒʌst biː bɛɾɚ suːɾᵻd tʊ ɐ naɪt ɪnðə lɪvɪŋ ɹuːm ðænə naɪt æt ðə muːvɪz ",0
ɪt kɑːnsəntɹeɪts fɑːɹ tuː mʌtʃ ɔnðɪ ɔːkwɚd ɪntɚpleɪ ænd ʌɾɚ læk ʌv kɛmɪstɹi bᵻtwiːn tʃæn ænd hjuːɪt ,0
hɜː pɚfoːɹməns muːvz bᵻtwiːn hɑːɹtbɹeɪk ænd ɹᵻbɛliən æz ʃiː kəntɪnjuːəli tɹaɪz tʊ ɐkɑːmədeɪt tə fɪt ɪn ænd ɡeɪn ðɪ ʌŋkəndɪʃənəl lʌv ʃiː siːks ,1
bæd kʌmpəni ,0
soʊ vɪvɪd ɐ poːɹtɹɪt əvə wʊmən kənsuːmd baɪ lʌst ænd lʌv ænd kɹʌʃt baɪ bᵻtɹeɪəl ðɐɾɪt kʌndʒɚz ʌp ðɪ ɪntɑːksᵻkeɪɾɪŋ fjuːmz ænd ɪmoʊʃənəl ɡoʊsts əvə fɹɛʃli peɪntᵻd ɹᵻmbɹænt ,1
"ɪf juː viː ɡɹoʊn taɪɚd ʌv ɡoʊɪŋ wɛɹ noʊ mæn hɐz ɡɔn bᵻfoːɹ , bʌt sɛvɹəl muːvɪz hæv teɪk hɑːɹt ",1
swɪftli dɪtiəɹɪɹeɪts ɪntʊ ɐ tɛɹᵻbli ɑːbviəs mɛlədɹɑːmə ænd ɹʌf hjuːn vænᵻɾi pɹɑːdʒɛkt fɔːɹ liːd æktɹəs ændi məkdaʊɛl ,0
ɔːlmoʊst ɛvɹɪwʌn ɡɹoʊɪŋ ʌp bᵻliːvz ðɛɹ fæmɪli mʌst lʊk laɪk ðɪ ædəmz fæmɪli tʊ ɛvɹɪwʌn lʊkɪŋ ɪn maɪ bɪɡ fæt ɡɹiːk wɛdɪŋ kʌmz fɹʌmðə hɑːɹt ,1
ɐn ɛkskɹuːʃɪeɪɾɪŋ dɛmənstɹeɪʃən ʌvðɪ ʌnsælvɪdʒəbɪlᵻɾi əvə muːvi sædəld wɪð ɐn æmətʃɚɹɪʃ skɹiːnpleɪ ,0
"dᵻspaɪt ɪts oʊld hæt sɛt ʌp ænd pɹɪdɪktəbəl plɑːt , ɛmpaɪɚ stɪl hɐz ɪnʌf moʊmənts tə kiːp ɪɾ ɛntɚteɪnɪŋ ",1
"ʌðɚwaɪz , ðɪs kʊd biː ɐ pæsəbəl deɪt fɪlm ",0
ɛlɑːɹbiː æt liːst ɑːɹɹɑːɹbiː mʊɹ ɪz ɐ ɹiːəl tʃɑːɹmɚ ,1
liːvz vjuːɚz aʊt ɪnðə koʊld ænd ʌndɚmaɪnz sʌm fɪnɑːmɪnəl pɚfoːɹmənsᵻz ,0
"ðɪs ɹʌʃ tə pɹɑːfɪts hɐz kɹiːeɪɾᵻd ɐ pɹɪdɪktəbli ɪfɪʃənt piːs ʌv bɪznəs noʊɾəbəl lɑːɹdʒli fɔːɹ ɪts oʊvɚwɛlmɪŋ kɹiːpinəs , fɚɹən iːɡɚnəs tə kɹiːeɪt ɪmɪdʒᵻz juː wɪʃ juː hæd ɛnt siːn , wɪtʃ , ɪn ðɪs deɪ ænd eɪdʒ , ɪz ʌv koːɹs ðə pɔɪnt ",1
ðə kɑːnsɛpt bᵻhaɪnd kʌŋ paʊ ɛntɚ ðə fɪst ɪz hɪlɛɹiəs ,1
"baɪ nɑːt ɐvɜːɾɪŋ hɪz aɪz , sɑːlɑːndz foːɹsᵻz ʌs tə kənsɪdɚ ðɪ ʌnθɪŋkəbəl , ðɪ ʌnɐksɛptəbəl , ðɪ ʌnmɛnʃənəbəl ",1
bɛɾɚ dᵻskɹaɪbd æz ɐ ɡoʊst stoːɹi ɡɔn bædli ɚɹaɪ ,0
ðə muːvi ɪtsɛlf ɐpɪɹz təbi ɹʌnɪŋ ɔn haɪpɚtaɪm ɪn ɹᵻvɜːs æz ðə tɹuːli fʌni bɪts ɡɛt fɜːðɚ ænd fɜːðɚɹ ɐpɑːɹt ,0
"dʌz ɛnt ɡɛt ðə dʒɑːb dʌn , ɹʌnɪŋ ɔf ðə lɪmɪɾᵻd kɛmɪstɹi kɹiːeɪɾᵻd baɪ ɹælf fɪɛnz ænd dʒɛnɪfɚ loʊpɛz ",0
"tsaɪ hɐz ɐ wɛl dɪzɜːvd ɹɛpjuːteɪʃən æz wʌn ʌvðə sɪnəmə wɜːld ɛs ɡɹeɪt vɪʒuːəl staɪlɪsts , ænd ɪn ðɪs fɪlm , ɛvɹi ʃɑːt ɛnhænsᵻz ðɪ ɛksələnt pɚfoːɹmənsᵻz ",1
ɐ muːvi ðæt ɛs ɐbaʊt æz oʊvɚbɛɹɪŋ ænd oʊvɚ ðə tɑːp æz ðə fæmɪli ɪt dᵻpɪkts ,0
"ɐ muːvi ðæt boʊθ θɹɪlz ðɪ aɪ ænd , ɪn ɪts oʊvɚ ðə tɑːp weɪ , tʌtʃᵻz ðə hɑːɹt ",1
"ɛlɪɡəntli kɹæftᵻd bʌt ɪmoʊʃənəli koʊld , ɐ pʌzəl huːz ɪntɹɪkət kənstɹʌkʃən wʌn kæn ɐdmaɪɚ bʌt ɪz dɪfɪkəlt tə kənɛkt wɪð ɔn ɛni diːpɚ lɛvəl ",0
ɪt ɛs hɑːɹd tʊ ʌndɚstænd waɪ ɛnɪwʌn ɪn hɪz ɹaɪt maɪnd wʊd iːvən θɪŋk tə meɪk ðɪ ɐtɹækʃən ɐ muːvi ,0
"ɛssiː tuː ɪz ɐn ɔːɾoʊpaɪlət hɑːliwʊd kəŋkɑːkʃən lækɪŋ ɪn ɪmædʒᵻneɪʃən ænd ɔːθɛntɪk kɹɪsməs spɪɹɪt , jɛt ɪt ɛs ɡɪɹd təwɔːɹd ɐn ɔːdiəns fʊl ʌv mæstɚz ʌv boʊθ ",0
"dɑːnəvæn skwɑːndɚz hɪz meɪn æsɛt , dʒæki tʃæn , ænd fʌmbəlz ðə vaɪɾəl ækʃən siːkwənsᵻz ",0
ðɪs æŋst ɹɪdən tɛɹɪtoːɹi wʌz kʌvɚd ɜːlɪɚ ænd mʌtʃ bɛɾɚɹ ɪn ɔːɹdɪnɛɹi piːpəl ,0
"ɪn spaɪt ʌv fiːtʃɚɹɪŋ ɐ skɹɪpt kɹɛdɪɾᵻd tə noʊ fjuːɚ ðɐn faɪv ɹaɪɾɚz , ɐpæɹəntli noʊbɑːdi hɪɹ bɑːðɚd tə tʃɛk ɪt twaɪs ",0
"æz ʌndɚwɔːɾɚ ɡoʊst stoːɹiz ɡoʊ , bᵻloʊ kæsts ɪts spuːki nɛt aʊt ɪntʊ ðɪ ɐtlæntɪk oʊʃən ænd spɪts ɪt bæk , ɡɹɪzəld ænd tʃɑːɹd , sʌmwɛɹ nɔːɹθwɛst ʌvðə bɜːmjuːdə tɹaɪæŋɡəl ",0
ðə moʊst kəmpɛlɪŋ pɚfoːɹməns ʌvðə jɪɹ ædz səbstænʃəl dɛpθ tə ðɪs ʃɑːkɪŋ tɛstəmənt tʊ æntaɪ sɛmɪtɪzəm ænd niːoʊ fæʃɪzəm ,1
"ðoʊ ðɪs sɑːɡə wʊd biː tɚɹɪfɪk tə ɹiːd ɐbaʊt , ɪɾ ɪz daɪsi skɹiːn mətɪɹiəl ðæt oʊnli ɐ dʒiːnɪəs ʃʊd tʌtʃ ",1
ɐ sɛntɪmɛntəl haɪbɹɪd ðæt kʊd bɛnɪfɪt fɹʌmðə spaɪs ʌv spɛsɪfɪsᵻɾi ,1
"dᵻspaɪt slɪk pɹədʌkʃən væljuːz ænd dᵻɹɛktɚ ɹɑːdʒɚ mɪtʃɛl ɛs tɪk tɑːk peɪsɪŋ , ðə faɪnəl ɪfɛkt ɪz laɪk hævɪŋ tuː ɡaɪz jɛlɪŋ ɪn jʊɹ feɪs fɔːɹ tuː aʊɚz ",0
"wɛl , dʒeɪsən ɛs ɡɔn tə mænhæʔn̩ ænd hɛl , aɪ ɡɛs ɐ speɪs steɪʃən ɪnðə jɪɹ tuː θaʊzənd foːɹhʌndɹɪd fɪfti faɪv kæn biː kɹɔst ɔf ðə lɪst ʌv aɪdiəz fɚðɪ ɪnɛvᵻɾəbəl fjuːtʃɚ siːkwəlz ɛlɑːɹbiː heɪ , duː ɛnt ʃuːt ðə mɛsɪndʒɚɹ ɑːɹɹɑːɹbiː ",0
"laɪk ɐ vɛɾɚɹən hɛd kʌɾɚ , bɑːɹbɚʃɑːp ɪz tuːnd ɪn tʊ ɪts kəmjuːnᵻɾi ",1
bɹɪsk hæk dʒɑːb ,0
θʌmz ʌp tə pækstən fɔːɹ nɑːt fɔːlɪŋ ɪntʊ ðə hɑːliwʊd tɹæp ænd meɪkɪŋ ɐ vænᵻɾi pɹɑːdʒɛkt wɪð nʌθɪŋ nuː tʊ ɔfɚ ,1
"pɚfoːɹmənsᵻz ɔːl ɚɹaʊnd ɑːɹ tɑːps , wɪððə tuː liːdz dᵻlɪvɚɹɪŋ ɑːskɚ kælɪbɚ pɚfoːɹmənsᵻz ",1
"ɪt dʌz ɛnt ɔfɚɹ ɔːdiənsᵻz ɛni weɪ ʌv ɡɹɪpɪŋ wʌt ɪts pɔɪnt ɪz , ɔːɹ iːvən ɪts æɾɪtuːd təwɔːɹd ɪts sʌbdʒɛkt ",0
mɪlɚ kʌmz æt fɪlm wɪð bɹeɪsɪŋ ɪntɛlɪdʒəns ænd ɐ vɪʒən boʊθ peɪntɚli ænd lɪɾɚɹɛɹi ,1
"ðɪs ɑːd , poʊɛɾɪk ɹoʊd muːvi , spaɪkt baɪ dʒoʊlts ʌv pɑːp mjuːzɪk , pɹɪɾi mʌtʃ teɪks pleɪs ɪn mɔːɹtən ɛs ɛvɚ wɑːtʃfəl ɡeɪz ænd ɪt ɛs ɐ tɹɪbjuːt tə ðɪ æktɹəs , ænd tə hɜːɹ ɪnvɛntɪv dᵻɹɛktɚ , ðætðə dʒɜːni ɪz sʌtʃ ɐ mɛsmɚɹaɪzɪŋ wʌn ",1
"æz ɡeɪmli æz ðə muːvi tɹaɪz tə meɪk sɛns ʌv ɪts taɪɾəl kæɹɪktɚ , ðɛɹ ɹᵻmeɪnz ɐ hjuːdʒ ɡæp bᵻtwiːn ðə fɪlm ɛs kɹiːpi , kliːn kʌt dɑːmɚɹ ɛlɑːɹbiː dʒɛɹəmi ɹɛnɚɹ ɑːɹɹɑːɹbiː ænd fiːndɪʃ ækts ðæt noʊ ɐmaʊnt ʌv ɜːnɪst tɛkstbʊk saɪkɑːlədʒaɪzɪŋ kæn bɹɪdʒ ",0
"æz ɜːnɪst æz ɐ kəmjuːnᵻɾi kɑːlɪdʒ ædvɚtaɪzmənt , ɐmɛɹɪkən tʃaɪ ɪz ɪnʌf tə meɪk juː pʊt ɐweɪ ðə ɡɪtɑːɹ , sɛl ðɪ æmp , ænd ɐplaɪ tə mɛdɪkəl skuːl ",0
"ɪf juː ɹiː nɑːt , juː ɛlɛl stɪl hæv ɐ ɡʊd taɪm ",1
"hɐz ɐ sɜːʔn̩ ɡuːlɪʃ fæsᵻneɪʃən , ænd dʒɛnɚɹeɪts ɐ fɛɹ ɐmaʊnt ʌv biː muːvi ɛksaɪtmənt ",1
"ɔːlðoʊ ɪt læks ðə diːteɪl ʌvðə bʊk , ðə fɪlm dʌz pæk sʌm sɪɹiəs səspɛns ",1
"ɛlɑːɹbiː kjuːɑːɹ ɛn hɐz ɑːɹɹɑːɹbiː kɹiːeɪɾᵻd ɐ səbstæntɪv muːvi aʊɾəv sɛvɹəl kliːʃeɪd muːvi stɹʌktʃɚz ðə ɹoʊd muːvi , ðə kʌmɪŋ ʌv eɪdʒ muːvi , ænd ðə tiːneɪdʒ sɛks kɑːmədi ",1
"ænd sɛkənd , wʌt ɛs wɪð ɔːl ðə ʃuːɾɪŋ ? ",0
bɪli kɹɪstəl ænd ɹɑːbɚt də niəɹoʊ sliːpwɔːk θɹuː vʌlɡæɹᵻɾiz ɪn ɐ siːkwəl juː kæn ɹᵻfjuːz ,0
ʃɹuːd bʌt pɔɪntləs ,0
"ðə pɹɑːbləmz ænd kæɹɪktɚz ɪt ɹᵻviːlz ɑːɹ juːnɪvɜːsəl ænd ɪnvɑːlvɪŋ , ænd ðə fɪlm ɪtsɛlf æz wɛl ɪts dᵻlaɪtfəl kæst ɪz soʊ bɹiːzi , pɹɪɾi ænd ɡɪftᵻd , ɪt ɹiəli wʌn maɪ hɑːɹt ",1
"pɹuːf wʌns ɐɡɛn ðæt ɪf ðə fɪlmeɪkɚz dʒʌst fɑːloʊ ðə bʊks , ðeɪ kɑː ɛnt ɡoʊ ɹɔŋ ",1
waɪz ænd ɛlɪdʒək ,1
"ðoʊ fɪlmd pɑːɹtli ɪn kænədə , peɪd ɪn fʊl hɐz klɛvɚ weɪz ʌv kæptʃɚɹɪŋ ɪnɚ sɪɾi laɪf dʊɹɹɪŋ ðə ɹeɪɡən jɪɹz ",1
"nɑːt kaʊntɪŋ ɐ fjuː ɡɹoʊs aʊt kɑːmədiz aɪ viː bɪn tɹaɪɪŋ tə fɚɡɛt , ðɪs ɪz ðə fɜːst fɪlm ɪn ɐ lɔŋ taɪm ðæt meɪd miː wɔnt tə boʊlt ðə θiəɾɚɹ ɪnðə fɜːst tɛn mɪnɪts ",0
"ɔːl ʌvðɪ ɛlɪmənts ɑːɹ ɪn pleɪs fɚɹə ɡɹeɪt fɪlm nwɑːɹ , bʌt dᵻɹɛktɚ dʒɔːɹdʒ hɪkənluːpɚ ɛs ɐpɹoʊtʃ tə ðə mətɪɹiəl ɪz tuː ʌpbiːt ",0
"ðɪ oʊvɚɹɔːl fæbɹɪk ɪz hɪpnɑːɾɪk , ænd mɪstɚ mæɾeɪ fɑːstɚz moʊmənts ʌv spɑːnteɪniəs ɪntɪməsi ",1
fɹaɪdeɪ æftɚ nɛkst ɪz ɐ lɑːt moːɹ blʌstɚ ðɐn baɪt ,0
ɑːpɚɹə ɔn fɪlm ɪz nɛvɚ sæɾɪsfæktɚɹi ,0
"nɪkoʊl hɑːləfsɛntɚ , ðɪ ɪnsaɪtfəl ɹaɪɾɚ dᵻɹɛktɚ ɹᵻspɑːnsᵻbəl fɔːɹ ðɪs ɪluːmᵻneɪɾɪŋ kɑːmədi dʌz ɛnt ɹæp ðə pɹəsiːdɪŋz ʌp niːtli bʌt ðɪ aɪdiəz taɪ təɡɛðɚ bjuːɾɪfəli ",1
"bʌt , laɪk saɪləns , ɪt ɛs ɐ muːvi ðæt ɡɛts ʌndɚ jʊɹ skɪn ",0
"ɡʊdɪŋ ænd kɑːbɜːn ɑːɹ boʊθ ɑːskɚ wɪnɚz , ɐ fækt wɪtʃ , æz juː wɑːtʃ ðɛm klʌmzili mʌɡɪŋ ðɛɹ weɪ θɹuː snoʊ dɑːɡz , siːmz ɪŋkənsiːvəbəl ",0
"laʊd , sɪli , stuːpɪd ænd pɔɪntləs ",0
"waɪl ɪt ɛs nʌθɪŋ wiː hæv ɛnt siːn bᵻfoːɹ fɹʌm mɜːfi , aɪ spaɪ ɪz stɪl fʌn ænd ɛndʒɔɪəbəl ænd soʊ ɐɡɹɛsɪvli sɪli ðɐɾɪt ɛs moːɹ ðænə wɜːθwaɪl ɛfɚt ",1
məktɪɹnən ɛs ɹᵻmeɪk meɪ biː laɪɾɚɹ ɔn ɪts fiːt ðə soʊbɚ maɪndᵻd ɚɹɪdʒɪnəl wʌz æz ɡɹeɪsfəl æz ɐ tæp dænsɪŋ ɹaɪnoʊ bʌt ɪɾ ɪz dʒʌst æz boːɹɪŋ ænd æz ɑːbviəs ,0
"ɪf juː ɹiː lʊkɪŋ tə ɹᵻkɪndəl ðə mædʒɪk ʌvðə fɜːst fɪlm , juː ɛlɛl niːd ɐ stɹɔŋɡɚ stʌmək ðɐn ʌs ",0
ɐn ævɹɪdʒ biː muːvi wɪð noʊ æspɚɹeɪʃənz təbi ɛnɪθɪŋ moːɹ ,0
ɐ fɪlm ðæt pleɪz θɪŋz soʊ naɪs ɛn seɪf æz tʊ ɔfən pleɪ laɪk ɐ mɪlkwɪtoʊst muːvi ʌvðə wiːk bloʊn ʌp fɚðə bɪɡ skɹiːn ,0
"ðə muːvi stɹædəlz ðə fɛns bᵻtwiːn ɛskeɪpɪzəm ænd soʊʃəl kɑːməntɛɹi , ænd ɔn boʊθ saɪdz ɪt fɔːlz ʃɔːɹt ",0
oʊnli mæsəkɪstɪk muːvɪeɪɡoʊɚz niːd ɐplaɪ ,0
"ɪz ɛnɪwʌn ɛls aʊt ðɛɹ ɡɛɾɪŋ taɪɚd ʌvðə hoʊl sloʊ moʊ , dʌbəl pɪstoʊld , bɐlɪstɪk paɪɹoʊtɛknɪk hɑːŋ kɑːŋ ækʃən ɛsθɛɾɪk ? ",0
"laɪk ʃɹɛk , spɪɹɪt ɛs vɪʒuːəl ɪmædʒᵻneɪʃən ɹᵻmaɪndz juː ʌv waɪ ænɪmeɪʃən ɪz sʌtʃ ɐ pɜːfɛkt miːdiəm fɔːɹ tʃɪldɹən , bɪkʌz ʌvðə weɪ ɪɾ ɐlaʊz ðə maɪnd tʊ ɛntɚ ænd ɐksɛpt ɐnʌðɚ wɜːld ",1
stæθæm ɛmplɔɪz ɐn æksənt ðæt aɪ θɪŋk ɪz səpoʊzd təbi ɐn ɐtɛmpt æt hɑːɹdæs ɐmɛɹɪkən bʌt sʌmtaɪmz dʒʌst læpsᵻz ɪntʊ ʌnhɪdən bɹɪɾɪʃ ,0
ɐ jɔːn pɹəvoʊkɪŋ lɪɾəl fɑːɹm mɛlədɹɑːmə ,0
"fɔːɹ ɔːl ɪts ʃuːt aʊts , fɪstfaɪts , ænd kɑːɹ tʃeɪsᵻz , ðɪs muːvi ɪz ɐ flɛɡmæɾɪk boːɹ , soʊ tiːdiəs ɪt meɪks ðə sɪli spaɪ viːɛs spaɪ fɪlm ðə sʌm ʌv ɔːl fɪɹz , stɑːɹɹɪŋ bɛn ɐfəlk , siːm daʊnɹaɪt hɪtʃkɑːkiən ",0
"kɪks ɔf wɪð ɐn ɪnɔːspɪʃəs pɹɛmɪs , moʊps θɹuː ɐ dɹɪɹi tɹækt ʌv vɜːtʃuːəli plɑːtləs miːændɚɹɪŋz ænd ðɛn ɛndz wɪð ɐ wɪmpɚ ",0
wʌn ʌvðə ɡɹeɪɾɪst fɪlmz aɪ viː ɛvɚ siːn ,1
fiːlz stɹeɪndʒli hɑːloʊ æɾ ɪts ɪmoʊʃənəl koːɹ ,0
ɪt ɡɛts oʊld kwɪkli ,0
fiːlz lɛs laɪk ɐ tʃeɪndʒ ɪn ɛlɑːɹbiː hɜːzɑːɡ ɛs ɑːɹɹɑːɹbiː pɜːsənəl pɑːlɪsi ðænə hæf hɑːɹɾᵻd fluːk ,0
ɛɡzjuːdz ðə fɪz əvə bʌsbi bɜːkli mjuːzɪkəl ænd ðə vɪsɚɹəl ɛksaɪtmənt əvə spoːɹts ɛkstɹævəɡænzə ,1
ɡʊd pɚfoːɹmənsᵻz kiːp ɪt fɹʌm biːɪŋ ɐ toʊɾəl ɹᵻhæʃ ,1
tsaɪ kənvɪnsɪŋli peɪnts ɐ spəsɪfɪkli ɜːbən sɛns ʌv dɪsɐsoʊsɪeɪʃən hɪɹ ,1
hiː θɪŋks ðə fɪlm ɪz dʒʌst æz mʌtʃ ɐ dɑːkjuːmənt ɐbaʊt hɪm æzɪtɪz ɐbaʊt ðə sʌbdʒɛkt ,0
"ɪɾ ɔːl stɑːɹts tə smæk əvə hɔːlmɑːɹk hɔːl ʌv feɪm , wɪð ɐ fjuː foːɹ lɛɾɚ wɜːdz θɹoʊn ɪn ðæt ɑːɹ dʒɛnɚɹəli nɑːt hɜːd ɔn tɛlᵻvɪʒən ",0
"sʌm bɑːdi wɪl teɪk juː pleɪsᵻz juː hæv ɛnt bɪn , ænd ɔːlsoʊ pleɪsᵻz juː hæv ",1
hɑːliwʊd ɛndɪŋ dʒʌst ɪz ɛnt vɛɹi fʌni ,0
ɐ dʒɔː dɹɑːpɪŋli bjuːɾifəl wɜːk ðæt ʌpɛndz nɪɹli ɛvɹi klɪx ʌv dʒæpəniːz ænɪmeɪʃən waɪl dᵻlɪvɚɹɪŋ ɐ moːɹ ðɐn sæɾɪsfæktɚɹi ɐmaʊnt ʌv kɑːɹnɪdʒ ,1
"bʌt kuːjeɪt ᵻlɪsᵻts stɹɔŋ pɚfoːɹmənsᵻz fɹʌm hɪz kæst , ænd hiː dᵻlɪvɚz ɐ paʊɚfəl kɑːməntɛɹi ɔn haʊ ɡʌvɚnmənts laɪ , noʊ mæɾɚ huː ɹʌnz ðɛm ",1
"dɹʌmlaɪn ʃoʊz ɐ lɛvəl ʌv jʌŋ , blæk mænhʊd ðæt ɪz fʌni , tʌtʃɪŋ , smɑːɹt ænd kɑːmplᵻkeɪɾᵻd ",1
ʌpɚ tiːnz meɪ ɡɛt sɪnɪkəl ,0
"wɛlz ɡɹuːpi skɑːlɚ piːɾɚ bɑːɡdɐnoʊvɪtʃ tʊk ɐ lɔŋ taɪm tə duː ɪt , bʌt hiː ɛs faɪnəli pɹəvaɪdᵻd hɪz oʊn bɹɔːdsaɪd æt pʌblɪʃɪŋ dʒaɪənt wɪljəm ɹændɑːlf hɜːst ",1
"ðə moʊst bɹɪliənt ænd bɹuːɾəl juːkeɪ kɹaɪm fɪlm sɪns dʒæk kɑːɹɾɚ wɛnt bæk tə nuːkæsəl , ðə fɜːst hæf ʌv ɡæŋstɚ noʊ wʌn dɹɪps wɪð staɪl ænd , æt taɪmz , blʌd ",1
"ɪt maɪt nɑːt biː naɪntiːnhʌndɹɪd sɛvənti z ænɪmeɪʃən , bʌt ɛvɹɪθɪŋ ɛls ɐbaʊt ɪɾ ɪz stɹeɪt fɹʌmðə sæɾɚdeɪ mɔːɹnɪŋ kɑːɹtuːnz ɐ ɹᵻtɹɛd stoːɹi , bæd ɹaɪɾɪŋ , ænd ðə seɪm oʊld sɪlinəs ",0
"bɜːθdeɪ ɡɜːl lʌks aʊt wɪð tʃæplɪn ænd kɪdmən , huː ɑːɹ keɪpəbəl ʌv æntiːɪŋ ʌp sʌm muːvi stɑːɹ kɚɹɪsmə wɛn ðeɪ niːd ɪt tə sɛl ʌs ɔn ðɪs twɪstᵻd lʌv stoːɹi , bʌt huː kæn ɔːlsoʊ nᵻɡoʊʃɪeɪt ðə muːvi ɛs dɑːɹkɚ tɜːnz ",1
steɪ fɚðə kɹɛdɪts ænd siː ɐ dɛvᵻsteɪɾɪŋ kɑːmɪk ɪmpɜːsəneɪʃən baɪ dʌstɪn hɑːfmən ðæt ɪz ɹɛvɪlətoːɹi ,1
"ɪɾ ɪz ɐ laɪkəbəl stoːɹi , toʊld wɪð kɑːmpɪtəns ",1
ɐ ɡʌʃi ɛpɪsoʊd ʌv ɛm ɐ ɛs eɪtʃ oʊnli ðɪs taɪm fɹʌm ɐn eɪʒən pɚspɛktɪv ,0
"bɹɛd , maɪ swiːt hɐz soʊ mɛni flɔːz ɪt wʊd biː iːzi fɔːɹ kɹɪɾɪks tə ʃɹɛd ɪt ",0
ɐ dᵻlaɪtfəl ɹoʊmæntɪk kɑːmədi wɪð plɛnti ʌv baɪt ,1
"juː ɛlɛl fɚɡɛt ɐbaʊt ɪt baɪ mʌndeɪ , ðoʊ , ænd ɪf ðeɪ ɹiː oʊld ɪnʌf tə hæv dɪvɛləpt sʌm teɪst , soʊ wɪl jʊɹ kɪdz ",0
ɐ ɡʊd θɹɪlɚ ,1
juː kʊd iːzili mɪsteɪk ɪt fɚɹə skɛtʃi wɜːk ɪn pɹɑːɡɹɛs ðæt wʌz ɪnɛksplɪkəbli ɹʌʃt tə ðə mɛɡəplɛksᵻz bᵻfoːɹ ɪts taɪm ,0
"ɪt ɛs hɑːɹd tʊ ɪmædʒɪn ɛni ɹiːsənt fɪlm , ɪndᵻpɛndənt ɔːɹ ʌðɚwaɪz , ðæt meɪks æz mʌtʃ əvə mɛs æz ðɪswʌn ",0
"ɹuːmɚ , ɐ mʌdəld dɹɑːmə ɐbaʊt kʌmɪŋ tə tɜːmz wɪð dɛθ , fiːlz ɪmpɜːsənəl , ɔːlmoʊst dʒənɛɹɪk ",0
wɜːks ɔnðə huːdʌnɪt lɛvəl æz ɪts lɑːɹdʒɚ θiːmz ɡɛt lɔst ɪnðə mɜːk ʌv ɪts oʊn meɪkɪŋ ,0
"ðɛɹ ɛs nʌθɪŋ laɪk lʌv tə ɡɪv ɐ muːvi ɐ biː twɛlv ʃɑːt , ænd siːkjuː ʃɪmɚz wɪð ɪt ",1
"waɪl nɑːt fɔːɹ ɛvɹi teɪst , ðɪs ɔfən vɛɹi fʌni kəliːdʒiət ɡɹoʊs aʊt kɑːmədi ɡoʊz ɐ lɔŋ weɪ təwɔːɹd ɹᵻstoːɹɪŋ ðə lʌstɚɹ ʌvðə næʃənəl læmpuːn fɪlm fɹæntʃaɪz , tuː lɔŋ ɹᵻduːst tə dᵻɹɛkt tə vɪdɪoʊ ɪɹɛlᵻvənsi ",1
ðə muːvi ɪz nɑːt æz tɛɹᵻbəl æz ðə sɪnɚdʒɪstɪk ɪmpʌls ðæt kɹiːeɪɾᵻd ɪt ,0
"ðə kæɹɪktɚz ɑːɹ beɪst ɔn stɑːk klɪx ɛs , ænd ðɪ ɐtɛmpt tə kɑːmplᵻkeɪt ðə stoːɹi oʊnli dᵻfaɪz kɹɛdɪbɪlᵻɾi ",0
ɪt ɛs pɛɾi θiːvɚɹi laɪk ðɪs ðæt pʊts flɪmzi flɪks laɪk ðɪs bᵻhaɪnd bɑːɹz ,0
ɐn ɐdoːɹəbli wɪmzɪkəl kɑːmədi ðæt dɪzɜːvz moːɹ ðænə pæsɪŋ twɪŋkəl ,1
"wɪð ɔːɹ wɪðaʊt bæləst tæŋks , keɪ naɪntiːn sɪŋks tʊ ɐ hæɹɪsən foːɹd loʊ ",0
mɪstɚ kɑːʃɐʃvɪli ɪz ɐ dᵻɹɛktɚ tə wɑːtʃ ,1
ɐbaʊt æz bɪɡ ɐ kɹaʊdpliːzɚɹ æz ðeɪ pɑːsᵻbli kʌm ,1
"bʌt ɔnðə hoʊl , juː ɹiː ɡənə laɪk ðɪs muːvi ",1
"wiː kæn tɛl wʌt ɪɾ ɪz səpoʊzd tə biː , bʌt kɑː ɛnt ɹiəli kɔːl ɪɾ ɐ wɜːk ʌv ɑːɹt ",0
"ðɪ ɑːɹt dᵻɹɛkʃən ænd kɔstuːmz ɑːɹ ɡoːɹdʒəs ænd faɪnli diːteɪld , ænd kʌɹiz dᵻɹɛkʃən ɪz klɛvɚ ænd ɪnsaɪtfəl ",1
ðə fɪlm ɪz dɛlᵻkətli nɚɹeɪɾᵻd baɪ mɑːɹtɪn lændaʊ ænd dᵻɹɛktᵻd wɪð sɛnsɪtɪvᵻɾi ænd skɪl baɪ deɪnə dʒæŋkloʊvɪtʃ mæn ,1
"sæd nɑːnsəns , ðɪs ",0
ɛvɹi noʊt ɹɪŋz fɔls ,0
"ðɪ ɪvɑːkətɪv ɪmɪdʒɹi ænd dʒɛntəl , læpɪŋ ɹɪðəmz ʌv ðɪs fɪlm ɑːɹ ɪnfɛkʃəs ɪt ɡɛts ʌndɚɹ aʊɚ skɪn ænd dɹɔːz ʌs ɪn lɔŋ bᵻfoːɹ ðə plɑːt kɪks ɪntʊ ɡɪɹ ",1
səksiːdz æz ɐ wɛl meɪd ɪvəkeɪʃən əvə sʌbkʌltʃɚ ,1
"plʌndʒᵻz juː ɪntʊ ɐ ɹɪælᵻɾi ðæt ɪz , moːɹ ɔfən ðɛn nɑːt , dɪfɪkəlt ænd sæd , ænd ðɛn , wɪðaʊt sɛntɪmɛntəlaɪzɪŋ ɪt ɔːɹ dᵻnaɪɪŋ ɪts bɹuːtælᵻɾi , tɹænsfɔːɹmz ðæt ɹɪælᵻɾi ɪntʊ ɐ lɪɹɪkəl ænd sɛləbɹətoːɹi vɪʒən ",1
ɐn ɪmɛnsli ɛntɚteɪnɪŋ lʊk æt sʌm ʌvðɪ ʌnsʌŋ hiəɹoʊz ʌv twɛntiəθ sɛntʃɚɹi pɑːp mjuːzɪk ,1
"ðɪ ækʃən siːnz hæv ɔːl ðə səspɛns əvə twɛnti kɑːɹ paɪlʌp , waɪl ðə plɑːt hoʊlz ɑːɹ bɪɡ ɪnʌf fɚɹə tɹeɪn kɑːɹ tə dɹaɪv θɹuː ɪf kaʊz hæd ɛnt bloʊn ðɛm ɔːl ʌp ",0
haʊɚd kʌndʒɚz ðə pæst vaɪə sɚɹiːəlɪst flɜːɹɪʃᵻz soʊ oʊvɚɹɔːt juː diː swɛɹ hiː dʒʌst stɛpt aʊɾəv ɐ buː juːl ɹɛtɹoʊspɛktɪv ,1
aɪzənstaɪn læks kənsɪdɚɹəbəl bɹiːoʊ fɚɹə fɪlm ɐbaʊt wʌn ʌv sɪnəmə ɛs dᵻɹɪktoːɹɪəl dʒaɪənts ,0
"iːvən ɪf juː duː ɛnt noʊ ðə bænd ɔːɹ ðɪ ælbəm ɛs sɔŋz baɪ hɑːɹt , juː wɪl ɛndʒɔɪ siːɪŋ haʊ boʊθ ɪvɑːlv , ænd juː wɪl ɔːlsoʊ lɜːn ɐ ɡʊd diːl ɐbaʊt ðə steɪt ʌvðə mjuːzɪk bɪznəs ɪnðə twɛnti fɜːst sɛntʃɚɹi ",1
"ɪnhiəɹəntli kɔːstɪk ænd ɑːdli wɪmzɪkəl , ðə fɪlm tʃaɪmz ɪn ɔnðə ɡɹiːvɪŋ pɹɑːsɛs ænd stɹeɪndʒli dɹɔːz ðɪ ɔːdiəns ɪntʊ ðɪ ʌnɛkspleɪnəbəl peɪn ænd ɛksəntɹɪsᵻɾiz ðæt ɑːɹ ɐtætʃt tə ðə kɑːnsɛpt ʌv lɔs ",1
laɪk biːɪŋ eɪbəl tə hɪt ɔn ɐ fɪftiːn jɪɹ oʊld wɛn juː ɹiː oʊvɚ wʌnhʌndɹɪd ,0
ɪt ɛs bɛɾɚ ðɐn ðə fæntəm mɛnɪs ,1
ɐn ɛfɚtləsli ɐkɑːmplɪʃt ænd ɹɪtʃli ɹɛzənənt wɜːk ,1
"bɹuːmfiːld ɪz ɛnɚdʒaɪzd baɪ vɑːlɛɾə wɑːlɪs ɛs mətɜːnəl fjʊɹɹi , hɜː fɪɹləsnəs , ænd bɪkʌz ʌv ðæt , hɪz fɪlm kɹækəlz ",1
"ɐ fɪɹsli klɛvɚ ænd sʌɾəl fɪlm , kæptʃɚɹɪŋ ðə pɹɪkɛɹiəs bæləns bᵻtwiːn ðɪ ɛkstɹævəɡənt kɑːnfɪdəns ʌvðɪ ɛɡzaɪld æɹɪstɑːkɹəsi ænd ðə kɹuːəl ɜːnɪstnəs ʌvðə vɪktoːɹiəs ɹɛvəluːʃənɛɹiz ",1
"ðɪs kaɪnd ʌv hændz ɔn stɔːɹɪtɛlɪŋ ɪz ʌltᵻmətli wʌt meɪks ʃæŋhaɪ ɡɛɾoʊ muːv bᵻjɔnd ɐ ɡʊd , dɹaɪ , ɹᵻlaɪəbəl tɛkstbʊk ænd wʌt ɐlaʊz ɪt tə ɹæŋk wɪð ɪts wɜːði pɹɛdᵻsɛsɚz ",1
"fɔːɹmjʊleɪɪk tə ðə fɪfti fɜːst paʊɚ , moːɹ laɪk ",0
"wɛn jʊɹ sʌbdʒɛkt ɪz ɪluːʒən vɜːsᵻz ɹɪælᵻɾi , ʃʊd ɛnt ðə ɹɪælᵻɾi siːm æt liːst pæsəbli ɹiːəl ? ",0
ðə ɹɪzʌlts ɑːɹ fɑːɹmoːɹ eɪliəneɪɾɪŋ ðɐn ɪnvɑːlvɪŋ ,0
ðiːz kæɹɪktɚz bɪkʌm wɛɹisʌm ,0
ɪt faɪndz ɪts muːvɪeɪɡoʊɪŋ plɛʒɚz ɪnðə taɪni ᵻvɛnts ðæt kʊd meɪk ɐ pɜːsən huː hɐz lɪvd hɜː laɪf hæf ɐsliːp sʌdənli weɪk ʌp ænd teɪk noʊɾɪs ,1
aɪ kʊdɐv juːzd maɪ tuː aʊɚz bɛɾɚ wɑːtʃɪŋ biːɪŋ dʒɑːn mælkoʊvɪtʃ ɐɡɛn ,0
"kʌmz əkɹɑːs æz ɐ ɹɛlɪk fɹʌm ɐ baɪɡɑːn iəɹə , ænd ɪts kɑːnvəluːʃənz fiːl sɪli ɹæðɚ ðɐn plɔːzᵻbəl ",0
ðə muːvi ɪz æz pædᵻd æz ælən ɛs dʒɛli bɛli ,0
ðə stoːɹi ɪz boʊɡəs ænd ɪts kæɹɪktɚz tɪʃuː θɪn ,0
"moːɹ bɪzi ðɐn ɛksaɪɾɪŋ , moːɹ fɹæntɪk ðɐn ɪnvɑːlvɪŋ , moːɹ keɪɑːɾɪk ðɐn ɛntɚteɪnɪŋ ",0
"ɔːlðoʊ vɪʒuːəli stɹaɪkɪŋ ænd slɪkli steɪdʒd , ɪt ɛs ɔːlsoʊ koʊld , ɡɹeɪ , æntɪsɛptɪk ænd ɪmoʊʃənəli dɛsɪkeɪɾᵻd ",0
"ðoʊ ɪn sʌm weɪz sɪmɪlɚ tə kæθɹɪn bɹeɪlæt ɛs fæt ɡɜːl , ɹeɪn ɪz ðə fɑːɹ suːpiəɹɪɚ fɪlm ",1
juː liːv fiːlɪŋ laɪk juː viː ɛndʊɹd ɐ lɔŋ wɜːkaʊt wɪðaʊt jʊɹ pʌls ɛvɚ ɹeɪsɪŋ ,0
wʌn saɪdᵻd dɑːkjuːmɛntɚɹi ɔfɚz sɪmplɪstɪk ɛksplɐneɪʃənz tʊ ɐ vɛɹi kɑːmplɛks sɪtʃuːeɪʃən ,0
"ɪnstɛd , ɪt ɛlɛl oʊnli pʊt juː tə sliːp ",0
"ðɪ oʊnli weɪ tə tɑːlɚɹeɪt ðɪs ɪnsɪpɪd , bɹuːɾəli kluːləs fɪlm maɪt biː wɪð ɐ lɑːɹdʒ doʊs ʌv peɪŋkɪlɚz ",0
ɐ sɛnsᵻtɪv ænd ɐstuːt fɜːst fiːtʃɚ baɪ æn soʊfi bɪɹɑːt ,1
ðə kɑːmədi ɪz nɑːnɛɡzɪstənt ,0
"ɐ ɹiːəl wɪnɚ smɑːɹt , fʌni , sʌɾəl , ænd ɹɛzənənt ",1
kʌmz ɐlaɪv oʊnli wɛn ɪt swɪtʃᵻz ɡɪɹz tə ðə sɛntɪmɛntəl ,0
ɐn ɪnstəns əvən oʊld dɑːɡ nɑːt oʊnli lɜːnɪŋ bʌt ɪnvɛntɪŋ ɐ ɹᵻmɑːɹkəbəl nuː tɹɪk ,1
"ɹoʊmæntɪk , ɹɪvɪɾɪŋ ænd hændsʌmli ænɪmeɪɾᵻd ",1
"tɹaɪ æz juː maɪt tə skɹuːtɪnaɪz ðɪ ɛθɪks ʌv kɔːfmən ɛs ɐpɹoʊtʃ , sʌmhaʊ ɪɾ ɔːl kʌmz təɡɛðɚ tə kɹiːeɪt ɐ vɛɹi kəmpɛlɪŋ , sɛnsᵻtɪv , ɪntɛlɪdʒənt ænd ɔːlmoʊst koʊhiːsɪv piːs ʌv fɪlm ɛntɚteɪnmənt ",1
"ɛvɹi wʌns ɪn ɐ waɪl , ɐ muːvi wɪl kʌm ɐlɔŋ ðæt tɜːnz miː ɪntʊ ðæt ɐnɔɪɪŋ spɛsɪmən ʌv hjuːmænᵻɾi ðæt aɪ juːʒuːəli dɹɛd ɛŋkaʊntɚɹɪŋ ðə moʊst ðə fænbɔɪ ",1
"spɹɛdz ɪtsɛlf tuː θɪn , liːvɪŋ ðiːz æktɚz , æz wɛl æz ðə mɛmbɚz ʌvðə kɑːmjuːn , ʃɔːɹt ʌv pɹəfaʊnd kæɹɪktɚɹaɪzeɪʃənz ",0
"ðɪ æktɪŋ , fɚðə moʊst pɑːɹt , ɪz tɚɹɪfɪk , ɔːlðoʊ ðɪ æktɚz mʌst stɹʌɡəl wɪððə fækt ðæt ðeɪ ɹiː pleɪɪŋ kæɹɪktɚz huː sʌmtaɪmz fiːl moːɹ laɪk lɪɾɚɹɛɹi kənsiːts ðɐn flɛʃ ænd blʌd hjuːmənz ",1
"ɛlɑːɹbiː lɛs ɐ muːvi ðɐn ɑːɹɹɑːɹbiː ɐn ɐpɔːlɪŋ , oʊdɚɹɪfɚɹəs θɪŋ soʊ ɹɑːʔn̩ ɪn ɔːlmoʊst ɛvɹi sɪŋɡəl fæsɪt ʌv pɹədʌkʃən ðæt juː ɛlɛl wɔnt tə kɹɔːl ʌp jʊɹ oʊn ɪn ɛmbæɹəsmənt ",0
fʌni ænd tʌtʃɪŋ ,1
ɐn ɔːkwɚd haɪbɹɪd ʌv ʒɑːnɹəz ðæt dʒʌst dʌz ɛnt wɜːk ,0
"ɐfɜːmz ðə ɡɪfts ʌv ɔːl ɪnvɑːlvd , stɑːɹɾɪŋ wɪð spiːlbɜːɡ ænd ɡoʊɪŋ ɹaɪt θɹuː ðə ɹæŋks ʌvðə pleɪɚz ɔn kæmɹə ænd ɔf ðæt hiː bɹɪŋz təɡɛðɚ ",1
ɐ fɪfti kɑːɹ paɪlʌp ʌv kliːʃeɪᵻz ,0
wɪl wɔːɹm jʊɹ hɑːɹt wɪðaʊt meɪkɪŋ juː fiːl ɡɪlti ɐbaʊt ɪt ,1
wʌn ʌvðə moʊst ʌnplɛzənt θɪŋz ðə stuːdɪoʊ hɐz ɛvɚ pɹəduːst ,0
ɐ ɡlɪb bʌt baʊnsi bɪt ʌv sɪkstiz staɪl slɪknəs ɪnwɪtʃ ðə hiəɹoʊ maɪt waɪnd ʌp kɔːt bʌt ðɪ ɔːdiəns ɡɛts pjʊɹ ɛskeɪpɪzəm ,1
ðɪswʌn ɪz nɑːt nɪɹli æz dɹɛdfəl æz ɛkspɛktᵻd ,1
"ðə ɹɪzʌlt ɪz ɐ paʊɚfəl , nætʃɚɹəli dɹəmæɾɪk piːs ʌv loʊ bʌdʒɪt fɪlmeɪkɪŋ ",1
"æz ɐ saɪəns fɪkʃən muːvi , maɪnɔːɹᵻɾi ɹᵻpoːɹt ɐstaʊndz ",1
"dʌz ɛnt dᵻlɪvɚɹ ɐ ɡɹeɪt stoːɹi , nɔːɹ ɪz ðɪ ækʃən æz ɡɹɪpɪŋ æz ɪn pæst siːɡəl fɪlmz ",0
"tʃɪlɪŋ ɪn ɪts ɑːbdʒɛktɪv poːɹtɹɪt ʌv dɹɪɹi , lɔst twɛnti fɜːst sɛntʃɚɹi ɐmɛɹɪkə ",1
ðɪ ɔːtʊɹ ɛs ɪɹ fɚðə weɪ fɪɹz ænd slaɪts ɑːɹ tɛlᵻɡɹæft ɪnðə moʊst blaɪð ɛkstʃeɪndʒᵻz ɡɪvz ðə fɪlm ɪts lɪŋɡɚɹɪŋ tʌɡ ,1
ɐ ɹᵻhæʃ ʌv ɛvɹi ɡæŋstɚ muːvi fɹʌmðə pæst dɛkeɪd ,0
"ʃæɾɚɹɪŋ , dɛvᵻsteɪɾɪŋ dɑːkjuːmɛntɚɹi ɔn tuː mælɐdʒʌstᵻd tiːnz ɪn ɐ daʊnwɚd nɑːɹkətaɪzd spaɪɚɹəl ",1
ðə sɑːmɚ peɪsɪŋ ænd læk ʌv dɹəmæɾɪk faɪɚwɜːks meɪk ɡɹiːn dɹæɡən siːm moːɹ laɪk mɛdəsən ðɐn ɛntɚteɪnmənt ,0
bᵻloʊ ɪz wɛl bᵻloʊ ɛkspɪkteɪʃənz ,0
ɐ dʒənɛɹɪk ɪntɚnæʃənəl vɜːʒən əvə tɪpɪkəl ɐmɛɹɪkən hɔɹɚ fɪlm ,0
ɪŋkluːdz tuː mʌtʃ ɑːbviəs pædɪŋ ,0
"æt dʒʌst oʊvɚɹ ɐn aʊɚ , hoʊm muːvi wɪl liːv juː wɔntɪŋ moːɹ , nɑːt tə mɛnʃən liːvɪŋ juː wɪð sʌm læfs ænd ɐ smaɪl ɔn jʊɹ feɪs ",1
"ðə muːvi ɛs ʌltᵻmət pɔɪnt ðæt ɛvɹɪwʌn ʃʊd biː ðɛmsɛlvz ɪz tɹaɪt , bʌt ðə skɹiːnɹaɪɾɚ ænd dᵻɹɛktɚ mɪtʃəl ɡɑːndɹi ɹᵻsteɪt ɪt tə ðə pɔɪnt ʌv ɹɪdɪkjʊləsnəs ",0
ɐ faɪn dɑːkjuːmɛntɚɹi kæn biː dɪstɪŋɡwɪʃt fɹʌm ɐ miːdɪoʊkɚ wʌn baɪ ðə bɛɾɚ fɪlm ɛs ɐbɪləɾi tə meɪk ɪts sʌbdʒɛkt ɪntɹɛstɪŋ tə ðoʊz huː ɑːɹ ɛnt pɑːɹt ʌv ɪts səpoʊzd tɑːɹɡɪt ɔːdiəns ,1
"ɪnðə weɪk ʌv seɪvɪŋ pɹaɪvət ɹaɪən , blæk hɔːk daʊn ænd wiː wɜː soʊldʒɚz , juː ɑːɹ laɪkli təbi æz hɑːɹɾili sɪk ʌv meɪhɛm æz keɪdʒ ɛs wɔːɹ wɪɹi mɚɹiːn ",0
pɛpɚd wɪð wɪɾi daɪəlɑːɡ ænd ɪnvɛntɪv moʊmənts ,1
ɪz ɐ kɹaɪm ðæt ʃʊd biː pʌnɪʃəbəl baɪ tʃeɪnsɔː ,0
"wɛðɚɹ ɔːɹ nɑːt juː ɹiː ɛnlaɪʔn̩d baɪ ɛni ʌv dɛɹɪdə ɛs lɛktʃɚz ɔn ðɪ ʌðɚ ænd ðə sɛlf , dɛɹɪdə ɪz ɐn ʌndɪnaɪəbli fæsᵻneɪɾɪŋ ænd pleɪfəl fɛloʊ ",1
"ðə piːpəl ɪn dʒɛsɪkə ɑːɹ soʊ ɹɛkəɡnaɪzəbəl ænd tɹuː ðæt , æz ɪn ɹiːəl laɪf , wiː ɹiː nɛvɚ ʃʊɹ haʊ θɪŋz wɪl wɜːk aʊt ",1
"pɛɹənts meɪ iːvən faɪnd ðɐɾɪt ɡoʊz baɪ kwɪkli , bɪkʌz ɪt hɐz sʌm ʌvðə fʌnɪɪst dʒoʊks ʌv ɛni muːvi ðɪs jɪɹ , ɪŋkluːdɪŋ ðoʊz ɪntɛndᵻd fɔːɹ ɐdʌlts ",1
"ɐ ɡʊd mjuːzɪk dɑːkjuːmɛntɚɹi , pɹɑːbəbli wʌn ʌvðə bɛst sɪns ðə læst wɔlts ",1
"ɛlɑːɹbiː ɡʌlpɪlɪl ɑːɹɹɑːɹbiː ɪz ɐ kəmændɪŋ skɹiːn pɹɛzəns , ænd hɪz kæɹɪktɚ ɛs ɐbʌndənt hjuːmənɪzəm meɪks hɪm ðə fɪlm ɛs mɔːɹəl kʌmpəs ",1
ðə skɹiːnpleɪ nɛvɚ lɛts ʌs fɚɡɛt ðæt boːɹn wʌz wʌns ɐn eɪmɔːɹəl ɐsæsɪn dʒʌst laɪk ðə wʌnz huː ɑːɹ pɚsuːɪŋ hɪm ðɛɹ ɪz nɛvɚ ɹiəli ɐ tɹuː ʌs vɜːsᵻz ðɛm ,1
ɐn ɪntɹɛstɪŋ lʊk bᵻhaɪnd ðə siːnz ʌv ʃᵻkɑːɡoʊ beɪst ɹɑːk ɡɹuːp wɪlkoʊ ,1
ðə soːɹd faɪɾɪŋ ɪz wɛl dʌn ænd ɔːtjuːɪl ɪz ɐ ɡuːfi plɛʒɚ ,1
ðɪ oʊnli θɪŋ skɛɹi ɐbaʊt fɪɹdətkɑːm ɪz ðætðə fɪlmeɪkɚz ænd stuːdɪoʊ ɑːɹ bɹeɪzən ɪnʌf tʊ ɐtɛmpt tə pæs ðɪs stɪŋkɚɹ ɔf æz ɐ skɛɹi muːvi ,0
mʌntʃ ɛs skɹiːnpleɪ ɪz tɛndɚli əbzɜːvənt ʌv hɪz kæɹɪktɚz ,1
ɪt hɐz ðə ɹɛkwɪsɪt foʊ ɜːbən vaɪb ænd hɑːɾɚ tuː jɪɹz ɐɡoʊ ɹæp ænd ɑːɹ biː neɪmz ænd ɹɛfɹənsᵻz ,0
ðə kʌntɹi bɛɹz weɪsts ɐn ɛksɛpʃənəli ɡʊd aɪdiə ,0
"ɐ fɪlm ʌv ɛpɪk skeɪl wɪð ɐn ɪntᵻmət fiːlɪŋ , ɐ sɑːɡə ʌvðɪ ʌps ænd daʊnz ʌv fɹɛndʃɪps ",1
ðə muːvi wʊd siːm lɛs əvə tɹaɪfəl ɪf ɛmɛs ʃʊɡɚmən fɑːloʊd θɹuː ɔn hɜː dᵻfaɪəns ʌvðə sækɚɹɪn ,0
mɛnʃən soʊlɑːɹɹɪs faɪv jɪɹz fɹʌm naʊ ænd aɪ ɛm ʃʊɹ ðoʊz huː sɔː ɪt wɪl hæv ɐn əpɪniən tə ʃɛɹ ,1
"ðæt æləbæmə mænɪdʒᵻz təbi plɛzənt ɪn spaɪt ʌv ɪts pɹɪdɪktəbɪlᵻɾi ænd əkeɪʒənəl sloʊnəs ɪz duː pɹaɪmɛɹᵻli tə ðə pɜːkinəs ʌv wɪðɚspuːn ɛlɑːɹbiː huː ɪz ɔːlweɪz ɐ dʒɔɪ tə wɑːtʃ , iːvən wɛn hɜː mətɪɹiəl ɪz nɑːt fɜːst ɹeɪt ɑːɹɹɑːɹbiː ",1
pæsiːnoʊ ɪz ðə bɛst hiː ɛs bɪn ɪn jɪɹz ænd kiːnɚɹ ɪz mɑːɹvələs ,1
mʌtʃ ʌvðə kæst ɪz stɪf ɔːɹ dʒʌst pleɪn bæd ,0
"ɪt ɛs ɛksɛsɪvli kwɜːki ænd ɐ lɪɾəl ʌndɚkɑːnfɪdənt ɪn ɪts dᵻlɪvɚɹi , bʌt ʌðɚwaɪz ðɪs ɪz ðə bɛst oʊld neɪbɚhʊd pɹɑːdʒɛkt sɪns kɹɪstəfɚ wɔːkən kaɪndɚ ɹoʊmænst sɪndi lɔːpɚɹ ɪnðɪ ɑːpɚtuːnɪsts ",1
"bɪzi ɜːbən kɑːmədi ɪz klɪɹli nɑːt ʒæŋ ɛs foːɹɾeɪ , hɪz dᵻɹɪktoːɹɪəl tʌtʃ ɪz niːðɚ laɪt nɔːɹ mædʒɪkəl ɪnʌf tə bɹɪŋ ɔf ðɪs kaɪnd ʌv wɪmzi ",0
"ɪmædʒɪn ðə kliːnflɪks vɜːʒən ʌv lʌv stoːɹi , wɪð ɑːli mækɡɹɔː ɛs pɹəfænᵻɾiz ɹᵻpleɪst baɪ ɹoʊmæns nɑːvəl plæɾɪtuːdz ",0
"ɛkstɹiːmli wɛl æktᵻd baɪ ðə foːɹ pɹaɪmɚɹi æktɚz , ðɪs ɪz ɐ sɪɹiəsli ɪntɛndᵻd muːvi ðæt ɪz nɑːt iːzili fɚɡɑːʔn̩ ",1
baʊnd tʊ ɐpiːl tə wɪmɪn lʊkɪŋ fɚɹə haʊlɪŋli tɹæʃi taɪm ,1
ɛmɛs hʌtʃɪnz ɪz tæləntᵻd ɪnʌf ænd kæɹɪsmæɾɪk ɪnʌf tə meɪk ʌs kɛɹ ɐbaʊt zɛldə ɛs ʌltᵻmət feɪt ,1
"sʌtʃ ɐ faɪn aɪdiə fɚɹə fɪlm , ænd sʌtʃ ɐ stʌltᵻfaɪɪŋ , laɪfləs ɛksɪkjuːʃən ",0
ɹᵻtɜːn tə nɛvɚlænd mænɪdʒᵻz tə stɹædəl ðə laɪn bᵻtwiːn ɐnʌðɚ klæsɪk fɚðə kʌmpəni ænd dʒʌst ɐnʌðɚ ɹʌn ʌvðə mɪl dɪzni siːkwəl ɪntɛndᵻd fɚðə hoʊm vɪdɪoʊ mɑːɹkɪt ,0
"ɹaɪɾɚ dᵻɹɛktɚ deɪvɪd dʒækɑːbsən ænd hɪz stɑːɹ , dʒɛɹəmi ɹɛnɚ , hæv meɪd ɐ ɹᵻmɑːɹkəbəl fɪlm ðæt ɛksploːɹz ðə mɔnstɚ ɛs saɪkɑːlədʒi nɑːt ɪn ɔːɹdɚ tʊ ɛkskjuːs hɪm bʌt ɹæðɚ tə dɛmənstɹeɪt ðæt hɪz pæθɑːlədʒi ɪvɑːlvd fɹʌm hjuːmən ɪmpʌlsᵻz ðæt ɡɹuː hɪdiəsli twɪstᵻd ",1
"dɹɑːmə ʌv tɛmpteɪʃən , sælveɪʃən ænd ɡʊd ɪntɛnʃənz ɪz ɐ θɔːtfəl ɛɡzæmᵻneɪʃən ʌv feɪθ , lʌv ænd paʊɚ ",1
ɑːdli kəmpɛlɪŋ ,1
"fiːlz æt taɪmz laɪk ɐ dʒaɪənt kəmɜːʃəl fɔːɹ juːnɪvɜːsəl stuːdɪoʊz , wɛɹ mʌtʃ ʌvðɪ ækʃən teɪks pleɪs ",0
"ɐ smɔːl fɔːɹtʃʊn ɪn sælɚɹiz ænd stʌnt kɑːɹz maɪthɐv bɪn seɪvd ɪf ðə dᵻɹɛktɚ , tɑːm deɪ , hæd splaɪst təɡɛðɚ bɪts ænd piːsᵻz ʌv mɪdnaɪt ɹʌn ænd foːɹɾi eɪt aʊɚz ɛlɑːɹbiː ænd , fɔːɹ ðæt mæɾɚ , ʃɹɛk ɑːɹɹɑːɹbiː ",0
"stɹeɪndʒ , fʌni , twɪstᵻd , bɹɪliənt ænd məkɑːbɹə ",1
"ʃæŋhaɪ ɡɛɾoʊ , mʌtʃ stɹeɪndʒɚ ðɐn ɛni fɪkʃən , bɹɪŋz ðɪs ʌnnoʊn slaɪs ʌv hɪstɚɹi ɐfɛktɪŋli tə laɪf ",1
"ɐ muːvi ðæt wɪl θɹɪl juː , tʌtʃ juː ænd meɪk juː læf æz wɛl ",1
"ðoʊ oʊvɚɹɔːl ɐn oʊvɚwɛlmɪŋli pɑːzᵻtɪv poːɹtɹeɪəl , ðə fɪlm dʌz ɛnt ɪɡnoːɹ ðə moːɹ pɹɑːbəlmæɾɪk æspɛkts ʌv bɹaʊn ɛs laɪf ",1
"ðə fɪlm ɪz soʊ bɪzi meɪkɪŋ ɹɛfɹəns tʊ ʌðɚ fɪlmz ænd tɹaɪɪŋ təbi ʌðɚ fɪlmz ðɐɾɪt feɪlz tə hæv ɐ hɑːɹt , maɪnd ɔːɹ hjuːmɚɹ ʌv ɪts oʊn ",0
kuːl ɡædʒɪts ænd kɹiːtʃɚz kiːp ðɪs fɹɛʃ ,1
"ðɪs ɪz vɛɹi mʌtʃ əvə mɪkst bæɡ , wɪð ɪnʌf nɛɡətɪvz tʊ aʊtweɪ ðə pɑːzᵻtɪvz ",0
"ɹɪŋɡuː ɪz ɐ dɪzæstɚɹ əvə stoːɹi , fʊl ʌv hoʊlz ænd kəmpliːtli lækɪŋ ɪn tʃɪlz ",0
"waɪl meɪnteɪnɪŋ ðɪ ɐpɪɹəns ʌv klɪnɪkəl ɑːbdʒɪktɪvᵻɾi , ðɪs sæd , əkeɪʒənəli hɔːɹɪfaɪɪŋ bʌt ɔfən ɪnspaɪɚɹɪŋ fɪlm ɪz ɐmʌŋ waɪsmən ɛs wɔːɹmɪst ",1
bʌt ɪt wʊd biː bɛɾɚ tə weɪt fɚðə vɪdɪoʊ ,0
dɹɪɹi teɪl ʌv mɪdəl klæs æŋst ,0
"ðoʊ ðɪ æbɚɹɪdʒɪnəl æspɛkt lɛndz ðɪ ɛndɪŋ ɐn ɛkstɹoːɹdɪnɛɹi pɔɪnjənsi , ænd ðə stoːɹi ɪtsɛlf kʊd biː pleɪd aʊt ɪn ɛni wɜːkɪŋ klæs kəmjuːnᵻɾi ɪnðə neɪʃən ",1
"ðə baɪpleɪ ænd bɪkɚɹɪŋ bᵻtwiːn ðə naʊ spaɪ sævi sɪblɪŋz , kɑːɹmɛn ɛlɑːɹbiː viːɡə ɑːɹɹɑːɹbiː ænd dʒuːni ɛlɑːɹbiː sæbɑːɹɹə ɑːɹɹɑːɹbiː kɔːɹtɛz , æŋkɚ ðə fɪlm ɪn ɐ vɛɹi ɹiːəl ænd ɐmjuːzɪŋ ɡɪv ænd teɪk ",1
"ɪt ɛs swiːt , fʌni , tʃɑːɹmɪŋ , ænd kəmpliːtli dᵻlaɪtfəl ",1
"siːn ɪn ðæt laɪt , muːnlaɪt maɪl ʃʊd stɹaɪk ɐ nɜːv ɪn mɛni ",1
"tə ðə fɪlmeɪkɚz , aɪvən ɪz ɐ pɹɪns əvə fɛloʊ , bʌt hiː kʌmz əkɹɑːs æz ʃæloʊ ænd ɡlɪb ðoʊ nɑːt miːn spɪɹɪɾᵻd , ænd ðɛɹ ɛs noʊ ɪndɪkeɪʃən ðæt hiː ɛs bɪn ɹᵻspɑːnsᵻbəl fɔːɹ pʊɾɪŋ təɡɛðɚɹ ɛni muːvɪz ʌv pɚtɪkjʊlɚ væljuː ɔːɹ mɛɹɪt ",0
"ðə muːvi ɛs sʌmθɪŋ bɑːɹoʊd kənstɹʌkʃən fiːlz lɛs ðə pɹɑːdʌkt ʌv lʌvɪŋ , wɛl ɪntᵻɡɹeɪɾᵻd hɑːmɪdʒ ænd moːɹ laɪk ɐ mɪɹ ɛkskjuːs fɚðə wæn , θɪnli skɛtʃt stoːɹi ",0
nʌn ʌv bɜːθdeɪ ɡɜːl ɛs kælkjʊleɪɾᵻd ᵻvɛnts teɪk ʌs baɪ sɚpɹaɪz ,0
ðɛɹɑːɹ mɛni dɛfɪnɪʃənz ʌv taɪm weɪstɚ bʌt ðɪs muːvi mʌst ʃʊɹli biː wʌn ʌv ðɛm ,0
aɪ kæn iːzili ɪmædʒɪn bᵻnɪɡni ɛs pɪnɑːkɪoʊ bᵻkʌmɪŋ ɐ kɹɪsməs pəɹɛnɪəl ,1
ðɪs ɪz ɹoʊt dɹɪvəl eɪmd æt mɑːm ænd dæd ɛs wɔlɪt ,0
keɪ naɪntiːn steɪz ɐfloʊt æz diːsənt dɹɑːmə ækʃən flɪk ,1
wʌt moːɹ kæn biː ɛkspɛktᵻd fɹʌm ɐ kɑːlɪdʒ kɑːmədi ðæt ɛs tɑːɹɡɪt ɔːdiəns hɐz ɛnt ɡɹædjuːeɪɾᵻd fɹʌm dʒuːnjɚ haɪ skuːl ? ,0
ɪt ɛs kwaɪt daɪvɜːɾɪŋ nɑːnsəns ,0
æɡɹɐveɪɾɪŋ ænd tiːdiəs ,0
"aɪ ɛm sɑːɹi tə seɪ ðæt ðɪs ʃʊd siːl ðə diːl ɑːɹnəld ɪz nɑːt , nɔːɹ wɪl hiː biː , bæk ",0
ɐ bɪɾɚswiːt dɹɑːmə ɐbaʊt ðə lɪmboʊ ʌv ɡɹiːf ænd haʊ tɹuːθ tɛlɪŋ kæn oʊpən ðə doːɹ tə lɪbɚɹeɪʃən ,1
moːɹ pɹɛʃəs ðɐn pɚspɪkeɪʃəs ,1
ɹɛɹli dʌz sʌtʃ haɪ pɹoʊfaɪl tælənt sɜːv sʌtʃ lɪɾɚɹət mətɪɹiəl ,1
ɐ muːvɪŋ pɪktʃɚ ðæt dʌznɑːt muːv ,0
ðɪs luːdɪkɹəs fɪlm ɪz pɹɪdɪktəbəl æɾ ɛvɹi tɜːn ,0
dʒʌst ɐnʌðɚ kɑːmbᵻneɪʃən ʌv bæd ænɪmeɪʃən ænd maɪndləs vaɪələns lækɪŋ ðə slaɪɾɪst bɪt ʌv wɪt ɔːɹ tʃɑːɹm ,0
"ɛlɑːɹbiː fiːdʒi daɪvɚ ɹuːsi vjʊlɐkoːɹoʊ ænd ðə mæɹid kʌpəl haʊɚd ænd mɪʃɛl hɔːl ɑːɹɹɑːɹbiː ʃoʊ ʌs ðə wɜːld ðeɪ lʌv ænd meɪk ʌs lʌv ɪt , tuː ",1
ɐ fænsifəl dɹɑːmə ɐbaʊt nɐpoʊlɪən ɛs læst jɪɹz ænd hɪz sɚpɹaɪzɪŋ dɪskʌvɚɹi ʌv lʌv ænd hjuːmɪlᵻɾi ,1
ðə suːpiəɹɪɚ plɑːtlaɪn ɪz ɛnt kwaɪt ɪnʌf tə dɹæɡ ɐlɔŋ ðə dɛd ɛlɑːɹbiː wɔːɾɚɹ ɑːɹɹɑːɹbiː weɪt ʌvðɪ ʌðɚ ,0
"ɛnθuːziæstɪkli ɪnvoʊks ðə pɚkʌʃən ɹɪðəm , ðə bɹæs soʊl ænd ðə sɛns ʌv fɪɹs kɑːmpətɪʃən ðæt hɛlps meɪk ɡɹeɪt mɑːɹtʃɪŋ bændz hæf ðə fʌn ʌv kɑːlɪdʒ fʊtbɔːl ɡeɪmz ",1
spaɪ kɪdz tuː ɔːlsoʊ hæpənz təbi ðæt ɹɛɹəɾi ɐmʌŋ siːkwəlz ɪɾ æktʃuːəli ɪmpɹuːvz əpɑːn ðɪ ɚɹɪdʒɪnəl hɪt muːvi ,1
spiːks ɛləkwəntli ɐbaʊt ðə sɪmbaɪɑːɾɪk ɹᵻleɪʃənʃɪp bᵻtwiːn ɑːɹt ænd laɪf ,1
ɔːdɪɚd səksɛsfəli meɪnteɪnz səspɛns ɔn dɪfɹənt lɛvəlz θɹuːaʊt ɐ fɪlm ðæt ɪz boʊθ ɡɹɪpɪŋ ænd kəmpɛlɪŋ ,1
"ɐn ʌnsɛɾəlɪŋ , mɛmɚɹəbəl sɪnɪmæɾɪk ɛkspiəɹɪəns ðæt dʌz ɪts pɹɛdᵻsɛsɚz pɹaʊd ",1
ɪts ɔːlmoʊst tuː spɛktækjʊlɚ koʊstəl sɛɾɪŋ dɪstɹækts slaɪtli fɹʌm ɐn ɛksɛntɹɪk ænd ɡʊd neɪtʃɚdli eɪmləs stoːɹi ,1
"ɐ kəmpæʃənət , muːvɪŋ poːɹtɹɪt əvən ɐmɛɹɪkən ɛlɑːɹbiː ænd ɐn ɐmɛɹɪkə ɑːɹɹɑːɹbiː ɔːlweɪz ɹiːtʃɪŋ fɔːɹ sʌmθɪŋ dʒʌst aʊtsaɪd hɪz ɡɹæsp ",1
ɛlɑːɹbiː stiːvən ɑːɹɹɑːɹbiː ɜːnhɑːɹt ɛs fɪlm ɪz moːɹ ɐbaʊt ðɪ ɑːptɪmɪzəm əvə ɡɹuːp ʌv piːpəl huː ɑːɹ stɹʌɡlɪŋ tə ɡɪv ðɛmsɛlvz ɐ bɛɾɚ lɑːt ɪn laɪf ðɐn ðə wʌnz ðeɪ kɜːɹəntli hæv ,1
ædæpteɪʃən ɪz ɪntɹɪkətli kənstɹʌktᵻd ænd ɪn ɐ stɹeɪndʒ weɪ neɪlz ɔːl ʌv ɔːɹliən ɛs θiːmz wɪðaʊt biːɪŋ ɐ tɹuː ædæpteɪʃən ʌv hɜː bʊk ,1
"ɪf juː wɔnt ɐ muːvi taɪm tɹɪp , ðə naɪntiːnhʌndɹɪd sɪksti vɜːʒən ɪz ɐ fɑːɹ smuːðɚ ɹaɪd ",0
ɐn oʊldɚ kæd ɪnstɹʌkts ɐ jʌŋɡɚ læd ɪn zɛn ænd ðɪ ɑːɹt ʌv ɡɛɾɪŋ leɪd ɪn ðɪs pɹɪkli ɪndi kɑːmədi ʌv mænɚz ænd mɪsænθɹəpi ,1
"wɪð ɐmeɪzɪŋ fɪnɛs , ðə fɪlm ʃædoʊz haɪdi ɛs tɹɪp bæk tə viːətnɑːm ænd ðə sɪɾi wɛɹ hɜː mʌðɚ , maɪ θaɪ kɪm , stɪl lɪvz ",1
ɐn əkeɪʒənəli ɪntɹɛstɪŋ bʌt moʊstli ɹᵻpɛɾᵻtɪv lʊk æɾə slaɪs ʌv kaʊntɚkʌltʃɚ ðæt maɪt biː bɛst fɚɡɑːʔn̩ ,0
ɪt ɛs ɐn eɪɾi eɪt mɪnɪt haɪlaɪt ɹiːl ðæt ɛs eɪɾi sɪks mɪnɪts tuː lɔŋ ,0
"ɛlɑːɹbiː dʒɛf ɛs ɑːɹɹɑːɹbiː ɡoːɹdʒəs , fluːɪd kɑːmpəzɪʃənz , ʌndɚlaɪnd baɪ niːl fɪn ænd ɛdmʌnd məkwɪljəmz ɛs mɛləŋkɑːli mjuːzɪk , ɑːɹ tʃɑːɹdʒd wɪð mɛɾəfɔːɹ , bʌt ɹɛɹli iːzi , ɑːbviəs ɔːɹ sɛlf ɪndʌldʒənt ",1
"ɪt ɛs ɐ smɑːɹt , sɑːlɪd , kᵻnɛɾɪkli tʃɑːɹdʒd spaɪ flɪk wɜːði əvə kʌpəl aʊɚz ʌv sʌmɚtaɪm ænd ɐ bʌkɪt ʌv pɑːpkɔːɹn ",1
ðə fɪlm ɪz pɹɪdɪktəbəl ɪnðə ɹiːəʃʊɹɹɪŋ mænɚɹ əvə bjuːɾɪfəli sʌŋ hɑːlɪdeɪ kæɹəl ,1
ðə hiːt ʌvðə moʊmənt pɹɪveɪlz ,1
ɐ bjuːɾɪfəli tuːld ækʃən θɹɪlɚɹ ɐbaʊt lʌv ænd tɛɹɚɹɪzəm ɪn kɚɹiːə ,1
"ɹᵻtɜːn tə nɛvɚ lænd ɪz mʌtʃ moːɹ piː siː ðɐn ðɪ ɚɹɪdʒɪnəl vɜːʒən ɛlɑːɹbiː noʊmoːɹ ɹeɪsɪst poːɹtɹɪts ʌv ɪndiənz , fɔːɹ ɪnstəns ɑːɹɹɑːɹbiː , bʌt ðɪ ɛksaɪtmənt ɪz mɪsɪŋ ",0
ðɪ oʊnli θɪŋ swɛpt ɐweɪ ɪz ðə wʌn aʊɚ ænd θɜːɾi θɹiː mɪnɪts spɛnt wɑːtʃɪŋ ðɪs weɪst ʌv taɪm ,0
ðə bæntɚ bᵻtwiːn kælvɪn ænd hɪz fɛloʊ bɑːɹbɚz fiːlz laɪk ɐ stɹiːtwaɪz məklæflɪn ɡɹuːp ænd nɛvɚ feɪlz tʊ ɛntɚteɪn ,1
"waɪl ðɪ ɪmpoːɹtəns ʌv biːɪŋ ɜːnɪst ɔfɚz ɑːpɚtuːnᵻɾiz fɔːɹ əkeɪʒənəl smaɪlz ænd tʃʌkəlz , ɪt dʌz ɛnt ɡɪv ʌs ɐ ɹiːzən təbi ɪnðə θiəɾɚ bᵻjɔnd waɪldə ɛs wɪt ænd ðɪ æktɚz pɚfoːɹmənsᵻz ",0
"kəntɹaɪvd , ɔːkwɚd ænd fɪld wɪð ʌnɪntɛndᵻd læfs , ðə fɪlm ʃoʊz saɪnz ðæt sʌmwʌn ʌðɚ ðɐn ðə dᵻɹɛktɚ ɡɑːt ɪntʊ ðɪ ɛdɪɾɪŋ ɹuːm ænd tɹaɪd tʊ ɪmpɹuːv θɪŋz baɪ meɪkɪŋ ðə muːvi ɡoʊ fæstɚ ",0
"bɹuːmfiːld ɹᵻmaɪndz ʌs ðæt bᵻniːθ ðə haɪp , ðə səlɛbɹᵻɾi , ðə haɪ laɪf , ðə kənspɪɹəsiz ænd ðə mɪstɚɹi ðɛɹwɜː wʌns ɐ kʌpəl ʌv bɹaɪt jʌŋ mɛn pɹɑːmɪsɪŋ , tæləntᵻd , kæɹɪsmæɾɪk ænd tɹædʒɪkli duːmd ",1
ɔfɚz ɐ pɚsweɪsɪv lʊk æɾə dᵻfiːɾᵻd bʌt dᵻfaɪənt neɪʃən ɪn flʌks ,1
"muːtʃiːnoʊ siːmz təbi ɛksploːɹɪŋ ðɪ aɪdiə ʌv waɪ hjuːmən biːɪŋz lɔŋ fɔːɹ wʌt ðeɪ duː ɛnt hæv , ænd haʊ ðɪs ɡɛts ʌs ɪn tɹʌbəl ",1
ðɪs pɪktʃɚɹ ɪz moʊstli ɐ lʌmp ʌv ɹʌn ʌvðə mɪl pɹəfænᵻɾi spɹɪŋkəld wɪð ɐ fjuː ɹᵻmɑːɹks soʊ ɡɪɹd təwɔːɹd ɛndʒɛndɚɹɪŋ ɔːdiəns sɪmpəθi ðæt juː maɪt θɪŋk hiː wʌz ɹʌnɪŋ fɔːɹ ɑːfɪs ɔːɹ tɹaɪɪŋ tə wɪn oʊvɚɹ ɐ pɹoʊbeɪʃən ɑːfɪsɚ ,0
maɪ waɪf ɪz ɐn æktɹəs hɐz ɪts moʊmənts ɪn lʊkɪŋ æt ðə kɑːmɪk ɪfɛkts ʌv dʒɛləsi ,1
ɐ ɹɪvɪɾɪŋ dɑːkjuːmɛntɚɹi ,1
"waɪl aɪ kɑː ɛnt seɪ ɪt ɛs ɔn pɑːɹ wɪððə fɜːst wʌn , stuːɚt lɪɾəl tuː ɪz ɐ laɪt , fʌn tʃiːz pʌf əvə muːvi ",1
soʊ boːɹɪŋ ðæt iːvən ɪts tɑːɹɡɪt ɔːdiəns tɔːkt ɔːl ðə weɪ θɹuː ɪt ,0
sæd tə seɪ ɪɾ ækjʊɹətli ɹᵻflɛkts ðə ɹeɪdʒ ænd eɪliəneɪʃən ðæt fjuːəlz ðə sɛlf dᵻstɹʌktɪvnəs ʌv mɛni jʌŋ piːpəl ,1
"ɪt ɛs niːðɚɹ æz sæpi æz bɪɡ dædi nɔːɹ æz ænɑːɹkɪk æz hæpi ɡɪlmoːɹ ɔːɹ ðə wɔːɾɚbɔɪ , bʌt ɪt hɐz ɪts moʊmənts ",1
ɡɹeɪt kæɹɪktɚɹ ɪntɚɹækʃən ,1
"luːaɪzoʊ lɛts ðə muːvi dɔːdəl ɪn klæsɪk dɪsɐfɛktᵻd ɪndi fɪlm moʊd , ænd bɹʌðɚ hɑːfmən ɛs skɹɪpt stʌmbəlz oʊvɚɹ ɐ leɪt ɪnɪŋ twɪst ðæt dʒʌst dʌz ɛnt meɪk sɛns ",0
"iːvən bɪɡɚ ænd moːɹ æmbɪʃəs ðɐn ðə fɜːst ɪnstɔːlmənt , spaɪ kɪdz tuː lʊks æz ɪf ɪt wɜː meɪd baɪ ɐ haɪli ɡɪftᵻd twɛlv jɪɹ oʊld ɪnstɛd əvə ɡɹoʊn mæn ",0
"ɐ miːɾiɚ diːpɚ bɪɡɪnɪŋ ænd ɔːɹ ɛndɪŋ wʊdhɐv iːzili tɪpt ðɪs fɪlm ɪntʊ ðə ɐ ɹeɪndʒ , æzɪz , ɪt ɛs ɐ vɛɹi vɛɹi stɹɔŋ biː ",1
"fʌni ɪn ɐ sɪk , twɪstᵻd sɔːɹt ʌv weɪ ",1
"tɹæpt woʊ ɛnt skoːɹ pɔɪnts fɔːɹ pəlɪɾɪkəl kɚɹɛktnəs , bʌt ɪt meɪ kɔːz pɛɹənts ɐ fjuː sliːpləs aʊɚz ɐ saɪn ʌv ɪts ɪfɛktɪvnəs ",1
"nɪks ɹᵻfjuːzᵻz tə lɛt slækɚz biː siːn æz dʒʌst ɐnʌðɚ tiːn muːvi , wɪtʃ miːnz hiː kæn biː fɚɡɪvən fɔːɹ fɹiːkwəntli pændɚɹɪŋ tə fænz ʌvðə ɡɹoʊs aʊt kɑːmədi ",1
"bʌt ðoʊ hiː oʊnli skɹætʃᵻz ðə sɜːfɪs , æt liːst hiː pɹəvaɪdz ɐ stɹɔŋ ɪtʃ tʊ ɛksploːɹ moːɹ ",1
ðɛɹɑːɹ fjuː θɪŋz moːɹ fɹʌstɹeɪɾɪŋ tʊ ɐ fɪlm bʌf ðɐn siːɪŋ ɐn ʌðɚwaɪz ɡʊd muːvi mɑːɹd bᵻjɔnd ɹᵻdɛmpʃən baɪ ɐ dɪzæstɹəs ɛndɪŋ ,0
ðə fɪlm læpsᵻz tuː ɔfən ɪntʊ ʃʊɡɚɹi sɛntɪmənt ænd wɪðhoʊldz dᵻlɪvɚɹi ɔnðə pɛl mɛl paɪɹoʊtɛknɪks ɪts pʌntʃi staɪl pɹɑːmɪsᵻz ,0
bɜːθdeɪ ɡɜːl wɔːks ɐ tɹɪki taɪtɹoʊp bᵻtwiːn biːɪŋ wɪkᵻdli fʌni ænd dʒʌst pleɪn wɪkᵻd ,1
"pɑːɾi maʊðd ɪnʌf fɔːɹ piːdʒiː θɜːtiːn , jɛt nɑːt æz hɪlɛɹiəsli ɹɔːntʃi æz saʊθ pɑːɹk , ðɪs stɹeɪndʒli skɪtsoʊ kɑːɹtuːn siːmz suːɾᵻd niːðɚ tə kɪdz ɔːɹ ɐdʌlts ",0
dʌz ɛnt æd ʌp tə mʌtʃ ,0
"waɪl ɪɾ ɪz wɛlkʌm tə siː ɐ tʃaɪniːz fɪlm dᵻpɪkt ɐ hoʊmoʊsɛkʃuːəl ɹᵻleɪʃənʃɪp ɪn ɐ mətʃʊɹ ænd fɹæŋk fæʃən , læn juː nɛvɚ kætʃᵻz dɹəmæɾɪk faɪɚ ",0
"ðə muːvi ɪz sɪli bᵻjɔnd kɑːmpɹihɛnʃən , ænd iːvən ɪf ɪt wɜːɹ ɛnt sɪli , ɪt wʊd stɪl biː bᵻjɔnd kɑːmpɹihɛnʃən ",0
"dᵻspaɪt ɪts flɔːz , kɹeɪzi æz hɛl mɑːɹks ɐn ɛŋkɜːɹɪdʒɪŋ nuː dᵻɹɛkʃən fɔːɹ læ sæl ",1
ðɪs fɪlm ɪz tuː bɪzi hɪɾɪŋ ɔːl ʌv ɪts ɐsaɪnd mɑːɹks tə teɪk ɔn ɛni laɪf ʌv ɪts oʊn ,0
"wʌn ʌvðə moʊst pleɪn , ʌnɪmædʒɪnətɪv ɹoʊmæntɪk kɑːmədiz aɪ viː ɛvɚ siːn ",0
"ɪt ɛs tʌf tə wɑːtʃ , bʌt ɪt ɛs ɐ fæntæstɪk muːvi ",1
"ðə muːvi ɪz wɛl kɹæftᵻd , ænd wɛl ɛksᵻkjuːɾᵻd ",1
ɪɾ ɔːl kʌmz daʊn tə wɛðɚ juː kæn tɑːlɚɹeɪt liːɑːn bɑːɹloʊ ,0
"naɪnti pjuːnᵻtɪv mɪnɪts ʌv ɪɹdɹəm daɪsɪŋ ɡʌnpleɪ , skɹiːtʃɪŋ mɛɾəl smæʃʌps , ænd flæsɪd ɑːd kʌpəl snaɪpɪŋ ",0
mʊɹ pɹəvaɪdz ɐn ɪnvæljuːəbəl sɜːvɪs baɪ spɑːɹkɪŋ dᵻbeɪt ænd ɛŋkɜːɹɪdʒɪŋ θɔːt ,1
ɐ bɪɡ fæt peɪn ,0
"ðɪs ɪz ɐ muːvi fɪld wɪð ʌnlaɪkəbəl , spaɪtfəl ɪdɪəts wɛðɚ ɔːɹ nɑːt ðɛɹ fɹɛndʃɪp ɪz sælvɪdʒd meɪks noʊ dɪfɹəns ɪnðə liːst ",0
æz ɡɪdi ænd wɪmzɪkəl ænd ɹɛlᵻvənt tədeɪ æz ɪt wʌz tuːhʌndɹɪd sɛvənti jɪɹz ɐɡoʊ ,1
"waɪl sʌm wɪl ɑːbdʒɛkt tə ðɪ aɪdiə əvə viːətnɑːm pɪktʃɚ wɪð sʌtʃ ɐ ɹɑː ɹɑː , peɪtɹɪɑːɾɪk toʊn , soʊldʒɚz ʌltᵻmətli ɐtʃiːvz ɪts meɪn stɹətiːdʒɪk ɑːbdʒɛktɪv dɹæmɐtaɪzɪŋ ðə hjuːmən kɔst ʌvðə kɑːnflɪkt ðæt keɪm tə dᵻfaɪn ɐ dʒɛnɚɹeɪʃən ",0
"ɪt ɛs ɐ pədɛstɹiən , flæt dɹɑːmə ðæt skɹiːmz aʊt æmətʃɚ ɪn ɔːlmoʊst ɛvɹi fɹeɪm ",0
hɪp hɑːp ɹɛɹli kʌmz ɐlaɪv æz ɪts oʊn faɪɚ bɹiːðɪŋ ɛntᵻɾi ɪn ðɪs pɪktʃɚ ,0
"pɑːɹts siːm laɪk ðeɪ wɜː lɪftᵻd fɹʌm tɛɹi ɡɪljəm ɛs sʌbkɑːnʃəs , pɹɛst θɹuː kæfkə ɛs miːt ɡɹaɪndɚ ænd ɪntʊ buː juːl ɛs keɪsɪŋz ",1
ɪt juːzᵻz sʌm ʌvðə fɪɡjɚz fɹʌmðə ɹiːəl laɪf stoːɹi tə poːɹtɹeɪ ðɛmsɛlvz ɪnðə fɪlm ,1
"fɔːɹ kæʒuːəl muːvɪeɪɡoʊɚz huː stʌmbəl ɪntʊ ɹuːlz ɛkspɛktɪŋ ɐ slaɪs ʌv ɐmɛɹɪkən paɪ haɪdʒɪŋks stɑːɹɹɪŋ ðə kɪd fɹʌm dɔːsən ɛs kɹiːk , ðeɪ ɛlɛl pɹɑːbəbli ɹʌn aʊt skɹiːmɪŋ ",0
"ɪt kʊdɐv bɪn sʌmθɪŋ spɛʃəl , bʌt tuː θɪŋz dɹæɡ ɪt daʊn tə miːdɪɑːkɹᵻɾi dᵻɹɛktɚ klɛɹ pɛploʊ ɛs mɪsʌndɚstændɪŋ ʌv mæɹɪvɔːks ɛs ɹɪðəmz , ænd miəɹə soːɹviːnoʊ ɛs lɪmɪteɪʃənz æz ɐ klæsɪkəl æktɹəs ",0
"æfəbəl ɪf nɑːt taɪmləs , laɪk maɪk ɹeɪzᵻz sʌm wɜːθwaɪl θiːmz waɪl dᵻlɪvɚɹɪŋ ɐ hoʊlsʌm fæntəsi fɔːɹ kɪdz ",1
slæp hɜː ʃiː ɛs nɑːt fʌni ! ,0
"ɛvɹɪθɪŋ ɛs sɪɹiəs , poʊɛɾɪk , ɜːnɪst ænd sædli dʌl ",0
siː klɑːkstɑːpɚz ɪf juː hæv nʌθɪŋ bɛɾɚ tə duː wɪð naɪnti foːɹ mɪnɪts ,0
"ɪf juː ɹiː nɑːt fænz ʌvðɪ ɐdvɛntuːz ʌv stiːv ænd tɛɹi , juː ʃʊd ɐvɔɪd ðɪs laɪk ðə dɹɛdᵻd kɪŋ bɹaʊn sneɪk ",0
ɐ saɪkɪk dʒɜːni diːp ɪntʊ ðə vɛɹi fæbɹɪk ʌv ɪɹeɪniən laɪf ,1
"ɐn ɪŋkɹɛdɪbli θɔːtfəl , diːpli mɛdᵻteɪɾɪv pɪktʃɚ ðæt niːtli ænd ɪfɛktɪvli kæptʃɚz ðə dᵻbɪlᵻteɪɾɪŋ ɡɹiːf fɛlt ɪnðɪ ɪmiːdɪət æftɚmæθ ʌvðə tɛɹɚɹɪst ɐtæks ",1
lʌv liːzə ɪz ɐ fɛstɪvəl fɪlm ðæt wʊdhɐv bɪn bɛɾɚɹ ɔf steɪɪŋ ɔnðə fɛstɪvəl sɜːkɪt ,0
"ðɪs ɪz ɐn ɛkstɹoːɹdɪnɛɹi fɪlm , nɑːt liːst bɪkʌz ɪɾ ɪz dʒæpəniːz ænd jɛt fiːlz juːnɪvɜːsəl ",1
ɡæɡən hɐz θɹoʊn ɛvɹi səspɛnsfəl klɪx ɪnðə bʊk æt ðɪs nɑːnsɛnsɪkəl stoːɹi ,0
djuːsᵻz waɪld ɪz ɐn ɛnsaɪkloʊpiːdiə ʌv kliːʃeɪᵻz ðæt ʃɑːplɪfts ʃeɪmləsli fɹʌm fɛɹwɛl tʊ ɪnəsəns muːvɪz laɪk ðə wɔndɚɹɚz ænd ɐ bɹɑːŋks teɪl wɪðaʊt kɹɪbɪŋ ɛni ʌv ðɛɹ ɪntɛlɪdʒəns ,0
ɪt ɛs stɪl tɛɹᵻbəl ! ,0
ɪt ɛs ɪnðɪ ækʃən siːnz ðæt θɪŋz fɔːl ɐpɑːɹt ,0
"ɪf aɪɚvɛdə kæn hɛlp ʌs ɹᵻtɜːn tʊ ɐ seɪn ɹɛdʒɪmən ʌv iːɾɪŋ , sliːpɪŋ ænd stɹɛs ɹᵻduːsɪŋ kɑːntəmpleɪʃən , ɪɾ ɪz klɪɹli ɐ ɡʊd θɪŋ ",1
wɪl sɜːʔn̩li ɐpiːl tʊ eɪʒən kʌlt sɪnəmə fænz ænd ɐsɪɐfaɪlz ɪntɹɛstᵻd tə siː wʌt ɔːl ðə fʌs ɪz ɐbaʊt ,1
"ðeɪ ɹiː dʒʌst ɐ kʌpəl ʌv kɑːps ɪn kɑːpmuːviːlənd , ðiːz tuː , bʌt ɪn nɑːɹk , ðeɪ faɪnd nuː ɹaʊts θɹuː ɐ fəmɪlɪɹ neɪbɚhʊd ",1
"waɪl duːɾɪfəli pʊlɪŋ ɔn hɑːɹtstɹɪŋz , dᵻɹɛktɚz diːn dɛblwɑː ænd kɹɪs sændɚz væliəntli kiːp pʌntʃɪŋ ʌp ðə mɪks ",1
"deɪvɪs ɪz fʌni , tʃɑːɹmɪŋ ænd kwɜːki ɪn hɜː fiːtʃɚ fɪlm æktɪŋ deɪbjuː æz eɪmi ",1
hɑːɹtwɔːɹmɪŋ ænd dʒɛntli kɑːmɪk iːvən æz ðə fɪlm bɹeɪks jʊɹ hɑːɹt ,1
"ʃɜːfɪɡ , ðə ɹaɪɾɚ dᵻɹɛktɚ , hɐz meɪd ɐ fɪlm soʊ ʌnɐbæʃᵻdli hoʊpfəl ðɐɾɪt æktʃuːəli meɪks ðə hɑːɹt soːɹ ",1
"bæɹi kənvɪnsᵻz ʌs hiː ɛs ɐ deɪndʒɚɹəs , siːkɹᵻtli ʌnhɪndʒd ɡaɪ huː kʊd iːzili hæv kɪld ɐ pɹɛzɪdənt bɪkʌz ɪt meɪd hɪm fiːl paʊɚfəl ",1
ɐn ʌnsəksɛsfəl ɐtɛmpt æɾə muːvi ʌv aɪdiəz ,0
ðɪs stɹɛnjuːəsli ʌnfʌni ʃoʊtaɪm dɪzɜːvz ðə hʊk ,0
"stændz æz wʌn ʌvðə jɪɹ ɛs moʊst ɪntɹiːɡɪŋ muːvi ɛkspiəɹɪənsᵻz , lɛɾɪŋ ɪts ɪmɪdʒɹi spiːk fɔːɹ ɪt waɪl ɪt foːɹsᵻz juː tə pɑːndɚɹ ɐnuː wʌt ɐ muːvi kæn biː ",1
ðɪs stoːɹi ʌv ʌnɹᵻkwaɪɾᵻd lʌv dʌz ɛnt səsteɪn ɪntɹɛst bᵻjɔnd ðə fɜːst hæf aʊɚ ,0
"ɪt ɛs ɐ steɪl , oʊvɚjuːzd kɑːkteɪl juːzɪŋ ðə seɪm ɑːlɪvz sɪns naɪntiːnhʌndɹɪd sɪksti tuː æz ɡɑːɹnɪʃ ",0
"ɪn ɪmæks ɪn ʃɔːɹt , ɪt ɛs dʒʌst æz wʌndɚfəl ɔnðə bɪɡ skɹiːn ",1
"sɛks aɪɹɑːnɪkli hɐz lɪɾəl tə duː wɪððə stoːɹi , wɪtʃ bɪkʌmz sʌmθɪŋ ɐbaʊt haʊ leɪm ɪɾ ɪz tə tɹaɪ ænd ɪveɪd jʊɹ ɹᵻspɑːnsəbɪlᵻɾiz ænd ðæt juː ʃʊd nɛvɚ , ɛvɚ , liːv ɐ lɑːɹdʒ dɑːɡ ɐloʊn wɪð ɐ tɑːdlɚ ",0
aɪ diː wɑːtʃ ðiːz tuː təɡɛðɚɹ ɐɡɛn ɪn ɐ nuː jɔːɹk mɪnɪt ,1
"ɪt ɛs ɐ fɪlm ðæt ɛs dɛstɪnd tə wɪn ɐ waɪd sʌmɚɹ ɔːdiəns θɹuː wɜːd ʌv maʊθ ɹᵻvjuːz ænd , nɑːt fɑːɹ daʊn ðə laɪn , tə faɪnd ɐ pleɪs ɐmʌŋ ðə stuːdɪoʊ ɛs ænɪmeɪɾᵻd klæsɪks ",1
"kəntɪnjuːəli tʃælɪndʒᵻz pɚsɛpʃənz ʌv ɡɪlt ænd ɪnəsəns , ʌv ɡʊd ɡaɪz ænd bæd , ænd æsks ʌs wɛðɚɹ ɐ noʊbəl ɛnd kæn dʒʌstᵻfaɪ iːvəl miːnz ",1
hiː ɛs ɐ bɛɾɚɹ æktɚ ðænə stændʌp kəmiːdiən ,1
"soʊ bjuːɾɪfəli æktᵻd ænd dᵻɹɛktᵻd , ɪt ɛs klɪɹ ðæt wɑːʃɪŋtən moʊst sɜːʔn̩li hɐz ɐ nuː kɚɹɪɹ ɐhɛd ʌv hɪm ɪf hiː soʊ tʃuːzᵻz ",1
"hiː ɛs dʒʌst ɐ sæd ɚɹɪstəkɹæt ɪn tæɾɚd faɪnɚɹi , ænd ðə fɪlm siːmz æz diːfleɪɾᵻd æz hiː dʌz ",0
"ɪnsɑːmniə ɪz wʌn ʌvðə jɪɹ ɛs bɛst fɪlmz ænd pæsiːnoʊ ɡɪvz wʌn ʌv hɪz moʊst dɛɹɪŋ , ænd kɑːmplᵻkeɪɾᵻd , pɚfoːɹmənsᵻz ",1
ɪt ɛs soʊ bædli meɪd ɔn ɛvɹi lɛvəl ðæt aɪ ɛm æktʃuːəli hævɪŋ ɐ hɑːɹd taɪm bᵻliːvɪŋ piːpəl wɜː peɪd tə meɪk ɪt ,0
"waɪl nɑːt kwaɪt ʃɹɛk ɔːɹ mɔnstɚz , ɪŋk , ɪt ɛs nɑːt tuː bæd ",1
ɐ slaɪt bʌt swiːt fɪlm ,1
maɪ oʊnli wɪʃ ɪz ðæt sɛlɪbaɪ kʊd teɪk miː bæk tʊ ɐ taɪm bᵻfoːɹ aɪ sɔː ðɪs muːvi ænd aɪ kʊd dʒʌst skɪp ɪt ,0
"wʌn ʌv ðiːz deɪz hɑːliwʊd wɪl kʌm ʌp wɪð ɐn ɚɹɪdʒɪnəl aɪdiə fɚɹə tiːn muːvi , bʌt ʌntɪl ðɛn ðɛɹ ɛs ɔːlweɪz ðiːz ɹᵻhæʃᵻz tə fiːd tə ðə jʌŋɡɚ dʒɛnɚɹeɪʃənz ",0
"ɐn ɐpɔːlɪŋ eɪs vɛntʊɹɹə ɹɪp ɔf ðæt sʌmhaʊ mænɪdʒᵻz tə bɹɪŋ təɡɛðɚ kɛvɪn pɑːlæk , fɔːɹmɚ ɹɛslɚ tʃiːnə ænd dɑːli pɑːɹtən ",0
"ɐ smɑːɹt , ɑːɹtʃ ænd ɹæðɚ koʊld blʌdᵻd kɑːmədi ",1
ɪt faɪndz noʊ weɪ tʊ ɛntɚteɪn ɔːɹ ɪnspaɪɚɹ ɪts vjuːɚz ,0
"ɐ paʊɚfəl , tʃɪlɪŋ , ænd ɐfɛktɪŋ stʌdi ʌv wʌn mæn ɛs daɪɪŋ fɔːl ",1
"ðə sæɾaɪɚɹ ɪz ʌnfoʊkəst , waɪl ðə stoːɹi ɡoʊz noʊwɛɹ ",0
"ðə sʌn ʌvðə bɹaɪd ɛs hjuːmɚɹ ɪz bɔːɹn aʊɾəv ɐn ɛŋɡeɪdʒɪŋ stoːɹilaɪn , wɪtʃ ɔːlsoʊ ɪz ɛnt ɛmbæɹəst tə meɪk juː ɹiːtʃ fɚðə tɪʃuːz ",1
ɐn ʌniːzi mɪks ʌv ɹʌn ʌvðə mɪl ɹɔːntʃi hjuːmɚ ænd siːmɪŋli sɪnsɪɹ pɜːsənəl ɹᵻflɛkʃən ,0
"ɐn ʌplɪftɪŋ , nɪɹ mæstɚpiːs ",1
ðə fɪlm ɛs hiəɹoʊ ɪz ɐ boːɹ ænd hɪz ɪnəsəns suːn bɪkʌmz ɐ kwɛstʃənəbəl kaɪnd ʌv ɪnɛkskjuːsəbəl dʌm ɪnəsəns ,0
"ʌnlaɪk lɑːts ʌv hɑːliwʊd flʌf , ðɪs hɐz leɪɚd , wɛl dɪvɛləpt kæɹɪktɚz ænd sʌm sɚpɹaɪzᵻz ",1
"ɪn hɪz ɹoʊl ʌv əbzɜːvɚɹ ʌvðə siːn , lɔːɹəns saʊndz waɪni ænd dᵻfɛnsɪv , æz ɪf hɪz laɪf ɔltɚɹɪŋ ɛkspiəɹɪənsᵻz meɪd hɪm bɪɾɚ ænd lɛs mətʃʊɹ ",0
boʊsts aɪ kætʃɪŋ ɑːɹt dᵻɹɛkʃən bʌt hɐz ɐ foːɹsfəli kwɜːki toʊn ðæt kwɪkli wɛɹz aʊt ɪts lɪmɪɾᵻd wɛlkʌm ,0
"piːt ɛs skɹiːnpleɪ mænɪdʒᵻz tə faɪnd ðæt ɹiːəl nætʃɚɹəl , iːvən floʊɪŋ toʊn ðæt fjuː muːvɪz ɑːɹ eɪbəl tʊ ɐkɑːmplɪʃ ",1
ɛksplɔɪɾətɪv ænd lɑːɹdʒli dɪvɔɪd ʌvðə dɛpθ ɔːɹ səfɪstɪkeɪʃən ðæt wʊd meɪk wɑːtʃɪŋ sʌtʃ ɐ ɡɹæfɪk tɹiːtmənt ʌvðə kɹaɪmz bɛɹəbəl ,0
ðə hjuːmɚ ænd hjuːmænᵻɾi ʌv mɔnsuːn wɛdɪŋ ɑːɹ ɪn pɜːfɛkt bæləns ,1
ðə ɡoːɹdʒəsli ᵻlæbɚɹeɪt kəntɪnjuːeɪʃən ʌv ðə lɔːɹd ʌvðə ɹɪŋz tɹɪlədʒi ɪz soʊ hjuːdʒ ðæɾə kɑːlʌm ʌv wɜːdz kæn nɑːt ædɪkwətli dᵻskɹaɪb koʊ ɹaɪɾɚ dᵻɹɛktɚ piːɾɚ dʒæksən ɛs ɛkspændᵻd vɪʒən ʌv dʒeɪ ɑːɹ ɑːɹ tɑːlkiən ɛs mɪdəl ɜːθ ,1
"tə pæɹəfɹeɪz ɐ laɪn fɹʌm ɐnʌðɚ dɪkənz nɑːvəl , nɪkələs nɪklɛbi ɪz tuː mʌtʃ laɪk ɐ fɹæɡmənt əvən ʌndɚdʌn pəteɪɾoʊ ",0
læks dɛpθ ,0
"ɪt ɛs æz ɪf sɑːlɑːndz hæd tuː aɪdiəz fɔːɹ tuː muːvɪz , kʊd ɛnt ɹiəli fɪɡjɚɹ aʊt haʊ tə flɛʃ iːðɚɹ aʊt , soʊ hiː dʒʌst slɑːpt ɛm təɡɛðɚ hɪɹ ",0
"ɪnðɪ ɛnd , tʌk ɛvɚlæstɪŋ fɔːlz vɪktɪm tə ðæt ɛvɚlæstɪŋ kənʌndɹəm ɛkspiəɹɪənst baɪ ɛvɹi hjuːmən huː ɛvɚ lɪvd tuː mʌtʃ tə duː , tuː lɪɾəl taɪm tə duː ɪɾ ɪn ",0
ðɪs slaɪt pɹɛmɪs wɜːks bɪkʌz ʌvðɪ aɪdiəl kæstɪŋ ʌvðə mæstɚfəl bɹɪɾɪʃ æktɚɹ iːən hoʊm æz ðɪ eɪdʒd nɐpoʊlɪən ,1
ɹɛɹli hɐz sɛks ɔn skɹiːn bɪn soʊ ɐɡɹɛsɪvli æntaɪ ɪɹɑːɾɪk ,0
"stɹeɪtfɔːɹwɚd ænd oʊld fæʃənd ɪnðə bɛst pɑːsᵻbəl sɛnsᵻz ʌv boʊθ ðoʊz wɜːdz , pəzɛʃən ɪz ɐ muːvi ðæt pʊts ɪtsɛlf skwɛɹli ɪnðə sɜːvɪs ʌvðə lʌvɚz huː ɪnhæbɪt ɪt ",1
"ðoʊ ðə stoːɹi ɪz hæknid , ðə kæɹɪktɚz hæv ɐ fɹɛʃnəs ænd mɑːdəsti ðæt tɹænsɛndz ðɛɹ pɹɪdɪkəmənt ",1
"ɪt ɛs laɪt ɔnðə tʃɪlz ænd hɛvi ɔnðɪ ætməsfɛɹɪk wɪɹdnəs , ænd ðɛɹɑːɹ moʊmənts ʌv dʒɔː dɹɑːpɪŋli ɑːd bᵻheɪvjɚ jɛt aɪ faʊnd ɪt wɪɹdli ɐpiːlɪŋ ",1
"ðə fɜːst tuːniːʒən fɪlm aɪ hæv ɛvɚ siːn , ænd ɪt ɛs ɔːlsoʊ pɹɑːbəbli ðə moʊst ɡʊd hɑːɹɾᵻd jɛt sɛnʃuːəl ɛntɚteɪnmənt aɪ ɛm laɪkli tə siː ɔːl jɪɹ ",1
"ɛnɪbɑːdi huː ɛndʒɔɪz kwɜːki , fʌn , pɑːpkɔːɹn muːvɪz wɪð ɐ tʌtʃ ʌv sɪlinəs ænd ɐ lɪɾəl blʌdʃɛd ",1
"æz ðə dɑːmɪnənt kɹɪstiːn , sɪlvi tɛstʌd ɪz aɪsili bɹɪliənt ",1
ðə meɪkɚz ʌv mɑːθmən pɹɑːfəsiz səksiːd ɪn pɹəduːsɪŋ ðæt moʊst fɹaɪʔn̩ɪŋ ʌv ɔːl muːvɪz ɐ miːdɪoʊkɚ hɔɹɚ fɪlm tuː bæd təbi ɡʊd ænd tuː ɡʊd təbi bæd ,0
ɛlɑːɹbiː ɐ ɑːɹɹɑːɹbiː dɛvᵻsteɪɾɪŋli paʊɚfəl ænd ɐstɑːnɪʃɪŋli vɪvɪd hɑːləkɔːst dɹɑːmə ,1
dɑːɡtaʊn ziː bɔɪz ɪvoʊks ðə blaɪð ɹɛbəl fæntəsi wɪððə kaɪnd ʌv ɪnsuːsiəns ɛmbɛdᵻd ɪnðə sɛksi dᵻmaɪz ʌv dʒeɪmz diːn ,1
"ɪt wɜːks wɛl ɪnʌf , sɪns ðə θɹɪlz pɑːp ʌp fɹiːkwəntli , ænd ðə dɪspætʃɪŋ ʌvðə kæst ɪz æz ɔfən ɪmædʒɪnətɪv æzɪtɪz ɡoːɹi ",1
"ɛlɑːɹbiː heɪɛk ɑːɹɹɑːɹbiː θɹoʊz hɜːsɛlf ɪntʊ ðɪs dɹiːm hɪspænɪk ɹoʊl wɪð ɐ tiːθ klɛntʃɪŋ ɡʌstoʊ , ʃiː stɹaɪks ɐ poʊtənt kɛmɪstɹi wɪð məliːnə ænd ʃiː ɡɹædʒuːəli meɪks ʌs bᵻliːv ʃiː ɪz kɑːloʊ ",1
ðə fɪlm ɛs niːdləsli oʊpeɪk ɪntɹoʊ teɪks ɪts doʊ aɪd kɹuːdʌp aʊɾəv pɹiː naɪn ɪlɛvən nuː jɔːɹk ænd ɑːntʊ ɐ kɹɔs kʌntɹi ɹoʊd tɹɪp ʌvðə hoʊmɛɹɪk kaɪnd ,0
ðə bɪɡɪst pɹɑːbləm wɪð sætɪn ɹuːʒ ɪz lɪliə hɜːsɛlf ,0
ðə θɔːt ʌv wɑːtʃɪŋ ðɪs fɪlm wɪð ɐn ɔːdiəns fʊl ʌv tiːneɪdʒɚz fɪkseɪɾɪŋ ɔn ɪts bɑːdi hjuːmɚ ænd ɹiːɪnfoːɹsmənt ʌv stɛɹɪoʊtaɪps ɛlɑːɹbiː ʌvwɪtʃ ðeɪ ɛlɛl ɡɛt plɛnti ɑːɹɹɑːɹbiː fɪlz miː wɪð ɹᵻvʌlʃən ,0
kæptᵻveɪts ænd ʃoʊz haʊ ɐ skɪlfəl fɪlmeɪkɚ kæn ɪmpɑːɹt ɐ mɛsɪdʒ wɪðaʊt blʌdʒənɪŋ ðɪ ɔːdiəns oʊvɚ ðə hɛd ,1
dʒæɡləm ɔfɚz ðə nʌn tuː ɚɹɪdʒɪnəl pɹɛmɪs ðæt ɛvɹɪwʌn ɪnvɑːlvd wɪð muːvɪmeɪkɪŋ ɪz ɐ kɑːn ɑːɹɾɪst ænd ɐ laɪɚ ,0
"kəntɹaɪvd , mɔːdlɪn ænd kliːʃeɪ ɹɪdən ɪf ðɪs sæpi skɹɪpt wʌzðə bɛst ðə kɑːntɛst ɹᵻsiːvd , ðoʊz ɹᵻdʒɛktᵻd mʌstɐv bɪn ɐstɹənɑːmɪkli bæd ",0
wʌn sʌspɛkts ðæt kɹeɪvən ɛndoːɹsᵻz ðeɪ sɪmpli bɪkʌz ðɪs muːvi meɪks hɪz oʊn lʊk mʌtʃ bɛɾɚ baɪ kəmpæɹɪsən ,0
"ðə fɪlm ɛs faɪnəl aʊɚ , wɛɹ nɪɹli ɔːl ðə pɹiːviəs ʌnsiːn mətɪɹiəl ɹᵻsaɪdz , ɪz ʌŋkənvɪnsɪŋ soʊp ɑːpɚɹə ðæt toːɹnæɾɚ wʌz ɹaɪt tə kʌt ",0
"laɪk ɪts bᵻzɑːɹ hɛɹoʊɪn , ɪɾ ɪɹᵻɡeɪts aʊɚ soʊlz ",1
sævi dᵻɹɛktɚ ɹɑːbɚt dʒeɪ siːdʒəl ænd hɪz koʊ ɹaɪɾɚz kiːp ðə stoːɹi sʌɾəl ænd ʌs ɪn səspɛns ,1
pʊts ɔn ɛɹz əvə hæl hɑːɹtli wɑːnɐbiː fɪlm wɪðaʊt ðə vaɪɾəl kɑːmɪk ɪŋɡɹiːdiənt ʌvðə hɪlɛɹiəs ɹaɪɾɚ dᵻɹɛktɚ hɪmsɛlf ,0
"ðɪ ɐpiːl ʌvðə vʌlɡɚ , sɛksɪst , ɹeɪsɪst hjuːmɚ wɛnt oʊvɚ maɪ hɛd ɔːɹ kənsɪdɚɹɪŋ dʒʌst haʊ loʊ bɹaʊ ɪɾ ɪz pɚhæps ɪt snʌk ʌndɚ maɪ fiːt ",0
hɐz ðə dɪsdʒɔɪntᵻd fiːl əvə bʌntʃ ʌv stɹʌŋ təɡɛðɚ tiːviː ɛpɪsoʊdz ,0
"waɪl bɹuːmfiːld ɛs fɪlm dʌz ɛnt kæptʃɚ ðɪ ɪfɛkt ʌv ðiːz tɹædʒɪk dɛθs ɔn hɪp hɑːp kʌltʃɚ , ɪt səksiːdz æz ɐ paʊɚfəl lʊk æɾə feɪlɪɹ ʌv aʊɚ dʒʌstɪs sɪstəm ",1
kəmpliːtli kɹiːeɪɾɪvli stɪlbɔːɹn ænd ɛksᵻkjuːɾᵻd ɪn ɐ mænɚ ðæt aɪ ɛm nɑːt ʃʊɹ kʊd biː ɐ sɪŋɡəl aɪoʊɾə wɜːs ɐ soʊlləs hʌŋk ʌv ɛksplɔɪɾətɪv ɡɑːɹbɪdʒ ,0
"ɐ vɪvɪd , θɔːtfəl , ʌnɐpɑːlədʒɛɾɪkli ɹɔː kʌmɪŋ ʌv eɪdʒ teɪl fʊl ʌv sɛks , dɹʌɡz ænd ɹɑːk ɛn ɹoʊl ",1
ɐ tɹiːt fɔːɹ ɪts dᵻpɪkʃən ɔn nɑːt ɡɪvɪŋ ʌp ɔn dɹiːmz wɛn juː ɹiː ɐ stɹʌɡlɪŋ noʊbɑːdi ,1
ɪt ɛs fɪɾɪŋ ðæɾə muːvi æz ɑːɹɾɪfɪʃəl ænd soʊlləs æz ðə kʌntɹi bɛɹz oʊz ɪts dʒɛnᵻsɪs tʊ ɐn ænɪmɐtɹɑːnɪk dɪspleɪ æt dɪsnɪlænd ,0
wiː duː ɛnt ɡɛt peɪd ɪnʌf tə sɪt θɹuː kɹæp laɪk ðɪs ,0
fiːlz laɪk ɐ koʊld oʊld mæn ɡoʊɪŋ θɹuː ðə moʊʃənz ,0
"boʊθ ɐn ædmᵻɹəbəl ɹiːkənstɹʌkʃən ʌv tɛɹᵻbəl ᵻvɛnts , ænd ɐ fɪɾɪŋ məmoːɹɪəl tə ðə dɛd ʌv ðæt deɪ , ænd ʌvðə θaʊzəndz ðɛɹæftɚ ",1
bɹævɑːdoʊ kæθi ! ,1
ɛɡzɛkɹəbəl ,0
ɛlɑːɹbiː siːɡəl ɛs ɑːɹɹɑːɹbiː stɹɛnjuːəs ɐtɛmpt æɾə tʃeɪndʒ ɪn ɛkspɹɛʃən kʊd vɛɹi wɛl klɪntʃ hɪm ðɪs jɪɹ ɛs ɹæzi ,0
θʌɹoʊli ɔːfəl ,0
ðə pɹədʌkʃən væljuːz ɑːɹ ʌvðə haɪɪst ænd ðə pɚfoːɹmənsᵻz ɐtɹæktɪv wɪðaʊt biːɪŋ mɛmɚɹəbəl ,1
stɑːɹts æz ɐ tɑːɹt lɪɾəl lɛmən dɹɑːp əvə muːvi ænd ɛndz ʌp æz ɐ bɪɾɚ pɪl ,0
"dᵻspaɪt bɛsən ɛs haɪ pɹoʊfaɪl neɪm biːɪŋ wɐsɑːbi ɛs bɪɡ sɛlɪŋ pɔɪnt , ðɛɹ ɪz noʊ daʊt ðæt kɹɔːkzɪk dɪzɜːvz ɐ hjuːdʒ ɐmaʊnt ʌvðə kɹɛdɪt fɚðə fɪlm ɛs θʌɹoʊli wɪnɪŋ toʊn ",1
"ɔfən lɪŋɡɚz dʒʌst æz lɔŋ ɔnðɪ ɪɹɛlᵻvənt æz ɔnðɪ ɛŋɡeɪdʒɪŋ , wɪtʃ ɡɹædʒuːəli tɜːnz wʌt taɪm ɪz ɪt ðɛɹ ? ",0
"ɐ sɛnsᵻtɪv , muːvɪŋ , bɹɪliəntli kənstɹʌktᵻd wɜːk ",1
"nɑːt ɛɡzædʒɚɹeɪɾᵻd ɪnʌf təbi ɐ pæɹədi ʌv ɡɹoʊs aʊt flɪks , kɑːlɪdʒ flɪks , ɔːɹ iːvən flɪks ɪn dʒɛnɚɹəl ",0
ɐ haɪ maɪndᵻd snuːzɚ ,0
bɹɪŋ ɔnðə siːkwəl ,1
"dʒʌdʒɪŋ baɪ ðoʊz stændɚdz , skɹætʃ ɪz ɐ pɹɪɾi diːsənt lɪɾəl dɑːkjuːmɛntɚɹi ",1
ɐ muːvi laɪk ðə ɡaɪz ɪz waɪ fɪlm kɹɪɾɪsɪzəm kæn biː kənsɪdɚd wɜːk ,0
"piːsiː stəbɪlᵻɾi nɑːtwɪðstændɪŋ , ðə fɪlm sʌfɚz fɹʌm ɐ sɪmplɪstɪk næɹətɪv ænd ɐ pæt , fɛɹi teɪl kəŋkluːʒən ",0
"ɐn ɔfən wɑːtʃəbəl , ðoʊ ɡuːfi ænd lʊɹɹɪd , blæst əvə kɔstuːm dɹɑːmə sɛt ɪnðə leɪt fɪftiːnθ sɛntʃɚɹi ",1
tʃɛk jʊɹ bɹeɪn ænd jʊɹ siːkɹᵻt eɪdʒənt dᵻkoʊdɚ ɹɪŋ æt ðə doːɹ bɪkʌz juː duː ɛnt wɔnt tə θɪŋk tuː mʌtʃ ɐbaʊt wʌt ɛs ɡoʊɪŋ ɔn ,0
ɐ sɪɹiəkɑːmɪk deɪbjuː ʌv ɛkstɹævəɡənt pɹɑːmɪs baɪ dʒɔːɹdʒən ɪzɹeɪli dᵻɹɛktɚ doʊvɚ kɑːsɐʃvɪli ,1
æz sækɚɹɪn æzɪtɪz dɪspoʊzəbəl ,0
"ðə fɪlm bɪkʌmz ɐn oʊvɚwɛlmɪŋ plɛʒɚ , ænd juː faɪnd joːɹsɛlf ɹuːɾɪŋ fɔːɹ ɡaɪ ɛs kæɹɪktɚ tʊ ɐvɔɪd ðə feɪt ðæt hɐz bᵻfɔːlən ɛvɹi ʌðɚ kɑːɹmɛn bᵻfoːɹ hɜː ",1
mæɾɚz pleɪ aʊt ɹiːəlɪstɪkli ɪf nɑːt ɔːlweɪz fɛɹli ,1
æz laɪvli ɐn ɐkaʊnt æz seɪnfɛld ɪz dɛdpæn ,0
"ɪt meɪ nɑːt biː ɐ ɡɹeɪt piːs ʌv fɪlmeɪkɪŋ , bʌt ɪts paʊɚ kʌmz fɹʌm ɪts soʊl ɛs aɪ vjuː ʌv haʊ wɛl miːnɪŋ pætɹənaɪzɪŋ mæskt ɐ soʊʃəl ɪndʒʌstɪs , æt liːst æz ɹɛpɹᵻzɛntᵻd baɪ ðɪs keɪs ",1
ðɪ oʊnli θɪŋ ðæt dɪstɪŋɡwɪʃᵻz ɐ ɹændɔːl wɑːlɪs fɪlm fɹʌm ɛni ʌðɚɹ ɪz ðə fækt ðæt ðɛɹ ɪz nʌθɪŋ dɪstɪŋɡwɪʃɪŋ ɪn ɐ ɹændɔːl wɑːlɪs fɪlm ,0
"kənteɪnz ɔːl ðə sʌbstəns əvə twɪŋki iːzi tə swɔloʊ , bʌt skɛɹsli nɜːɹɪʃɪŋ ",0
kɹɛmæstɚ θɹiː ɪz ɐtwʌns ɐ tʌf pɪl tə swɔloʊ ænd ɐ maɪnɚ mɪɹəkəl ʌv sɛlf ɛkspɹɛʃən ,1
"vɜː wiːl ɛs dɛspɚɹət ɐtɛmpt æt wɪt ɪz lɔst , liːvɪŋ ðə kæɹɪktɚɹ ʌv kɹɪɾɪkəl dʒɪm tuː dᵻmɛnʃənəl ænd pɔɪntləs ",0
"ɪnstɛd ʌv hɪɾɪŋ ðɪ ɔːdiəns oʊvɚ ðə hɛd wɪð ɐ mɔːɹəl , ʃɹeɪdɚ ɹᵻlaɪz ɔn sʌɾəl aɪɹəniz ænd vɪʒuːəl dɪvaɪsᵻz tə kənveɪ pɔɪnt ʌv vjuː ",1
ɐ səsteɪnd fɛst ʌv sɛlf kəŋɡɹætʃʊleɪʃən bᵻtwiːn æktɚ ænd dᵻɹɛktɚ ðæt liːvz skænt pleɪs fɚðə vjuːɚ ,0
ɐ leɪm ɹoʊmæntɪk kɑːmədi ɐbaʊt ɐn ʌnsɪmpəθɛɾɪk kæɹɪktɚ ænd sʌmwʌn huː wʊd nɑːt laɪkli biː soʊ stuːpɪd æz tə ɡɛt ɪnvɑːlvd wɪð hɜː ,0
"ɐ mʌtʃ moːɹ səksɛsfəl tɹænsleɪʃən ðɐn ɪts moʊst feɪməs pɹiːviəs fɪlm ædæpteɪʃən , ɹaɪɾɚ dᵻɹɛktɚɹ ænθəni fɹiːdmən ɛs sɪmɪlɚli ʌpdeɪɾᵻd naɪntiːnhʌndɹɪd sɛvənti bɹɪɾɪʃ pɹədʌkʃən ",1
hjuː ɡɹænt ɛs ækt ɪz soʊ kənsuːmɪŋ ðæt sʌmtaɪmz ɪt ɛs dɪfɪkəlt tə tɛl huː ðɪ ʌðɚɹ æktɚz ɪnðə muːvi ɑːɹ ,1
mɛndz stɪl dʌz ɛnt kwaɪt noʊ haʊ tə fɪl ɐ fɹeɪm ,0
bʌt dɑːɹnd ɪf ɪt dʌz ɛnt ɔːlsoʊ kiːp ʌs ɹɪvɪɾᵻd tʊ aʊɚ siːts ,1
sʌtʃ ɐn ɪŋkɑːmpɹihɛnsᵻbəl mɛs ðɐɾɪt fiːlz lɛs laɪk bæd sɪnəmə ðɐn laɪk biːɪŋ stʌk ɪn ɐ dɑːɹk pɪt hævɪŋ ɐ naɪtmɛɹ ɐbaʊt bæd sɪnəmə ,0
"ðɛɹ ɛs tuː mʌtʃ foːɹst dɹɑːmə ɪn ðɪs waɪldli ʌniːvən muːvi , ɐbaʊt ɐ jʌŋ mæn ɛs bæɾəl wɪð hɪz ɪnɛskeɪpəbəl pæst ænd ʌnsɜːʔn̩ fjuːtʃɚɹ ɪn ɐ vɛɹi ʃeɪpəbəl bʌt lɑːɹdʒli ʌnfʊlfɪlɪŋ pɹɛzənt ",0
tə kɔːl ðɪs fɪlm ɐ lʌmp ʌv koʊl wʊd oʊnli biː tə flæɾɚɹ ɪt ,0
ɔːl ʌvðə fɪlmeɪkɚz kælkjʊleɪʃənz kɑː ɛnt ɹɛskjuː bɹaʊn ʃʊɡɚ fɹʌmðə kɜːs ʌv blændnəs ,0
ɪntɹiːɡɪŋ ænd staɪlɪʃ ,1
"ɐ fjuː nɑːnbᵻliːvɚz meɪ ɹᵻθɪŋk ðɛɹ æɾɪtuːdz wɛn ðeɪ siː ðə dʒɔɪ ðə kæɹɪktɚz teɪk ɪn ðɪs kɹiːd , bʌt skɛptɪks ɑːɹ ɛnt laɪkli tʊ ɛntɚ ðə θiəɾɚ ",1
"moʊstli , ʃeɪfɚɹ ænd koʊ ɹaɪɾɚ ɡɹɛɡɚɹi hɪntən læk ɐ stɹɔŋ maɪndᵻd vjuːpɔɪnt , ɔːɹ ɐ sɛns ʌv hjuːmɚ ",0
"ɪt ʃʊd biː ɪntɹɛstɪŋ , ɪt ʃʊd biː pɔɪnjənt , ɪt tɜːnz aʊt təbi ɐfɛktᵻd ænd boːɹɪŋ ",0
"wɛn ɪt ɛs nɑːt wɔloʊɪŋ ɪn hoːɹmoʊnəl mɛlədɹɑːmə , ɹiːəl wɪmɪn hæv kɜːvz ɪz ɐ swiːt , ɑːnɪst , ænd ɛndʒɔɪəbəl kɑːmədi dɹɑːmə ɐbaʊt ɐ jʌŋ wʊmən huː wɔnts mɛni θɪŋz ɪn laɪf , bʌt fɪɹz ʃiː ɛlɛl bɪkʌm hɜː mʌðɚ bᵻfoːɹ ʃiː ɡɛts tə fʊlfɪl hɜː dɹiːmz ",1
"koʊld , nɜːvi ænd mɛmɚɹəbəl ",1
fɜːst taɪmɚ dʒɑːn məkeɪ ɪz nɛvɚɹ eɪbəl tə pʊl ɪt bæk ɔn koːɹs ,0
juː kæn pɹæktɪkli hɪɹ dʒɔːɹdʒ ɔːɹwɛl tɜːnɪŋ oʊvɚ ,0
"hɛlmɚ hʌdlɪn tɹaɪz tə meɪk ɐ hɪp kɑːmədi , bʌt hɪz dᵻpɛndəns ɔn slæpstɪk dᵻfiːts ðə pɑːsəbɪlᵻɾi ʌv kɹiːeɪɾɪŋ ɐ moːɹ dɑːɹkli ɛdʒd toʊm ",0
"pæʃən , mɛlədɹɑːmə , sɑːɹoʊ , lɔːɡðɚ , ænd tɪɹz kɐskeɪd oʊvɚ ðə skɹiːn ɛfɚtləsli ",1
ɛɹɪk ʃweɪɡ ænd ɡɹeɪəm ɡɹiːn boʊθ ɛɡzjuːd ɐn ɛɹ ʌv dɪɡnᵻɾi ðæt ɛs pɜːfɛkt fɚðə pɹaʊd wɔːɹɪɚ ðæt stɪl lɪŋɡɚz ɪnðə soʊlz ʌv ðiːz kæɹɪktɚz ,1
"wʌt dʒæksən hɐz dʌn ɪz pɹuːvən ðæt noʊ ɐmaʊnt ʌv ɪmædʒᵻneɪʃən , noʊ kɹiːtʃɚ , noʊ fæntəsi stoːɹi ænd noʊ ɪŋkɹɛdɪbli aʊtlændɪʃ siːnɚɹi ",0
ðɛɹ ɪz ɛnt wʌn moʊmənt ɪnðə fɪlm ðæt sɚpɹaɪzᵻz ɔːɹ dᵻlaɪts ,0
spaɪdɚmən ɹɑːks ,1
"ðə plɑːt ɪz plæstɚd wɪð wʌn hɑːliwʊd kliːʃeɪ æftɚɹ ɐnʌðɚ , moʊst əv wɪtʃ ɪnvɑːlv pɹɪkoʊʃəs kɪdz ɡɛɾɪŋ ðə bɛɾɚɹ ʌv ɑːbnɑːkʃəs ɐdʌlts ",0
"ɐstɑːnɪʃɪŋ ɪz ɛnt ðə wɜːd niːðɚɹ ɪz ɪŋkɑːmpɪtənt , ɪŋkoʊhɪɹənt ɔːɹ dʒʌst pleɪn kɹæp ",0
"juː maɪt wɔnt tə teɪk ɐ ɹɪælᵻɾi tʃɛk bᵻfoːɹ juː peɪ ðə fʊl tɪkɪt pɹaɪs tə siː sɪmoʊn , ænd kənsɪdɚɹ ɐ diːviːdiː ɹɛntəl ɪnstɛd ",0
"ʌnfɔːɹtʃənətli , ɐ kæst ʌv kɑːmpɪtənt pɚfoːɹmɚz fɹʌm muːvɪz , tɛlᵻvɪʒən ænd ðə θiəɾɚɹ ɑːɹ kæst ɐdɹɪft ɪn vɛɹiəs nuː jɔːɹk sɪɾi loʊkeɪʃənz wɪð noʊ juːnɪfaɪɪŋ ɹɪðəm ɔːɹ vɪʒuːəl staɪl ",0
"kɪdz faɪv ænd ʌp wɪl biː dᵻlaɪɾᵻd wɪððə fæst , fʌni , ænd iːvən tʌtʃɪŋ stoːɹi ",1
"stɪl , ðɪ ʌpdeɪɾᵻd dɪkɛnsiən sɛnsəbɪlᵻɾi ʌv ɹaɪɾɚ kɹeɪɡ bɑːɹtlɪt ɛs stoːɹi ɪz ɐpiːlɪŋ ",1
weɪdaʊntaʊn mænɪdʒᵻz tə neɪl ðə spɪɹɪt kɹʌʃɪŋ ɛnuːi ʌv dᵻnuːdᵻd ɜːbən lɪvɪŋ wɪðaʊt ɡɪvɪŋ ɪn tʊ ɪt ,1
hiː wɑːtʃᵻz ðɛm æz ðeɪ floʊt wɪðɪn ðə siːz ʌv ðɛɹ pɜːsənælᵻɾiz ,1
"hɑːɹd æz ðɪs meɪ biː tə bᵻliːv , hɪɹ ɔn ɜːθ , ɐ sɚpɹaɪzɪŋli sɪmɪlɚ tiːn dɹɑːmə , wʌzɐ bɛɾɚ fɪlm ",0
ɪt ɛs ɐ fʌni lɪɾəl muːvi wɪð klɛvɚ daɪəlɑːɡ ænd laɪkəbəl kæɹɪktɚz ,1
"ðɪs tʃɑːɹmɪŋ , θɔːt pɹəvoʊkɪŋ nuː jɔːɹk fɛst ʌv laɪf ænd lʌv hɐz ɪts ɹᵻwɔːɹdz ",1
ɐ fʊl fɹʌntəl ɐtæk ɔn ɔːdiəns peɪʃəns ,0
"lɛs ɐ stoːɹi ðænən ɪnɛksplɪkəbəl naɪtmɛɹ , ɹaɪt daʊn tə ðə pɑːpjʊleɪʃən ɛs ʃɹʌɡɪŋ ɐksɛptəns tʊ iːtʃ nuː hɔɹɚ ",0
ðɪs lɔŋ ænd ɹɪlɛntləsli sækɚɹɪn fɪlm ɪz ɐ klɪɹ keɪs ʌv pɹiːtʃɪŋ tə ðə kənvɜːɾᵻd ,0
"ðə fɪlm ɪz oʊld fæʃənd , əkeɪʒənəli tʃɑːɹmɪŋ ænd æz sʌɾəl æz boʊldfeɪs ",1
ɐn ɛntɚteɪnɪŋ mɪks ʌv piəɹɪəd dɹɑːmə ænd flæt aʊt fɑːɹs ðæt ʃʊd pliːz hɪstɚɹi fænz ,1
"ɐ vɛɹi wɛl miːnɪŋ muːvi , ænd ɪt wɪl stænd ɪn fjuːtʃɚ jɪɹz æz ɐn ɛləkwənt məmoːɹɪəl tə ðə wɜːld tɹeɪd sɛntɚ tɹædʒədi ",1
"ɪt ɛs pɹɪɾi lɪnɪɹ ænd oʊnli meɪkʌp diːp , bʌt bɑːɡdɐnoʊvɪtʃ taɪz ɪt təɡɛðɚ wɪð ɪfɪʃənsi ænd ɐn ɐfɛkʃən fɚðə piəɹɪəd ",1
ædæpteɪʃən ɪz sɪmpli bɹɪliənt ,1
ɐ θɔːt pɹəvoʊkɪŋ pɪktʃɚ ,1
"bʌt ɚɹaɪvɪŋ æɾə pɚtɪkjʊlɚli dɑːɹk moʊmənt ɪn hɪstɚɹi , ɪɾ ɔfɚz flɪkɚɹɪŋ ɹᵻmaɪndɚz ʌvðə taɪz ðæt baɪnd ʌs ",1
dᵻɹɛktɚ tʃɑːɹlz stoʊn ɹoʊmən θɹiː ɐplaɪz moːɹ diːteɪl tə ðə fɪlm ɛs mjuːzɪk ðɐn tə ðə stoːɹi laɪn wʌt ɛs bɛst ɐbaʊt dɹʌmlaɪn ɪz ɪts ɛnɚdʒi ,1
"pɹɛzənts nʌθɪŋ spɛʃəl ænd , ʌntɪl ðə faɪnəl ækt , nʌθɪŋ oʊvɜːtli dɪsɐɡɹiːəbəl ",0
tɜːtɜːɹoʊ ɪz fæbjʊləsli fʌni ænd oʊvɚ ðə tɑːp æz ɐ vɛɹi sniːki bʌtlɚ huː ɛksɛlz ɪnðɪ ɑːɹt ʌv ɪmpɑːsᵻbəl dɪsɐpɪɹɪŋ ɹiːɐpɪɹɪŋ ækts ,1
"dᵻɹɛktɚ juː siːmz fɑːɹmoːɹ ɪntɹɛstᵻd ɪn ɡɹoʊs aʊt hjuːmɚ ðɐn ɪn ʃoʊɪŋ ʌs wɛl θɔːt stʌnts ɔːɹ ɐ kɑːɹ tʃeɪs ðæt wiː hæv ɛnt siːn tɛn,ziəɹoʊziəɹoʊ ziəɹoʊ taɪmz ",0
"ævɹɪdʒ , æt bɛst , aɪ ɛm ɐfɹeɪd ",0
ðɪs ɪz ɐ suːpiəɹɪɚ hɔɹɚ flɪk ,1
ðə kæst dᵻlɪvɚz wɪðaʊt ʃæm ðə ɹɔː nɜːvd stoːɹi ,1
"ɔːl ɪn ɔːl , ɪt ɛs ɐ pɹɪɾi ɡʊd ɛksɪkjuːʃən əvə stoːɹi ðæt ɛs ɐ lɑːt ɹɪtʃɚ ðɐn ðə wʌnz hɑːliwʊd ækʃən skɹiːnɹaɪɾɚz juːʒuːəli kʌm ʌp wɪð ɔn ðɛɹ oʊn ",1
"ɪt ɛs ɡɑːt ɔːl ðə fəmɪlɪɹ bɹʌkheɪmɚɹ ɛlɪmənts , ænd ʃuːmɑːkɚ dʌz pɹɑːbəbli æz ɡʊd ɐ dʒɑːb æz ɛnɪwʌn æt bɹɪŋɪŋ ɔf ðə hɑːpkɪnz ɹɑːk kəlɪʒən ʌv æktɪŋ staɪlz ænd ɑːnskɹiːn pɜːsoʊnəz ",1
aɪ fɛlt tɹæpt ænd wɪð noʊ ɑːbviəs ɛskeɪp fɚðɪ ɛntaɪɚ wʌnhʌndɹɪd mɪnɪts ,0
"ɔːlðoʊ aɪ dɪd ɛnt heɪt ðɪswʌn , ɪt ɛs nɑːt vɛɹi ɡʊd iːðɚ ",0
kæteɪnɪoʊ ɹᵻwɜːks ðə fɔːɹmjʊlə ðæt meɪd ðə fʊl mɔnti ɐ smæʃɪŋ səksɛs bʌt nᵻɡlɛkts tʊ æd ðə mædʒɪk ðæt meɪd ɪɾ ɔːl wɜːk ,0
ɐ muːvɪŋ ænd nɑːt ɪnfɹiːkwəntli bɹɛθteɪkɪŋ fɪlm ,1
waɪl ðə plɑːt fɑːloʊz ɐ pɹɪdɪktəbəl kənɛkt ðə dɑːts koːɹs dᵻɹɛktɚ dʒɑːn ʃʌlts kʌlɚz ðə pɪktʃɚɹ ɪn sʌm ɪvɑːkətɪv ʃeɪdz ,1
"ɐniːmɪk , pɹɪtɛnʃəs ",0
"wɪð fjuː ɹɛspɪts , mɑːɹʃəl kiːps ðɪ ɛnɚdʒi hʌmɪŋ , ænd hɪz ɛdɪts , ʌnlaɪk ðoʊz ɪn muːlɪn ɹuːʒ , ɑːɹ kɹɪsp ænd pɜːpəsfəl wɪðaʊt oʊvɚduːɪŋ ɪt ",1
"laɪt jɪɹz ɐhɛd ʌv peɪnt baɪ nʌmbɚɹ ɐmɛɹɪkən blɑːkbʌstɚz laɪk pɜːl hɑːɹbɚ , æt liːst ɑːɹtɪstɪkli ",1
wʌn ʌv ðoʊz ʌnɐsuːmɪŋ fɪlmz ðæt sniːks ʌp ɔn juː ænd steɪz wɪð juː lɔŋ æftɚ juː hæv lɛft ðə θiəɾɚ ,1
"ɔːl ʌv ɪt wɜːks smuːðli ʌndɚ ðə dᵻɹɛkʃən ʌv spiːlbɜːɡ , huː dʌz ɐ kənvɪnsɪŋ ɪmpɜːsəneɪʃən hɪɹ əvə dᵻɹɛktɚɹ ɛndʒɔɪɪŋ hɪmsɛlf ɪmɛnsli ",1
ɐ wɜːk ðæt læks boʊθ ɐ pɜːpəs ænd ɐ stɹɔŋ pʌls ,0
"ɐ muːvɪŋ , ɪf ʌniːvən , səksɛs ",1
ɪt ɛs wʌn θɪŋ tə ɹiːd ɐbaʊt ɔːɹ ɹeɪl ɐɡɛnst ðɪ ɑːŋɡoʊɪŋ ænd ʌnpɹɛsᵻdəntᵻd kənstɹʌkʃən pɹɑːdʒɛkt ɡoʊɪŋ ɔn oʊvɚɹ aʊɚ hɛdz ,0
ɛlɑːɹbiː ɐ ɑːɹɹɑːɹbiː ɹiːəl plɛʒɚɹ ɪn ɪts leɪd bæk weɪ ,1
"fiːlz laɪk piːsᵻz ɐ bʌntʃ ʌv ʌðɚ , bɛɾɚ muːvɪz slæpt təɡɛðɚ ",0
"hɐz ɔːl ðə hɔːlmɑːɹks əvə muːvi dɪzaɪnd stɹɪktli fɔːɹ tʃɪldɹən ɛs hoʊm vɪdɪoʊ , ɐ mɑːɹkɪt soʊ ɪnseɪʃɪəbəl ɪɾ ɐbsoːɹbz ɔːl mænɚɹ ʌv leɪm ɛntɚteɪnmənt , æz lɔŋ æz θɹiː jɪɹ oʊldz faɪnd ɪt daɪvɜːɾɪŋ ",0
tuː kəntɹaɪvd təbi æz nætʃɚɹəli tʃɑːɹmɪŋ æz ɪt niːdz tə biː ,0
"ɪn noʊ weɪ ɚɹɪdʒɪnəl , ɔːɹ iːvən ɔːl ðæt mɛmɚɹəbəl , bʌt æz daʊntaʊn sæɾɚdeɪ mætəneɪ bɹeɪn kændi , ɪt dʌz ɛnt dɪsɐpɔɪnt ",1
ðə fɪfti sʌmθɪŋ lʌvbɜːdz ɑːɹ tuː ɪmətʃʊɹ ænd ʌnɐpiːlɪŋ tə kɛɹ ɐbaʊt ,0
"æftɚɹ ɐ waɪl , ðɪ oʊnli weɪ fɚɹɚ ɹiːzənəbli ɪntɛlɪdʒənt pɜːsən tə ɡɛt θɹuː ðə kʌntɹi bɛɹz ɪz tə pɑːndɚ haʊ ɐ hoʊl sɛɡmənt ʌv pɑːp mjuːzɪk hɪstɚɹi hɐzbɪn ɐlaʊd tə ɡɛt wɛt , fʌzi ænd stɪki ",0
"ɐ lɑːt ʌv fʌn , wɪð ɐn ʌndɪnaɪəbəl ɛnɚdʒi spɑːɹkt baɪ tuː æktɹəsᵻz ɪn ðɛɹ fɪfti z wɜːkɪŋ æt ðə piːk ʌv ðɛɹ paʊɚz ",1
"ɐ bɹɛθteɪkɪŋ ɐdvɛntʃɚ fɔːɹ ɔːl eɪdʒᵻz , spɪɹɪt tɛlz ɪts pɔɪnjənt ænd ʌplɪftɪŋ stoːɹi ɪn ɐ stʌnɪŋ fjuːʒən ʌv mjuːzɪk ænd ɪmɪdʒᵻz ",1
"ðɪs ɪz ɐ naɪsli hændəld ɐfɛɹ , ɐ fɪlm ɐbaʊt hjuːmən dɑːɹknəs bʌt ɛtʃt wɪð ɐ laɪt ɛlɑːɹbiː jɛt ʌnsɛntɪmɛntəl ɑːɹɹɑːɹbiː tʌtʃ ",1
ɐ blænd ænɪmeɪɾᵻd siːkwəl ðæt hɑːɹdli siːmz wɜːθ ðɪ ɛfɚt ,0
"ʌnspiːkəbəl , ʌv koːɹs , bɛɹli bɪɡɪnz tə dᵻskɹaɪb ðə plɑːt ænd ɪts kɑːmplɪkeɪʃənz ",0
ɐ lɪmp ɛdi mɜːfi viəkəl ðæt iːvən hiː siːmz ɛmbæɹəst təbi pɑːɹt ʌv ,0
ðə fɪlm spɑːɹkəlz wɪððə ðə wɪzdəm ænd hjuːmɚɹ ʌv ɪts sʌbdʒɛkts ,1
"ðoʊ ɐ keɪpəbəl θɹɪlɚ , sʌmwɛɹ ɐlɔŋ ðə weɪ keɪ naɪntiːn dʒɛɾɪsənd sʌm kɹuːʃəl dɹɑːmə ",0
"ɪt ɛs wɜːθ ðɪ ɛkstɹə ɛfɚt tə siː ɐn ɑːɹɾɪst , stɪl kəmɪɾᵻd tə ɡɹoʊθ ɪn hɪz naɪnθ dɛkeɪd , tʃeɪndʒ waɪl ɹᵻmeɪnɪŋ tɹuː tə hɪz pɹɪnsɪpəlz wɪð ɐ fɪlm huːz vɛɹi sʌbdʒɛkt ɪz , kwaɪt pɔɪntᵻdli , ɐbaʊt ðə pɛɹəl ʌv sʌtʃ ɛfɚts ",1
"ɪn ɔːɾeɪl ɛs lɛs dɹəmæɾɪk bʌt iːkwəli ɪnsaɪsɪv pɚfoːɹməns , hiː ɛs ɐ kæɹɪsmæɾɪk tʃɑːɹmɚ laɪkli tə sᵻduːs ænd kɑːŋkɚ ",1
"haʊ mɛni moːɹ taɪmz wɪl ɪndi fɪlmeɪkɚz sʌbdʒɛkt ʌs tə boːɹɪŋ , sɛlf ɪmpoːɹtənt stoːɹiz ʌv haʊ hɔːɹɪbəl wiː ɑːɹ tʊ aʊɚsɛlvz ænd iːtʃ ʌðɚ ? ",0
"ðɪs ɪz ɐ muːvi ðæt ɹᵻfɹɛʃᵻz ðə maɪnd ænd spɪɹɪt ɐlɔŋ wɪððə bɑːdi , soʊ ɚɹɪdʒɪnəl ɪz ɪts kɑːntɛnt , lʊk , ænd staɪl ",1
"ɐ mʌtʃ bɛɾɚ dɑːkjuːmɛntɚɹi moːɹ ɹᵻviːlɪŋ , moːɹ ɪmoʊʃənəl ænd moːɹ sɚpɹaɪzɪŋ ðɐn ɪts pədɛstɹiən ɪŋɡlɪʃ taɪɾəl wʊdhɐv juː bᵻliːv ",1
"ɪf juː ɑːɹ ɪnðə muːd fɚɹən ɪntɛlɪdʒənt wiːpi , ɪt kæn iːzili wɜːm ɪts weɪ ɪntʊ jʊɹ hɑːɹt ",1
"huː noʊz , bʌt ɪt wɜːks ʌndɚ ðə dᵻɹɛkʃən ʌv kɛvɪn ɹɛnəldz ",1
ɪt ɛs səpoʊzd təbi poʊst fɛmɪnɪst bɹiːzi bʌt ɛndz ʌp æz tiːdiəs æz ðə tʃæɾɚɹ ʌv pæɹəts ɹeɪzd ɔn ɑːpɹə ,0
"lækɪŋ sʌbstəns ænd soʊl , kɹɔsɹoʊdz kʌmz ʌp ʃɔːɹɾɚ ðɐn bɹɪtni ɛs kʌɾɑːfs ",0
"sɪmpəl , pɔɪnjənt ænd lɛvənd wɪð hjuːmɚ , ɪt ɛs ɐ fɪlm ðæt ɐfɜːmz ðə nɜːɹɪʃɪŋ æspɛkts ʌv lʌv ænd kəmpæniənʃɪp ",1
"æt taɪmz , ðə muːvi lʊks dʒɛnjuːɪnli pɹɪɾi ",1
"ɐ dᵻlɪbɚɹətɪv ɐkaʊnt əvə laɪfstaɪl kæɹɪktɚɹaɪzd baɪ ɪts sɜːfɪs əbsɛʃən wʌn ðæt tɪpᵻfaɪz ðə dᵻlɪɹiəm ʌv poʊst , pɹiː , ænd ɛkstænt stɑːɹdəm ",1
"ðɪs ɪz ʃʊɹli wʌn ʌvðə moʊst fɹæntɪk , vɪɹələnt ænd faʊl neɪtʃɚd kɹɪsməs siːzən pɪks ɛvɚ dᵻlɪvɚd baɪ ɐ hɑːliwʊd stuːdɪoʊ ",0
aɪ sɪmpli kɑː ɛnt ɹɛkəmɛnd ɪɾ ɪnʌf ,1
"ɪt ɛs ɐ ɡloːɹᵻfaɪd sɪtkɑːm , ænd ɐ lɔŋ , ʌnfʌni wʌn æt ðæt ",0
ɹᵻtɜːnɪŋ dᵻɹɛktɚ ɹɑːb mɪŋkɔf ænd skɹiːnɹaɪɾɚ bɹuːs dʒoʊl ɹuːbɪn hæv dʌn ɐ faɪn dʒɑːb ʌv ʌpdeɪɾɪŋ waɪt ɛs dɹaɪ wɪt tʊ ɐ nuː eɪdʒ ,1
"wɪð zoʊi klɑːɹk wɪljəmz ɛs læklʌstɚ θɹɪlɚ nuː bɛst fɹɛnd , huː niːdz ɛnəmiz ? ",0
dʒʌst sɛnd ɪt tə kɹæŋki ,0
ɪt ɛs sɛkəndɚɹi tʊ ɐmɛɹɪkən saɪkoʊ bʌt stɪl hɐz klɔːz ɪnʌf tə ɡɛt ɪnsaɪd juː ænd steɪ ðɛɹ fɚɹə kʌpəl ʌv aʊɚz ,1
wʌn ʌvðə fʌnɪɚ muːvɪz ɪn taʊn ,1
ɐ tɚɹɪfɪk ɪnsaɪdɚ lʊk æt ðə stɑːɹ meɪkɪŋ məʃiːnɚɹi ʌv tɪnsəltaʊn ,1
"ðə muːvi ɪz æmətʃɚɹɪʃ , bʌt ɪt ɛs ɐ maɪnɚ tɹiːt ",1
ɪɾ ɪz ɛnt skɛɹi ,0
"ɐ pɹɪpɔstɚɹəs , pɹʊɹɹiənt huːdʌnɪt ",0
ðeɪ ɑːɹ wʌt meɪks ɪt wɜːθ ðə tɹɪp tə ðə θiəɾɚ ,1
tʃæn ɛs stʌnts ɑːɹ lɪmɪɾᵻd ænd soʊ ɛmbɛlɪʃt baɪ ɛdɪɾɪŋ ðæt ðɛɹ ɛs ɹiəli nɑːt mʌtʃ əvə sɛns ʌv ækʃən ɔːɹ iːvən ækʃən kɑːmədi ,0
ɐn ævɹɪdʒ kɪd ɛmpaʊɚmənt fæntəsi wɪð slaɪtli əbʌv ævɹɪdʒ bɹeɪnz ,1
"ɪnstɛd ʌv meɪkɪŋ hɪz oʊn staɪl , dᵻɹɛktɚ mɑːɹkəs ædəmz dʒʌst kɑːpɪz fɹʌm vɛɹiəs soːɹsᵻz ɡʊd soːɹsᵻz , bæd mɪkstʃɚ ",0
"ðə plɑːt ʌvðə kʌmbæk kɜːlɚz ɪz ɛnt vɛɹi ɪntɹɛstɪŋ æktʃuːəli , bʌt wʌt aɪ laɪk ɐbaʊt mɛn wɪð bɹuːmz ænd wʌt ɪz kaɪnd ʌv spɛʃəl ɪz haʊ ðə fɪlm noʊz wʌt ɛs juːniːk ænd kwɜːki ɐbaʊt kɐneɪdiənz ",1
"tæmbɚɹ ænd kleɪbɜːɡ meɪk ɐn ɐpiːlɪŋ kʌpəl hiː ɛs ʌndɚsteɪɾᵻd ænd sɑːɹdɑːnɪk , ʃiː ɛs ɐpiːlɪŋli mænɪk ænd ɛnɚdʒɛɾɪk ",1
ðə muːvi ɪz wɪðaʊt ɪntɛnt ,0
"ðə bɛst θɪŋ ɐbaʊt ðə muːvi ɪz ɪts pɜːsənəbəl , ɐmjuːzɪŋ kæst ",1
"hɪɹ ɪz ɐ dᵻvaɪn mɑːnjuːmənt tʊ ɐ sɪŋɡəl mæn ɛs stɹʌɡəl tə ɹᵻɡeɪn hɪz laɪf , hɪz dɪɡnᵻɾi ænd hɪz mjuːzɪk ",1
"ɪf juː ɹiː ðə kaɪnd ʌv pɛɹənt huː ɛndʒɔɪz ɪntɛnʃənəli ɪntɹəduːsɪŋ jʊɹ kɪdz tə fɪlmz wɪtʃ wɪl kɔːz loʊdz ʌv ɪɹɛpɚɹəbəl dæmɪdʒ ðæt jɪɹz ænd jɪɹz ʌv kɔstli ɐnæləsɪs kʊd nɛvɚ fɪks , aɪ hæv dʒʌst wʌn wɜːd fɔːɹ juː dᵻkeɪʒə ",0
"ɔːl muːvi lɔŋ , sɪɾi baɪ ðə siː swɪŋz fɹʌm wʌn ɐpɹoʊtʃ tə ðɪ ʌðɚ , bʌt ɪnðɪ ɛnd , ɪt steɪz ɪn fɔːɹmjʊlə wɪtʃ ɪz ɐ weɪst ʌv də niəɹoʊ , məkdoːɹmænd ænd ðɪ ʌðɚ ɡʊd æktɚz ɪnðə kæst ",0
"peɪnfəl , hɔːɹɪfaɪɪŋ ænd əpɹɛsɪvli tɹædʒɪk , ðɪs fɪlm ʃʊd nɑːt biː mɪst ",1
"teɪk kɛɹ ɪz naɪsli pɚfɔːɹmd baɪ ɐ kwɪntɛt ʌv æktɹəsᵻz , bʌt nʌnðəlɛs ɪt dɹæɡz dʊɹɹɪŋ ɪts wʌnhʌndɹɪd twɛlv mɪnɪt lɛŋθ ",0
"ðə skɹɪpt kʌvɚz hjuːdʒ , hɛvi tɑːpɪks ɪn ɐ blænd , sɜːfeɪsi weɪ ðæt dʌz ɛnt ɔfɚɹ ɛni ɪnsaɪt ɪntʊ waɪ , fɔːɹ ɪnstəns , ɡʊd θɪŋz hæpən tə bæd piːpəl ",0
ɐ sɪɹiəsli bæd fɪlm wɪð sɪɹiəsli wɔːɹpt lɑːdʒɪk baɪ ɹaɪɾɚ dᵻɹɛktɚ kɜːt wɪmɚɹ æt ðə skɹiːnpleɪ lɛvəl ,0
ɐ dᵻlɪʃəsli nɑːnsɛnsɪkəl kɑːmədi ɐbaʊt ɐ sɪɾi kʌmɪŋ ɐpɑːɹt æɾ ɪts siːmz ,1
